seq,stamp,pose_source,f2f_init_used,map_converged,map_degenerate,map_score,f2f_init_score,map_conf_raw,map_conf,f2f_conf,w_f2f_t,w_f2f_r,w_f2f_ax,w_f2f_nonax,prior_mult,prior_hit_ratio,prior_avg_conf,prior_core_hit_ratio,prior_band_hit_ratio,prior_inner_hit_ratio,wall_ratio_inner,wall_relief_inner,wall_r,wall_r_axial_scale,inc_unknown_ratio,inc_stable_ratio,r_inc_static,inc_static_axial_scale,px,py,pz,qw,qx,qy,qz
0,0.896000000,map_only,0,1,0,0.007007829,nan,1.000000000,1.000000000,0.000000000,0.000000000,0.000000000,0.000000000,0.000000000,1.000000000,0.000000000,0.000000000,0.000000000,0.000000000,0.000000000,0.000000000,0.000000000,0.000000000,1.000000000,0.000000000,0.000000000,0.000000000,1.000000000,-0.164933443,0.027654301,0.750757873,0.999996841,-0.000027430,0.000025417,0.002520991
1,1.020000000,fused_map_f2f,1,1,0,0.006816187,0.004963291,1.000000000,1.000000000,0.100000000,0.010989011,0.010989011,0.010989011,0.010989011,1.000000000,0.000000000,0.000000000,0.000000000,0.000000000,0.000000000,0.000000000,0.000000000,0.000000000,1.000000000,0.000000000,0.000000000,0.000000000,1.000000000,-0.165000975,0.027307939,0.750910759,0.999996781,-0.000077549,0.000026018,0.002542388
2,1.096000000,fused_map_f2f,1,1,0,0.006821162,0.005198013,1.000000000,1.000000000,0.100000000,0.010989011,0.010989011,0.010989011,0.010989011,1.000000000,0.000000000,0.000000000,0.000000000,0.000000000,0.000000000,0.000000000,0.000000000,0.000000000,1.000000000,0.000000000,0.000000000,0.000000000,1.000000000,-0.164980054,0.027303273,0.750818491,0.999996722,-0.000075569,0.000029459,0.002558922
3,1.219000000,fused_map_f2f,1,1,0,0.006866019,0.005594117,1.000000000,1.000000000,0.100000000,0.010989011,0.010989011,0.010989011,0.010989011,1.000000000,0.000000000,0.000000000,0.000000000,0.000000000,0.000000000,0.000000000,0.000000000,0.000000000,1.000000000,0.000000000,0.000000000,0.000000000,1.000000000,-0.165064737,0.027376596,0.750758529,0.999996662,-0.000049433,0.000030617,0.002579264
4,1.321000000,fused_map_f2f,1,1,0,0.006882227,0.004633254,1.000000000,1.000000000,0.100000000,0.010989011,0.010989011,0.010989011,0.010989011,1.000000000,0.000000000,0.000000000,0.000000000,0.000000000,0.000000000,0.000000000,0.000000000,0.000000000,1.000000000,0.000000000,0.000000000,0.000000000,1.000000000,-0.165021330,0.027779849,0.750846863,0.999996603,-0.000027685,0.000041297,0.002604230
5,1.399000000,fused_map_f2f,1,1,0,0.006860867,0.005182459,1.000000000,1.000000000,0.100000000,0.010989011,0.010989011,0.010989011,0.010989011,1.000000000,0.000000000,0.000000000,0.000000000,0.000000000,0.000000000,0.000000000,0.000000000,0.000000000,1.000000000,0.000000000,0.000000000,0.000000000,1.000000000,-0.165506750,0.027436292,0.750824094,0.999996603,-0.000080408,0.000032108,0.002612160
6,1.515000000,fused_map_f2f,1,1,0,0.006811776,0.004478452,1.000000000,1.000000000,0.100000000,0.010989011,0.010989011,0.010989011,0.010989011,1.000000000,0.000000000,0.000000000,0.000000000,0.000000000,0.000000000,0.000000000,0.000000000,0.000000000,1.000000000,0.000000000,0.000000000,0.000000000,1.000000000,-0.166012958,0.027374446,0.750874341,0.999996603,-0.000073979,0.000026787,0.002597748
7,1.626000000,fused_map_f2f,1,1,0,0.006840556,0.005052384,1.000000000,1.000000000,0.100000000,0.010989011,0.010989011,0.010989011,0.010989011,1.000000000,0.000000000,0.000000000,0.000000000,0.000000000,0.000000000,0.000000000,0.000000000,0.000000000,1.000000000,0.000000000,0.000000000,0.000000000,1.000000000,-0.165739641,0.027307188,0.750831425,0.999996603,-0.000065504,0.000026725,0.002612675
8,1.703000000,fused_map_f2f,1,1,0,0.006816690,0.005093344,1.000000000,1.000000000,0.100000000,0.010989011,0.010989011,0.010989011,0.010989011,1.000000000,0.000000000,0.000000000,0.000000000,0.000000000,0.000000000,0.000000000,0.000000000,0.000000000,1.000000000,0.000000000,0.000000000,0.000000000,1.000000000,-0.166274726,0.027137611,0.750802517,0.999996543,-0.000082400,0.000031261,0.002627342
9,1.822000000,fused_map_f2f,1,1,0,0.006778760,0.005070149,1.000000000,1.000000000,0.100000000,0.010989011,0.010989011,0.010989011,0.010989011,1.000000000,0.000000000,0.000000000,0.000000000,0.000000000,0.000000000,0.000000000,0.000000000,0.000000000,1.000000000,0.000000000,0.000000000,0.000000000,1.000000000,-0.166286126,0.027050480,0.750700295,0.999996603,-0.000056237,0.000034892,0.002610660
10,1.900000000,fused_map_f2f,1,1,0,0.006758377,0.005478974,1.000000000,1.000000000,0.100000000,0.010989011,0.010989011,0.010989011,0.010989011,1.000000000,0.000000000,0.000000000,0.000000000,0.000000000,0.000000000,0.000000000,0.000000000,0.000000000,1.000000000,0.000000000,0.000000000,0.000000000,1.000000000,-0.166116729,0.027216462,0.750591457,0.999996603,-0.000076409,0.000038968,0.002598850
11,2.010000000,fused_map_f2f,1,1,0,0.006773830,0.005544886,1.000000000,1.000000000,0.100000000,0.010989011,0.010989011,0.010989011,0.010989011,1.000000000,0.000000000,0.000000000,0.000000000,0.000000000,0.000000000,0.000000000,0.000000000,0.000000000,1.000000000,0.000000000,0.000000000,0.000000000,1.000000000,-0.166687503,0.027440574,0.750677168,0.999996543,-0.000021261,0.000039716,0.002617201
12,2.122000000,fused_map_f2f,1,1,0,0.006810112,0.005604436,1.000000000,1.000000000,0.100000000,0.010989011,0.010989011,0.010989011,0.010989011,1.000000000,0.000000000,0.000000000,0.000000000,0.000000000,0.000000000,0.000000000,0.000000000,0.000000000,1.000000000,0.000000000,0.000000000,0.000000000,1.000000000,-0.166672423,0.027033225,0.750878572,0.999996424,-0.000100366,0.000020856,0.002672380
13,2.200000000,fused_map_f2f,1,1,0,0.006802978,0.005513047,1.000000000,1.000000000,0.100000000,0.010989011,0.010989011,0.010989011,0.010989011,1.000000000,0.000000000,0.000000000,0.000000000,0.000000000,0.000000000,0.000000000,0.000000000,0.000000000,1.000000000,0.000000000,0.000000000,0.000000000,1.000000000,-0.167342141,0.026815524,0.750863135,0.999996424,-0.000094916,0.000017173,0.002677745
14,2.309000000,fused_map_f2f,1,1,0,0.006817314,0.005117179,1.000000000,1.000000000,0.100000000,0.010989011,0.010989011,0.010989011,0.010989011,1.000000000,0.000000000,0.000000000,0.000000000,0.000000000,0.000000000,0.000000000,0.000000000,0.000000000,1.000000000,0.000000000,0.000000000,0.000000000,1.000000000,-0.167681903,0.026898302,0.750844181,0.999996364,-0.000035190,0.000037287,0.002702147
15,2.409000000,fused_map_f2f,1,1,0,0.006806936,0.005324683,1.000000000,1.000000000,0.100000000,0.010989011,0.010989011,0.010989011,0.010989011,1.000000000,0.000000000,0.000000000,0.000000000,0.000000000,0.000000000,0.000000000,0.000000000,0.000000000,1.000000000,0.000000000,0.000000000,0.000000000,1.000000000,-0.167367637,0.026803082,0.750853062,0.999996305,-0.000087272,0.000026228,0.002705141
16,2.518000000,fused_map_f2f,1,1,0,0.006820334,0.005104155,1.000000000,1.000000000,0.100000000,0.010989011,0.010989011,0.010989011,0.010989011,1.000000000,0.000000000,0.000000000,0.000000000,0.000000000,0.000000000,0.000000000,0.000000000,0.000000000,1.000000000,0.000000000,0.000000000,0.000000000,1.000000000,-0.167521715,0.027235003,0.750512004,0.999996305,-0.000061027,0.000034956,0.002725549
17,2.596000000,fused_map_f2f,1,1,0,0.006810699,0.005636365,1.000000000,1.000000000,0.100000000,0.010989011,0.010989011,0.010989011,0.010989011,1.000000000,0.000000000,0.000000000,0.000000000,0.000000000,0.000000000,0.000000000,0.000000000,0.000000000,1.000000000,0.000000000,0.000000000,0.000000000,1.000000000,-0.167042568,0.027123608,0.750881791,0.999996245,-0.000025905,0.000030388,0.002742121
18,2.709000000,fused_map_f2f,1,1,0,0.006837233,0.005579961,1.000000000,1.000000000,0.100000000,0.010989011,0.010989011,0.010989011,0.010989011,1.000000000,0.000000000,0.000000000,0.000000000,0.000000000,0.000000000,0.000000000,0.000000000,0.000000000,1.000000000,0.000000000,0.000000000,0.000000000,1.000000000,-0.167379826,0.026973691,0.750826538,0.999996126,-0.000046548,0.000037228,0.002785204
19,2.803000000,fused_map_f2f,1,1,0,0.006830127,0.004815335,1.000000000,1.000000000,0.100000000,0.010989011,0.010989011,0.010989011,0.010989011,1.000000000,0.000000000,0.000000000,0.000000000,0.000000000,0.000000000,0.000000000,0.000000000,0.000000000,1.000000000,0.000000000,0.000000000,0.000000000,1.000000000,-0.167277619,0.027162140,0.750869453,0.999996126,-0.000068359,0.000027135,0.002780415
20,2.915000000,fused_map_f2f,1,1,0,0.006891511,0.005832550,1.000000000,1.000000000,0.100000000,0.010989011,0.010989011,0.010989011,0.010989011,1.000000000,0.000000000,0.000000000,0.000000000,0.000000000,0.000000000,0.000000000,0.000000000,0.000000000,1.000000000,0.000000000,0.000000000,0.000000000,1.000000000,-0.166873932,0.027587166,0.750710905,0.999996006,-0.000008897,0.000039083,0.002814275
21,2.999000000,fused_map_f2f,1,1,0,0.006883547,0.005248405,1.000000000,1.000000000,0.100000000,0.010989011,0.010989011,0.010989011,0.010989011,1.000000000,0.000000000,0.000000000,0.000000000,0.000000000,0.000000000,0.000000000,0.000000000,0.000000000,1.000000000,0.000000000,0.000000000,0.000000000,1.000000000,-0.167119607,0.026869738,0.750836849,0.999995947,-0.000109433,0.000036857,0.002851362
22,3.112000000,fused_map_f2f,1,1,0,0.006872755,0.003303827,1.000000000,1.000000000,0.100000000,0.010989011,0.010989011,0.010989011,0.010989011,1.000000000,0.000000000,0.000000000,0.000000000,0.000000000,0.000000000,0.000000000,0.000000000,0.000000000,1.000000000,0.000000000,0.000000000,0.000000000,1.000000000,-0.167073056,0.027217707,0.750777304,0.999995887,-0.000086833,0.000034341,0.002858271
23,3.225000000,fused_map_f2f,1,1,0,0.006901042,0.005312730,1.000000000,1.000000000,0.100000000,0.010989011,0.010989011,0.010989011,0.010989011,1.000000000,0.000000000,0.000000000,0.000000000,0.000000000,0.000000000,0.000000000,0.000000000,0.000000000,1.000000000,0.000000000,0.000000000,0.000000000,1.000000000,-0.167132750,0.027235845,0.750721276,0.999995887,-0.000046887,0.000031837,0.002874278
24,3.315000000,fused_map_f2f,1,1,0,0.007071779,0.003322305,1.000000000,1.000000000,0.100000000,0.010989011,0.010989011,0.010989011,0.010989011,1.000000000,0.000000000,0.000000000,0.000000000,0.000000000,0.000000000,0.000000000,0.000000000,0.000000000,1.000000000,0.000000000,0.000000000,0.000000000,1.000000000,-0.160825804,0.027191065,0.750739038,0.999995947,-0.000057478,0.000036500,0.002840563
25,3.439000000,fused_map_f2f,1,1,0,0.008111636,0.003759858,1.000000000,1.000000000,0.100000000,0.010989011,0.010989011,0.010989011,0.010989011,1.000000000,0.000000000,0.000000000,0.000000000,0.000000000,0.000000000,0.000000000,0.000000000,0.000000000,1.000000000,0.000000000,0.000000000,0.000000000,1.000000000,-0.134213820,0.027467528,0.750740707,0.999996126,-0.000046291,0.000047306,0.002782451
26,3.524000000,fused_map_f2f,1,1,0,0.008765435,0.005426703,1.000000000,1.000000000,0.100000000,0.010989011,0.010989011,0.010989011,0.010989011,1.000000000,0.000000000,0.000000000,0.000000000,0.000000000,0.000000000,0.000000000,0.000000000,0.000000000,1.000000000,0.000000000,0.000000000,0.000000000,1.000000000,-0.108393304,0.027610544,0.750582397,0.999996305,0.000000461,0.000033564,0.002723221
27,3.609000000,fused_map_f2f,1,1,0,0.008491560,0.003860187,1.000000000,1.000000000,0.100000000,0.010989011,0.010989011,0.010989011,0.010989011,1.000000000,0.000000000,0.000000000,0.000000000,0.000000000,0.000000000,0.000000000,0.000000000,0.000000000,1.000000000,0.000000000,0.000000000,0.000000000,1.000000000,-0.081525400,0.028042160,0.750397861,0.999996662,0.000014148,0.000042424,0.002580072
28,3.728000000,fused_map_f2f,1,1,0,0.006766249,0.005320531,1.000000000,1.000000000,0.100000000,0.010989011,0.010989011,0.010989011,0.010989011,1.000000000,0.000000000,0.000000000,0.000000000,0.000000000,0.000000000,0.000000000,0.000000000,0.000000000,1.000000000,0.000000000,0.000000000,0.000000000,1.000000000,-0.033331804,0.029409798,0.750121057,0.999996543,0.000057942,0.000038436,0.002619608
29,3.806000000,fused_map_f2f,1,1,0,0.006238310,0.006342060,1.000000000,1.000000000,0.100000000,0.010989011,0.010989011,0.010989011,0.010989011,1.000000000,0.000000000,0.000000000,0.000000000,0.000000000,0.000000000,0.000000000,0.000000000,0.000000000,1.000000000,0.000000000,0.000000000,0.000000000,1.000000000,0.003131825,0.028835341,0.750362933,0.999996662,-0.000051581,0.000028302,0.002590863
30,3.915000000,fused_map_f2f,1,1,0,0.007595156,0.007222219,1.000000000,1.000000000,0.100000000,0.010989011,0.010989011,0.010989011,0.010989011,1.000000000,0.000000000,0.000000000,0.000000000,0.000000000,0.000000000,0.000000000,0.000000000,0.000000000,1.000000000,0.000000000,0.000000000,0.000000000,1.000000000,0.057538815,0.029065557,0.750333369,0.999996781,-0.000036265,0.000046776,0.002537655
31,4.021000000,fused_map_f2f,1,1,0,0.008526707,0.006847132,1.000000000,1.000000000,0.100000000,0.010989011,0.010989011,0.010989011,0.010989011,1.000000000,0.000000000,0.000000000,0.000000000,0.000000000,0.000000000,0.000000000,0.000000000,0.000000000,1.000000000,0.000000000,0.000000000,0.000000000,1.000000000,0.119909130,0.029925428,0.750022113,0.999996960,0.000008371,0.000033040,0.002468627
32,4.100000000,fused_map_f2f,1,1,0,0.006474403,0.006844084,1.000000000,1.000000000,0.100000000,0.010989011,0.010989011,0.010989011,0.010989011,1.000000000,0.000000000,0.000000000,0.000000000,0.000000000,0.000000000,0.000000000,0.000000000,0.000000000,1.000000000,0.000000000,0.000000000,0.000000000,1.000000000,0.168325707,0.030090263,0.750205100,0.999997079,0.000000823,0.000040221,0.002418257
33,4.211000000,fused_map_f2f,1,1,0,0.006720853,0.009976082,1.000000000,1.000000000,0.100000000,0.010989011,0.010989011,0.010989011,0.010989011,1.000000000,0.000000000,0.000000000,0.000000000,0.000000000,0.000000000,0.000000000,0.000000000,0.000000000,1.000000000,0.000000000,0.000000000,0.000000000,1.000000000,0.242116958,0.030027561,0.750366926,0.999997318,-0.000036172,0.000044642,0.002325208
34,4.323000000,fused_map_f2f,1,1,0,0.008159545,0.009324806,1.000000000,1.000000000,0.100000000,0.010989011,0.010989011,0.010989011,0.010989011,1.000000000,0.000000000,0.000000000,0.000000000,0.000000000,0.000000000,0.000000000,0.000000000,0.000000000,1.000000000,0.000000000,0.000000000,0.000000000,1.000000000,0.324581355,0.030218545,0.750567555,0.999997497,-0.000042684,0.000067855,0.002225287
35,4.410000000,fused_map_f2f,1,1,0,0.005912371,0.009802325,1.000000000,1.000000000,0.100000000,0.010989011,0.010989011,0.010989011,0.010989011,1.000000000,0.000000000,0.000000000,0.000000000,0.000000000,0.000000000,0.000000000,0.000000000,0.000000000,1.000000000,0.000000000,0.000000000,0.000000000,1.000000000,0.392385364,0.030615095,0.750629842,0.999997616,-0.000022371,0.000079131,0.002170749
36,4.536000000,fused_map_f2f,1,1,0,0.008710833,0.011531507,1.000000000,1.000000000,0.100000000,0.010989011,0.010989011,0.010989011,0.010989011,1.000000000,0.000000000,0.000000000,0.000000000,0.000000000,0.000000000,0.000000000,0.000000000,0.000000000,1.000000000,0.000000000,0.000000000,0.000000000,1.000000000,0.492693543,0.031300820,0.750387907,0.999997914,0.000047483,0.000032224,0.002046555
37,4.619000000,fused_map_f2f,1,1,0,0.006541908,0.008721128,1.000000000,1.000000000,0.100000000,0.010989011,0.010989011,0.010989011,0.010989011,1.000000000,0.000000000,0.000000000,0.000000000,0.000000000,0.000000000,0.000000000,0.000000000,0.000000000,1.000000000,0.000000000,0.000000000,0.000000000,1.000000000,0.558581471,0.031397879,0.750481844,0.999998033,0.000012506,0.000050250,0.001980314
38,4.729000000,fused_map_f2f,1,1,0,0.006659977,0.010262904,1.000000000,1.000000000,0.100000000,0.010989011,0.010989011,0.010989011,0.010989011,1.000000000,0.000000000,0.000000000,0.000000000,0.000000000,0.000000000,0.000000000,0.000000000,0.000000000,1.000000000,0.000000000,0.000000000,0.000000000,1.000000000,0.646666706,0.030763742,0.750413716,0.999998212,-0.000010602,0.000026301,0.001891239
39,4.806000000,fused_map_f2f,1,1,0,0.008597011,0.008140569,1.000000000,1.000000000,0.100000000,0.010989011,0.010989011,0.010989011,0.010989011,1.000000000,0.000000000,0.000000000,0.000000000,0.000000000,0.000000000,0.000000000,0.000000000,0.000000000,1.000000000,0.000000000,0.000000000,0.000000000,1.000000000,0.708291471,0.031079428,0.750402570,0.999998212,0.000010080,0.000032629,0.001874936
40,4.926000000,fused_map_f2f,1,1,0,0.005706978,0.011568688,1.000000000,1.000000000,0.100000000,0.010989011,0.010989011,0.010989011,0.010989011,1.000000000,0.000000000,0.000000000,0.000000000,0.000000000,0.000000000,0.000000000,0.000000000,0.000000000,1.000000000,0.000000000,0.000000000,0.000000000,1.000000000,0.803012908,0.031071926,0.750523388,0.999998391,-0.000005209,0.000054450,0.001803082
41,5.011000000,fused_map_f2f,1,1,0,0.007945433,0.008433438,1.000000000,1.000000000,0.100000000,0.010989011,0.010989011,0.010989011,0.010989011,1.000000000,0.000000000,0.000000000,0.000000000,0.000000000,0.000000000,0.000000000,0.000000000,0.000000000,1.000000000,0.000000000,0.000000000,0.000000000,1.000000000,0.874835789,0.030903606,0.750350356,0.999998510,0.000026398,0.000038871,0.001733558
42,5.119000000,fused_map_f2f,1,1,0,0.006310461,0.010302015,1.000000000,1.000000000,0.100000000,0.010989011,0.010989011,0.010989011,0.010989011,1.000000000,0.000000000,0.000000000,0.000000000,0.000000000,0.000000000,0.000000000,0.000000000,0.000000000,1.000000000,0.000000000,0.000000000,0.000000000,1.000000000,0.960421085,0.031603537,0.750674903,0.999998450,0.000113091,0.000040375,0.001743454
43,5.202000000,fused_map_f2f,1,1,0,0.005967593,0.008719670,1.000000000,1.000000000,0.100000000,0.010989011,0.010989011,0.010989011,0.010989011,1.000000000,0.000000000,0.000000000,0.000000000,0.000000000,0.000000000,0.000000000,0.000000000,0.000000000,1.000000000,0.000000000,0.000000000,0.000000000,1.000000000,1.027141333,0.031746745,0.750669479,0.999998569,0.000095124,0.000049041,0.001692943
44,5.313000000,fused_map_f2f,1,1,0,0.008192937,0.011511820,1.000000000,1.000000000,0.100000000,0.010989011,0.010989011,0.010989011,0.010989011,1.000000000,0.000000000,0.000000000,0.000000000,0.000000000,0.000000000,0.000000000,0.000000000,0.000000000,1.000000000,0.000000000,0.000000000,0.000000000,1.000000000,1.119784236,0.032238297,0.750216126,0.999998450,0.000084765,0.000047752,0.001754371
45,5.430000000,fused_map_f2f,1,1,0,0.005650495,0.011443126,1.000000000,1.000000000,0.100000000,0.010989011,0.010989011,0.010989011,0.010989011,1.000000000,0.000000000,0.000000000,0.000000000,0.000000000,0.000000000,0.000000000,0.000000000,0.000000000,1.000000000,0.000000000,0.000000000,0.000000000,1.000000000,1.212444544,0.031448837,0.750889897,0.999998689,0.000016523,0.000028237,0.001619325
46,5.504000000,fused_map_f2f,1,1,0,0.007831325,0.008382889,1.000000000,1.000000000,0.100000000,0.010989011,0.010989011,0.010989011,0.010989011,1.000000000,0.000000000,0.000000000,0.000000000,0.000000000,0.000000000,0.000000000,0.000000000,0.000000000,1.000000000,0.000000000,0.000000000,0.000000000,1.000000000,1.274491310,0.031639427,0.750978887,0.999998689,0.000036477,0.000029558,0.001624835
47,5.618000000,fused_map_f2f,1,1,0,0.005970088,0.010474394,1.000000000,1.000000000,0.100000000,0.010989011,0.010989011,0.010989011,0.010989011,1.000000000,0.000000000,0.000000000,0.000000000,0.000000000,0.000000000,0.000000000,0.000000000,0.000000000,1.000000000,0.000000000,0.000000000,0.000000000,1.000000000,1.365845680,0.031651620,0.751301825,0.999998808,0.000032066,0.000040813,0.001547275
48,5.701000000,fused_map_f2f,1,1,0,0.005908928,0.008314147,1.000000000,1.000000000,0.100000000,0.010989011,0.010989011,0.010989011,0.010989011,1.000000000,0.000000000,0.000000000,0.000000000,0.000000000,0.000000000,0.000000000,0.000000000,0.000000000,1.000000000,0.000000000,0.000000000,0.000000000,1.000000000,1.430930138,0.031070355,0.751478970,0.999998808,0.000050674,0.000004639,0.001519674
49,5.814000000,fused_map_f2f,1,1,0,0.007874496,0.011127731,1.000000000,1.000000000,0.100000000,0.010989011,0.010989011,0.010989011,0.010989011,1.000000000,0.000000000,0.000000000,0.000000000,0.000000000,0.000000000,0.000000000,0.000000000,0.000000000,1.000000000,0.000000000,0.000000000,0.000000000,1.000000000,1.522630930,0.032041550,0.752137363,0.999998927,0.000011986,-0.000013176,0.001456413
50,5.927000000,fused_map_f2f,1,1,0,0.005486392,0.010319721,1.000000000,1.000000000,0.100000000,0.010989011,0.010989011,0.010989011,0.010989011,1.000000000,0.000000000,0.000000000,0.000000000,0.000000000,0.000000000,0.000000000,0.000000000,0.000000000,1.000000000,0.000000000,0.000000000,0.000000000,1.000000000,1.613844872,0.031770814,0.751958430,0.999999046,-0.000002022,-0.000002210,0.001375591
51,6.001000000,fused_map_f2f,1,1,0,0.007587533,0.007635467,1.000000000,1.000000000,0.100000000,0.010989011,0.010989011,0.010989011,0.010989011,1.000000000,0.000000000,0.000000000,0.000000000,0.000000000,0.000000000,0.000000000,0.000000000,0.000000000,1.000000000,0.000000000,0.000000000,0.000000000,1.000000000,1.671651959,0.031880245,0.752032399,0.999999106,0.000023444,0.000007512,0.001329552
52,6.107000000,fused_map_f2f,1,1,0,0.005854684,0.009093695,1.000000000,1.000000000,0.100000000,0.010989011,0.010989011,0.010989011,0.010989011,1.000000000,0.000000000,0.000000000,0.000000000,0.000000000,0.000000000,0.000000000,0.000000000,0.000000000,1.000000000,0.000000000,0.000000000,0.000000000,1.000000000,1.762163758,0.031377312,0.752797186,0.999999106,0.000008689,-0.000010415,0.001323211
53,6.233000000,fused_map_f2f,1,1,0,0.007049463,0.012375269,1.000000000,1.000000000,0.100000000,0.010989011,0.010989011,0.010989011,0.010989011,1.000000000,0.000000000,0.000000000,0.000000000,0.000000000,0.000000000,0.000000000,0.000000000,0.000000000,1.000000000,0.000000000,0.000000000,0.000000000,1.000000000,1.863920808,0.031716105,0.752902150,0.999999166,0.000010835,0.000009752,0.001280966
54,6.317000000,fused_map_f2f,1,1,0,0.006994744,0.007018750,1.000000000,1.000000000,0.100000000,0.010989011,0.010989011,0.010989011,0.010989011,1.000000000,0.000000000,0.000000000,0.000000000,0.000000000,0.000000000,0.000000000,0.000000000,0.000000000,1.000000000,0.000000000,0.000000000,0.000000000,1.000000000,1.936447024,0.032905247,0.752860546,0.999999106,0.000086702,-0.000005374,0.001343875
55,6.420000000,fused_map_f2f,1,1,0,0.005497747,0.010253442,1.000000000,1.000000000,0.100000000,0.010989011,0.010989011,0.010989011,0.010989011,1.000000000,0.000000000,0.000000000,0.000000000,0.000000000,0.000000000,0.000000000,0.000000000,0.000000000,1.000000000,0.000000000,0.000000000,0.000000000,1.000000000,2.017503262,0.032671537,0.753002703,0.999999166,0.000024324,-0.000002277,0.001292951
56,6.497000000,fused_map_f2f,1,1,0,0.007803876,0.008043592,1.000000000,1.000000000,0.100000000,0.010989011,0.010989011,0.010989011,0.010989011,1.000000000,0.000000000,0.000000000,0.000000000,0.000000000,0.000000000,0.000000000,0.000000000,0.000000000,1.000000000,0.000000000,0.000000000,0.000000000,1.000000000,2.078529119,0.032608155,0.752928078,0.999999225,0.000051429,0.000009585,0.001252385
57,6.617000000,fused_map_f2f,1,1,0,0.005332596,0.010666688,1.000000000,1.000000000,0.100000000,0.010989011,0.010989011,0.010989011,0.010989011,1.000000000,0.000000000,0.000000000,0.000000000,0.000000000,0.000000000,0.000000000,0.000000000,0.000000000,1.000000000,0.000000000,0.000000000,0.000000000,1.000000000,2.179748535,0.032815412,0.752818644,0.999999285,0.000046215,-0.000005722,0.001204367
58,6.701000000,fused_map_f2f,1,1,0,0.006141407,0.008993360,1.000000000,1.000000000,0.100000000,0.010989011,0.010989011,0.010989011,0.010989011,1.000000000,0.000000000,0.000000000,0.000000000,0.000000000,0.000000000,0.000000000,0.000000000,0.000000000,1.000000000,0.000000000,0.000000000,0.000000000,1.000000000,2.246690750,0.033112720,0.753047168,0.999999285,0.000076854,-0.000006416,0.001184170
59,6.814000000,fused_map_f2f,1,1,0,0.006747097,0.011734541,1.000000000,1.000000000,0.100000000,0.010989011,0.010989011,0.010989011,0.010989011,1.000000000,0.000000000,0.000000000,0.000000000,0.000000000,0.000000000,0.000000000,0.000000000,0.000000000,1.000000000,0.000000000,0.000000000,0.000000000,1.000000000,2.341679335,0.034180794,0.752263904,0.999999166,0.000071139,-0.000004553,0.001274172
60,6.896000000,fused_map_f2f,1,1,0,0.005299906,0.007166558,1.000000000,1.000000000,0.100000000,0.010989011,0.010989011,0.010989011,0.010989011,1.000000000,0.000000000,0.000000000,0.000000000,0.000000000,0.000000000,0.000000000,0.000000000,0.000000000,1.000000000,0.000000000,0.000000000,0.000000000,1.000000000,2.406631470,0.033754200,0.752370715,0.999999285,0.000101645,0.000007304,0.001184137
61,7.009000000,fused_map_f2f,1,1,0,0.008546157,0.011261370,1.000000000,1.000000000,0.100000000,0.010989011,0.010989011,0.010989011,0.010989011,1.000000000,0.000000000,0.000000000,0.000000000,0.000000000,0.000000000,0.000000000,0.000000000,0.000000000,1.000000000,0.000000000,0.000000000,0.000000000,1.000000000,2.505200148,0.034872323,0.752238393,0.999998927,0.000019179,-0.000017355,0.001456614
62,7.117000000,fused_map_f2f,1,1,0,0.005353561,0.008664073,1.000000000,1.000000000,0.100000000,0.010989011,0.010989011,0.010989011,0.010989011,1.000000000,0.000000000,0.000000000,0.000000000,0.000000000,0.000000000,0.000000000,0.000000000,0.000000000,1.000000000,0.000000000,0.000000000,0.000000000,1.000000000,2.588590622,0.032780640,0.752069473,0.999999285,0.000056067,-0.000003940,0.001199088
63,7.237000000,fused_map_f2f,1,1,0,0.008022327,0.011417270,1.000000000,1.000000000,0.100000000,0.010989011,0.010989011,0.010989011,0.010989011,1.000000000,0.000000000,0.000000000,0.000000000,0.000000000,0.000000000,0.000000000,0.000000000,0.000000000,1.000000000,0.000000000,0.000000000,0.000000000,1.000000000,2.685551643,0.032988273,0.752135098,0.999999285,0.000083578,0.000002554,0.001168243
64,7.323000000,fused_map_f2f,1,1,0,0.005912256,0.007546557,1.000000000,1.000000000,0.100000000,0.010989011,0.010989011,0.010989011,0.010989011,1.000000000,0.000000000,0.000000000,0.000000000,0.000000000,0.000000000,0.000000000,0.000000000,0.000000000,1.000000000,0.000000000,0.000000000,0.000000000,1.000000000,2.762322664,0.034414738,0.752135992,0.999999166,0.000151734,-0.000018412,0.001273214
65,7.429000000,fused_map_f2f,1,1,0,0.006273911,0.010673089,1.000000000,1.000000000,0.100000000,0.010989011,0.010989011,0.010989011,0.010989011,1.000000000,0.000000000,0.000000000,0.000000000,0.000000000,0.000000000,0.000000000,0.000000000,0.000000000,1.000000000,0.000000000,0.000000000,0.000000000,1.000000000,2.846475840,0.034279712,0.752073586,0.999999225,0.000166963,-0.000019204,0.001213135
66,7.501000000,fused_map_f2f,1,1,0,0.008393284,0.008027677,1.000000000,1.000000000,0.100000000,0.010989011,0.010989011,0.010989011,0.010989011,1.000000000,0.000000000,0.000000000,0.000000000,0.000000000,0.000000000,0.000000000,0.000000000,0.000000000,1.000000000,0.000000000,0.000000000,0.000000000,1.000000000,2.904160976,0.034632631,0.752062917,0.999999285,0.000170579,-0.000017140,0.001195057
67,7.617000000,fused_map_f2f,1,1,0,0.005231191,0.010394577,1.000000000,1.000000000,0.100000000,0.010989011,0.010989011,0.010989011,0.010989011,1.000000000,0.000000000,0.000000000,0.000000000,0.000000000,0.000000000,0.000000000,0.000000000,0.000000000,1.000000000,0.000000000,0.000000000,0.000000000,1.000000000,2.997619867,0.034474947,0.752160788,0.999999344,0.000198254,-0.000005611,0.001132981
68,7.729000000,fused_map_f2f,1,1,0,0.008052822,0.011394086,1.000000000,1.000000000,0.100000000,0.010989011,0.010989011,0.010989011,0.010989011,1.000000000,0.000000000,0.000000000,0.000000000,0.000000000,0.000000000,0.000000000,0.000000000,0.000000000,1.000000000,0.000000000,0.000000000,0.000000000,1.000000000,3.087345600,0.034747031,0.752293110,0.999999344,0.000232134,-0.000006289,0.001122175
69,7.824000000,fused_map_f2f,1,1,0,0.005663090,0.009747399,1.000000000,1.000000000,0.100000000,0.010989011,0.010989011,0.010989011,0.010989011,1.000000000,0.000000000,0.000000000,0.000000000,0.000000000,0.000000000,0.000000000,0.000000000,0.000000000,1.000000000,0.000000000,0.000000000,0.000000000,1.000000000,3.169802189,0.034952771,0.751454651,0.999999285,0.000230317,-0.000023934,0.001169643
70,7.902000000,fused_map_f2f,1,1,0,0.005897768,0.008063272,1.000000000,1.000000000,0.100000000,0.010989011,0.010989011,0.010989011,0.010989011,1.000000000,0.000000000,0.000000000,0.000000000,0.000000000,0.000000000,0.000000000,0.000000000,0.000000000,1.000000000,0.000000000,0.000000000,0.000000000,1.000000000,3.233783960,0.035746206,0.751130879,0.999999225,0.000179020,-0.000021951,0.001204227
71,8.017000000,fused_map_f2f,1,1,0,0.007478369,0.009761255,1.000000000,1.000000000,0.100000000,0.010989011,0.010989011,0.010989011,0.010989011,1.000000000,0.000000000,0.000000000,0.000000000,0.000000000,0.000000000,0.000000000,0.000000000,0.000000000,1.000000000,0.000000000,0.000000000,0.000000000,1.000000000,3.329950809,0.036767047,0.750740528,0.999999046,0.000267868,-0.000009564,0.001328638
72,8.127000000,fused_map_f2f,1,1,0,0.005715594,0.011311016,1.000000000,1.000000000,0.100000000,0.010989011,0.010989011,0.010989011,0.010989011,1.000000000,0.000000000,0.000000000,0.000000000,0.000000000,0.000000000,0.000000000,0.000000000,0.000000000,1.000000000,0.000000000,0.000000000,0.000000000,1.000000000,3.417732000,0.036559299,0.750997961,0.999999166,0.000307750,-0.000013456,0.001255665
73,8.205000000,fused_map_f2f,1,1,0,0.007937972,0.006545513,1.000000000,1.000000000,0.100000000,0.010989011,0.010989011,0.010989011,0.010989011,1.000000000,0.000000000,0.000000000,0.000000000,0.000000000,0.000000000,0.000000000,0.000000000,0.000000000,1.000000000,0.000000000,0.000000000,0.000000000,1.000000000,3.480648994,0.036413353,0.750761569,0.999999166,0.000309555,-0.000019345,0.001256528
74,8.323000000,fused_map_f2f,1,1,0,0.005575761,0.010020667,1.000000000,1.000000000,0.100000000,0.010989011,0.010989011,0.010989011,0.010989011,1.000000000,0.000000000,0.000000000,0.000000000,0.000000000,0.000000000,0.000000000,0.000000000,0.000000000,1.000000000,0.000000000,0.000000000,0.000000000,1.000000000,3.575599432,0.036201395,0.750948906,0.999999225,0.000386893,-0.000004063,0.001186824
75,8.397000000,fused_map_f2f,1,1,0,0.005939938,0.008541572,1.000000000,1.000000000,0.100000000,0.010989011,0.010989011,0.010989011,0.010989011,1.000000000,0.000000000,0.000000000,0.000000000,0.000000000,0.000000000,0.000000000,0.000000000,0.000000000,1.000000000,0.000000000,0.000000000,0.000000000,1.000000000,3.634889364,0.036249489,0.750918090,0.999999225,0.000379251,-0.000001784,0.001168568
76,8.508000000,fused_map_f2f,1,1,0,0.007334066,0.009381614,1.000000000,1.000000000,0.100000000,0.010989011,0.010989011,0.010989011,0.010989011,1.000000000,0.000000000,0.000000000,0.000000000,0.000000000,0.000000000,0.000000000,0.000000000,0.000000000,1.000000000,0.000000000,0.000000000,0.000000000,1.000000000,3.732402086,0.037897311,0.750487864,0.999999046,0.000424733,-0.000009168,0.001309112
77,8.621000000,fused_map_f2f,1,1,0,0.005883137,0.011460671,1.000000000,1.000000000,0.100000000,0.010989011,0.010989011,0.010989011,0.010989011,1.000000000,0.000000000,0.000000000,0.000000000,0.000000000,0.000000000,0.000000000,0.000000000,0.000000000,1.000000000,0.000000000,0.000000000,0.000000000,1.000000000,3.824568510,0.037439331,0.750594556,0.999999046,0.000392792,-0.000001754,0.001300436
78,8.726000000,fused_map_f2f,1,1,0,0.008256976,0.009707998,1.000000000,1.000000000,0.100000000,0.010989011,0.010989011,0.010989011,0.010989011,1.000000000,0.000000000,0.000000000,0.000000000,0.000000000,0.000000000,0.000000000,0.000000000,0.000000000,1.000000000,0.000000000,0.000000000,0.000000000,1.000000000,3.908672094,0.037007660,0.750575125,0.999999166,0.000404543,0.000001864,0.001202345
79,8.812000000,fused_map_f2f,1,1,0,0.005602598,0.009129207,1.000000000,1.000000000,0.100000000,0.010989011,0.010989011,0.010989011,0.010989011,1.000000000,0.000000000,0.000000000,0.000000000,0.000000000,0.000000000,0.000000000,0.000000000,0.000000000,1.000000000,0.000000000,0.000000000,0.000000000,1.000000000,3.981283188,0.038038146,0.750425935,0.999999046,0.000474528,-0.000016448,0.001271728
80,8.918000000,fused_map_f2f,1,1,0,0.007342521,0.011335917,1.000000000,1.000000000,0.100000000,0.010989011,0.010989011,0.010989011,0.010989011,1.000000000,0.000000000,0.000000000,0.000000000,0.000000000,0.000000000,0.000000000,0.000000000,0.000000000,1.000000000,0.000000000,0.000000000,0.000000000,1.000000000,4.069398880,0.037497979,0.749950945,0.999999106,0.000414950,-0.000006087,0.001262033
81,9.016000000,fused_map_f2f,1,1,0,0.006615199,0.010096291,1.000000000,1.000000000,0.100000000,0.010989011,0.010989011,0.010989011,0.010989011,1.000000000,0.000000000,0.000000000,0.000000000,0.000000000,0.000000000,0.000000000,0.000000000,0.000000000,1.000000000,0.000000000,0.000000000,0.000000000,1.000000000,4.147929668,0.037838873,0.750217736,0.999999106,0.000410934,0.000001180,0.001254805
82,9.098000000,fused_map_f2f,1,1,0,0.005697183,0.008531296,1.000000000,1.000000000,0.100000000,0.010989011,0.010989011,0.010989011,0.010989011,1.000000000,0.000000000,0.000000000,0.000000000,0.000000000,0.000000000,0.000000000,0.000000000,0.000000000,1.000000000,0.000000000,0.000000000,0.000000000,1.000000000,4.212922573,0.038546585,0.750312984,0.999999106,0.000463476,-0.000002371,0.001239020
83,9.205000000,fused_map_f2f,1,1,0,0.008499517,0.008917614,1.000000000,1.000000000,0.100000000,0.010989011,0.010989011,0.010989011,0.010989011,1.000000000,0.000000000,0.000000000,0.000000000,0.000000000,0.000000000,0.000000000,0.000000000,0.000000000,1.000000000,0.000000000,0.000000000,0.000000000,1.000000000,4.301941872,0.038698722,0.750021815,0.999999046,0.000558639,-0.000002396,0.001262424
84,9.326000000,fused_map_f2f,1,1,0,0.005541005,0.012096228,1.000000000,1.000000000,0.100000000,0.010989011,0.010989011,0.010989011,0.010989011,1.000000000,0.000000000,0.000000000,0.000000000,0.000000000,0.000000000,0.000000000,0.000000000,0.000000000,1.000000000,0.000000000,0.000000000,0.000000000,1.000000000,4.399322510,0.038965128,0.750234127,0.999999106,0.000525200,-0.000000381,0.001244411
85,9.397000000,fused_map_f2f,1,1,0,0.006654461,0.006515837,1.000000000,1.000000000,0.100000000,0.010989011,0.010989011,0.010989011,0.010989011,1.000000000,0.000000000,0.000000000,0.000000000,0.000000000,0.000000000,0.000000000,0.000000000,0.000000000,1.000000000,0.000000000,0.000000000,0.000000000,1.000000000,4.455966473,0.038872909,0.750279665,0.999999166,0.000495307,0.000010549,0.001162984
86,9.523000000,fused_map_f2f,1,1,0,0.006046681,0.012620467,1.000000000,1.000000000,0.100000000,0.010989011,0.010989011,0.010989011,0.010989011,1.000000000,0.000000000,0.000000000,0.000000000,0.000000000,0.000000000,0.000000000,0.000000000,0.000000000,1.000000000,0.000000000,0.000000000,0.000000000,1.000000000,4.562359810,0.038314801,0.750690818,0.999999106,0.000464969,-0.000003066,0.001236952
87,9.599000000,fused_map_f2f,1,1,0,0.005783011,0.008155732,1.000000000,1.000000000,0.100000000,0.010989011,0.010989011,0.010989011,0.010989011,1.000000000,0.000000000,0.000000000,0.000000000,0.000000000,0.000000000,0.000000000,0.000000000,0.000000000,1.000000000,0.000000000,0.000000000,0.000000000,1.000000000,4.622411728,0.038751453,0.750772357,0.999999046,0.000587718,-0.000025702,0.001224591
88,9.711000000,fused_map_f2f,1,1,0,0.007951563,0.009381389,1.000000000,1.000000000,0.100000000,0.010989011,0.010989011,0.010989011,0.010989011,1.000000000,0.000000000,0.000000000,0.000000000,0.000000000,0.000000000,0.000000000,0.000000000,0.000000000,1.000000000,0.000000000,0.000000000,0.000000000,1.000000000,4.715104580,0.038475823,0.750636637,0.999999166,0.000405900,-0.000019163,0.001197021
89,9.825000000,fused_map_f2f,1,1,0,0.005460456,0.011838885,1.000000000,1.000000000,0.100000000,0.010989011,0.010989011,0.010989011,0.010989011,1.000000000,0.000000000,0.000000000,0.000000000,0.000000000,0.000000000,0.000000000,0.000000000,0.000000000,1.000000000,0.000000000,0.000000000,0.000000000,1.000000000,4.806569576,0.038434733,0.750742137,0.999999225,0.000372744,-0.000015477,0.001171862
90,9.900000000,fused_map_f2f,1,1,0,0.007206381,0.008434137,1.000000000,1.000000000,0.100000000,0.010989011,0.010989011,0.010989011,0.010989011,1.000000000,0.000000000,0.000000000,0.000000000,0.000000000,0.000000000,0.000000000,0.000000000,0.000000000,1.000000000,0.000000000,0.000000000,0.000000000,1.000000000,4.866816521,0.038374335,0.750837564,0.999999225,0.000360906,-0.000011973,0.001161457
91,10.017000000,fused_map_f2f,1,1,0,0.005914852,0.010220576,1.000000000,1.000000000,0.100000000,0.010989011,0.010989011,0.010989011,0.010989011,1.000000000,0.000000000,0.000000000,0.000000000,0.000000000,0.000000000,0.000000000,0.000000000,0.000000000,1.000000000,0.000000000,0.000000000,0.000000000,1.000000000,4.964131832,0.038885567,0.750779390,0.999999225,0.000362697,-0.000029614,0.001201215
92,10.124000000,fused_map_f2f,1,1,0,0.006381779,0.010904423,1.000000000,1.000000000,0.100000000,0.010989011,0.010989011,0.010989011,0.010989011,1.000000000,0.000000000,0.000000000,0.000000000,0.000000000,0.000000000,0.000000000,0.000000000,0.000000000,1.000000000,0.000000000,0.000000000,0.000000000,1.000000000,5.049860477,0.037875067,0.750531912,0.999999285,0.000380116,-0.000035532,0.001142102
93,10.201000000,fused_map_f2f,1,1,0,0.007988241,0.008346424,1.000000000,1.000000000,0.100000000,0.010989011,0.010989011,0.010989011,0.010989011,1.000000000,0.000000000,0.000000000,0.000000000,0.000000000,0.000000000,0.000000000,0.000000000,0.000000000,1.000000000,0.000000000,0.000000000,0.000000000,1.000000000,5.111211300,0.038097028,0.750726998,0.999999285,0.000365731,-0.000030595,0.001137352
94,10.310000000,fused_map_f2f,1,1,0,0.005500403,0.009618738,1.000000000,1.000000000,0.100000000,0.010989011,0.010989011,0.010989011,0.010989011,1.000000000,0.000000000,0.000000000,0.000000000,0.000000000,0.000000000,0.000000000,0.000000000,0.000000000,1.000000000,0.000000000,0.000000000,0.000000000,1.000000000,5.200991631,0.039726101,0.750939131,0.999999225,0.000385349,-0.000014472,0.001179891
95,10.420000000,fused_map_f2f,1,1,0,0.008157466,0.011575980,1.000000000,1.000000000,0.100000000,0.010989011,0.010989011,0.010989011,0.010989011,1.000000000,0.000000000,0.000000000,0.000000000,0.000000000,0.000000000,0.000000000,0.000000000,0.000000000,1.000000000,0.000000000,0.000000000,0.000000000,1.000000000,5.289413929,0.039833117,0.750925541,0.999999225,0.000370948,-0.000007101,0.001184352
96,10.497000000,fused_map_f2f,1,1,0,0.006260587,0.007725911,1.000000000,1.000000000,0.100000000,0.010989011,0.010989011,0.010989011,0.010989011,1.000000000,0.000000000,0.000000000,0.000000000,0.000000000,0.000000000,0.000000000,0.000000000,0.000000000,1.000000000,0.000000000,0.000000000,0.000000000,1.000000000,5.354101181,0.040298942,0.751079500,0.999999166,0.000344083,-0.000019477,0.001259700
97,10.605000000,fused_map_f2f,1,1,0,0.005956122,0.009984505,1.000000000,1.000000000,0.100000000,0.010989011,0.010989011,0.010989011,0.010989011,1.000000000,0.000000000,0.000000000,0.000000000,0.000000000,0.000000000,0.000000000,0.000000000,0.000000000,1.000000000,0.000000000,0.000000000,0.000000000,1.000000000,5.437560558,0.038427837,0.750990391,0.999999344,0.000387593,-0.000035922,0.001048113
98,10.711000000,fused_map_f2f,1,1,0,0.007276021,0.011013171,1.000000000,1.000000000,0.100000000,0.010989011,0.010989011,0.010989011,0.010989011,1.000000000,0.000000000,0.000000000,0.000000000,0.000000000,0.000000000,0.000000000,0.000000000,0.000000000,1.000000000,0.000000000,0.000000000,0.000000000,1.000000000,5.525346756,0.039209742,0.751365423,0.999999285,0.000436767,-0.000025977,0.001096092
99,10.829000000,fused_map_f2f,1,1,0,0.005518976,0.013284417,1.000000000,1.000000000,0.100000000,0.010989011,0.010989011,0.010989011,0.010989011,1.000000000,0.000000000,0.000000000,0.000000000,0.000000000,0.000000000,0.000000000,0.000000000,0.000000000,1.000000000,0.000000000,0.000000000,0.000000000,1.000000000,5.623064995,0.039267424,0.751620352,0.999999285,0.000427388,-0.000024267,0.001085342
100,10.904000000,fused_map_f2f,1,1,0,0.007789782,0.008420842,1.000000000,1.000000000,0.100000000,0.010989011,0.010989011,0.010989011,0.010989011,1.000000000,0.000000000,0.000000000,0.000000000,0.000000000,0.000000000,0.000000000,0.000000000,0.000000000,1.000000000,0.000000000,0.000000000,0.000000000,1.000000000,5.683009624,0.039735712,0.751607239,0.999999285,0.000406523,-0.000025789,0.001101558
101,11.021000000,fused_map_f2f,1,1,0,0.005675246,0.010488424,1.000000000,1.000000000,0.100000000,0.010989011,0.010989011,0.010989011,0.010989011,1.000000000,0.000000000,0.000000000,0.000000000,0.000000000,0.000000000,0.000000000,0.000000000,0.000000000,1.000000000,0.000000000,0.000000000,0.000000000,1.000000000,5.782547474,0.040578105,0.751355171,0.999999225,0.000353528,-0.000019857,0.001186791
102,11.101000000,fused_map_f2f,1,1,0,0.006365487,0.008992698,1.000000000,1.000000000,0.100000000,0.010989011,0.010989011,0.010989011,0.010989011,1.000000000,0.000000000,0.000000000,0.000000000,0.000000000,0.000000000,0.000000000,0.000000000,0.000000000,1.000000000,0.000000000,0.000000000,0.000000000,1.000000000,5.846733570,0.040753990,0.751218796,0.999999225,0.000331546,-0.000019603,0.001188782
103,11.217000000,fused_map_f2f,1,1,0,0.006816532,0.009881802,1.000000000,1.000000000,0.100000000,0.010989011,0.010989011,0.010989011,0.010989011,1.000000000,0.000000000,0.000000000,0.000000000,0.000000000,0.000000000,0.000000000,0.000000000,0.000000000,1.000000000,0.000000000,0.000000000,0.000000000,1.000000000,5.945274353,0.043269154,0.750886083,0.999998987,0.000312000,-0.000014605,0.001371230
104,11.330000000,fused_map_f2f,1,1,0,0.006325710,0.011913859,1.000000000,1.000000000,0.100000000,0.010989011,0.010989011,0.010989011,0.010989011,1.000000000,0.000000000,0.000000000,0.000000000,0.000000000,0.000000000,0.000000000,0.000000000,0.000000000,1.000000000,0.000000000,0.000000000,0.000000000,1.000000000,6.036266804,0.043274991,0.751040936,0.999999046,0.000322038,-0.000021967,0.001341509
105,11.403000000,fused_map_f2f,1,1,0,0.008417603,0.006608040,1.000000000,1.000000000,0.100000000,0.010989011,0.010989011,0.010989011,0.010989011,1.000000000,0.000000000,0.000000000,0.000000000,0.000000000,0.000000000,0.000000000,0.000000000,0.000000000,1.000000000,0.000000000,0.000000000,0.000000000,1.000000000,6.097550869,0.043037388,0.751064539,0.999999046,0.000298741,-0.000022597,0.001353960
106,11.510000000,fused_map_f2f,1,1,0,0.005870403,0.011288465,1.000000000,1.000000000,0.100000000,0.010989011,0.010989011,0.010989011,0.010989011,1.000000000,0.000000000,0.000000000,0.000000000,0.000000000,0.000000000,0.000000000,0.000000000,0.000000000,1.000000000,0.000000000,0.000000000,0.000000000,1.000000000,6.187033653,0.043706872,0.751414657,0.999998987,0.000163527,-0.000024170,0.001419166
107,11.596000000,fused_map_f2f,1,1,0,0.006891945,0.008396606,1.000000000,1.000000000,0.100000000,0.010989011,0.010989011,0.010989011,0.010989011,1.000000000,0.000000000,0.000000000,0.000000000,0.000000000,0.000000000,0.000000000,0.000000000,0.000000000,1.000000000,0.000000000,0.000000000,0.000000000,1.000000000,6.256810665,0.043187294,0.751406729,0.999998987,0.000208573,-0.000027474,0.001390643
108,11.704000000,fused_map_f2f,1,1,0,0.006865904,0.011641849,1.000000000,1.000000000,0.100000000,0.010989011,0.010989011,0.010989011,0.010989011,1.000000000,0.000000000,0.000000000,0.000000000,0.000000000,0.000000000,0.000000000,0.000000000,0.000000000,1.000000000,0.000000000,0.000000000,0.000000000,1.000000000,6.344874859,0.044115726,0.751258016,0.999998868,0.000156333,-0.000043331,0.001480445
109,11.819000000,fused_map_f2f,1,1,0,0.006330517,0.011730199,1.000000000,1.000000000,0.100000000,0.010989011,0.010989011,0.010989011,0.010989011,1.000000000,0.000000000,0.000000000,0.000000000,0.000000000,0.000000000,0.000000000,0.000000000,0.000000000,1.000000000,0.000000000,0.000000000,0.000000000,1.000000000,6.436227798,0.043539334,0.751060545,0.999999046,0.000040981,-0.000013005,0.001380698
110,11.924000000,fused_map_f2f,1,1,0,0.007726566,0.010927133,1.000000000,1.000000000,0.100000000,0.010989011,0.010989011,0.010989011,0.010989011,1.000000000,0.000000000,0.000000000,0.000000000,0.000000000,0.000000000,0.000000000,0.000000000,0.000000000,1.000000000,0.000000000,0.000000000,0.000000000,1.000000000,6.526350498,0.046531722,0.750984609,0.999998808,-0.000008662,-0.000010089,0.001553237
111,12.002000000,fused_map_f2f,1,1,0,0.006050119,0.009111079,1.000000000,1.000000000,0.100000000,0.010989011,0.010989011,0.010989011,0.010989011,1.000000000,0.000000000,0.000000000,0.000000000,0.000000000,0.000000000,0.000000000,0.000000000,0.000000000,1.000000000,0.000000000,0.000000000,0.000000000,1.000000000,6.588760853,0.046373811,0.751108468,0.999998868,0.000004894,-0.000022174,0.001518649
112,12.124000000,fused_map_f2f,1,1,0,0.008404336,0.011464968,1.000000000,1.000000000,0.100000000,0.010989011,0.010989011,0.010989011,0.010989011,1.000000000,0.000000000,0.000000000,0.000000000,0.000000000,0.000000000,0.000000000,0.000000000,0.000000000,1.000000000,0.000000000,0.000000000,0.000000000,1.000000000,6.687224865,0.046067711,0.751125216,0.999998987,-0.000025455,-0.000005360,0.001432706
113,12.200000000,fused_map_f2f,1,1,0,0.006488866,0.009472145,1.000000000,1.000000000,0.100000000,0.010989011,0.010989011,0.010989011,0.010989011,1.000000000,0.000000000,0.000000000,0.000000000,0.000000000,0.000000000,0.000000000,0.000000000,0.000000000,1.000000000,0.000000000,0.000000000,0.000000000,1.000000000,6.751890182,0.043677617,0.751181185,0.999998987,-0.000211013,-0.000028895,0.001385672
114,12.314000000,fused_map_f2f,1,1,0,0.006236259,0.010879398,1.000000000,1.000000000,0.100000000,0.010989011,0.010989011,0.010989011,0.010989011,1.000000000,0.000000000,0.000000000,0.000000000,0.000000000,0.000000000,0.000000000,0.000000000,0.000000000,1.000000000,0.000000000,0.000000000,0.000000000,1.000000000,6.841900349,0.040811323,0.750579834,0.999999285,-0.000272347,-0.000026449,0.001158923
115,12.420000000,fused_map_f2f,1,1,0,0.007096392,0.010955971,1.000000000,1.000000000,0.100000000,0.010989011,0.010989011,0.010989011,0.010989011,1.000000000,0.000000000,0.000000000,0.000000000,0.000000000,0.000000000,0.000000000,0.000000000,0.000000000,1.000000000,0.000000000,0.000000000,0.000000000,1.000000000,6.927379608,0.041054796,0.750615418,0.999999285,-0.000231918,-0.000017542,0.001135877
116,12.529000000,fused_map_f2f,1,1,0,0.005575463,0.010308952,1.000000000,1.000000000,0.100000000,0.010989011,0.010989011,0.010989011,0.010989011,1.000000000,0.000000000,0.000000000,0.000000000,0.000000000,0.000000000,0.000000000,0.000000000,0.000000000,1.000000000,0.000000000,0.000000000,0.000000000,1.000000000,7.015559673,0.040867779,0.750746489,0.999999344,-0.000232875,-0.000001595,0.001087694
117,12.607000000,fused_map_f2f,1,1,0,0.007542362,0.009030686,1.000000000,1.000000000,0.100000000,0.010989011,0.010989011,0.010989011,0.010989011,1.000000000,0.000000000,0.000000000,0.000000000,0.000000000,0.000000000,0.000000000,0.000000000,0.000000000,1.000000000,0.000000000,0.000000000,0.000000000,1.000000000,7.080048084,0.039550994,0.750851452,0.999999404,-0.000218175,-0.000010513,0.001043630
118,12.715000000,fused_map_f2f,1,1,0,0.005683807,0.010892647,1.000000000,1.000000000,0.100000000,0.010989011,0.010989011,0.010989011,0.010989011,1.000000000,0.000000000,0.000000000,0.000000000,0.000000000,0.000000000,0.000000000,0.000000000,0.000000000,1.000000000,0.000000000,0.000000000,0.000000000,1.000000000,7.166916847,0.039713152,0.751014829,0.999999464,-0.000154270,0.000000727,0.000998558
119,12.796000000,fused_map_f2f,1,1,0,0.005657289,0.009616890,1.000000000,1.000000000,0.100000000,0.010989011,0.010989011,0.010989011,0.010989011,1.000000000,0.000000000,0.000000000,0.000000000,0.000000000,0.000000000,0.000000000,0.000000000,0.000000000,1.000000000,0.000000000,0.000000000,0.000000000,1.000000000,7.231586933,0.039322168,0.751004934,0.999999464,-0.000248862,-0.000003778,0.000957902
120,12.906000000,fused_map_f2f,1,1,0,0.007087189,0.010139692,1.000000000,1.000000000,0.100000000,0.010989011,0.010989011,0.010989011,0.010989011,1.000000000,0.000000000,0.000000000,0.000000000,0.000000000,0.000000000,0.000000000,0.000000000,0.000000000,1.000000000,0.000000000,0.000000000,0.000000000,1.000000000,7.322517872,0.039175298,0.751048446,0.999999523,-0.000313536,-0.000043342,0.000915796
121,13.019000000,fused_map_f2f,1,1,0,0.005299837,0.012094956,1.000000000,1.000000000,0.100000000,0.010989011,0.010989011,0.010989011,0.010989011,1.000000000,0.000000000,0.000000000,0.000000000,0.000000000,0.000000000,0.000000000,0.000000000,0.000000000,1.000000000,0.000000000,0.000000000,0.000000000,1.000000000,7.413075447,0.039141074,0.751040339,0.999999523,-0.000323338,-0.000027534,0.000884231
122,13.124000000,fused_map_f2f,1,1,0,0.007948467,0.009706223,1.000000000,1.000000000,0.100000000,0.010989011,0.010989011,0.010989011,0.010989011,1.000000000,0.000000000,0.000000000,0.000000000,0.000000000,0.000000000,0.000000000,0.000000000,0.000000000,1.000000000,0.000000000,0.000000000,0.000000000,1.000000000,7.502007961,0.040761050,0.750507474,0.999999464,-0.000317371,-0.000024515,0.000957038
123,13.228000000,fused_map_f2f,1,1,0,0.005387324,0.011880807,1.000000000,1.000000000,0.100000000,0.010989011,0.010989011,0.010989011,0.010989011,1.000000000,0.000000000,0.000000000,0.000000000,0.000000000,0.000000000,0.000000000,0.000000000,0.000000000,1.000000000,0.000000000,0.000000000,0.000000000,1.000000000,7.588472366,0.041226085,0.750892878,0.999999464,-0.000307916,-0.000038964,0.000967373
124,13.329000000,fused_map_f2f,1,1,0,0.007074576,0.011109584,1.000000000,1.000000000,0.100000000,0.010989011,0.010989011,0.010989011,0.010989011,1.000000000,0.000000000,0.000000000,0.000000000,0.000000000,0.000000000,0.000000000,0.000000000,0.000000000,1.000000000,0.000000000,0.000000000,0.000000000,1.000000000,7.669916153,0.041165333,0.750939488,0.999999523,-0.000314117,-0.000034220,0.000933813
125,13.403000000,fused_map_f2f,1,1,0,0.006692721,0.008553619,1.000000000,1.000000000,0.100000000,0.010989011,0.010989011,0.010989011,0.010989011,1.000000000,0.000000000,0.000000000,0.000000000,0.000000000,0.000000000,0.000000000,0.000000000,0.000000000,1.000000000,0.000000000,0.000000000,0.000000000,1.000000000,7.730738163,0.040365569,0.750865817,0.999999583,-0.000292624,-0.000037590,0.000865852
126,13.510000000,fused_map_f2f,1,1,0,0.005315235,0.010614730,1.000000000,1.000000000,0.100000000,0.010989011,0.010989011,0.010989011,0.010989011,1.000000000,0.000000000,0.000000000,0.000000000,0.000000000,0.000000000,0.000000000,0.000000000,0.000000000,1.000000000,0.000000000,0.000000000,0.000000000,1.000000000,7.815977097,0.039473034,0.750905275,0.999999642,-0.000329056,-0.000036615,0.000780060
127,13.622000000,fused_map_f2f,1,1,0,0.007671620,0.057257421,1.000000000,1.000000000,0.100000000,0.010989011,0.010989011,0.010989011,0.010989011,1.000000000,0.000000000,0.000000000,0.000000000,0.000000000,0.000000000,0.000000000,0.000000000,0.000000000,1.000000000,0.000000000,0.000000000,0.000000000,1.000000000,7.908769608,0.040475342,0.750317872,0.999999583,-0.000299444,-0.000035136,0.000820881
128,13.696000000,fused_map_f2f,1,1,0,0.005488797,0.011812315,1.000000000,1.000000000,0.100000000,0.010989011,0.010989011,0.010989011,0.010989011,1.000000000,0.000000000,0.000000000,0.000000000,0.000000000,0.000000000,0.000000000,0.000000000,0.000000000,1.000000000,0.000000000,0.000000000,0.000000000,1.000000000,7.965822220,0.036888950,0.750896156,0.999999702,-0.000446512,-0.000045699,0.000615326
129,13.806000000,fused_map_f2f,1,1,0,0.006014019,0.012130706,1.000000000,1.000000000,0.100000000,0.010989011,0.010989011,0.010989011,0.010989011,1.000000000,0.000000000,0.000000000,0.000000000,0.000000000,0.000000000,0.000000000,0.000000000,0.000000000,1.000000000,0.000000000,0.000000000,0.000000000,1.000000000,8.050739288,0.034647509,0.750654519,0.999999702,-0.000540446,-0.000056950,0.000494049
130,13.917000000,fused_map_f2f,1,1,0,0.006194671,0.012212622,1.000000000,1.000000000,0.100000000,0.010989011,0.010989011,0.010989011,0.010989011,1.000000000,0.000000000,0.000000000,0.000000000,0.000000000,0.000000000,0.000000000,0.000000000,0.000000000,1.000000000,0.000000000,0.000000000,0.000000000,1.000000000,8.139241219,0.033985712,0.750710845,0.999999762,-0.000560351,-0.000048187,0.000425551
131,14.023000000,fused_map_f2f,1,1,0,0.005349134,0.014054302,1.000000000,1.000000000,0.100000000,0.010989011,0.010989011,0.010989011,0.010989011,1.000000000,0.000000000,0.000000000,0.000000000,0.000000000,0.000000000,0.000000000,0.000000000,0.000000000,1.000000000,0.000000000,0.000000000,0.000000000,1.000000000,8.223281860,0.033427551,0.750836015,0.999999762,-0.000604441,-0.000044526,0.000389238
132,14.100000000,fused_map_f2f,1,1,0,0.007286704,0.010416134,1.000000000,1.000000000,0.100000000,0.010989011,0.010989011,0.010989011,0.010989011,1.000000000,0.000000000,0.000000000,0.000000000,0.000000000,0.000000000,0.000000000,0.000000000,0.000000000,1.000000000,0.000000000,0.000000000,0.000000000,1.000000000,8.284317017,0.033048712,0.750991642,0.999999762,-0.000551689,-0.000049432,0.000373367
133,14.205000000,fused_map_f2f,1,1,0,0.005331770,0.010674223,1.000000000,1.000000000,0.100000000,0.010989011,0.010989011,0.010989011,0.010989011,1.000000000,0.000000000,0.000000000,0.000000000,0.000000000,0.000000000,0.000000000,0.000000000,0.000000000,1.000000000,0.000000000,0.000000000,0.000000000,1.000000000,8.369792938,0.032189153,0.751302123,0.999999762,-0.000584403,-0.000044320,0.000316183
134,14.314000000,fused_map_f2f,1,1,0,0.006065690,0.012004411,1.000000000,1.000000000,0.100000000,0.010989011,0.010989011,0.010989011,0.010989011,1.000000000,0.000000000,0.000000000,0.000000000,0.000000000,0.000000000,0.000000000,0.000000000,0.000000000,1.000000000,0.000000000,0.000000000,0.000000000,1.000000000,8.455674171,0.031177653,0.751391649,0.999999762,-0.000614659,-0.000048481,0.000257788
135,14.425000000,fused_map_f2f,1,1,0,0.005933970,0.012565803,1.000000000,1.000000000,0.100000000,0.010989011,0.010989011,0.010989011,0.010989011,1.000000000,0.000000000,0.000000000,0.000000000,0.000000000,0.000000000,0.000000000,0.000000000,0.000000000,1.000000000,0.000000000,0.000000000,0.000000000,1.000000000,8.544819832,0.031053007,0.751628637,0.999999702,-0.000709483,-0.000077059,0.000225440
136,14.505000000,fused_map_f2f,1,1,0,0.004826701,0.010731328,1.000000000,1.000000000,0.100000000,0.010989011,0.010989011,0.010989011,0.010989011,1.000000000,0.000000000,0.000000000,0.000000000,0.000000000,0.000000000,0.000000000,0.000000000,0.000000000,1.000000000,0.000000000,0.000000000,0.000000000,1.000000000,8.605570793,0.028221507,0.751667023,0.999999762,-0.000661853,-0.000079253,0.000077466
137,14.610000000,fused_map_f2f,1,1,0,0.007233257,0.011903686,1.000000000,1.000000000,0.100000000,0.010989011,0.010989011,0.010989011,0.010989011,1.000000000,0.000000000,0.000000000,0.000000000,0.000000000,0.000000000,0.000000000,0.000000000,0.000000000,1.000000000,0.000000000,0.000000000,0.000000000,1.000000000,8.687946320,0.028135842,0.751498342,0.999999821,-0.000592325,-0.000063924,0.000029561
138,14.737000000,fused_map_f2f,1,1,0,0.004905071,0.014651725,1.000000000,1.000000000,0.100000000,0.010989011,0.010989011,0.010989011,0.010989011,1.000000000,0.000000000,0.000000000,0.000000000,0.000000000,0.000000000,0.000000000,0.000000000,0.000000000,1.000000000,0.000000000,0.000000000,0.000000000,1.000000000,8.787160873,0.027550826,0.751186967,0.999999821,-0.000581417,-0.000059155,-0.000008941
139,14.815000000,fused_map_f2f,1,1,0,0.005681583,0.010975499,1.000000000,1.000000000,0.100000000,0.010989011,0.010989011,0.010989011,0.010989011,1.000000000,0.000000000,0.000000000,0.000000000,0.000000000,0.000000000,0.000000000,0.000000000,0.000000000,1.000000000,0.000000000,0.000000000,0.000000000,1.000000000,8.847830772,0.027193837,0.751266420,0.999999821,-0.000584164,-0.000053643,-0.000029045
140,14.896000000,fused_map_f2f,1,1,0,0.007279906,0.010687417,1.000000000,1.000000000,0.100000000,0.010989011,0.010989011,0.010989011,0.010989011,1.000000000,0.000000000,0.000000000,0.000000000,0.000000000,0.000000000,0.000000000,0.000000000,0.000000000,1.000000000,0.000000000,0.000000000,0.000000000,1.000000000,8.910486221,0.026566124,0.751243114,0.999999821,-0.000596194,-0.000060181,-0.000065255
141,15.005000000,fused_map_f2f,1,1,0,0.005492070,0.009994302,1.000000000,1.000000000,0.100000000,0.010989011,0.010989011,0.010989011,0.010989011,1.000000000,0.000000000,0.000000000,0.000000000,0.000000000,0.000000000,0.000000000,0.000000000,0.000000000,1.000000000,0.000000000,0.000000000,0.000000000,1.000000000,8.997553825,0.025516549,0.751289964,0.999999762,-0.000642810,-0.000088718,-0.000107513
142,15.111000000,fused_map_f2f,1,1,0,0.007941216,0.013597559,1.000000000,1.000000000,0.100000000,0.010989011,0.010989011,0.010989011,0.010989011,1.000000000,0.000000000,0.000000000,0.000000000,0.000000000,0.000000000,0.000000000,0.000000000,0.000000000,1.000000000,0.000000000,0.000000000,0.000000000,1.000000000,9.080474854,0.024288630,0.751494110,0.999999702,-0.000706050,-0.000082195,-0.000154822
143,15.198000000,fused_map_f2f,1,1,0,0.007004556,0.011202808,1.000000000,1.000000000,0.100000000,0.010989011,0.010989011,0.010989011,0.010989011,1.000000000,0.000000000,0.000000000,0.000000000,0.000000000,0.000000000,0.000000000,0.000000000,0.000000000,1.000000000,0.000000000,0.000000000,0.000000000,1.000000000,9.148984909,0.024454659,0.751242936,0.999999702,-0.000735884,-0.000102314,-0.000124869
144,15.300000000,fused_map_f2f,1,1,0,0.006951012,0.011889983,1.000000000,1.000000000,0.100000000,0.010989011,0.010989011,0.010989011,0.010989011,1.000000000,0.000000000,0.000000000,0.000000000,0.000000000,0.000000000,0.000000000,0.000000000,0.000000000,1.000000000,0.000000000,0.000000000,0.000000000,1.000000000,9.223799706,0.022519242,0.751784027,0.999999642,-0.000770134,-0.000118844,-0.000261332
145,15.416000000,fused_map_f2f,1,1,0,0.009398017,0.014544896,1.000000000,1.000000000,0.100000000,0.010989011,0.010989011,0.010989011,0.010989011,1.000000000,0.000000000,0.000000000,0.000000000,0.000000000,0.000000000,0.000000000,0.000000000,0.000000000,1.000000000,0.000000000,0.000000000,0.000000000,1.000000000,9.311943054,0.020654799,0.751507461,0.999999583,-0.000802710,-0.000106104,-0.000335370
146,15.524000000,fused_map_f2f,1,1,0,0.007794494,0.013261692,1.000000000,1.000000000,0.100000000,0.010989011,0.010989011,0.010989011,0.010989011,1.000000000,0.000000000,0.000000000,0.000000000,0.000000000,0.000000000,0.000000000,0.000000000,0.000000000,1.000000000,0.000000000,0.000000000,0.000000000,1.000000000,9.396305084,0.022148330,0.751617491,0.999999642,-0.000738462,-0.000110285,-0.000287847
147,15.598000000,fused_map_f2f,1,1,0,0.009657080,0.010854118,1.000000000,1.000000000,0.100000000,0.010989011,0.010989011,0.010989011,0.010989011,1.000000000,0.000000000,0.000000000,0.000000000,0.000000000,0.000000000,0.000000000,0.000000000,0.000000000,1.000000000,0.000000000,0.000000000,0.000000000,1.000000000,9.451537132,0.019679587,0.751392424,0.999999583,-0.000806023,-0.000102415,-0.000385880
148,15.703000000,fused_map_f2f,1,1,0,0.011185294,0.012419114,1.000000000,1.000000000,0.100000000,0.010989011,0.010989011,0.010989011,0.010989011,1.000000000,0.000000000,0.000000000,0.000000000,0.000000000,0.000000000,0.000000000,0.000000000,0.000000000,1.000000000,0.000000000,0.000000000,0.000000000,1.000000000,9.536932945,0.022300499,0.752018869,0.999999583,-0.000853343,-0.000100452,-0.000230026
149,15.810000000,fused_map_f2f,1,1,0,0.010896688,0.012703937,1.000000000,1.000000000,0.100000000,0.010989011,0.010989011,0.010989011,0.010989011,1.000000000,0.000000000,0.000000000,0.000000000,0.000000000,0.000000000,0.000000000,0.000000000,0.000000000,1.000000000,0.000000000,0.000000000,0.000000000,1.000000000,9.617100716,0.021481622,0.752042294,0.999999583,-0.000852344,-0.000103676,-0.000285885
150,15.925000000,fused_map_f2f,1,1,0,0.015012106,0.014384656,1.000000000,1.000000000,0.100000000,0.010989011,0.010989011,0.010989011,0.010989011,1.000000000,0.000000000,0.000000000,0.000000000,0.000000000,0.000000000,0.000000000,0.000000000,0.000000000,1.000000000,0.000000000,0.000000000,0.000000000,1.000000000,9.703071594,0.020117259,0.752151549,0.999999583,-0.000835096,-0.000101029,-0.000359959
151,16.000000000,fused_map_f2f,1,1,0,0.013276912,0.010756772,1.000000000,1.000000000,0.100000000,0.010989011,0.010989011,0.010989011,0.010989011,1.000000000,0.000000000,0.000000000,0.000000000,0.000000000,0.000000000,0.000000000,0.000000000,0.000000000,1.000000000,0.000000000,0.000000000,0.000000000,1.000000000,9.759364128,0.019895164,0.752127290,0.999999583,-0.000821572,-0.000105303,-0.000368691
152,16.111000000,fused_map_f2f,1,1,0,0.014893688,0.012363291,1.000000000,1.000000000,0.100000000,0.010989011,0.010989011,0.010989011,0.010989011,1.000000000,0.000000000,0.000000000,0.000000000,0.000000000,0.000000000,0.000000000,0.000000000,0.000000000,1.000000000,0.000000000,0.000000000,0.000000000,1.000000000,9.843806267,0.017939074,0.752599120,0.999999404,-0.000948744,-0.000132583,-0.000420690
153,16.202000000,fused_map_f2f,1,1,0,0.016761808,0.011079626,1.000000000,1.000000000,0.100000000,0.010989011,0.010989011,0.010989011,0.010989011,1.000000000,0.000000000,0.000000000,0.000000000,0.000000000,0.000000000,0.000000000,0.000000000,0.000000000,1.000000000,0.000000000,0.000000000,0.000000000,1.000000000,9.912414551,0.018293379,0.752599120,0.999999464,-0.000968309,-0.000136094,-0.000417414
154,16.309000000,fused_map_f2f,1,1,0,0.015757932,0.014202513,1.000000000,1.000000000,0.100000000,0.010989011,0.010989011,0.010989011,0.010989011,1.000000000,0.000000000,0.000000000,0.000000000,0.000000000,0.000000000,0.000000000,0.000000000,0.000000000,1.000000000,0.000000000,0.000000000,0.000000000,1.000000000,9.992392540,0.017796958,0.752823651,0.999999404,-0.000997766,-0.000140433,-0.000452764
155,16.411000000,fused_map_f2f,1,1,0,0.018016852,0.013235223,1.000000000,1.000000000,0.100000000,0.010989011,0.010989011,0.010989011,0.010989011,1.000000000,0.000000000,0.000000000,0.000000000,0.000000000,0.000000000,0.000000000,0.000000000,0.000000000,1.000000000,0.000000000,0.000000000,0.000000000,1.000000000,10.067837715,0.017164685,0.752763331,0.999999344,-0.001018388,-0.000128769,-0.000471733
156,16.499000000,fused_map_f2f,1,1,0,0.019453856,0.012109468,1.000000000,1.000000000,0.100000000,0.010989011,0.010989011,0.010989011,0.010989011,1.000000000,0.000000000,0.000000000,0.000000000,0.000000000,0.000000000,0.000000000,0.000000000,0.000000000,1.000000000,0.000000000,0.000000000,0.000000000,1.000000000,10.138143539,0.018061822,0.752373397,0.999999404,-0.001011987,-0.000116417,-0.000417450
157,16.628000000,fused_map_f2f,1,1,0,0.018655288,0.015075737,1.000000000,1.000000000,0.100000000,0.010989011,0.010989011,0.010989011,0.010989011,1.000000000,0.000000000,0.000000000,0.000000000,0.000000000,0.000000000,0.000000000,0.000000000,0.000000000,1.000000000,0.000000000,0.000000000,0.000000000,1.000000000,10.233183861,0.017728856,0.752721131,0.999999344,-0.001059961,-0.000135192,-0.000414201
158,16.699000000,fused_map_f2f,1,1,0,0.021476385,0.010830124,1.000000000,1.000000000,0.100000000,0.010989011,0.010989011,0.010989011,0.010989011,1.000000000,0.000000000,0.000000000,0.000000000,0.000000000,0.000000000,0.000000000,0.000000000,0.000000000,1.000000000,0.000000000,0.000000000,0.000000000,1.000000000,10.288456917,0.018935204,0.752422929,0.999999404,-0.001033428,-0.000124611,-0.000342533
159,16.815000000,fused_map_f2f,1,1,0,0.019357356,0.014469778,1.000000000,1.000000000,0.100000000,0.010989011,0.010989011,0.010989011,0.010989011,1.000000000,0.000000000,0.000000000,0.000000000,0.000000000,0.000000000,0.000000000,0.000000000,0.000000000,1.000000000,0.000000000,0.000000000,0.000000000,1.000000000,10.377590179,0.019482441,0.753022373,0.999999344,-0.001068891,-0.000143740,-0.000340621
160,16.916000000,fused_map_f2f,1,1,0,0.020837123,0.012396986,1.000000000,1.000000000,0.100000000,0.010989011,0.010989011,0.010989011,0.010989011,1.000000000,0.000000000,0.000000000,0.000000000,0.000000000,0.000000000,0.000000000,0.000000000,0.000000000,1.000000000,0.000000000,0.000000000,0.000000000,1.000000000,10.450950623,0.018447809,0.752796710,0.999999344,-0.001066163,-0.000143069,-0.000374576
161,17.006000000,fused_map_f2f,1,1,0,0.021667698,0.013247509,1.000000000,1.000000000,0.100000000,0.010989011,0.010989011,0.010989011,0.010989011,1.000000000,0.000000000,0.000000000,0.000000000,0.000000000,0.000000000,0.000000000,0.000000000,0.000000000,1.000000000,0.000000000,0.000000000,0.000000000,1.000000000,10.516440392,0.018037288,0.752686024,0.999999344,-0.001078520,-0.000144942,-0.000401469
162,17.111000000,fused_map_f2f,1,1,0,0.019344302,0.013088746,1.000000000,1.000000000,0.100000000,0.010989011,0.010989011,0.010989011,0.010989011,1.000000000,0.000000000,0.000000000,0.000000000,0.000000000,0.000000000,0.000000000,0.000000000,0.000000000,1.000000000,0.000000000,0.000000000,0.000000000,1.000000000,10.593797684,0.017956387,0.753015637,0.999999285,-0.001118142,-0.000152212,-0.000397676
163,17.220000000,fused_map_f2f,1,1,0,0.022047057,0.015756997,1.000000000,1.000000000,0.100000000,0.010989011,0.010989011,0.010989011,0.010989011,1.000000000,0.000000000,0.000000000,0.000000000,0.000000000,0.000000000,0.000000000,0.000000000,0.000000000,1.000000000,0.000000000,0.000000000,0.000000000,1.000000000,10.672784805,0.017514661,0.753059149,0.999999285,-0.001079105,-0.000159099,-0.000412066
164,17.395000000,fused_map_f2f,1,1,0,0.021618218,0.018438701,1.000000000,1.000000000,0.100000000,0.010989011,0.010989011,0.010989011,0.010989011,1.000000000,0.000000000,0.000000000,0.000000000,0.000000000,0.000000000,0.000000000,0.000000000,0.000000000,1.000000000,0.000000000,0.000000000,0.000000000,1.000000000,10.801226616,0.017263556,0.753001094,0.999999285,-0.001099508,-0.000140035,-0.000419568
165,17.431000000,fused_map_f2f,1,1,0,0.021669146,0.009808300,1.000000000,1.000000000,0.100000000,0.010989011,0.010989011,0.010989011,0.010989011,1.000000000,0.000000000,0.000000000,0.000000000,0.000000000,0.000000000,0.000000000,0.000000000,0.000000000,1.000000000,0.000000000,0.000000000,0.000000000,1.000000000,10.827244759,0.017623434,0.753065348,0.999999285,-0.001117658,-0.000147188,-0.000408220
166,17.501000000,fused_map_f2f,1,1,0,0.022418702,0.011734995,1.000000000,1.000000000,0.100000000,0.010989011,0.010989011,0.010989011,0.010989011,1.000000000,0.000000000,0.000000000,0.000000000,0.000000000,0.000000000,0.000000000,0.000000000,0.000000000,1.000000000,0.000000000,0.000000000,0.000000000,1.000000000,10.877672195,0.017355967,0.753079653,0.999999225,-0.001150856,-0.000155465,-0.000420025
167,17.608000000,fused_map_f2f,1,1,0,0.022310258,0.013780411,1.000000000,1.000000000,0.100000000,0.010989011,0.010989011,0.010989011,0.010989011,1.000000000,0.000000000,0.000000000,0.000000000,0.000000000,0.000000000,0.000000000,0.000000000,0.000000000,1.000000000,0.000000000,0.000000000,0.000000000,1.000000000,10.962491035,0.018006299,0.754254460,0.999999225,-0.001138077,-0.000223780,-0.000409423
168,17.718000000,fused_map_f2f,1,1,0,0.021701818,0.014271196,1.000000000,1.000000000,0.100000000,0.010989011,0.010989011,0.010989011,0.010989011,1.000000000,0.000000000,0.000000000,0.000000000,0.000000000,0.000000000,0.000000000,0.000000000,0.000000000,1.000000000,0.000000000,0.000000000,0.000000000,1.000000000,11.041668892,0.017575487,0.754223704,0.999999166,-0.001190185,-0.000218838,-0.000431498
169,17.822000000,fused_map_f2f,1,1,0,0.022968023,0.013154827,1.000000000,1.000000000,0.100000000,0.010989011,0.010989011,0.010989011,0.010989011,1.000000000,0.000000000,0.000000000,0.000000000,0.000000000,0.000000000,0.000000000,0.000000000,0.000000000,1.000000000,0.000000000,0.000000000,0.000000000,1.000000000,11.118052483,0.017389271,0.754396975,0.999999166,-0.001188196,-0.000239404,-0.000427580
170,17.921000000,fused_map_f2f,1,1,0,0.022072766,0.013370587,1.000000000,1.000000000,0.100000000,0.010989011,0.010989011,0.010989011,0.010989011,1.000000000,0.000000000,0.000000000,0.000000000,0.000000000,0.000000000,0.000000000,0.000000000,0.000000000,1.000000000,0.000000000,0.000000000,0.000000000,1.000000000,11.188288689,0.016871870,0.754448652,0.999999166,-0.001185446,-0.000230653,-0.000455530
171,18.027000000,fused_map_f2f,1,1,0,0.023132094,0.012964524,1.000000000,1.000000000,0.100000000,0.010989011,0.010989011,0.010989011,0.010989011,1.000000000,0.000000000,0.000000000,0.000000000,0.000000000,0.000000000,0.000000000,0.000000000,0.000000000,1.000000000,0.000000000,0.000000000,0.000000000,1.000000000,11.263554573,0.016432200,0.754612327,0.999999106,-0.001213848,-0.000228609,-0.000467199
172,18.099000000,fused_map_f2f,1,1,0,0.024320364,0.012165274,1.000000000,1.000000000,0.100000000,0.010989011,0.010989011,0.010989011,0.010989011,1.000000000,0.000000000,0.000000000,0.000000000,0.000000000,0.000000000,0.000000000,0.000000000,0.000000000,1.000000000,0.000000000,0.000000000,0.000000000,1.000000000,11.319051743,0.017183864,0.755425692,0.999999166,-0.001182010,-0.000272693,-0.000455819
173,18.204000000,fused_map_f2f,1,1,0,0.021537705,0.014168751,1.000000000,1.000000000,0.100000000,0.010989011,0.010989011,0.010989011,0.010989011,1.000000000,0.000000000,0.000000000,0.000000000,0.000000000,0.000000000,0.000000000,0.000000000,0.000000000,1.000000000,0.000000000,0.000000000,0.000000000,1.000000000,11.393624306,0.017241415,0.755497277,0.999999166,-0.001188030,-0.000271878,-0.000464077
174,18.304000000,fused_map_f2f,1,1,0,0.022468840,0.013131129,1.000000000,1.000000000,0.100000000,0.010989011,0.010989011,0.010989011,0.010989011,1.000000000,0.000000000,0.000000000,0.000000000,0.000000000,0.000000000,0.000000000,0.000000000,0.000000000,1.000000000,0.000000000,0.000000000,0.000000000,1.000000000,11.463646889,0.016924534,0.755604565,0.999999225,-0.001194133,-0.000274620,-0.000117360
175,18.421000000,fused_map_f2f,1,1,0,0.023338283,0.013791687,1.000000000,1.000000000,0.100000000,0.010989011,0.010989011,0.010989011,0.010989011,1.000000000,0.000000000,0.000000000,0.000000000,0.000000000,0.000000000,0.000000000,0.000000000,0.000000000,1.000000000,0.000000000,0.000000000,0.000000000,1.000000000,11.544700623,0.017834662,0.756613314,0.999996483,-0.001243385,-0.000313476,0.002330149
176,18.525000000,fused_map_f2f,1,1,0,0.025451704,0.016866544,1.000000000,1.000000000,0.100000000,0.010989011,0.010989011,0.010989011,0.010989011,1.000000000,0.000000000,0.000000000,0.000000000,0.000000000,0.000000000,0.000000000,0.000000000,0.000000000,1.000000000,0.000000000,0.000000000,0.000000000,1.000000000,11.612078667,0.016423380,0.756542504,0.999977410,-0.001245014,-0.000316942,0.006593198
177,18.619000000,fused_map_f2f,1,1,0,0.024516211,0.015563672,1.000000000,1.000000000,0.100000000,0.010989011,0.010989011,0.010989011,0.010989011,1.000000000,0.000000000,0.000000000,0.000000000,0.000000000,0.000000000,0.000000000,0.000000000,0.000000000,1.000000000,0.000000000,0.000000000,0.000000000,1.000000000,11.668921471,0.015483351,0.756555736,0.999930441,-0.001257594,-0.000308995,0.011723328
178,18.701000000,fused_map_f2f,1,1,0,0.024330037,0.014900789,1.000000000,1.000000000,0.100000000,0.010989011,0.010989011,0.010989011,0.010989011,1.000000000,0.000000000,0.000000000,0.000000000,0.000000000,0.000000000,0.000000000,0.000000000,0.000000000,1.000000000,0.000000000,0.000000000,0.000000000,1.000000000,11.715974808,0.015897842,0.756508231,0.999853492,-0.001210711,-0.000287795,0.017072419
179,18.808000000,fused_map_f2f,1,1,0,0.026206060,0.015270362,1.000000000,1.000000000,0.100000000,0.010989011,0.010989011,0.010989011,0.010989011,1.000000000,0.000000000,0.000000000,0.000000000,0.000000000,0.000000000,0.000000000,0.000000000,0.000000000,1.000000000,0.000000000,0.000000000,0.000000000,1.000000000,11.778955460,0.017007366,0.756679833,0.999684274,-0.001258233,-0.000289685,0.025093619
180,18.915000000,fused_map_f2f,1,1,0,0.023733801,0.014853261,1.000000000,1.000000000,0.100000000,0.010989011,0.010989011,0.010989011,0.010989011,1.000000000,0.000000000,0.000000000,0.000000000,0.000000000,0.000000000,0.000000000,0.000000000,0.000000000,1.000000000,0.000000000,0.000000000,0.000000000,1.000000000,11.838086128,0.017484276,0.756820023,0.999419510,-0.001249802,-0.000287891,0.034043189
181,19.019000000,fused_map_f2f,1,1,0,0.024997008,0.013805746,1.000000000,1.000000000,0.100000000,0.010989011,0.010989011,0.010989011,0.010989011,1.000000000,0.000000000,0.000000000,0.000000000,0.000000000,0.000000000,0.000000000,0.000000000,0.000000000,1.000000000,0.000000000,0.000000000,0.000000000,1.000000000,11.893786430,0.017698631,0.756883740,0.999056697,-0.001244255,-0.000289707,0.043406762
182,19.121000000,fused_map_f2f,1,1,0,0.025792683,0.013124003,1.000000000,1.000000000,0.100000000,0.010989011,0.010989011,0.010989011,0.010989011,1.000000000,0.000000000,0.000000000,0.000000000,0.000000000,0.000000000,0.000000000,0.000000000,0.000000000,1.000000000,0.000000000,0.000000000,0.000000000,1.000000000,11.945600510,0.015384855,0.757283509,0.998580456,-0.001254952,-0.000299693,0.053248134
183,19.223000000,fused_map_f2f,1,1,0,0.025891897,0.015036822,1.000000000,1.000000000,0.100000000,0.010989011,0.010989011,0.010989011,0.010989011,1.000000000,0.000000000,0.000000000,0.000000000,0.000000000,0.000000000,0.000000000,0.000000000,0.000000000,1.000000000,0.000000000,0.000000000,0.000000000,1.000000000,11.999525070,0.019674903,0.758073926,0.997959197,-0.001311013,-0.000289534,0.063841127
184,19.327000000,fused_map_f2f,1,1,0,0.025622491,0.013149711,1.000000000,1.000000000,0.100000000,0.010989011,0.010989011,0.010989011,0.010989011,1.000000000,0.000000000,0.000000000,0.000000000,0.000000000,0.000000000,0.000000000,0.000000000,0.000000000,1.000000000,0.000000000,0.000000000,0.000000000,1.000000000,12.051854134,0.020935470,0.758211970,0.997171938,-0.001352419,-0.000279493,0.075141110
185,19.401000000,fused_map_f2f,1,1,0,0.025744473,0.012298573,1.000000000,1.000000000,0.100000000,0.010989011,0.010989011,0.010989011,0.010989011,1.000000000,0.000000000,0.000000000,0.000000000,0.000000000,0.000000000,0.000000000,0.000000000,0.000000000,1.000000000,0.000000000,0.000000000,0.000000000,1.000000000,12.088079453,0.025071958,0.758455813,0.996504903,-0.001270175,-0.000267297,0.083524048
186,19.518000000,fused_map_f2f,1,1,0,0.025651348,0.013230213,1.000000000,1.000000000,0.100000000,0.010989011,0.010989011,0.010989011,0.010989011,1.000000000,0.000000000,0.000000000,0.000000000,0.000000000,0.000000000,0.000000000,0.000000000,0.000000000,1.000000000,0.000000000,0.000000000,0.000000000,1.000000000,12.145187378,0.027329601,0.759251356,0.995278180,-0.001386647,-0.000262609,0.097053483
187,19.622000000,fused_map_f2f,1,1,0,0.025887319,0.012718431,1.000000000,1.000000000,0.100000000,0.010989011,0.010989011,0.010989011,0.010989011,1.000000000,0.000000000,0.000000000,0.000000000,0.000000000,0.000000000,0.000000000,0.000000000,0.000000000,1.000000000,0.000000000,0.000000000,0.000000000,1.000000000,12.196403503,0.032246403,0.758324802,0.994022846,-0.001261552,-0.000244242,0.109164588
188,19.711000000,fused_map_f2f,1,1,0,0.025205759,0.014198371,1.000000000,1.000000000,0.100000000,0.010989011,0.010989011,0.010989011,0.010989011,1.000000000,0.000000000,0.000000000,0.000000000,0.000000000,0.000000000,0.000000000,0.000000000,0.000000000,1.000000000,0.000000000,0.000000000,0.000000000,1.000000000,12.237421036,0.037139695,0.759076953,0.992826700,-0.001316769,-0.000240010,0.119555019
189,19.812000000,fused_map_f2f,1,1,0,0.025847963,0.012798606,1.000000000,1.000000000,0.100000000,0.010989011,0.010989011,0.010989011,0.010989011,1.000000000,0.000000000,0.000000000,0.000000000,0.000000000,0.000000000,0.000000000,0.000000000,0.000000000,1.000000000,0.000000000,0.000000000,0.000000000,1.000000000,12.285536766,0.045608584,0.757864952,0.991338849,-0.001248553,-0.000196021,0.131322950
190,19.919000000,fused_map_f2f,1,1,0,0.026066966,0.012526227,1.000000000,1.000000000,0.100000000,0.010989011,0.010989011,0.010989011,0.010989011,1.000000000,0.000000000,0.000000000,0.000000000,0.000000000,0.000000000,0.000000000,0.000000000,0.000000000,1.000000000,0.000000000,0.000000000,0.000000000,1.000000000,12.334682465,0.053959541,0.758609474,0.989620030,-0.001290504,-0.000189731,0.143702954
191,20.004000000,fused_map_f2f,1,1,0,0.026714909,0.012893552,1.000000000,1.000000000,0.100000000,0.010989011,0.010989011,0.010989011,0.010989011,1.000000000,0.000000000,0.000000000,0.000000000,0.000000000,0.000000000,0.000000000,0.000000000,0.000000000,1.000000000,0.000000000,0.000000000,0.000000000,1.000000000,12.373127937,0.060469873,0.758719683,0.988167465,-0.001310389,-0.000154401,0.153373435
192,20.111000000,fused_map_f2f,1,1,0,0.027474456,0.013493855,1.000000000,1.000000000,0.100000000,0.010989011,0.010989011,0.010989011,0.010989011,1.000000000,0.000000000,0.000000000,0.000000000,0.000000000,0.000000000,0.000000000,0.000000000,0.000000000,1.000000000,0.000000000,0.000000000,0.000000000,1.000000000,12.420080185,0.070322163,0.758583128,0.986225307,-0.001351998,-0.000178518,0.165401846
193,20.220000000,fused_map_f2f,1,1,0,0.027477031,0.014775828,1.000000000,1.000000000,0.100000000,0.010989011,0.010989011,0.010989011,0.010989011,1.000000000,0.000000000,0.000000000,0.000000000,0.000000000,0.000000000,0.000000000,0.000000000,0.000000000,1.000000000,0.000000000,0.000000000,0.000000000,1.000000000,12.468605995,0.080835454,0.759086967,0.984109521,-0.001362714,-0.000190427,0.177557111
194,20.312000000,fused_map_f2f,1,1,0,0.026134043,0.013641065,1.000000000,1.000000000,0.100000000,0.010989011,0.010989011,0.010989011,0.010989011,1.000000000,0.000000000,0.000000000,0.000000000,0.000000000,0.000000000,0.000000000,0.000000000,0.000000000,1.000000000,0.000000000,0.000000000,0.000000000,1.000000000,12.505425453,0.088595457,0.759136677,0.982268691,-0.001283147,-0.000177761,0.187474206
195,20.416000000,fused_map_f2f,1,1,0,0.026672943,0.014345734,1.000000000,1.000000000,0.100000000,0.010989011,0.010989011,0.010989011,0.010989011,1.000000000,0.000000000,0.000000000,0.000000000,0.000000000,0.000000000,0.000000000,0.000000000,0.000000000,1.000000000,0.000000000,0.000000000,0.000000000,1.000000000,12.549987793,0.101806551,0.759126961,0.980073094,-0.001293136,-0.000158353,0.198632851
196,20.527000000,fused_map_f2f,1,1,0,0.026807508,0.013071457,1.000000000,1.000000000,0.100000000,0.010989011,0.010989011,0.010989011,0.010989011,1.000000000,0.000000000,0.000000000,0.000000000,0.000000000,0.000000000,0.000000000,0.000000000,0.000000000,1.000000000,0.000000000,0.000000000,0.000000000,1.000000000,12.601911545,0.122264497,0.758583188,0.977591753,-0.001280187,-0.000140622,0.210505962
197,20.612000000,fused_map_f2f,1,1,0,0.026940458,0.012940861,1.000000000,1.000000000,0.100000000,0.010989011,0.010989011,0.010989011,0.010989011,1.000000000,0.000000000,0.000000000,0.000000000,0.000000000,0.000000000,0.000000000,0.000000000,0.000000000,1.000000000,0.000000000,0.000000000,0.000000000,1.000000000,12.634795189,0.131039068,0.758719563,0.975699306,-0.001355838,-0.000115148,0.219109640
198,20.724000000,fused_map_f2f,1,1,0,0.028031357,0.014868686,1.000000000,1.000000000,0.100000000,0.010989011,0.010989011,0.010989011,0.010989011,1.000000000,0.000000000,0.000000000,0.000000000,0.000000000,0.000000000,0.000000000,0.000000000,0.000000000,1.000000000,0.000000000,0.000000000,0.000000000,1.000000000,12.681249619,0.148744076,0.758818328,0.973097026,-0.001395174,-0.000099974,0.230391502
199,20.810000000,fused_map_f2f,1,1,0,0.028688951,0.012893044,1.000000000,1.000000000,0.100000000,0.010989011,0.010989011,0.010989011,0.010989011,1.000000000,0.000000000,0.000000000,0.000000000,0.000000000,0.000000000,0.000000000,0.000000000,0.000000000,1.000000000,0.000000000,0.000000000,0.000000000,1.000000000,12.714856148,0.161128059,0.759622753,0.971089840,-0.001395429,-0.000122476,0.238710299
200,20.921000000,fused_map_f2f,1,1,0,0.026836178,0.015211387,1.000000000,1.000000000,0.100000000,0.010989011,0.010989011,0.010989011,0.010989011,1.000000000,0.000000000,0.000000000,0.000000000,0.000000000,0.000000000,0.000000000,0.000000000,0.000000000,1.000000000,0.000000000,0.000000000,0.000000000,1.000000000,12.759872437,0.180996358,0.759251952,0.968388975,-0.001371453,-0.000114492,0.249441147
201,20.997000000,fused_map_f2f,1,1,0,0.028052673,0.012561169,1.000000000,1.000000000,0.100000000,0.010989011,0.010989011,0.010989011,0.010989011,1.000000000,0.000000000,0.000000000,0.000000000,0.000000000,0.000000000,0.000000000,0.000000000,0.000000000,1.000000000,0.000000000,0.000000000,0.000000000,1.000000000,12.788638115,0.193183467,0.759202957,0.966556728,-0.001369937,-0.000044703,0.256449282
202,21.116000000,fused_map_f2f,1,1,0,0.027187522,0.014537254,1.000000000,1.000000000,0.100000000,0.010989011,0.010989011,0.010989011,0.010989011,1.000000000,0.000000000,0.000000000,0.000000000,0.000000000,0.000000000,0.000000000,0.000000000,0.000000000,1.000000000,0.000000000,0.000000000,0.000000000,1.000000000,12.834239960,0.213841036,0.759208858,0.963621795,-0.001396684,-0.000043316,0.267266035
203,21.229000000,fused_map_f2f,1,1,0,0.027380493,0.012501112,1.000000000,1.000000000,0.100000000,0.010989011,0.010989011,0.010989011,0.010989011,1.000000000,0.000000000,0.000000000,0.000000000,0.000000000,0.000000000,0.000000000,0.000000000,0.000000000,1.000000000,0.000000000,0.000000000,0.000000000,1.000000000,12.877654076,0.236903891,0.759007394,0.960785806,-0.001351927,-0.000069224,0.277288228
204,21.307000000,fused_map_f2f,1,1,0,0.028600185,0.012354323,1.000000000,1.000000000,0.100000000,0.010989011,0.010989011,0.010989011,0.010989011,1.000000000,0.000000000,0.000000000,0.000000000,0.000000000,0.000000000,0.000000000,0.000000000,0.000000000,1.000000000,0.000000000,0.000000000,0.000000000,1.000000000,12.905433655,0.250460297,0.758821309,0.958852828,-0.001372794,-0.000066806,0.283900321
205,21.419000000,fused_map_f2f,1,1,0,0.026986200,0.013782679,1.000000000,1.000000000,0.100000000,0.010989011,0.010989011,0.010989011,0.010989011,1.000000000,0.000000000,0.000000000,0.000000000,0.000000000,0.000000000,0.000000000,0.000000000,0.000000000,1.000000000,0.000000000,0.000000000,0.000000000,1.000000000,12.947148323,0.272499561,0.758789182,0.956054986,-0.001325187,-0.000055842,0.293184429
206,21.502000000,fused_map_f2f,1,1,0,0.028220437,0.011727898,1.000000000,1.000000000,0.100000000,0.010989011,0.010989011,0.010989011,0.010989011,1.000000000,0.000000000,0.000000000,0.000000000,0.000000000,0.000000000,0.000000000,0.000000000,0.000000000,1.000000000,0.000000000,0.000000000,0.000000000,1.000000000,12.975521088,0.287696868,0.758560658,0.953988969,-0.001365489,-0.000024694,0.299838573
207,21.620000000,fused_map_f2f,1,1,0,0.028293201,0.013307778,1.000000000,1.000000000,0.100000000,0.010989011,0.010989011,0.010989011,0.010989011,1.000000000,0.000000000,0.000000000,0.000000000,0.000000000,0.000000000,0.000000000,0.000000000,0.000000000,1.000000000,0.000000000,0.000000000,0.000000000,1.000000000,13.016603470,0.312218040,0.758430541,0.951043665,-0.001314483,-0.000021562,0.309053779
208,21.700000000,fused_map_f2f,1,1,0,0.026425965,0.011788132,1.000000000,1.000000000,0.100000000,0.010989011,0.010989011,0.010989011,0.010989011,1.000000000,0.000000000,0.000000000,0.000000000,0.000000000,0.000000000,0.000000000,0.000000000,0.000000000,1.000000000,0.000000000,0.000000000,0.000000000,1.000000000,13.043987274,0.330044955,0.758369267,0.949053705,-0.001302548,-0.000016407,0.315111607
209,21.816000000,fused_map_f2f,1,1,0,0.027978943,0.012831369,1.000000000,1.000000000,0.100000000,0.010989011,0.010989011,0.010989011,0.010989011,1.000000000,0.000000000,0.000000000,0.000000000,0.000000000,0.000000000,0.000000000,0.000000000,0.000000000,1.000000000,0.000000000,0.000000000,0.000000000,1.000000000,13.082829475,0.353142023,0.759242356,0.946201742,-0.001361987,-0.000021899,0.323574513
210,21.901000000,fused_map_f2f,1,1,0,0.026944194,0.012132529,1.000000000,1.000000000,0.100000000,0.010989011,0.010989011,0.010989011,0.010989011,1.000000000,0.000000000,0.000000000,0.000000000,0.000000000,0.000000000,0.000000000,0.000000000,0.000000000,1.000000000,0.000000000,0.000000000,0.000000000,1.000000000,13.111038208,0.373801917,0.758974612,0.944106996,-0.001339721,-0.000006750,0.329636395
211,22.011000000,fused_map_f2f,1,1,0,0.029525807,0.014292696,1.000000000,1.000000000,0.100000000,0.010989011,0.010989011,0.010989011,0.010989011,1.000000000,0.000000000,0.000000000,0.000000000,0.000000000,0.000000000,0.000000000,0.000000000,0.000000000,1.000000000,0.000000000,0.000000000,0.000000000,1.000000000,13.144272804,0.393770844,0.759205878,0.941474855,-0.001441966,0.000006991,0.337080091
212,22.128000000,fused_map_f2f,1,1,0,0.029019932,0.013752272,1.000000000,1.000000000,0.100000000,0.010989011,0.010989011,0.010989011,0.010989011,1.000000000,0.000000000,0.000000000,0.000000000,0.000000000,0.000000000,0.000000000,0.000000000,0.000000000,1.000000000,0.000000000,0.000000000,0.000000000,1.000000000,13.182840347,0.422681540,0.759467363,0.938643396,-0.001467748,0.000020993,0.344886124
213,22.206000000,fused_map_f2f,1,1,0,0.028467140,0.013351832,1.000000000,1.000000000,0.100000000,0.010989011,0.010989011,0.010989011,0.010989011,1.000000000,0.000000000,0.000000000,0.000000000,0.000000000,0.000000000,0.000000000,0.000000000,0.000000000,1.000000000,0.000000000,0.000000000,0.000000000,1.000000000,13.203275681,0.437668115,0.759008586,0.936829209,-0.001361626,-0.000007037,0.349784464
214,22.328000000,fused_map_f2f,1,1,0,0.028576615,0.013433845,1.000000000,1.000000000,0.100000000,0.010989011,0.010989011,0.010989011,0.010989011,1.000000000,0.000000000,0.000000000,0.000000000,0.000000000,0.000000000,0.000000000,0.000000000,0.000000000,1.000000000,0.000000000,0.000000000,0.000000000,1.000000000,13.240550995,0.464145273,0.758988976,0.933996439,-0.001361527,0.000005442,0.357279718
215,22.411000000,fused_map_f2f,1,1,0,0.027883028,0.012916170,1.000000000,1.000000000,0.100000000,0.010989011,0.010989011,0.010989011,0.010989011,1.000000000,0.000000000,0.000000000,0.000000000,0.000000000,0.000000000,0.000000000,0.000000000,0.000000000,1.000000000,0.000000000,0.000000000,0.000000000,1.000000000,13.263390541,0.483396411,0.758802891,0.932102740,-0.001342559,0.000015862,0.362191558
216,22.534000000,fused_map_f2f,1,1,0,0.029301660,0.013493635,1.000000000,1.000000000,0.100000000,0.010989011,0.010989011,0.010989011,0.010989011,1.000000000,0.000000000,0.000000000,0.000000000,0.000000000,0.000000000,0.000000000,0.000000000,0.000000000,1.000000000,0.000000000,0.000000000,0.000000000,1.000000000,13.300609589,0.514745474,0.759345412,0.929314792,-0.001362009,0.000005560,0.369286090
217,22.643000000,fused_map_f2f,1,1,0,0.029040606,0.015128498,1.000000000,1.000000000,0.100000000,0.010989011,0.010989011,0.010989011,0.010989011,1.000000000,0.000000000,0.000000000,0.000000000,0.000000000,0.000000000,0.000000000,0.000000000,0.000000000,1.000000000,0.000000000,0.000000000,0.000000000,1.000000000,13.329718590,0.541227281,0.759397328,0.926909387,-0.001399984,0.000013043,0.375282526
218,22.701000000,fused_map_f2f,1,1,0,0.029304671,0.009929967,1.000000000,1.000000000,0.100000000,0.010989011,0.010989011,0.010989011,0.010989011,1.000000000,0.000000000,0.000000000,0.000000000,0.000000000,0.000000000,0.000000000,0.000000000,0.000000000,1.000000000,0.000000000,0.000000000,0.000000000,1.000000000,13.345239639,0.554070830,0.759362459,0.925657749,-0.001439490,0.000037231,0.378359199
219,22.822000000,fused_map_f2f,1,1,0,0.030856598,0.015249439,1.000000000,1.000000000,0.100000000,0.010989011,0.010989011,0.010989011,0.010989011,1.000000000,0.000000000,0.000000000,0.000000000,0.000000000,0.000000000,0.000000000,0.000000000,0.000000000,1.000000000,0.000000000,0.000000000,0.000000000,1.000000000,13.376049042,0.574869394,0.759323657,0.918964267,-0.001468498,0.000091945,0.394338101
220,22.906000000,fused_map_f2f,1,1,0,0.030123496,0.013436599,1.000000000,1.000000000,0.100000000,0.010989011,0.010989011,0.010989011,0.010989011,1.000000000,0.000000000,0.000000000,0.000000000,0.000000000,0.000000000,0.000000000,0.000000000,0.000000000,1.000000000,0.000000000,0.000000000,0.000000000,1.000000000,13.391756058,0.584260106,0.759019613,0.914304435,-0.001376327,0.000073648,0.405025333
221,23.039000000,fused_map_f2f,1,1,0,0.030011824,0.013691006,1.000000000,1.000000000,0.100000000,0.010989011,0.010989011,0.010989011,0.010989011,1.000000000,0.000000000,0.000000000,0.000000000,0.000000000,0.000000000,0.000000000,0.000000000,0.000000000,1.000000000,0.000000000,0.000000000,0.000000000,1.000000000,13.415905952,0.602322757,0.758909941,0.907413960,-0.001402762,0.000093590,0.420235515
222,23.121000000,fused_map_f2f,1,1,0,0.029975800,0.012620764,1.000000000,1.000000000,0.100000000,0.010989011,0.010989011,0.010989011,0.010989011,1.000000000,0.000000000,0.000000000,0.000000000,0.000000000,0.000000000,0.000000000,0.000000000,0.000000000,1.000000000,0.000000000,0.000000000,0.000000000,1.000000000,13.429172516,0.612509072,0.759058595,0.903495252,-0.001433207,0.000071334,0.428595722
223,23.207000000,fused_map_f2f,1,1,0,0.029564923,0.013186994,1.000000000,1.000000000,0.100000000,0.010989011,0.010989011,0.010989011,0.010989011,1.000000000,0.000000000,0.000000000,0.000000000,0.000000000,0.000000000,0.000000000,0.000000000,0.000000000,1.000000000,0.000000000,0.000000000,0.000000000,1.000000000,13.446795464,0.628777027,0.759415150,0.899678290,-0.001436172,0.000050798,0.436551154
224,23.322000000,fused_map_f2f,1,1,0,0.029017683,0.013498356,1.000000000,1.000000000,0.100000000,0.010989011,0.010989011,0.010989011,0.010989011,1.000000000,0.000000000,0.000000000,0.000000000,0.000000000,0.000000000,0.000000000,0.000000000,0.000000000,1.000000000,0.000000000,0.000000000,0.000000000,1.000000000,13.468934059,0.652413785,0.759338260,0.894936860,-0.001450697,0.000089099,0.446190476
225,23.427000000,fused_map_f2f,1,1,0,0.030947046,0.013213809,1.000000000,1.000000000,0.100000000,0.010989011,0.010989011,0.010989011,0.010989011,1.000000000,0.000000000,0.000000000,0.000000000,0.000000000,0.000000000,0.000000000,0.000000000,0.000000000,1.000000000,0.000000000,0.000000000,0.000000000,1.000000000,13.488077164,0.672593355,0.759153426,0.891025662,-0.001453533,0.000099542,0.453950614
226,23.499000000,fused_map_f2f,1,1,0,0.030177280,0.011979112,1.000000000,1.000000000,0.100000000,0.010989011,0.010989011,0.010989011,0.010989011,1.000000000,0.000000000,0.000000000,0.000000000,0.000000000,0.000000000,0.000000000,0.000000000,0.000000000,1.000000000,0.000000000,0.000000000,0.000000000,1.000000000,13.501738548,0.686977088,0.758977771,0.888524354,-0.001439766,0.000121275,0.458827198
227,23.616000000,fused_map_f2f,1,1,0,0.031023152,0.012813739,1.000000000,1.000000000,0.100000000,0.010989011,0.010989011,0.010989011,0.010989011,1.000000000,0.000000000,0.000000000,0.000000000,0.000000000,0.000000000,0.000000000,0.000000000,0.000000000,1.000000000,0.000000000,0.000000000,0.000000000,1.000000000,13.522794724,0.712333202,0.758906245,0.884763956,-0.001414762,0.000130931,0.466037273
228,23.718000000,fused_map_f2f,1,1,0,0.030933906,0.012959216,1.000000000,1.000000000,0.100000000,0.010989011,0.010989011,0.010989011,0.010989011,1.000000000,0.000000000,0.000000000,0.000000000,0.000000000,0.000000000,0.000000000,0.000000000,0.000000000,1.000000000,0.000000000,0.000000000,0.000000000,1.000000000,13.540952682,0.735313475,0.758934081,0.881757200,-0.001464868,0.000140969,0.471701235
229,23.821000000,fused_map_f2f,1,1,0,0.031608846,0.011972107,1.000000000,1.000000000,0.100000000,0.010989011,0.010989011,0.010989011,0.010989011,1.000000000,0.000000000,0.000000000,0.000000000,0.000000000,0.000000000,0.000000000,0.000000000,0.000000000,1.000000000,0.000000000,0.000000000,0.000000000,1.000000000,13.559844017,0.759146392,0.758740008,0.878953397,-0.001427385,0.000122313,0.476905525
230,24.012000000,fused_map_f2f,1,1,0,0.030782081,0.012854609,1.000000000,1.000000000,0.100000000,0.010989011,0.010989011,0.010989011,0.010989011,1.000000000,0.000000000,0.000000000,0.000000000,0.000000000,0.000000000,0.000000000,0.000000000,0.000000000,1.000000000,0.000000000,0.000000000,0.000000000,1.000000000,13.592881203,0.806404769,0.758877337,0.874353826,-0.001448878,0.000115497,0.485286832
231,24.199000000,fused_map_f2f,1,1,0,0.031765020,0.012522786,1.000000000,1.000000000,0.100000000,0.010989011,0.010989011,0.010989011,0.010989011,1.000000000,0.000000000,0.000000000,0.000000000,0.000000000,0.000000000,0.000000000,0.000000000,0.000000000,1.000000000,0.000000000,0.000000000,0.000000000,1.000000000,13.626209259,0.856179953,0.758849382,0.870423675,-0.001458194,0.000142387,0.492301196
232,24.422000000,fused_map_f2f,1,1,0,0.032154431,0.011545864,1.000000000,1.000000000,0.100000000,0.010989011,0.010989011,0.010989011,0.010989011,1.000000000,0.000000000,0.000000000,0.000000000,0.000000000,0.000000000,0.000000000,0.000000000,0.000000000,1.000000000,0.000000000,0.000000000,0.000000000,1.000000000,13.665920258,0.918173850,0.758920968,0.866360784,-0.001479856,0.000156480,0.499416411
233,24.671000000,fused_map_f2f,1,1,0,0.032350454,0.013064578,1.000000000,1.000000000,0.100000000,0.010989011,0.010989011,0.010989011,0.010989011,1.000000000,0.000000000,0.000000000,0.000000000,0.000000000,0.000000000,0.000000000,0.000000000,0.000000000,1.000000000,0.000000000,0.000000000,0.000000000,1.000000000,13.709653854,0.990239441,0.758931756,0.862478256,-0.001507081,0.000161606,0.506091893
234,24.885000000,fused_map_f2f,1,1,0,0.032907728,0.012082891,1.000000000,1.000000000,0.100000000,0.010989011,0.010989011,0.010989011,0.010989011,1.000000000,0.000000000,0.000000000,0.000000000,0.000000000,0.000000000,0.000000000,0.000000000,0.000000000,1.000000000,0.000000000,0.000000000,0.000000000,1.000000000,13.748224258,1.057187676,0.758842707,0.859474778,-0.001456334,0.000146586,0.511176050
235,25.093000000,fused_map_f2f,1,1,0,0.033650749,0.012778385,1.000000000,1.000000000,0.100000000,0.010989011,0.010989011,0.010989011,0.010989011,1.000000000,0.000000000,0.000000000,0.000000000,0.000000000,0.000000000,0.000000000,0.000000000,0.000000000,1.000000000,0.000000000,0.000000000,0.000000000,1.000000000,13.785635948,1.121706128,0.758829832,0.856883764,-0.001528768,0.000158243,0.515507460
236,25.272000000,fused_map_f2f,1,1,0,0.032829700,0.012171092,1.000000000,1.000000000,0.100000000,0.010989011,0.010989011,0.010989011,0.010989011,1.000000000,0.000000000,0.000000000,0.000000000,0.000000000,0.000000000,0.000000000,0.000000000,0.000000000,1.000000000,0.000000000,0.000000000,0.000000000,1.000000000,13.817755699,1.181131482,0.758242846,0.854794443,-0.001488029,0.000180789,0.518964648
237,25.453000000,fused_map_f2f,1,1,0,0.032517307,0.011873424,1.000000000,1.000000000,0.100000000,0.010989011,0.010989011,0.010989011,0.010989011,1.000000000,0.000000000,0.000000000,0.000000000,0.000000000,0.000000000,0.000000000,0.000000000,0.000000000,1.000000000,0.000000000,0.000000000,0.000000000,1.000000000,13.847755432,1.239477873,0.757878780,0.852845669,-0.001411667,0.000150248,0.522161126
238,25.637000000,fused_map_f2f,1,1,0,0.031398260,0.011777403,1.000000000,1.000000000,0.100000000,0.010989011,0.010989011,0.010989011,0.010989011,1.000000000,0.000000000,0.000000000,0.000000000,0.000000000,0.000000000,0.000000000,0.000000000,0.000000000,1.000000000,0.000000000,0.000000000,0.000000000,1.000000000,13.879661560,1.301031828,0.757944345,0.850973427,-0.001394761,0.000158004,0.525206923
239,25.805000000,fused_map_f2f,1,1,0,0.031955535,0.012594302,1.000000000,1.000000000,0.100000000,0.010989011,0.010989011,0.010989011,0.010989011,1.000000000,0.000000000,0.000000000,0.000000000,0.000000000,0.000000000,0.000000000,0.000000000,0.000000000,1.000000000,0.000000000,0.000000000,0.000000000,1.000000000,13.908160210,1.358251572,0.757885814,0.849355817,-0.001383371,0.000158455,0.527818978
240,25.989000000,fused_map_f2f,1,1,0,0.032892215,0.045151459,1.000000000,1.000000000,0.100000000,0.010989011,0.010989011,0.010989011,0.010989011,1.000000000,0.000000000,0.000000000,0.000000000,0.000000000,0.000000000,0.000000000,0.000000000,0.000000000,1.000000000,0.000000000,0.000000000,0.000000000,1.000000000,13.939195633,1.422159553,0.757920146,0.847683132,-0.001378520,0.000153928,0.530501068
241,26.212000000,fused_map_f2f,1,1,0,0.032911729,0.013363231,1.000000000,1.000000000,0.100000000,0.010989011,0.010989011,0.010989011,0.010989011,1.000000000,0.000000000,0.000000000,0.000000000,0.000000000,0.000000000,0.000000000,0.000000000,0.000000000,1.000000000,0.000000000,0.000000000,0.000000000,1.000000000,13.978165627,1.503767133,0.757756114,0.845734179,-0.001415336,0.000150083,0.533602595
242,26.314000000,fused_map_f2f,1,1,0,0.031936759,0.009467402,1.000000000,1.000000000,0.100000000,0.010989011,0.010989011,0.010989011,0.010989011,1.000000000,0.000000000,0.000000000,0.000000000,0.000000000,0.000000000,0.000000000,0.000000000,0.000000000,1.000000000,0.000000000,0.000000000,0.000000000,1.000000000,13.995361328,1.540368319,0.757920444,0.844864368,-0.001443091,0.000165128,0.534978569
243,26.418000000,fused_map_f2f,1,1,0,0.032685508,0.008192718,1.000000000,1.000000000,0.100000000,0.010989011,0.010989011,0.010989011,0.010989011,1.000000000,0.000000000,0.000000000,0.000000000,0.000000000,0.000000000,0.000000000,0.000000000,0.000000000,1.000000000,0.000000000,0.000000000,0.000000000,1.000000000,14.012056351,1.575905204,0.758321404,0.844031215,-0.001509227,0.000155504,0.536291838
244,26.530000000,fused_map_f2f,1,1,0,0.033522815,0.009119770,1.000000000,1.000000000,0.100000000,0.010989011,0.010989011,0.010989011,0.010989011,1.000000000,0.000000000,0.000000000,0.000000000,0.000000000,0.000000000,0.000000000,0.000000000,0.000000000,1.000000000,0.000000000,0.000000000,0.000000000,1.000000000,14.030234337,1.615788102,0.758163691,0.843116105,-0.001499737,0.000151278,0.537729502
245,26.616000000,fused_map_f2f,1,1,0,0.033411758,0.008170064,1.000000000,1.000000000,0.100000000,0.010989011,0.010989011,0.010989011,0.010989011,1.000000000,0.000000000,0.000000000,0.000000000,0.000000000,0.000000000,0.000000000,0.000000000,0.000000000,1.000000000,0.000000000,0.000000000,0.000000000,1.000000000,14.044677734,1.647331238,0.757936299,0.842422128,-0.001513474,0.000163134,0.538815975
246,26.716000000,fused_map_f2f,1,1,0,0.032048515,0.008972389,1.000000000,1.000000000,0.100000000,0.010989011,0.010989011,0.010989011,0.010989011,1.000000000,0.000000000,0.000000000,0.000000000,0.000000000,0.000000000,0.000000000,0.000000000,0.000000000,1.000000000,0.000000000,0.000000000,0.000000000,1.000000000,14.061549187,1.683946967,0.758106709,0.841634274,-0.001536380,0.000178427,0.540045679
247,26.824000000,fused_map_f2f,1,1,0,0.036289452,0.008608153,1.000000000,1.000000000,0.100000000,0.010989011,0.010989011,0.010989011,0.010989011,1.000000000,0.000000000,0.000000000,0.000000000,0.000000000,0.000000000,0.000000000,0.000000000,0.000000000,1.000000000,0.000000000,0.000000000,0.000000000,1.000000000,14.079729080,1.723736525,0.757434070,0.840851068,-0.001505079,0.000165269,0.541264415
248,26.915000000,fused_map_f2f,1,1,0,0.032373140,0.007982621,1.000000000,1.000000000,0.100000000,0.010989011,0.010989011,0.010989011,0.010989011,1.000000000,0.000000000,0.000000000,0.000000000,0.000000000,0.000000000,0.000000000,0.000000000,0.000000000,1.000000000,0.000000000,0.000000000,0.000000000,1.000000000,14.094802856,1.757351398,0.757480860,0.840135098,-0.001520067,0.000154682,0.542375088
249,27.129000000,fused_map_f2f,1,1,0,0.032862662,0.013551259,1.000000000,1.000000000,0.100000000,0.010989011,0.010989011,0.010989011,0.010989011,1.000000000,0.000000000,0.000000000,0.000000000,0.000000000,0.000000000,0.000000000,0.000000000,0.000000000,1.000000000,0.000000000,0.000000000,0.000000000,1.000000000,14.130664825,1.837979078,0.757753551,0.838546038,-0.001549134,0.000144028,0.544828594
250,27.297000000,fused_map_f2f,1,1,0,0.032205473,0.010597782,1.000000000,1.000000000,0.100000000,0.010989011,0.010989011,0.010989011,0.010989011,1.000000000,0.000000000,0.000000000,0.000000000,0.000000000,0.000000000,0.000000000,0.000000000,0.000000000,1.000000000,0.000000000,0.000000000,0.000000000,1.000000000,14.158596992,1.901934505,0.757715225,0.837325990,-0.001538111,0.000158149,0.546701789
251,27.461000000,fused_map_f2f,1,1,0,0.032517222,0.011155937,1.000000000,1.000000000,0.100000000,0.010989011,0.010989011,0.010989011,0.010989011,1.000000000,0.000000000,0.000000000,0.000000000,0.000000000,0.000000000,0.000000000,0.000000000,0.000000000,1.000000000,0.000000000,0.000000000,0.000000000,1.000000000,14.186233521,1.965724111,0.757646859,0.836146653,-0.001529510,0.000145304,0.548503816
252,27.635000000,fused_map_f2f,1,1,0,0.033645942,0.011171099,1.000000000,1.000000000,0.100000000,0.010989011,0.010989011,0.010989011,0.010989011,1.000000000,0.000000000,0.000000000,0.000000000,0.000000000,0.000000000,0.000000000,0.000000000,0.000000000,1.000000000,0.000000000,0.000000000,0.000000000,1.000000000,14.217994690,2.038916826,0.757237256,0.834840775,-0.001473544,0.000132176,0.550489485
253,27.812000000,fused_map_f2f,1,1,0,0.031963028,0.011759771,1.000000000,1.000000000,0.100000000,0.010989011,0.010989011,0.010989011,0.010989011,1.000000000,0.000000000,0.000000000,0.000000000,0.000000000,0.000000000,0.000000000,0.000000000,0.000000000,1.000000000,0.000000000,0.000000000,0.000000000,1.000000000,14.247822762,2.108848572,0.757047772,0.833618701,-0.001481353,0.000148143,0.552338362
254,27.980000000,fused_map_f2f,1,1,0,0.034642725,0.011344300,1.000000000,1.000000000,0.100000000,0.010989011,0.010989011,0.010989011,0.010989011,1.000000000,0.000000000,0.000000000,0.000000000,0.000000000,0.000000000,0.000000000,0.000000000,0.000000000,1.000000000,0.000000000,0.000000000,0.000000000,1.000000000,14.276715279,2.176857233,0.756609023,0.832480729,-0.001486807,0.000120908,0.554051995
255,28.147000000,fused_map_f2f,1,1,0,0.032350670,0.010828814,1.000000000,1.000000000,0.100000000,0.010989011,0.010989011,0.010989011,0.010989011,1.000000000,0.000000000,0.000000000,0.000000000,0.000000000,0.000000000,0.000000000,0.000000000,0.000000000,1.000000000,0.000000000,0.000000000,0.000000000,1.000000000,14.303269386,2.242761850,0.756057799,0.831429839,-0.001496030,0.000149892,0.555627763
256,28.311000000,fused_map_f2f,1,1,0,0.032359716,0.011507158,1.000000000,1.000000000,0.100000000,0.010989011,0.010989011,0.010989011,0.010989011,1.000000000,0.000000000,0.000000000,0.000000000,0.000000000,0.000000000,0.000000000,0.000000000,0.000000000,1.000000000,0.000000000,0.000000000,0.000000000,1.000000000,14.331621170,2.311583757,0.756195545,0.830348074,-0.001511243,0.000139214,0.557242990
257,28.481000000,fused_map_f2f,1,1,0,0.032323190,0.011965262,1.000000000,1.000000000,0.100000000,0.010989011,0.010989011,0.010989011,0.010989011,1.000000000,0.000000000,0.000000000,0.000000000,0.000000000,0.000000000,0.000000000,0.000000000,0.000000000,1.000000000,0.000000000,0.000000000,0.000000000,1.000000000,14.358842850,2.382427692,0.755478442,0.829288602,-0.001454993,0.000147195,0.558818698
258,28.651000000,fused_map_f2f,1,1,0,0.033715960,0.011788187,1.000000000,1.000000000,0.100000000,0.010989011,0.010989011,0.010989011,0.010989011,1.000000000,0.000000000,0.000000000,0.000000000,0.000000000,0.000000000,0.000000000,0.000000000,0.000000000,1.000000000,0.000000000,0.000000000,0.000000000,1.000000000,14.387526512,2.454468012,0.754899919,0.828243434,-0.001381513,0.000127854,0.560366750
259,28.817000000,fused_map_f2f,1,1,0,0.033293520,0.011441189,1.000000000,1.000000000,0.100000000,0.010989011,0.010989011,0.010989011,0.010989011,1.000000000,0.000000000,0.000000000,0.000000000,0.000000000,0.000000000,0.000000000,0.000000000,0.000000000,1.000000000,0.000000000,0.000000000,0.000000000,1.000000000,14.415270805,2.525996447,0.755075574,0.827296019,-0.001435340,0.000138388,0.561764419
260,29.013000000,fused_map_f2f,1,1,0,0.034563537,0.013207771,1.000000000,1.000000000,0.100000000,0.010989011,0.010989011,0.010989011,0.010989011,1.000000000,0.000000000,0.000000000,0.000000000,0.000000000,0.000000000,0.000000000,0.000000000,0.000000000,1.000000000,0.000000000,0.000000000,0.000000000,1.000000000,14.447824478,2.609755993,0.754598320,0.826138914,-0.001373591,0.000124915,0.563464820
261,29.177000000,fused_map_f2f,1,1,0,0.033563954,0.012657014,1.000000000,1.000000000,0.100000000,0.010989011,0.010989011,0.010989011,0.010989011,1.000000000,0.000000000,0.000000000,0.000000000,0.000000000,0.000000000,0.000000000,0.000000000,0.000000000,1.000000000,0.000000000,0.000000000,0.000000000,1.000000000,14.474930763,2.682143450,0.754150927,0.825173199,-0.001377920,0.000118126,0.564878047
262,29.341000000,fused_map_f2f,1,1,0,0.035201272,0.038839273,1.000000000,1.000000000,0.100000000,0.010989011,0.010989011,0.010989011,0.010989011,1.000000000,0.000000000,0.000000000,0.000000000,0.000000000,0.000000000,0.000000000,0.000000000,0.000000000,1.000000000,0.000000000,0.000000000,0.000000000,1.000000000,14.502782822,2.753539324,0.753812790,0.824233770,-0.001339934,0.000103532,0.566248059
263,29.523000000,fused_map_f2f,1,1,0,0.036801505,0.012005646,1.000000000,1.000000000,0.100000000,0.010989011,0.010989011,0.010989011,0.010989011,1.000000000,0.000000000,0.000000000,0.000000000,0.000000000,0.000000000,0.000000000,0.000000000,0.000000000,1.000000000,0.000000000,0.000000000,0.000000000,1.000000000,14.533147812,2.833950758,0.753660381,0.823216796,-0.001307119,0.000123973,0.567725658
264,29.729000000,fused_map_f2f,1,1,0,0.037972715,0.012618332,1.000000000,1.000000000,0.100000000,0.010989011,0.010989011,0.010989011,0.010989011,1.000000000,0.000000000,0.000000000,0.000000000,0.000000000,0.000000000,0.000000000,0.000000000,0.000000000,1.000000000,0.000000000,0.000000000,0.000000000,1.000000000,14.569401741,2.927369118,0.752411246,0.821952879,-0.001281703,0.000128129,0.569553971
265,29.939000000,fused_map_f2f,1,1,0,0.037854652,0.013196525,1.000000000,1.000000000,0.100000000,0.010989011,0.010989011,0.010989011,0.010989011,1.000000000,0.000000000,0.000000000,0.000000000,0.000000000,0.000000000,0.000000000,0.000000000,0.000000000,1.000000000,0.000000000,0.000000000,0.000000000,1.000000000,14.604715347,3.022475719,0.752413213,0.820843637,-0.001254198,0.000130743,0.571151614
266,30.103000000,fused_map_f2f,1,1,0,0.036571449,0.012011239,1.000000000,1.000000000,0.100000000,0.010989011,0.010989011,0.010989011,0.010989011,1.000000000,0.000000000,0.000000000,0.000000000,0.000000000,0.000000000,0.000000000,0.000000000,0.000000000,1.000000000,0.000000000,0.000000000,0.000000000,1.000000000,14.631511688,3.097073317,0.752244174,0.820024133,-0.001252390,0.000139243,0.572327554
267,30.284000000,fused_map_f2f,1,1,0,0.036377831,0.012347511,1.000000000,1.000000000,0.100000000,0.010989011,0.010989011,0.010989011,0.010989011,1.000000000,0.000000000,0.000000000,0.000000000,0.000000000,0.000000000,0.000000000,0.000000000,0.000000000,1.000000000,0.000000000,0.000000000,0.000000000,1.000000000,14.663727760,3.184903145,0.751640856,0.819059908,-0.001242895,0.000114942,0.573706627
268,30.460000000,fused_map_f2f,1,1,0,0.035798858,0.013909893,1.000000000,1.000000000,0.100000000,0.010989011,0.010989011,0.010989011,0.010989011,1.000000000,0.000000000,0.000000000,0.000000000,0.000000000,0.000000000,0.000000000,0.000000000,0.000000000,1.000000000,0.000000000,0.000000000,0.000000000,1.000000000,14.693560600,3.264545441,0.751294315,0.818210840,-0.001279992,0.000128665,0.574916780
269,30.635000000,fused_map_f2f,1,1,0,0.038353835,0.013106540,1.000000000,1.000000000,0.100000000,0.010989011,0.010989011,0.010989011,0.010989011,1.000000000,0.000000000,0.000000000,0.000000000,0.000000000,0.000000000,0.000000000,0.000000000,0.000000000,1.000000000,0.000000000,0.000000000,0.000000000,1.000000000,14.721376419,3.346402407,0.750591636,0.817377090,-0.001219581,0.000110952,0.576101720
270,30.819000000,fused_map_f2f,1,1,0,0.037124650,0.012452259,1.000000000,1.000000000,0.100000000,0.010989011,0.010989011,0.010989011,0.010989011,1.000000000,0.000000000,0.000000000,0.000000000,0.000000000,0.000000000,0.000000000,0.000000000,0.000000000,1.000000000,0.000000000,0.000000000,0.000000000,1.000000000,14.750863075,3.432418823,0.750341713,0.816572428,-0.001231493,0.000106281,0.577241719
271,30.988000000,fused_map_f2f,1,1,0,0.038426821,0.010817088,1.000000000,1.000000000,0.100000000,0.010989011,0.010989011,0.010989011,0.010989011,1.000000000,0.000000000,0.000000000,0.000000000,0.000000000,0.000000000,0.000000000,0.000000000,0.000000000,1.000000000,0.000000000,0.000000000,0.000000000,1.000000000,14.778100967,3.512762308,0.750295103,0.815844357,-0.001256608,0.000133146,0.578270257
272,31.169000000,fused_map_f2f,1,1,0,0.039231619,0.012187697,1.000000000,1.000000000,0.100000000,0.010989011,0.010989011,0.010989011,0.010989011,1.000000000,0.000000000,0.000000000,0.000000000,0.000000000,0.000000000,0.000000000,0.000000000,0.000000000,1.000000000,0.000000000,0.000000000,0.000000000,1.000000000,14.808091164,3.601913929,0.750014901,0.815104783,-0.001154083,0.000119772,0.579312384
273,31.339000000,fused_map_f2f,1,1,0,0.040418104,0.011602940,1.000000000,1.000000000,0.100000000,0.010989011,0.010989011,0.010989011,0.010989011,1.000000000,0.000000000,0.000000000,0.000000000,0.000000000,0.000000000,0.000000000,0.000000000,0.000000000,1.000000000,0.000000000,0.000000000,0.000000000,1.000000000,14.836846352,3.686613083,0.749257684,0.814401031,-0.001051708,0.000117968,0.580301523
274,31.553000000,fused_map_f2f,1,1,0,0.040246116,0.013182565,1.000000000,1.000000000,0.100000000,0.010989011,0.010989011,0.010989011,0.010989011,1.000000000,0.000000000,0.000000000,0.000000000,0.000000000,0.000000000,0.000000000,0.000000000,0.000000000,1.000000000,0.000000000,0.000000000,0.000000000,1.000000000,14.871366501,3.792914629,0.749195337,0.813562870,-0.001017028,0.000104779,0.581476092
275,31.736000000,fused_map_f2f,1,1,0,0.043391249,0.012459562,1.000000000,1.000000000,0.100000000,0.010989011,0.010989011,0.010989011,0.010989011,1.000000000,0.000000000,0.000000000,0.000000000,0.000000000,0.000000000,0.000000000,0.000000000,0.000000000,1.000000000,0.000000000,0.000000000,0.000000000,1.000000000,14.901247025,3.883289814,0.749209583,0.812874436,-0.001085290,0.000112044,0.582437932
276,31.913000000,fused_map_f2f,1,1,0,0.043810281,0.012564662,1.000000000,1.000000000,0.100000000,0.010989011,0.010989011,0.010989011,0.010989011,1.000000000,0.000000000,0.000000000,0.000000000,0.000000000,0.000000000,0.000000000,0.000000000,0.000000000,1.000000000,0.000000000,0.000000000,0.000000000,1.000000000,14.930729866,3.971871138,0.749368906,0.812205791,-0.001101482,0.000119323,0.583369970
277,32.094000000,fused_map_f2f,1,1,0,0.041448257,0.012284349,1.000000000,1.000000000,0.100000000,0.010989011,0.010989011,0.010989011,0.010989011,1.000000000,0.000000000,0.000000000,0.000000000,0.000000000,0.000000000,0.000000000,0.000000000,0.000000000,1.000000000,0.000000000,0.000000000,0.000000000,1.000000000,14.960864067,4.063512802,0.749399662,0.811545134,-0.001060640,0.000151862,0.584288716
278,32.259000000,fused_map_f2f,1,1,0,0.041335272,0.013998446,1.000000000,1.000000000,0.100000000,0.010989011,0.010989011,0.010989011,0.010989011,1.000000000,0.000000000,0.000000000,0.000000000,0.000000000,0.000000000,0.000000000,0.000000000,0.000000000,1.000000000,0.000000000,0.000000000,0.000000000,1.000000000,14.990684509,4.149974346,0.749655843,0.810925841,-0.001116966,0.000073395,0.585147798
279,32.433000000,fused_map_f2f,1,1,0,0.040405033,0.012581690,1.000000000,1.000000000,0.100000000,0.010989011,0.010989011,0.010989011,0.010989011,1.000000000,0.000000000,0.000000000,0.000000000,0.000000000,0.000000000,0.000000000,0.000000000,0.000000000,1.000000000,0.000000000,0.000000000,0.000000000,1.000000000,15.021161079,4.239799976,0.749113262,0.810307562,-0.001093137,0.000073722,0.586003900
280,32.609000000,fused_map_f2f,1,1,0,0.042023435,0.012669563,1.000000000,1.000000000,0.100000000,0.010989011,0.010989011,0.010989011,0.010989011,1.000000000,0.000000000,0.000000000,0.000000000,0.000000000,0.000000000,0.000000000,0.000000000,0.000000000,1.000000000,0.000000000,0.000000000,0.000000000,1.000000000,15.049258232,4.330715179,0.749306858,0.809745908,-0.001175684,0.000058756,0.586779535
281,32.715000000,fused_map_f2f,1,1,0,0.040066984,0.009708537,1.000000000,1.000000000,0.100000000,0.010989011,0.010989011,0.010989011,0.010989011,1.000000000,0.000000000,0.000000000,0.000000000,0.000000000,0.000000000,0.000000000,0.000000000,0.000000000,1.000000000,0.000000000,0.000000000,0.000000000,1.000000000,15.066230774,4.386002541,0.749200165,0.809410632,-0.001151073,0.000110536,0.587241948
282,32.825000000,fused_map_f2f,1,1,0,0.039839601,0.008505976,1.000000000,1.000000000,0.100000000,0.010989011,0.010989011,0.010989011,0.010989011,1.000000000,0.000000000,0.000000000,0.000000000,0.000000000,0.000000000,0.000000000,0.000000000,0.000000000,1.000000000,0.000000000,0.000000000,0.000000000,1.000000000,15.086265564,4.447405338,0.749341667,0.809053540,-0.001246818,0.000072465,0.587733686
283,32.916000000,fused_map_f2f,1,1,0,0.040475053,0.007988710,1.000000000,1.000000000,0.100000000,0.010989011,0.010989011,0.010989011,0.010989011,1.000000000,0.000000000,0.000000000,0.000000000,0.000000000,0.000000000,0.000000000,0.000000000,0.000000000,1.000000000,0.000000000,0.000000000,0.000000000,1.000000000,15.099951744,4.492949963,0.749206364,0.808812857,-0.001227094,0.000049188,0.588064849
284,33.018000000,fused_map_f2f,1,1,0,0.038575624,0.007951848,1.000000000,1.000000000,0.100000000,0.010989011,0.010989011,0.010989011,0.010989011,1.000000000,0.000000000,0.000000000,0.000000000,0.000000000,0.000000000,0.000000000,0.000000000,0.000000000,1.000000000,0.000000000,0.000000000,0.000000000,1.000000000,15.116953850,4.547048569,0.748710632,0.808498204,-0.001311462,0.000071209,0.588497162
285,33.188000000,fused_map_f2f,1,1,0,0.040007589,0.011541582,1.000000000,1.000000000,0.100000000,0.010989011,0.010989011,0.010989011,0.010989011,1.000000000,0.000000000,0.000000000,0.000000000,0.000000000,0.000000000,0.000000000,0.000000000,0.000000000,1.000000000,0.000000000,0.000000000,0.000000000,1.000000000,15.144614220,4.636815548,0.749091983,0.808036029,-0.001217158,0.000013226,0.589131832
286,33.231000000,fused_map_f2f,1,1,0,0.040691834,0.006169115,1.000000000,1.000000000,0.100000000,0.010989011,0.010989011,0.010989011,0.010989011,1.000000000,0.000000000,0.000000000,0.000000000,0.000000000,0.000000000,0.000000000,0.000000000,0.000000000,1.000000000,0.000000000,0.000000000,0.000000000,1.000000000,15.152377129,4.660124302,0.748658538,0.807882667,-0.001208897,-0.000020822,0.589342117
287,33.325000000,fused_map_f2f,1,1,0,0.041551157,0.010118881,1.000000000,1.000000000,0.100000000,0.010989011,0.010989011,0.010989011,0.010989011,1.000000000,0.000000000,0.000000000,0.000000000,0.000000000,0.000000000,0.000000000,0.000000000,0.000000000,1.000000000,0.000000000,0.000000000,0.000000000,1.000000000,15.167942047,4.710917950,0.748473167,0.807640195,-0.001225354,0.000004911,0.589674354
288,33.413000000,fused_map_f2f,1,1,0,0.041256463,0.009418751,1.000000000,1.000000000,0.100000000,0.010989011,0.010989011,0.010989011,0.010989011,1.000000000,0.000000000,0.000000000,0.000000000,0.000000000,0.000000000,0.000000000,0.000000000,0.000000000,1.000000000,0.000000000,0.000000000,0.000000000,1.000000000,15.182974815,4.760072231,0.748661697,0.807382047,-0.001152266,-0.000012570,0.590027928
289,33.515000000,fused_map_f2f,1,1,0,0.039501507,0.008213603,1.000000000,1.000000000,0.100000000,0.010989011,0.010989011,0.010989011,0.010989011,1.000000000,0.000000000,0.000000000,0.000000000,0.000000000,0.000000000,0.000000000,0.000000000,0.000000000,1.000000000,0.000000000,0.000000000,0.000000000,1.000000000,15.199702263,4.814613342,0.748788834,0.807105482,-0.001162801,-0.000001765,0.590406179
290,33.622000000,fused_map_f2f,1,1,0,0.040698980,0.008747952,1.000000000,1.000000000,0.100000000,0.010989011,0.010989011,0.010989011,0.010989011,1.000000000,0.000000000,0.000000000,0.000000000,0.000000000,0.000000000,0.000000000,0.000000000,0.000000000,1.000000000,0.000000000,0.000000000,0.000000000,1.000000000,15.217013359,4.871818542,0.748913884,0.806831717,-0.001175398,0.000017761,0.590780199
291,33.712000000,fused_map_f2f,1,1,0,0.040343650,0.008301180,1.000000000,1.000000000,0.100000000,0.010989011,0.010989011,0.010989011,0.010989011,1.000000000,0.000000000,0.000000000,0.000000000,0.000000000,0.000000000,0.000000000,0.000000000,0.000000000,1.000000000,0.000000000,0.000000000,0.000000000,1.000000000,15.234144211,4.923542023,0.749250293,0.806577146,-0.001218588,0.000013762,0.591127574
292,33.819000000,fused_map_f2f,1,1,0,0.040279709,0.008817602,1.000000000,1.000000000,0.100000000,0.010989011,0.010989011,0.010989011,0.010989011,1.000000000,0.000000000,0.000000000,0.000000000,0.000000000,0.000000000,0.000000000,0.000000000,0.000000000,1.000000000,0.000000000,0.000000000,0.000000000,1.000000000,15.251427650,4.981370449,0.749305785,0.806310534,-0.001178949,0.000049416,0.591491342
293,33.927000000,fused_map_f2f,1,1,0,0.041432689,0.009306591,1.000000000,1.000000000,0.100000000,0.010989011,0.010989011,0.010989011,0.010989011,1.000000000,0.000000000,0.000000000,0.000000000,0.000000000,0.000000000,0.000000000,0.000000000,0.000000000,1.000000000,0.000000000,0.000000000,0.000000000,1.000000000,15.269476891,5.042566299,0.749199033,0.806046665,-0.001190640,-0.000016952,0.591850758
294,34.015000000,fused_map_f2f,1,1,0,0.042715379,0.008207304,1.000000000,1.000000000,0.100000000,0.010989011,0.010989011,0.010989011,0.010989011,1.000000000,0.000000000,0.000000000,0.000000000,0.000000000,0.000000000,0.000000000,0.000000000,0.000000000,1.000000000,0.000000000,0.000000000,0.000000000,1.000000000,15.284207344,5.091011047,0.748822510,0.805867136,-0.001210946,-0.000025850,0.592095196
295,34.119000000,fused_map_f2f,1,1,0,0.043420214,0.008901159,1.000000000,1.000000000,0.100000000,0.010989011,0.010989011,0.010989011,0.010989011,1.000000000,0.000000000,0.000000000,0.000000000,0.000000000,0.000000000,0.000000000,0.000000000,0.000000000,1.000000000,0.000000000,0.000000000,0.000000000,1.000000000,15.301279068,5.147918224,0.749059975,0.805634141,-0.001263789,-0.000007874,0.592412114
296,34.210000000,fused_map_f2f,1,1,0,0.043583075,0.008260217,1.000000000,1.000000000,0.100000000,0.010989011,0.010989011,0.010989011,0.010989011,1.000000000,0.000000000,0.000000000,0.000000000,0.000000000,0.000000000,0.000000000,0.000000000,0.000000000,1.000000000,0.000000000,0.000000000,0.000000000,1.000000000,15.316108704,5.198063374,0.749074280,0.805428386,-0.001258372,-0.000010448,0.592691779
297,34.323000000,fused_map_f2f,1,1,0,0.040877476,0.009533741,1.000000000,1.000000000,0.100000000,0.010989011,0.010989011,0.010989011,0.010989011,1.000000000,0.000000000,0.000000000,0.000000000,0.000000000,0.000000000,0.000000000,0.000000000,0.000000000,1.000000000,0.000000000,0.000000000,0.000000000,1.000000000,15.334544182,5.260330677,0.749481499,0.805176437,-0.001252383,-0.000034270,0.593034089
298,34.410000000,fused_map_f2f,1,1,0,0.041818683,0.007734638,1.000000000,1.000000000,0.100000000,0.010989011,0.010989011,0.010989011,0.010989011,1.000000000,0.000000000,0.000000000,0.000000000,0.000000000,0.000000000,0.000000000,0.000000000,0.000000000,1.000000000,0.000000000,0.000000000,0.000000000,1.000000000,15.348877907,5.308337212,0.749351203,0.804997742,-0.001207538,-0.000018490,0.593276680
299,34.515000000,fused_map_f2f,1,1,0,0.041749985,0.008635425,1.000000000,1.000000000,0.100000000,0.010989011,0.010989011,0.010989011,0.010989011,1.000000000,0.000000000,0.000000000,0.000000000,0.000000000,0.000000000,0.000000000,0.000000000,0.000000000,1.000000000,0.000000000,0.000000000,0.000000000,1.000000000,15.366389275,5.366993904,0.749390543,0.804780006,-0.001154610,0.000012377,0.593572021
300,34.621000000,fused_map_f2f,1,1,0,0.042376557,0.008784227,1.000000000,1.000000000,0.100000000,0.010989011,0.010989011,0.010989011,0.010989011,1.000000000,0.000000000,0.000000000,0.000000000,0.000000000,0.000000000,0.000000000,0.000000000,0.000000000,1.000000000,0.000000000,0.000000000,0.000000000,1.000000000,15.384028435,5.426208496,0.749401569,0.804562986,-0.001155991,0.000003635,0.593866229
301,34.722000000,fused_map_f2f,1,1,0,0.043433522,0.008062579,1.000000000,1.000000000,0.100000000,0.010989011,0.010989011,0.010989011,0.010989011,1.000000000,0.000000000,0.000000000,0.000000000,0.000000000,0.000000000,0.000000000,0.000000000,0.000000000,1.000000000,0.000000000,0.000000000,0.000000000,1.000000000,15.400615692,5.482932091,0.749452174,0.804353178,-0.001105675,0.000028206,0.594150484
302,34.819000000,fused_map_f2f,1,1,0,0.045146391,0.008195212,1.000000000,1.000000000,0.100000000,0.010989011,0.010989011,0.010989011,0.010989011,1.000000000,0.000000000,0.000000000,0.000000000,0.000000000,0.000000000,0.000000000,0.000000000,0.000000000,1.000000000,0.000000000,0.000000000,0.000000000,1.000000000,15.416899681,5.538256168,0.749401152,0.804162443,-0.001116988,-0.000018872,0.594408512
303,34.927000000,fused_map_f2f,1,1,0,0.045862991,0.008516536,1.000000000,1.000000000,0.100000000,0.010989011,0.010989011,0.010989011,0.010989011,1.000000000,0.000000000,0.000000000,0.000000000,0.000000000,0.000000000,0.000000000,0.000000000,0.000000000,1.000000000,0.000000000,0.000000000,0.000000000,1.000000000,15.436864853,5.602829456,0.749033272,0.803946495,-0.001198708,-0.000069506,0.594700515
304,35.012000000,fused_map_f2f,1,1,0,0.047508880,0.008329231,1.000000000,1.000000000,0.100000000,0.010989011,0.010989011,0.010989011,0.010989011,1.000000000,0.000000000,0.000000000,0.000000000,0.000000000,0.000000000,0.000000000,0.000000000,0.000000000,1.000000000,0.000000000,0.000000000,0.000000000,1.000000000,15.450968742,5.651032448,0.748958468,0.803794146,-0.001181441,-0.000045962,0.594906390
305,35.122000000,fused_map_f2f,1,1,0,0.046407370,0.009218058,1.000000000,1.000000000,0.100000000,0.010989011,0.010989011,0.010989011,0.010989011,1.000000000,0.000000000,0.000000000,0.000000000,0.000000000,0.000000000,0.000000000,0.000000000,0.000000000,1.000000000,0.000000000,0.000000000,0.000000000,1.000000000,15.471132278,5.715053082,0.748721540,0.803552806,-0.001096423,-0.000063216,0.595232546
306,35.219000000,fused_map_f2f,1,1,0,0.046682203,0.008118000,1.000000000,1.000000000,0.100000000,0.010989011,0.010989011,0.010989011,0.010989011,1.000000000,0.000000000,0.000000000,0.000000000,0.000000000,0.000000000,0.000000000,0.000000000,0.000000000,1.000000000,0.000000000,0.000000000,0.000000000,1.000000000,15.486965179,5.770147324,0.748740852,0.803391337,-0.001078670,-0.000072954,0.595450401
307,35.342000000,fused_map_f2f,1,1,0,0.046628962,0.009278168,1.000000000,1.000000000,0.100000000,0.010989011,0.010989011,0.010989011,0.010989011,1.000000000,0.000000000,0.000000000,0.000000000,0.000000000,0.000000000,0.000000000,0.000000000,0.000000000,1.000000000,0.000000000,0.000000000,0.000000000,1.000000000,15.508650780,5.843155384,0.748223484,0.803179920,-0.001089557,-0.000069760,0.595735550
308,35.425000000,fused_map_f2f,1,1,0,0.048608213,0.007495646,1.000000000,1.000000000,0.100000000,0.010989011,0.010989011,0.010989011,0.010989011,1.000000000,0.000000000,0.000000000,0.000000000,0.000000000,0.000000000,0.000000000,0.000000000,0.000000000,1.000000000,0.000000000,0.000000000,0.000000000,1.000000000,15.521921158,5.889800549,0.748183370,0.802997351,-0.000994621,-0.000005504,0.595981836
309,35.514000000,fused_map_f2f,1,1,0,0.048003246,0.008679213,1.000000000,1.000000000,0.100000000,0.010989011,0.010989011,0.010989011,0.010989011,1.000000000,0.000000000,0.000000000,0.000000000,0.000000000,0.000000000,0.000000000,0.000000000,0.000000000,1.000000000,0.000000000,0.000000000,0.000000000,1.000000000,15.537465096,5.942356110,0.748139679,0.802879155,-0.001099287,-0.000054745,0.596140802
310,35.624000000,fused_map_f2f,1,1,0,0.047341271,0.008683132,1.000000000,1.000000000,0.100000000,0.010989011,0.010989011,0.010989011,0.010989011,1.000000000,0.000000000,0.000000000,0.000000000,0.000000000,0.000000000,0.000000000,0.000000000,0.000000000,1.000000000,0.000000000,0.000000000,0.000000000,1.000000000,15.555294037,6.004909039,0.748463035,0.802717447,-0.001127518,-0.000092868,0.596358538
311,35.713000000,fused_map_f2f,1,1,0,0.048713517,0.007977092,1.000000000,1.000000000,0.100000000,0.010989011,0.010989011,0.010989011,0.010989011,1.000000000,0.000000000,0.000000000,0.000000000,0.000000000,0.000000000,0.000000000,0.000000000,0.000000000,1.000000000,0.000000000,0.000000000,0.000000000,1.000000000,15.570157051,6.055747509,0.748491764,0.802567124,-0.001163464,-0.000121375,0.596560717
312,35.815000000,fused_map_f2f,1,1,0,0.051252958,0.008749617,1.000000000,1.000000000,0.100000000,0.010989011,0.010989011,0.010989011,0.010989011,1.000000000,0.000000000,0.000000000,0.000000000,0.000000000,0.000000000,0.000000000,0.000000000,0.000000000,1.000000000,0.000000000,0.000000000,0.000000000,1.000000000,15.586801529,6.114016533,0.748452246,0.802422881,-0.001223974,-0.000162178,0.596754611
313,35.920000000,fused_map_f2f,1,1,0,0.048696431,0.008317325,1.000000000,1.000000000,0.100000000,0.010989011,0.010989011,0.010989011,0.010989011,1.000000000,0.000000000,0.000000000,0.000000000,0.000000000,0.000000000,0.000000000,0.000000000,0.000000000,1.000000000,0.000000000,0.000000000,0.000000000,1.000000000,15.604478836,6.174199104,0.748625398,0.802280784,-0.001231512,-0.000143250,0.596945584
314,36.025000000,fused_map_f2f,1,1,0,0.048057736,0.008080917,1.000000000,1.000000000,0.100000000,0.010989011,0.010989011,0.010989011,0.010989011,1.000000000,0.000000000,0.000000000,0.000000000,0.000000000,0.000000000,0.000000000,0.000000000,0.000000000,1.000000000,0.000000000,0.000000000,0.000000000,1.000000000,15.621985435,6.236551285,0.748447418,0.802121758,-0.001112256,-0.000113589,0.597159445
315,36.119000000,fused_map_f2f,1,1,0,0.051502831,0.008659709,1.000000000,1.000000000,0.100000000,0.010989011,0.010989011,0.010989011,0.010989011,1.000000000,0.000000000,0.000000000,0.000000000,0.000000000,0.000000000,0.000000000,0.000000000,0.000000000,1.000000000,0.000000000,0.000000000,0.000000000,1.000000000,15.637986183,6.290431976,0.748329520,0.801969707,-0.001072504,-0.000036117,0.597363710
316,36.266000000,fused_map_f2f,1,1,0,0.049659761,0.010370554,1.000000000,1.000000000,0.100000000,0.010989011,0.010989011,0.010989011,0.010989011,1.000000000,0.000000000,0.000000000,0.000000000,0.000000000,0.000000000,0.000000000,0.000000000,0.000000000,1.000000000,0.000000000,0.000000000,0.000000000,1.000000000,15.662906647,6.377649307,0.748328209,0.801782906,-0.001173197,-0.000067916,0.597614288
317,36.310000000,fused_map_f2f,1,1,0,0.047695051,0.006016931,1.000000000,1.000000000,0.100000000,0.010989011,0.010989011,0.010989011,0.010989011,1.000000000,0.000000000,0.000000000,0.000000000,0.000000000,0.000000000,0.000000000,0.000000000,0.000000000,1.000000000,0.000000000,0.000000000,0.000000000,1.000000000,15.670208931,6.402736187,0.748256743,0.801721513,-0.001166558,-0.000088626,0.597696662
318,36.421000000,fused_map_f2f,1,1,0,0.050476682,0.008330787,1.000000000,1.000000000,0.100000000,0.010989011,0.010989011,0.010989011,0.010989011,1.000000000,0.000000000,0.000000000,0.000000000,0.000000000,0.000000000,0.000000000,0.000000000,0.000000000,1.000000000,0.000000000,0.000000000,0.000000000,1.000000000,15.688307762,6.466342926,0.748344660,0.801584363,-0.001171090,-0.000093578,0.597880602
319,36.527000000,fused_map_f2f,1,1,0,0.050499913,0.008549952,1.000000000,1.000000000,0.100000000,0.010989011,0.010989011,0.010989011,0.010989011,1.000000000,0.000000000,0.000000000,0.000000000,0.000000000,0.000000000,0.000000000,0.000000000,0.000000000,1.000000000,0.000000000,0.000000000,0.000000000,1.000000000,15.706359863,6.528885365,0.748034000,0.801393926,-0.001245205,-0.000106419,0.598135650
320,36.609000000,fused_map_f2f,1,1,0,0.049940516,0.007287249,1.000000000,1.000000000,0.100000000,0.010989011,0.010989011,0.010989011,0.010989011,1.000000000,0.000000000,0.000000000,0.000000000,0.000000000,0.000000000,0.000000000,0.000000000,0.000000000,1.000000000,0.000000000,0.000000000,0.000000000,1.000000000,15.719938278,6.576292515,0.747899234,0.801316977,-0.001280832,-0.000134580,0.598238647
321,36.718000000,fused_map_f2f,1,1,0,0.050004290,0.008803963,1.000000000,1.000000000,0.100000000,0.010989011,0.010989011,0.010989011,0.010989011,1.000000000,0.000000000,0.000000000,0.000000000,0.000000000,0.000000000,0.000000000,0.000000000,0.000000000,1.000000000,0.000000000,0.000000000,0.000000000,1.000000000,15.739063263,6.640832424,0.748135269,0.801131666,-0.001224728,-0.000116868,0.598486900
322,36.836000000,fused_map_f2f,1,1,0,0.051696085,0.008971559,1.000000000,1.000000000,0.100000000,0.010989011,0.010989011,0.010989011,0.010989011,1.000000000,0.000000000,0.000000000,0.000000000,0.000000000,0.000000000,0.000000000,0.000000000,0.000000000,1.000000000,0.000000000,0.000000000,0.000000000,1.000000000,15.758414268,6.708989143,0.747867882,0.800998867,-0.001242083,-0.000104230,0.598664641
323,36.913000000,fused_map_f2f,1,1,0,0.049770500,0.007603278,1.000000000,1.000000000,0.100000000,0.010989011,0.010989011,0.010989011,0.010989011,1.000000000,0.000000000,0.000000000,0.000000000,0.000000000,0.000000000,0.000000000,0.000000000,0.000000000,1.000000000,0.000000000,0.000000000,0.000000000,1.000000000,15.770581245,6.753195286,0.747694016,0.800932050,-0.001217659,-0.000081477,0.598754048
324,37.020000000,fused_map_f2f,1,1,0,0.049147308,0.008111856,1.000000000,1.000000000,0.100000000,0.010989011,0.010989011,0.010989011,0.010989011,1.000000000,0.000000000,0.000000000,0.000000000,0.000000000,0.000000000,0.000000000,0.000000000,0.000000000,1.000000000,0.000000000,0.000000000,0.000000000,1.000000000,15.787635803,6.816128731,0.747443318,0.800822020,-0.001141367,-0.000063085,0.598901331
325,37.117000000,fused_map_f2f,1,1,0,0.050415813,0.007278326,1.000000000,1.000000000,0.100000000,0.010989011,0.010989011,0.010989011,0.010989011,1.000000000,0.000000000,0.000000000,0.000000000,0.000000000,0.000000000,0.000000000,0.000000000,0.000000000,1.000000000,0.000000000,0.000000000,0.000000000,1.000000000,15.804308891,6.872936249,0.747412205,0.800722718,-0.001108296,-0.000089078,0.599034190
326,37.214000000,fused_map_f2f,1,1,0,0.053085117,0.007944805,1.000000000,1.000000000,0.100000000,0.010989011,0.010989011,0.010989011,0.010989011,1.000000000,0.000000000,0.000000000,0.000000000,0.000000000,0.000000000,0.000000000,0.000000000,0.000000000,1.000000000,0.000000000,0.000000000,0.000000000,1.000000000,15.818977356,6.927464485,0.747685373,0.800637305,-0.001098853,-0.000042716,0.599148333
327,37.318000000,fused_map_f2f,1,1,0,0.051035609,0.008149447,1.000000000,1.000000000,0.100000000,0.010989011,0.010989011,0.010989011,0.010989011,1.000000000,0.000000000,0.000000000,0.000000000,0.000000000,0.000000000,0.000000000,0.000000000,0.000000000,1.000000000,0.000000000,0.000000000,0.000000000,1.000000000,15.835979462,6.988175869,0.747513592,0.800528824,-0.001105413,-0.000051478,0.599293232
328,37.421000000,fused_map_f2f,1,1,0,0.052495978,0.007979180,1.000000000,1.000000000,0.100000000,0.010989011,0.010989011,0.010989011,0.010989011,1.000000000,0.000000000,0.000000000,0.000000000,0.000000000,0.000000000,0.000000000,0.000000000,0.000000000,1.000000000,0.000000000,0.000000000,0.000000000,1.000000000,15.852671623,7.047983170,0.747347653,0.800425649,-0.001101850,-0.000064734,0.599431038
329,37.522000000,fused_map_f2f,1,1,0,0.054024001,0.008266924,1.000000000,1.000000000,0.100000000,0.010989011,0.010989011,0.010989011,0.010989011,1.000000000,0.000000000,0.000000000,0.000000000,0.000000000,0.000000000,0.000000000,0.000000000,0.000000000,1.000000000,0.000000000,0.000000000,0.000000000,1.000000000,15.869911194,7.109132767,0.746839285,0.800300539,-0.001021468,-0.000001439,0.599598229
330,37.624000000,fused_map_f2f,1,1,0,0.052564264,0.007924276,1.000000000,1.000000000,0.100000000,0.010989011,0.010989011,0.010989011,0.010989011,1.000000000,0.000000000,0.000000000,0.000000000,0.000000000,0.000000000,0.000000000,0.000000000,0.000000000,1.000000000,0.000000000,0.000000000,0.000000000,1.000000000,15.887582779,7.170205116,0.746708810,0.800218999,-0.000982710,-0.000004402,0.599707067
331,37.724000000,fused_map_f2f,1,1,0,0.054831991,0.008110166,1.000000000,1.000000000,0.100000000,0.010989011,0.010989011,0.010989011,0.010989011,1.000000000,0.000000000,0.000000000,0.000000000,0.000000000,0.000000000,0.000000000,0.000000000,0.000000000,1.000000000,0.000000000,0.000000000,0.000000000,1.000000000,15.905121803,7.231228828,0.746593177,0.800155818,-0.000976316,-0.000009251,0.599791408
332,37.824000000,fused_map_f2f,1,1,0,0.056248343,0.007935448,1.000000000,1.000000000,0.100000000,0.010989011,0.010989011,0.010989011,0.010989011,1.000000000,0.000000000,0.000000000,0.000000000,0.000000000,0.000000000,0.000000000,0.000000000,0.000000000,1.000000000,0.000000000,0.000000000,0.000000000,1.000000000,15.921024323,7.289251328,0.746576011,0.800004303,-0.000906790,-0.000012366,0.599993587
333,37.916000000,fused_map_f2f,1,1,0,0.053566881,0.007200736,1.000000000,1.000000000,0.100000000,0.010989011,0.010989011,0.010989011,0.010989011,1.000000000,0.000000000,0.000000000,0.000000000,0.000000000,0.000000000,0.000000000,0.000000000,0.000000000,1.000000000,0.000000000,0.000000000,0.000000000,1.000000000,15.936059952,7.341355801,0.746554434,0.799966753,-0.000906695,0.000004884,0.600043654
334,38.022000000,fused_map_f2f,1,1,0,0.054257312,0.007908702,1.000000000,1.000000000,0.100000000,0.010989011,0.010989011,0.010989011,0.010989011,1.000000000,0.000000000,0.000000000,0.000000000,0.000000000,0.000000000,0.000000000,0.000000000,0.000000000,1.000000000,0.000000000,0.000000000,0.000000000,1.000000000,15.953281403,7.404851913,0.746719718,0.799907386,-0.000868370,0.000050548,0.600122929
335,38.128000000,fused_map_f2f,1,1,0,0.053170563,0.008893841,1.000000000,1.000000000,0.100000000,0.010989011,0.010989011,0.010989011,0.010989011,1.000000000,0.000000000,0.000000000,0.000000000,0.000000000,0.000000000,0.000000000,0.000000000,0.000000000,1.000000000,0.000000000,0.000000000,0.000000000,1.000000000,15.970035553,7.466788769,0.746778965,0.799803913,-0.000861189,0.000044371,0.600260735
336,38.225000000,fused_map_f2f,1,1,0,0.052941315,0.007653298,1.000000000,1.000000000,0.100000000,0.010989011,0.010989011,0.010989011,0.010989011,1.000000000,0.000000000,0.000000000,0.000000000,0.000000000,0.000000000,0.000000000,0.000000000,0.000000000,1.000000000,0.000000000,0.000000000,0.000000000,1.000000000,15.986625671,7.526133060,0.746286809,0.799755573,-0.000893624,0.000017302,0.600325108
337,38.326000000,fused_map_f2f,1,1,0,0.050272441,0.008716707,1.000000000,1.000000000,0.100000000,0.010989011,0.010989011,0.010989011,0.010989011,1.000000000,0.000000000,0.000000000,0.000000000,0.000000000,0.000000000,0.000000000,0.000000000,0.000000000,1.000000000,0.000000000,0.000000000,0.000000000,1.000000000,16.002576828,7.585050106,0.746434093,0.799679637,-0.000875595,0.000017303,0.600426316
338,38.426000000,fused_map_f2f,1,1,0,0.053879206,0.008158772,1.000000000,1.000000000,0.100000000,0.010989011,0.010989011,0.010989011,0.010989011,1.000000000,0.000000000,0.000000000,0.000000000,0.000000000,0.000000000,0.000000000,0.000000000,0.000000000,1.000000000,0.000000000,0.000000000,0.000000000,1.000000000,16.019592285,7.645975590,0.745708883,0.799560070,-0.000825758,0.000113186,0.600585580
339,38.523000000,fused_map_f2f,1,1,0,0.053495380,0.008003738,1.000000000,1.000000000,0.100000000,0.010989011,0.010989011,0.010989011,0.010989011,1.000000000,0.000000000,0.000000000,0.000000000,0.000000000,0.000000000,0.000000000,0.000000000,0.000000000,1.000000000,0.000000000,0.000000000,0.000000000,1.000000000,16.035158157,7.702425480,0.745742738,0.799486101,-0.000810341,0.000116779,0.600684106
340,38.623000000,fused_map_f2f,1,1,0,0.051709260,0.007875440,1.000000000,1.000000000,0.100000000,0.010989011,0.010989011,0.010989011,0.010989011,1.000000000,0.000000000,0.000000000,0.000000000,0.000000000,0.000000000,0.000000000,0.000000000,0.000000000,1.000000000,0.000000000,0.000000000,0.000000000,1.000000000,16.051307678,7.760789871,0.745735586,0.799417794,-0.000805303,0.000106377,0.600775063
341,38.720000000,fused_map_f2f,1,1,0,0.053862711,0.009068219,1.000000000,1.000000000,0.100000000,0.010989011,0.010989011,0.010989011,0.010989011,1.000000000,0.000000000,0.000000000,0.000000000,0.000000000,0.000000000,0.000000000,0.000000000,0.000000000,1.000000000,0.000000000,0.000000000,0.000000000,1.000000000,16.067903519,7.818274975,0.745420516,0.799336255,-0.000848326,0.000058475,0.600883365
342,38.820000000,fused_map_f2f,1,1,0,0.052147098,0.008023856,1.000000000,1.000000000,0.100000000,0.010989011,0.010989011,0.010989011,0.010989011,1.000000000,0.000000000,0.000000000,0.000000000,0.000000000,0.000000000,0.000000000,0.000000000,0.000000000,1.000000000,0.000000000,0.000000000,0.000000000,1.000000000,16.083652496,7.877131462,0.745107114,0.799244881,-0.000938265,0.000019638,0.601004779
343,38.924000000,fused_map_f2f,1,1,0,0.050499494,0.008586392,1.000000000,1.000000000,0.100000000,0.010989011,0.010989011,0.010989011,0.010989011,1.000000000,0.000000000,0.000000000,0.000000000,0.000000000,0.000000000,0.000000000,0.000000000,0.000000000,1.000000000,0.000000000,0.000000000,0.000000000,1.000000000,16.100440979,7.938254833,0.745175779,0.799177825,-0.000892353,0.000061015,0.601094007
344,39.012000000,fused_map_f2f,1,1,0,0.051586071,0.011438734,1.000000000,1.000000000,0.100000000,0.010989011,0.010989011,0.010989011,0.010989011,1.000000000,0.000000000,0.000000000,0.000000000,0.000000000,0.000000000,0.000000000,0.000000000,0.000000000,1.000000000,0.000000000,0.000000000,0.000000000,1.000000000,16.114503860,7.989571571,0.745229244,0.799124599,-0.000878473,0.000070673,0.601164818
345,39.114000000,fused_map_f2f,1,1,0,0.054171728,0.008600738,1.000000000,1.000000000,0.100000000,0.010989011,0.010989011,0.010989011,0.010989011,1.000000000,0.000000000,0.000000000,0.000000000,0.000000000,0.000000000,0.000000000,0.000000000,0.000000000,1.000000000,0.000000000,0.000000000,0.000000000,1.000000000,16.131549835,8.051895142,0.745706081,0.799054146,-0.000906639,0.000060008,0.601258457
346,39.212000000,fused_map_f2f,1,1,0,0.051375256,0.008025814,1.000000000,1.000000000,0.100000000,0.010989011,0.010989011,0.010989011,0.010989011,1.000000000,0.000000000,0.000000000,0.000000000,0.000000000,0.000000000,0.000000000,0.000000000,0.000000000,1.000000000,0.000000000,0.000000000,0.000000000,1.000000000,16.149208069,8.110658646,0.745564997,0.799025297,-0.000841830,0.000092573,0.601296842
347,39.321000000,fused_map_f2f,1,1,0,0.052927004,0.008377167,1.000000000,1.000000000,0.100000000,0.010989011,0.010989011,0.010989011,0.010989011,1.000000000,0.000000000,0.000000000,0.000000000,0.000000000,0.000000000,0.000000000,0.000000000,0.000000000,1.000000000,0.000000000,0.000000000,0.000000000,1.000000000,16.167228699,8.176143646,0.745486379,0.798951983,-0.000850185,0.000099833,0.601394236
348,39.415000000,fused_map_f2f,1,1,0,0.054895922,0.008140350,1.000000000,1.000000000,0.100000000,0.010989011,0.010989011,0.010989011,0.010989011,1.000000000,0.000000000,0.000000000,0.000000000,0.000000000,0.000000000,0.000000000,0.000000000,0.000000000,1.000000000,0.000000000,0.000000000,0.000000000,1.000000000,16.182247162,8.231033325,0.745575428,0.798901439,-0.000825252,0.000127455,0.601461470
349,39.509000000,fused_map_f2f,1,1,0,0.054754793,0.007733965,1.000000000,1.000000000,0.100000000,0.010989011,0.010989011,0.010989011,0.010989011,1.000000000,0.000000000,0.000000000,0.000000000,0.000000000,0.000000000,0.000000000,0.000000000,0.000000000,1.000000000,0.000000000,0.000000000,0.000000000,1.000000000,16.197250366,8.285937309,0.745422542,0.798863590,-0.000877160,0.000090034,0.601511538
350,39.656000000,fused_map_f2f,1,1,0,0.055327689,0.010319808,1.000000000,1.000000000,0.100000000,0.010989011,0.010989011,0.010989011,0.010989011,1.000000000,0.000000000,0.000000000,0.000000000,0.000000000,0.000000000,0.000000000,0.000000000,0.000000000,1.000000000,0.000000000,0.000000000,0.000000000,1.000000000,16.222465515,8.376172066,0.745563745,0.798806489,-0.000853795,0.000042391,0.601587534
351,39.726000000,fused_map_f2f,1,1,0,0.056630226,0.006970707,1.000000000,1.000000000,0.100000000,0.010989011,0.010989011,0.010989011,0.010989011,1.000000000,0.000000000,0.000000000,0.000000000,0.000000000,0.000000000,0.000000000,0.000000000,0.000000000,1.000000000,0.000000000,0.000000000,0.000000000,1.000000000,16.233367920,8.416101456,0.745337427,0.798764646,-0.000864246,0.000016196,0.601643026
352,39.813000000,fused_map_f2f,1,1,0,0.055347440,0.007551599,1.000000000,1.000000000,0.100000000,0.010989011,0.010989011,0.010989011,0.010989011,1.000000000,0.000000000,0.000000000,0.000000000,0.000000000,0.000000000,0.000000000,0.000000000,0.000000000,1.000000000,0.000000000,0.000000000,0.000000000,1.000000000,16.247669220,8.467609406,0.745236576,0.798722804,-0.000756462,0.000083073,0.601698697
353,39.922000000,fused_map_f2f,1,1,0,0.055222823,0.008172030,1.000000000,1.000000000,0.100000000,0.010989011,0.010989011,0.010989011,0.010989011,1.000000000,0.000000000,0.000000000,0.000000000,0.000000000,0.000000000,0.000000000,0.000000000,0.000000000,1.000000000,0.000000000,0.000000000,0.000000000,1.000000000,16.265064240,8.531476021,0.745091558,0.798688650,-0.000795905,0.000087406,0.601743996
354,40.018000000,fused_map_f2f,1,1,0,0.058147615,0.007594286,1.000000000,1.000000000,0.100000000,0.010989011,0.010989011,0.010989011,0.010989011,1.000000000,0.000000000,0.000000000,0.000000000,0.000000000,0.000000000,0.000000000,0.000000000,0.000000000,1.000000000,0.000000000,0.000000000,0.000000000,1.000000000,16.280441284,8.586625099,0.745072842,0.798639238,-0.000812541,0.000105699,0.601809502
355,40.120000000,fused_map_f2f,1,1,0,0.056952917,0.007971719,1.000000000,1.000000000,0.100000000,0.010989011,0.010989011,0.010989011,0.010989011,1.000000000,0.000000000,0.000000000,0.000000000,0.000000000,0.000000000,0.000000000,0.000000000,0.000000000,1.000000000,0.000000000,0.000000000,0.000000000,1.000000000,16.297040939,8.646310806,0.744708538,0.798604906,-0.000902579,0.000038150,0.601854980
356,40.216000000,fused_map_f2f,1,1,0,0.056923670,0.007972512,1.000000000,1.000000000,0.100000000,0.010989011,0.010989011,0.010989011,0.010989011,1.000000000,0.000000000,0.000000000,0.000000000,0.000000000,0.000000000,0.000000000,0.000000000,0.000000000,1.000000000,0.000000000,0.000000000,0.000000000,1.000000000,16.313255310,8.704797745,0.745233417,0.798530042,-0.000894972,0.000030941,0.601954281
357,40.316000000,fused_map_f2f,1,1,0,0.057719830,0.008587011,1.000000000,1.000000000,0.100000000,0.010989011,0.010989011,0.010989011,0.010989011,1.000000000,0.000000000,0.000000000,0.000000000,0.000000000,0.000000000,0.000000000,0.000000000,0.000000000,1.000000000,0.000000000,0.000000000,0.000000000,1.000000000,16.329658508,8.765626907,0.745204806,0.798490584,-0.000858456,0.000055107,0.602006674
358,40.414000000,fused_map_f2f,1,1,0,0.057874762,0.008720032,1.000000000,1.000000000,0.100000000,0.010989011,0.010989011,0.010989011,0.010989011,1.000000000,0.000000000,0.000000000,0.000000000,0.000000000,0.000000000,0.000000000,0.000000000,0.000000000,1.000000000,0.000000000,0.000000000,0.000000000,1.000000000,16.345470428,8.823437691,0.745156646,0.798448384,-0.000925916,0.000006390,0.602062583
359,40.512000000,fused_map_f2f,1,1,0,0.055888961,0.008257889,1.000000000,1.000000000,0.100000000,0.010989011,0.010989011,0.010989011,0.010989011,1.000000000,0.000000000,0.000000000,0.000000000,0.000000000,0.000000000,0.000000000,0.000000000,0.000000000,1.000000000,0.000000000,0.000000000,0.000000000,1.000000000,16.361377716,8.881175041,0.745213389,0.798394561,-0.000895131,-0.000000743,0.602134049
360,40.615000000,fused_map_f2f,1,1,0,0.056296708,0.008519289,1.000000000,1.000000000,0.100000000,0.010989011,0.010989011,0.010989011,0.010989011,1.000000000,0.000000000,0.000000000,0.000000000,0.000000000,0.000000000,0.000000000,0.000000000,0.000000000,1.000000000,0.000000000,0.000000000,0.000000000,1.000000000,16.377704620,8.941966057,0.745032728,0.798369229,-0.000819893,0.000066453,0.602167726
361,40.710000000,fused_map_f2f,1,1,0,0.059221794,0.007878748,1.000000000,1.000000000,0.100000000,0.010989011,0.010989011,0.010989011,0.010989011,1.000000000,0.000000000,0.000000000,0.000000000,0.000000000,0.000000000,0.000000000,0.000000000,0.000000000,1.000000000,0.000000000,0.000000000,0.000000000,1.000000000,16.393144608,8.997784615,0.744833529,0.798350155,-0.000815803,0.000073180,0.602192998
362,40.821000000,fused_map_f2f,1,1,0,0.055708616,0.008467385,1.000000000,1.000000000,0.100000000,0.010989011,0.010989011,0.010989011,0.010989011,1.000000000,0.000000000,0.000000000,0.000000000,0.000000000,0.000000000,0.000000000,0.000000000,0.000000000,1.000000000,0.000000000,0.000000000,0.000000000,1.000000000,16.412303925,9.065274239,0.744562984,0.798270702,-0.000731040,0.000091738,0.602298379
363,40.916000000,fused_map_f2f,1,1,0,0.056821423,0.007918336,1.000000000,1.000000000,0.100000000,0.010989011,0.010989011,0.010989011,0.010989011,1.000000000,0.000000000,0.000000000,0.000000000,0.000000000,0.000000000,0.000000000,0.000000000,0.000000000,1.000000000,0.000000000,0.000000000,0.000000000,1.000000000,16.427536011,9.123124123,0.744837940,0.798246384,-0.000713966,0.000089645,0.602330625
364,41.010000000,fused_map_f2f,1,1,0,0.056984902,0.007960727,1.000000000,1.000000000,0.100000000,0.010989011,0.010989011,0.010989011,0.010989011,1.000000000,0.000000000,0.000000000,0.000000000,0.000000000,0.000000000,0.000000000,0.000000000,0.000000000,1.000000000,0.000000000,0.000000000,0.000000000,1.000000000,16.443250656,9.178704262,0.744285226,0.798235774,-0.000724934,0.000122875,0.602344751
365,41.123000000,fused_map_f2f,1,1,0,0.054168828,0.009225491,1.000000000,1.000000000,0.100000000,0.010989011,0.010989011,0.010989011,0.010989011,1.000000000,0.000000000,0.000000000,0.000000000,0.000000000,0.000000000,0.000000000,0.000000000,0.000000000,1.000000000,0.000000000,0.000000000,0.000000000,1.000000000,16.461349487,9.245454788,0.744493186,0.798181236,-0.000719401,0.000060095,0.602416992
366,41.223000000,fused_map_f2f,1,1,0,0.056176395,0.008324384,1.000000000,1.000000000,0.100000000,0.010989011,0.010989011,0.010989011,0.010989011,1.000000000,0.000000000,0.000000000,0.000000000,0.000000000,0.000000000,0.000000000,0.000000000,0.000000000,1.000000000,0.000000000,0.000000000,0.000000000,1.000000000,16.477725983,9.304235458,0.744513988,0.798182011,-0.000684318,0.000062397,0.602416039
367,41.320000000,fused_map_f2f,1,1,0,0.057668747,0.007704505,1.000000000,1.000000000,0.100000000,0.010989011,0.010989011,0.010989011,0.010989011,1.000000000,0.000000000,0.000000000,0.000000000,0.000000000,0.000000000,0.000000000,0.000000000,0.000000000,1.000000000,0.000000000,0.000000000,0.000000000,1.000000000,16.493535995,9.361447334,0.744369864,0.798162758,-0.000686874,0.000061665,0.602441549
368,41.414000000,fused_map_f2f,1,1,0,0.057436059,0.007753922,1.000000000,1.000000000,0.100000000,0.010989011,0.010989011,0.010989011,0.010989011,1.000000000,0.000000000,0.000000000,0.000000000,0.000000000,0.000000000,0.000000000,0.000000000,0.000000000,1.000000000,0.000000000,0.000000000,0.000000000,1.000000000,16.508768082,9.417319298,0.744301319,0.798131526,-0.000709341,0.000034062,0.602482915
369,41.529000000,fused_map_f2f,1,1,0,0.058588493,0.008523643,1.000000000,1.000000000,0.100000000,0.010989011,0.010989011,0.010989011,0.010989011,1.000000000,0.000000000,0.000000000,0.000000000,0.000000000,0.000000000,0.000000000,0.000000000,0.000000000,1.000000000,0.000000000,0.000000000,0.000000000,1.000000000,16.527650833,9.486816406,0.744416654,0.798049748,-0.000775391,-0.000004159,0.602591097
370,41.626000000,fused_map_f2f,1,1,0,0.057668660,0.007394317,1.000000000,1.000000000,0.100000000,0.010989011,0.010989011,0.010989011,0.010989011,1.000000000,0.000000000,0.000000000,0.000000000,0.000000000,0.000000000,0.000000000,0.000000000,0.000000000,1.000000000,0.000000000,0.000000000,0.000000000,1.000000000,16.543216705,9.545324326,0.744271100,0.798033178,-0.000686468,0.000097742,0.602613091
371,41.725000000,fused_map_f2f,1,1,0,0.059565283,0.008592998,1.000000000,1.000000000,0.100000000,0.010989011,0.010989011,0.010989011,0.010989011,1.000000000,0.000000000,0.000000000,0.000000000,0.000000000,0.000000000,0.000000000,0.000000000,0.000000000,1.000000000,0.000000000,0.000000000,0.000000000,1.000000000,16.559566498,9.603487015,0.744213939,0.798015177,-0.000702775,0.000069382,0.602636993
372,41.817000000,fused_map_f2f,1,1,0,0.059322468,0.007612301,1.000000000,1.000000000,0.100000000,0.010989011,0.010989011,0.010989011,0.010989011,1.000000000,0.000000000,0.000000000,0.000000000,0.000000000,0.000000000,0.000000000,0.000000000,0.000000000,1.000000000,0.000000000,0.000000000,0.000000000,1.000000000,16.574737549,9.657899857,0.744250596,0.798014462,-0.000675864,0.000060126,0.602637947
373,41.919000000,fused_map_f2f,1,1,0,0.058433273,0.008032754,1.000000000,1.000000000,0.100000000,0.010989011,0.010989011,0.010989011,0.010989011,1.000000000,0.000000000,0.000000000,0.000000000,0.000000000,0.000000000,0.000000000,0.000000000,0.000000000,1.000000000,0.000000000,0.000000000,0.000000000,1.000000000,16.592393875,9.720840454,0.744336188,0.797972083,-0.000617907,0.000066857,0.602694154
374,42.022000000,fused_map_f2f,1,1,0,0.059529776,0.008057322,1.000000000,1.000000000,0.100000000,0.010989011,0.010989011,0.010989011,0.010989011,1.000000000,0.000000000,0.000000000,0.000000000,0.000000000,0.000000000,0.000000000,0.000000000,0.000000000,1.000000000,0.000000000,0.000000000,0.000000000,1.000000000,16.609907150,9.784353256,0.744132638,0.797978461,-0.000606380,0.000076319,0.602685630
375,42.126000000,fused_map_f2f,1,1,0,0.059978394,0.008024405,1.000000000,1.000000000,0.100000000,0.010989011,0.010989011,0.010989011,0.010989011,1.000000000,0.000000000,0.000000000,0.000000000,0.000000000,0.000000000,0.000000000,0.000000000,0.000000000,1.000000000,0.000000000,0.000000000,0.000000000,1.000000000,16.627061844,9.846707344,0.744112074,0.797936797,-0.000674538,0.000048629,0.602740824
376,42.221000000,fused_map_f2f,1,1,0,0.058102475,0.008679597,1.000000000,1.000000000,0.100000000,0.010989011,0.010989011,0.010989011,0.010989011,1.000000000,0.000000000,0.000000000,0.000000000,0.000000000,0.000000000,0.000000000,0.000000000,0.000000000,1.000000000,0.000000000,0.000000000,0.000000000,1.000000000,16.642681122,9.902896881,0.744198501,0.797930658,-0.000671911,0.000040804,0.602748930
377,42.314000000,fused_map_f2f,1,1,0,0.059576010,0.007408693,1.000000000,1.000000000,0.100000000,0.010989011,0.010989011,0.010989011,0.010989011,1.000000000,0.000000000,0.000000000,0.000000000,0.000000000,0.000000000,0.000000000,0.000000000,0.000000000,1.000000000,0.000000000,0.000000000,0.000000000,1.000000000,16.657094955,9.960280418,0.743689239,0.797885299,-0.000734814,0.000025578,0.602808833
378,42.412000000,fused_map_f2f,1,1,0,0.058112262,0.007916453,1.000000000,1.000000000,0.100000000,0.010989011,0.010989011,0.010989011,0.010989011,1.000000000,0.000000000,0.000000000,0.000000000,0.000000000,0.000000000,0.000000000,0.000000000,0.000000000,1.000000000,0.000000000,0.000000000,0.000000000,1.000000000,16.672613144,10.016592026,0.743827581,0.797856092,-0.000804285,-0.000028741,0.602847397
379,42.512000000,fused_map_f2f,1,1,0,0.058579441,0.008033852,1.000000000,1.000000000,0.100000000,0.010989011,0.010989011,0.010989011,0.010989011,1.000000000,0.000000000,0.000000000,0.000000000,0.000000000,0.000000000,0.000000000,0.000000000,0.000000000,1.000000000,0.000000000,0.000000000,0.000000000,1.000000000,16.688728333,10.075117111,0.743739843,0.797803164,-0.000778072,-0.000010143,0.602917552
380,42.610000000,fused_map_f2f,1,1,0,0.059729059,0.007675031,1.000000000,1.000000000,0.100000000,0.010989011,0.010989011,0.010989011,0.010989011,1.000000000,0.000000000,0.000000000,0.000000000,0.000000000,0.000000000,0.000000000,0.000000000,0.000000000,1.000000000,0.000000000,0.000000000,0.000000000,1.000000000,16.703939438,10.132696152,0.743719518,0.797777832,-0.000804869,-0.000021495,0.602950990
381,42.710000000,fused_map_f2f,1,1,0,0.056425898,0.008753411,1.000000000,1.000000000,0.100000000,0.010989011,0.010989011,0.010989011,0.010989011,1.000000000,0.000000000,0.000000000,0.000000000,0.000000000,0.000000000,0.000000000,0.000000000,0.000000000,1.000000000,0.000000000,0.000000000,0.000000000,1.000000000,16.721591949,10.194717407,0.743653893,0.797785521,-0.000796280,-0.000014629,0.602940857
382,42.817000000,fused_map_f2f,1,1,0,0.055111324,0.008276502,1.000000000,1.000000000,0.100000000,0.010989011,0.010989011,0.010989011,0.010989011,1.000000000,0.000000000,0.000000000,0.000000000,0.000000000,0.000000000,0.000000000,0.000000000,0.000000000,1.000000000,0.000000000,0.000000000,0.000000000,1.000000000,16.738862991,10.257876396,0.743797183,0.797766268,-0.000799499,-0.000031695,0.602966309
383,42.925000000,fused_map_f2f,1,1,0,0.057031725,0.008528303,1.000000000,1.000000000,0.100000000,0.010989011,0.010989011,0.010989011,0.010989011,1.000000000,0.000000000,0.000000000,0.000000000,0.000000000,0.000000000,0.000000000,0.000000000,0.000000000,1.000000000,0.000000000,0.000000000,0.000000000,1.000000000,16.756631851,10.324633598,0.743377984,0.797756672,-0.000831329,-0.000031291,0.602979004
384,43.018000000,fused_map_f2f,1,1,0,0.057837846,0.007441854,1.000000000,1.000000000,0.100000000,0.010989011,0.010989011,0.010989011,0.010989011,1.000000000,0.000000000,0.000000000,0.000000000,0.000000000,0.000000000,0.000000000,0.000000000,0.000000000,1.000000000,0.000000000,0.000000000,0.000000000,1.000000000,16.773715973,10.381798744,0.743469715,0.797761679,-0.000816687,-0.000026134,0.602972329
385,43.174000000,fused_map_f2f,1,1,0,0.056892315,0.012188748,1.000000000,1.000000000,0.100000000,0.010989011,0.010989011,0.010989011,0.010989011,1.000000000,0.000000000,0.000000000,0.000000000,0.000000000,0.000000000,0.000000000,0.000000000,0.000000000,1.000000000,0.000000000,0.000000000,0.000000000,1.000000000,16.799314499,10.474843025,0.743526816,0.797716200,-0.000822111,-0.000011371,0.603032589
386,43.214000000,fused_map_f2f,1,1,0,0.056633614,0.005527630,1.000000000,1.000000000,0.100000000,0.010989011,0.010989011,0.010989011,0.010989011,1.000000000,0.000000000,0.000000000,0.000000000,0.000000000,0.000000000,0.000000000,0.000000000,0.000000000,1.000000000,0.000000000,0.000000000,0.000000000,1.000000000,16.804824829,10.498897552,0.743130267,0.797746241,-0.000811596,0.000013936,0.602992773
387,43.311000000,fused_map_f2f,1,1,0,0.059160441,0.008133856,1.000000000,1.000000000,0.100000000,0.010989011,0.010989011,0.010989011,0.010989011,1.000000000,0.000000000,0.000000000,0.000000000,0.000000000,0.000000000,0.000000000,0.000000000,0.000000000,1.000000000,0.000000000,0.000000000,0.000000000,1.000000000,16.820743561,10.556014061,0.743096292,0.797723234,-0.000837035,-0.000001971,0.603023171
388,43.422000000,fused_map_f2f,1,1,0,0.060244485,0.008818904,0.999032247,0.999032247,0.100000000,0.010999539,0.010999539,0.010999539,0.010999539,1.000000000,0.000000000,0.000000000,0.000000000,0.000000000,0.000000000,0.000000000,0.000000000,0.000000000,1.000000000,0.000000000,0.000000000,0.000000000,1.000000000,16.838434219,10.620845795,0.743039072,0.797672927,-0.000846995,-0.000034578,0.603089690
389,43.516000000,fused_map_f2f,1,1,0,0.057661484,0.007953071,1.000000000,1.000000000,0.100000000,0.010989011,0.010989011,0.010989011,0.010989011,1.000000000,0.000000000,0.000000000,0.000000000,0.000000000,0.000000000,0.000000000,0.000000000,0.000000000,1.000000000,0.000000000,0.000000000,0.000000000,1.000000000,16.852909088,10.676185608,0.742830098,0.797638834,-0.000822586,-0.000048253,0.603134811
390,43.617000000,fused_map_f2f,1,1,0,0.059002445,0.008658389,1.000000000,1.000000000,0.100000000,0.010989011,0.010989011,0.010989011,0.010989011,1.000000000,0.000000000,0.000000000,0.000000000,0.000000000,0.000000000,0.000000000,0.000000000,0.000000000,1.000000000,0.000000000,0.000000000,0.000000000,1.000000000,16.868980408,10.736150742,0.742758334,0.797614574,-0.000845920,-0.000043360,0.603166878
391,43.710000000,fused_map_f2f,1,1,0,0.059294393,0.008815517,1.000000000,1.000000000,0.100000000,0.010989011,0.010989011,0.010989011,0.010989011,1.000000000,0.000000000,0.000000000,0.000000000,0.000000000,0.000000000,0.000000000,0.000000000,0.000000000,1.000000000,0.000000000,0.000000000,0.000000000,1.000000000,16.883703232,10.791205406,0.742745280,0.797594428,-0.000851378,-0.000031001,0.603193581
392,43.822000000,fused_map_f2f,1,1,0,0.057801495,0.009452016,1.000000000,1.000000000,0.100000000,0.010989011,0.010989011,0.010989011,0.010989011,1.000000000,0.000000000,0.000000000,0.000000000,0.000000000,0.000000000,0.000000000,0.000000000,0.000000000,1.000000000,0.000000000,0.000000000,0.000000000,1.000000000,16.901468277,10.857561111,0.742748439,0.797571361,-0.000848084,0.000001922,0.603224099
393,43.918000000,fused_map_f2f,1,1,0,0.058635679,0.008097487,1.000000000,1.000000000,0.100000000,0.010989011,0.010989011,0.010989011,0.010989011,1.000000000,0.000000000,0.000000000,0.000000000,0.000000000,0.000000000,0.000000000,0.000000000,0.000000000,1.000000000,0.000000000,0.000000000,0.000000000,1.000000000,16.917163849,10.915985107,0.742704213,0.797552586,-0.000849392,0.000000829,0.603248894
394,44.019000000,fused_map_f2f,1,1,0,0.058206584,0.008876058,1.000000000,1.000000000,0.100000000,0.010989011,0.010989011,0.010989011,0.010989011,1.000000000,0.000000000,0.000000000,0.000000000,0.000000000,0.000000000,0.000000000,0.000000000,0.000000000,1.000000000,0.000000000,0.000000000,0.000000000,1.000000000,16.935066223,10.978845596,0.742547572,0.797531605,-0.000905808,-0.000069407,0.603276551
395,44.112000000,fused_map_f2f,1,1,0,0.057999598,0.008094832,1.000000000,1.000000000,0.100000000,0.010989011,0.010989011,0.010989011,0.010989011,1.000000000,0.000000000,0.000000000,0.000000000,0.000000000,0.000000000,0.000000000,0.000000000,0.000000000,1.000000000,0.000000000,0.000000000,0.000000000,1.000000000,16.950431824,11.035308838,0.743108273,0.797527134,-0.000845969,-0.000054566,0.603282511
396,44.221000000,fused_map_f2f,1,1,0,0.057861417,0.009241948,1.000000000,1.000000000,0.100000000,0.010989011,0.010989011,0.010989011,0.010989011,1.000000000,0.000000000,0.000000000,0.000000000,0.000000000,0.000000000,0.000000000,0.000000000,0.000000000,1.000000000,0.000000000,0.000000000,0.000000000,1.000000000,16.968151093,11.099772453,0.742524385,0.797515154,-0.000855155,-0.000089202,0.603298306
397,44.317000000,fused_map_f2f,1,1,0,0.058483455,0.008769255,1.000000000,1.000000000,0.100000000,0.010989011,0.010989011,0.010989011,0.010989011,1.000000000,0.000000000,0.000000000,0.000000000,0.000000000,0.000000000,0.000000000,0.000000000,0.000000000,1.000000000,0.000000000,0.000000000,0.000000000,1.000000000,16.982450485,11.155610085,0.742412031,0.797464252,-0.000920345,-0.000097776,0.603365481
398,44.418000000,fused_map_f2f,1,1,0,0.058049706,0.008762536,1.000000000,1.000000000,0.100000000,0.010989011,0.010989011,0.010989011,0.010989011,1.000000000,0.000000000,0.000000000,0.000000000,0.000000000,0.000000000,0.000000000,0.000000000,0.000000000,1.000000000,0.000000000,0.000000000,0.000000000,1.000000000,16.997430801,11.214466095,0.743078887,0.797404587,-0.000887681,-0.000088412,0.603444457
399,44.512000000,fused_map_f2f,1,1,0,0.056672402,0.009286426,1.000000000,1.000000000,0.100000000,0.010989011,0.010989011,0.010989011,0.010989011,1.000000000,0.000000000,0.000000000,0.000000000,0.000000000,0.000000000,0.000000000,0.000000000,0.000000000,1.000000000,0.000000000,0.000000000,0.000000000,1.000000000,17.013059616,11.271250725,0.743248224,0.797435999,-0.000861525,-0.000064885,0.603402913
400,44.621000000,fused_map_f2f,1,1,0,0.059289969,0.009243795,1.000000000,1.000000000,0.100000000,0.010989011,0.010989011,0.010989011,0.010989011,1.000000000,0.000000000,0.000000000,0.000000000,0.000000000,0.000000000,0.000000000,0.000000000,0.000000000,1.000000000,0.000000000,0.000000000,0.000000000,1.000000000,17.030305862,11.335521698,0.743063152,0.797373891,-0.000848102,-0.000063638,0.603484988
401,44.718000000,fused_map_f2f,1,1,0,0.057342047,0.008432382,1.000000000,1.000000000,0.100000000,0.010989011,0.010989011,0.010989011,0.010989011,1.000000000,0.000000000,0.000000000,0.000000000,0.000000000,0.000000000,0.000000000,0.000000000,0.000000000,1.000000000,0.000000000,0.000000000,0.000000000,1.000000000,17.045162201,11.392518044,0.743032515,0.797351420,-0.000857225,-0.000069840,0.603514731
402,44.815000000,fused_map_f2f,1,1,0,0.056006482,0.008400275,1.000000000,1.000000000,0.100000000,0.010989011,0.010989011,0.010989011,0.010989011,1.000000000,0.000000000,0.000000000,0.000000000,0.000000000,0.000000000,0.000000000,0.000000000,0.000000000,1.000000000,0.000000000,0.000000000,0.000000000,1.000000000,17.060773849,11.450932503,0.742936432,0.797329545,-0.000827985,-0.000050206,0.603543580
403,44.914000000,fused_map_f2f,1,1,0,0.058119686,0.009480489,1.000000000,1.000000000,0.100000000,0.010989011,0.010989011,0.010989011,0.010989011,1.000000000,0.000000000,0.000000000,0.000000000,0.000000000,0.000000000,0.000000000,0.000000000,0.000000000,1.000000000,0.000000000,0.000000000,0.000000000,1.000000000,17.076309204,11.509346962,0.742766321,0.797313929,-0.000845542,-0.000066647,0.603564203
404,45.022000000,fused_map_f2f,1,1,0,0.059436087,0.009484841,1.000000000,1.000000000,0.100000000,0.010989011,0.010989011,0.010989011,0.010989011,1.000000000,0.000000000,0.000000000,0.000000000,0.000000000,0.000000000,0.000000000,0.000000000,0.000000000,1.000000000,0.000000000,0.000000000,0.000000000,1.000000000,17.093252182,11.572773933,0.742549539,0.797280431,-0.000881288,-0.000093549,0.603608429
405,45.118000000,fused_map_f2f,1,1,0,0.056867430,0.008951958,1.000000000,1.000000000,0.100000000,0.010989011,0.010989011,0.010989011,0.010989011,1.000000000,0.000000000,0.000000000,0.000000000,0.000000000,0.000000000,0.000000000,0.000000000,0.000000000,1.000000000,0.000000000,0.000000000,0.000000000,1.000000000,17.107864380,11.628932953,0.742495239,0.797245860,-0.000867135,-0.000087886,0.603654146
406,45.212000000,fused_map_f2f,1,1,0,0.059034009,0.008398994,1.000000000,1.000000000,0.100000000,0.010989011,0.010989011,0.010989011,0.010989011,1.000000000,0.000000000,0.000000000,0.000000000,0.000000000,0.000000000,0.000000000,0.000000000,0.000000000,1.000000000,0.000000000,0.000000000,0.000000000,1.000000000,17.122713089,11.685059547,0.742252231,0.797219992,-0.000826570,-0.000017921,0.603688359
407,45.310000000,fused_map_f2f,1,1,0,0.059773767,0.008958672,1.000000000,1.000000000,0.100000000,0.010989011,0.010989011,0.010989011,0.010989011,1.000000000,0.000000000,0.000000000,0.000000000,0.000000000,0.000000000,0.000000000,0.000000000,0.000000000,1.000000000,0.000000000,0.000000000,0.000000000,1.000000000,17.137821198,11.742312431,0.742042363,0.797208726,-0.000866194,-0.000047539,0.603703201
408,45.421000000,fused_map_f2f,1,1,0,0.060993105,0.010059972,0.996068959,0.996068959,0.100000000,0.011031901,0.011031901,0.011031901,0.011031901,1.000000000,0.000000000,0.000000000,0.000000000,0.000000000,0.000000000,0.000000000,0.000000000,0.000000000,1.000000000,0.000000000,0.000000000,0.000000000,1.000000000,17.155300140,11.807119370,0.741808057,0.797189355,-0.000952409,-0.000110125,0.603728652
409,45.519000000,fused_map_f2f,1,1,0,0.061583265,0.009372703,0.993732909,0.993732909,0.100000000,0.011057548,0.011057548,0.011057548,0.011057548,1.000000000,0.000000000,0.000000000,0.000000000,0.000000000,0.000000000,0.000000000,0.000000000,0.000000000,1.000000000,0.000000000,0.000000000,0.000000000,1.000000000,17.170425415,11.864574432,0.741515577,0.797164202,-0.000964267,-0.000111607,0.603761852
410,45.622000000,fused_map_f2f,1,1,0,0.063289333,0.009781458,0.986979723,0.986979723,0.100000000,0.011132365,0.011132365,0.011132365,0.011132365,1.000000000,0.000000000,0.000000000,0.000000000,0.000000000,0.000000000,0.000000000,0.000000000,0.000000000,1.000000000,0.000000000,0.000000000,0.000000000,1.000000000,17.186565399,11.924054146,0.741335928,0.797169268,-0.001017458,-0.000131680,0.603755057
411,45.722000000,fused_map_f2f,1,1,0,0.064104473,0.009754849,0.983753129,0.983753129,0.100000000,0.011168470,0.011168470,0.011168470,0.011168470,1.000000000,0.000000000,0.000000000,0.000000000,0.000000000,0.000000000,0.000000000,0.000000000,0.000000000,1.000000000,0.000000000,0.000000000,0.000000000,1.000000000,17.201709747,11.983340263,0.740404189,0.797125220,-0.001085488,-0.000171978,0.603813052
412,45.827000000,fused_map_f2f,1,1,0,0.060622538,0.009816851,0.997535789,0.997535789,0.100000000,0.011015858,0.011015858,0.011015858,0.011015858,1.000000000,0.000000000,0.000000000,0.000000000,0.000000000,0.000000000,0.000000000,0.000000000,0.000000000,1.000000000,0.000000000,0.000000000,0.000000000,1.000000000,17.217969894,12.045195580,0.740529180,0.797102451,-0.001069697,-0.000156847,0.603843212
413,45.922000000,fused_map_f2f,1,1,0,0.062108907,0.009205207,0.991652244,0.991652244,0.100000000,0.011080492,0.011080492,0.011080492,0.011080492,1.000000000,0.000000000,0.000000000,0.000000000,0.000000000,0.000000000,0.000000000,0.000000000,0.000000000,1.000000000,0.000000000,0.000000000,0.000000000,1.000000000,17.232658386,12.099973679,0.740460217,0.797092915,-0.001069615,-0.000155590,0.603855789
414,46.025000000,fused_map_f2f,1,1,0,0.062966555,0.009467252,0.988257388,0.988257388,0.100000000,0.011118132,0.011118132,0.011118132,0.011118132,1.000000000,0.000000000,0.000000000,0.000000000,0.000000000,0.000000000,0.000000000,0.000000000,0.000000000,1.000000000,0.000000000,0.000000000,0.000000000,1.000000000,17.248695374,12.159365654,0.740430415,0.797067344,-0.001015383,-0.000133647,0.603889585
415,46.115000000,fused_map_f2f,1,1,0,0.063470836,0.010133178,0.986261274,0.986261274,0.100000000,0.011140384,0.011140384,0.011140384,0.011140384,1.000000000,0.000000000,0.000000000,0.000000000,0.000000000,0.000000000,0.000000000,0.000000000,0.000000000,1.000000000,0.000000000,0.000000000,0.000000000,1.000000000,17.262321472,12.211123466,0.740240693,0.797047496,-0.001012738,-0.000128589,0.603915811
416,46.225000000,fused_map_f2f,1,1,0,0.062020494,0.010726518,0.992002209,0.992002209,0.100000000,0.011076626,0.011076626,0.011076626,0.011076626,1.000000000,0.000000000,0.000000000,0.000000000,0.000000000,0.000000000,0.000000000,0.000000000,0.000000000,1.000000000,0.000000000,0.000000000,0.000000000,1.000000000,17.279497147,12.274574280,0.740360677,0.797035336,-0.001062732,-0.000189476,0.603931725
417,46.324000000,fused_map_f2f,1,1,0,0.062401915,0.009543713,0.990492421,0.990492421,0.100000000,0.011093323,0.011093323,0.011093323,0.011093323,1.000000000,0.000000000,0.000000000,0.000000000,0.000000000,0.000000000,0.000000000,0.000000000,0.000000000,1.000000000,0.000000000,0.000000000,0.000000000,1.000000000,17.294094086,12.331468582,0.740353167,0.797013044,-0.001020792,-0.000170176,0.603961229
418,46.419000000,fused_map_f2f,1,1,0,0.063329301,0.010739748,0.986821516,0.986821516,0.100000000,0.011134130,0.011134130,0.011134130,0.011134130,1.000000000,0.000000000,0.000000000,0.000000000,0.000000000,0.000000000,0.000000000,0.000000000,0.000000000,1.000000000,0.000000000,0.000000000,0.000000000,1.000000000,17.308404922,12.385992050,0.739985347,0.797008157,-0.001017873,-0.000169676,0.603967667
419,46.525000000,fused_map_f2f,1,1,0,0.062558362,0.010855425,0.989873151,0.989873151,0.100000000,0.011100186,0.011100186,0.011100186,0.011100186,1.000000000,0.000000000,0.000000000,0.000000000,0.000000000,0.000000000,0.000000000,0.000000000,0.000000000,1.000000000,0.000000000,0.000000000,0.000000000,1.000000000,17.324914932,12.450106621,0.740124822,0.796993792,-0.000815052,-0.000093917,0.603986979
420,46.623000000,fused_map_f2f,1,1,0,0.064101454,0.010015288,0.983765078,0.983765078,0.100000000,0.011168336,0.011168336,0.011168336,0.011168336,1.000000000,0.000000000,0.000000000,0.000000000,0.000000000,0.000000000,0.000000000,0.000000000,0.000000000,1.000000000,0.000000000,0.000000000,0.000000000,1.000000000,17.339267731,12.505512238,0.739785731,0.796969354,-0.000811911,-0.000088013,0.604019225
421,46.719000000,fused_map_f2f,1,1,0,0.062837494,0.010122525,0.988768254,0.988768254,0.100000000,0.011112452,0.011112452,0.011112452,0.011112452,1.000000000,0.000000000,0.000000000,0.000000000,0.000000000,0.000000000,0.000000000,0.000000000,0.000000000,1.000000000,0.000000000,0.000000000,0.000000000,1.000000000,17.353519440,12.560221672,0.739589512,0.796946943,-0.000818045,-0.000101768,0.604048789
422,46.826000000,fused_map_f2f,1,1,0,0.063271980,0.011242189,0.987048412,0.987048412,0.100000000,0.011131599,0.011131599,0.011131599,0.011131599,1.000000000,0.000000000,0.000000000,0.000000000,0.000000000,0.000000000,0.000000000,0.000000000,0.000000000,1.000000000,0.000000000,0.000000000,0.000000000,1.000000000,17.369358063,12.621078491,0.739539027,0.796935856,-0.000809272,-0.000080854,0.604063451
423,46.917000000,fused_map_f2f,1,1,0,0.064939636,0.009909971,0.980447274,0.980447274,0.100000000,0.011205705,0.011205705,0.011205705,0.011205705,1.000000000,0.000000000,0.000000000,0.000000000,0.000000000,0.000000000,0.000000000,0.000000000,0.000000000,1.000000000,0.000000000,0.000000000,0.000000000,1.000000000,17.382965088,12.672536850,0.739391088,0.796920121,-0.000773659,-0.000052375,0.604084253
424,47.025000000,fused_map_f2f,1,1,0,0.065035851,0.011359397,0.980066422,0.980066422,0.100000000,0.011210011,0.011210011,0.011210011,0.011210011,1.000000000,0.000000000,0.000000000,0.000000000,0.000000000,0.000000000,0.000000000,0.000000000,0.000000000,1.000000000,0.000000000,0.000000000,0.000000000,1.000000000,17.399099350,12.733688354,0.739429295,0.796902478,-0.000755297,-0.000055952,0.604107499
425,47.138000000,fused_map_f2f,1,1,0,0.065363938,0.011291327,0.978767744,0.978767744,0.100000000,0.011224718,0.011224718,0.011224718,0.011224718,1.000000000,0.000000000,0.000000000,0.000000000,0.000000000,0.000000000,0.000000000,0.000000000,0.000000000,1.000000000,0.000000000,0.000000000,0.000000000,1.000000000,17.419086456,12.801304817,0.739719152,0.796911418,-0.000624105,-0.000063813,0.604095876
426,47.218000000,fused_map_f2f,1,1,0,0.064655546,0.010153462,0.981571796,0.981571796,0.100000000,0.011193011,0.011193011,0.011193011,0.011193011,1.000000000,0.000000000,0.000000000,0.000000000,0.000000000,0.000000000,0.000000000,0.000000000,0.000000000,1.000000000,0.000000000,0.000000000,0.000000000,1.000000000,17.432371140,12.848212242,0.739527524,0.796915174,-0.000693527,-0.000073838,0.604090869
427,47.340000000,fused_map_f2f,1,1,0,0.064814373,0.012707903,0.980943105,0.980943105,0.100000000,0.011200105,0.011200105,0.011200105,0.011200105,1.000000000,0.000000000,0.000000000,0.000000000,0.000000000,0.000000000,0.000000000,0.000000000,0.000000000,1.000000000,0.000000000,0.000000000,0.000000000,1.000000000,17.448986053,12.917619705,0.739524186,0.796884358,-0.000624309,-0.000075811,0.604131520
428,47.415000000,fused_map_f2f,1,1,0,0.064242772,0.012540148,0.983205696,0.983205696,0.100000000,0.011174619,0.011174619,0.011174619,0.011174619,1.000000000,0.000000000,0.000000000,0.000000000,0.000000000,0.000000000,0.000000000,0.000000000,0.000000000,1.000000000,0.000000000,0.000000000,0.000000000,1.000000000,17.460771561,12.959252357,0.739536345,0.796841443,-0.000544333,-0.000055906,0.604188204
429,47.516000000,fused_map_f2f,1,1,0,0.064043971,0.011722095,0.983992616,0.983992616,0.100000000,0.011165782,0.011165782,0.011165782,0.011165782,1.000000000,0.000000000,0.000000000,0.000000000,0.000000000,0.000000000,0.000000000,0.000000000,0.000000000,1.000000000,0.000000000,0.000000000,0.000000000,1.000000000,17.475194931,13.016201019,0.739656508,0.796808064,-0.000513822,-0.000017634,0.604232311
430,47.614000000,fused_map_f2f,1,1,0,0.063288993,0.011240776,0.986981070,0.986981070,0.100000000,0.011132350,0.011132350,0.011132350,0.011132350,1.000000000,0.000000000,0.000000000,0.000000000,0.000000000,0.000000000,0.000000000,0.000000000,0.000000000,1.000000000,0.000000000,0.000000000,0.000000000,1.000000000,17.489341736,13.072365761,0.740086436,0.796823919,-0.000475811,-0.000001296,0.604211330
431,47.711000000,fused_map_f2f,1,1,0,0.062515907,0.014120644,0.990041200,0.990041200,0.100000000,0.011098322,0.011098322,0.011098322,0.011098322,1.000000000,0.000000000,0.000000000,0.000000000,0.000000000,0.000000000,0.000000000,0.000000000,0.000000000,1.000000000,0.000000000,0.000000000,0.000000000,1.000000000,17.504961014,13.127586365,0.740300298,0.796817005,-0.000456577,0.000008951,0.604220569
432,47.814000000,fused_map_f2f,1,1,0,0.062674918,0.012741176,0.989411782,0.989411782,0.100000000,0.011105304,0.011105304,0.011105304,0.011105304,1.000000000,0.000000000,0.000000000,0.000000000,0.000000000,0.000000000,0.000000000,0.000000000,0.000000000,1.000000000,0.000000000,0.000000000,0.000000000,1.000000000,17.521446228,13.186240196,0.740294516,0.796822309,-0.000428397,0.000022468,0.604213536
433,47.916000000,fused_map_f2f,1,1,0,0.064192185,0.012791200,0.983405936,0.983405936,0.100000000,0.011172369,0.011172369,0.011172369,0.011172369,1.000000000,0.000000000,0.000000000,0.000000000,0.000000000,0.000000000,0.000000000,0.000000000,0.000000000,1.000000000,0.000000000,0.000000000,0.000000000,1.000000000,17.536945343,13.243646622,0.740577638,0.796827435,-0.000474508,0.000062218,0.604206741
434,48.010000000,fused_map_f2f,1,1,0,0.064068682,0.012764527,0.983894801,0.983894801,0.100000000,0.011166879,0.011166879,0.011166879,0.011166879,1.000000000,0.000000000,0.000000000,0.000000000,0.000000000,0.000000000,0.000000000,0.000000000,0.000000000,1.000000000,0.000000000,0.000000000,0.000000000,1.000000000,17.550380707,13.296346664,0.740394056,0.796827853,-0.000445006,0.000044849,0.604206264
435,48.118000000,fused_map_f2f,1,1,0,0.063308652,0.013911726,0.986903253,0.986903253,0.100000000,0.011133218,0.011133218,0.011133218,0.011133218,1.000000000,0.000000000,0.000000000,0.000000000,0.000000000,0.000000000,0.000000000,0.000000000,0.000000000,1.000000000,0.000000000,0.000000000,0.000000000,1.000000000,17.567890167,13.357729912,0.740155876,0.796854258,-0.000445991,0.000078525,0.604171455
436,48.218000000,fused_map_f2f,1,1,0,0.064445311,0.016695897,0.982403976,0.982403976,0.100000000,0.011183636,0.011183636,0.011183636,0.011183636,1.000000000,0.000000000,0.000000000,0.000000000,0.000000000,0.000000000,0.000000000,0.000000000,0.000000000,1.000000000,0.000000000,0.000000000,0.000000000,1.000000000,17.582178116,13.413338661,0.740107298,0.796828866,-0.000453984,0.000090893,0.604204893
437,48.310000000,fused_map_f2f,1,1,0,0.066063174,0.021924875,0.975999936,0.975999936,0.100000000,0.011256192,0.011256192,0.011256192,0.011256192,1.000000000,0.000000000,0.000000000,0.000000000,0.000000000,0.000000000,0.000000000,0.000000000,0.000000000,1.000000000,0.000000000,0.000000000,0.000000000,1.000000000,17.595769882,13.464596748,0.740203679,0.796836019,-0.000406079,0.000094683,0.604195476
438,48.424000000,fused_map_f2f,1,1,0,0.066042044,0.019238897,0.976083576,0.976083576,0.100000000,0.011255238,0.011255238,0.011255238,0.011255238,1.000000000,0.000000000,0.000000000,0.000000000,0.000000000,0.000000000,0.000000000,0.000000000,0.000000000,1.000000000,0.000000000,0.000000000,0.000000000,1.000000000,17.611814499,13.527254105,0.740451515,0.796817482,-0.000376828,0.000101059,0.604220033
439,48.524000000,fused_map_f2f,1,1,0,0.063891192,0.013658045,0.984597364,0.984597364,0.100000000,0.011159000,0.011159000,0.011159000,0.011159000,1.000000000,0.000000000,0.000000000,0.000000000,0.000000000,0.000000000,0.000000000,0.000000000,0.000000000,1.000000000,0.000000000,0.000000000,0.000000000,1.000000000,17.625984192,13.582194328,0.740368485,0.796786308,-0.000393833,0.000111653,0.604261041
440,48.620000000,fused_map_f2f,1,1,0,0.064048399,0.015449209,0.983975087,0.983975087,0.100000000,0.011165979,0.011165979,0.011165979,0.011165979,1.000000000,0.000000000,0.000000000,0.000000000,0.000000000,0.000000000,0.000000000,0.000000000,0.000000000,1.000000000,0.000000000,0.000000000,0.000000000,1.000000000,17.641027451,13.633833885,0.740543962,0.796823740,-0.000395144,0.000140053,0.604211688
441,48.710000000,fused_map_f2f,1,1,0,0.063140463,0.019733708,0.987569000,0.987569000,0.100000000,0.011125796,0.011125796,0.011125796,0.011125796,1.000000000,0.000000000,0.000000000,0.000000000,0.000000000,0.000000000,0.000000000,0.000000000,0.000000000,1.000000000,0.000000000,0.000000000,0.000000000,1.000000000,17.653821945,13.683185577,0.740254104,0.796819210,-0.000416452,0.000130643,0.604217649
442,48.818000000,fused_map_f2f,1,1,0,0.061056596,0.016004642,0.995817643,0.995817643,0.100000000,0.011034655,0.011034655,0.011034655,0.011034655,1.000000000,0.000000000,0.000000000,0.000000000,0.000000000,0.000000000,0.000000000,0.000000000,0.000000000,1.000000000,0.000000000,0.000000000,0.000000000,1.000000000,17.670495987,13.742589951,0.739872396,0.796825886,-0.000384003,0.000136589,0.604208827
443,48.921000000,fused_map_f2f,1,1,0,0.062923742,0.015312224,0.988426855,0.988426855,0.100000000,0.011116247,0.011116247,0.011116247,0.011116247,1.000000000,0.000000000,0.000000000,0.000000000,0.000000000,0.000000000,0.000000000,0.000000000,0.000000000,1.000000000,0.000000000,0.000000000,0.000000000,1.000000000,17.685203552,13.799164772,0.739602387,0.796833813,-0.000376995,0.000128668,0.604198396
444,49.013000000,fused_map_f2f,1,1,0,0.061845994,0.017344522,0.992692941,0.992692941,0.100000000,0.011069004,0.011069004,0.011069004,0.011069004,1.000000000,0.000000000,0.000000000,0.000000000,0.000000000,0.000000000,0.000000000,0.000000000,0.000000000,1.000000000,0.000000000,0.000000000,0.000000000,1.000000000,17.698724747,13.849211693,0.739584267,0.796838403,-0.000414680,0.000091812,0.604192376
445,49.112000000,fused_map_f2f,1,1,0,0.060775902,0.017275807,0.996928719,0.996928719,0.100000000,0.011022492,0.011022492,0.011022492,0.011022492,1.000000000,0.000000000,0.000000000,0.000000000,0.000000000,0.000000000,0.000000000,0.000000000,0.000000000,1.000000000,0.000000000,0.000000000,0.000000000,1.000000000,17.712381363,13.905401230,0.739217818,0.796806276,-0.000351098,0.000118526,0.604234755
446,49.219000000,fused_map_f2f,1,1,0,0.059292940,0.015011596,1.000000000,1.000000000,0.100000000,0.010989011,0.010989011,0.010989011,0.010989011,1.000000000,0.000000000,0.000000000,0.000000000,0.000000000,0.000000000,0.000000000,0.000000000,0.000000000,1.000000000,0.000000000,0.000000000,0.000000000,1.000000000,17.728506088,13.964176178,0.739015698,0.796802938,-0.000320291,0.000125802,0.604239225
447,49.321000000,fused_map_f2f,1,1,0,0.059368636,0.016942541,1.000000000,1.000000000,0.100000000,0.010989011,0.010989011,0.010989011,0.010989011,1.000000000,0.000000000,0.000000000,0.000000000,0.000000000,0.000000000,0.000000000,0.000000000,0.000000000,1.000000000,0.000000000,0.000000000,0.000000000,1.000000000,17.743354797,14.019421577,0.739291489,0.796811700,-0.000354473,0.000106586,0.604227602
448,49.410000000,fused_map_f2f,1,1,0,0.058934422,0.016612263,1.000000000,1.000000000,0.100000000,0.010989011,0.010989011,0.010989011,0.010989011,1.000000000,0.000000000,0.000000000,0.000000000,0.000000000,0.000000000,0.000000000,0.000000000,0.000000000,1.000000000,0.000000000,0.000000000,0.000000000,1.000000000,17.755701065,14.067420959,0.739462078,0.796802580,-0.000402295,0.000048426,0.604239643
449,49.518000000,fused_map_f2f,1,1,0,0.057456442,0.017371414,1.000000000,1.000000000,0.100000000,0.010989011,0.010989011,0.010989011,0.010989011,1.000000000,0.000000000,0.000000000,0.000000000,0.000000000,0.000000000,0.000000000,0.000000000,0.000000000,1.000000000,0.000000000,0.000000000,0.000000000,1.000000000,17.770805359,14.126033783,0.739523530,0.796805441,-0.000324358,0.000089123,0.604235828
450,49.621000000,fused_map_f2f,1,1,0,0.057801106,0.015556119,1.000000000,1.000000000,0.100000000,0.010989011,0.010989011,0.010989011,0.010989011,1.000000000,0.000000000,0.000000000,0.000000000,0.000000000,0.000000000,0.000000000,0.000000000,0.000000000,1.000000000,0.000000000,0.000000000,0.000000000,1.000000000,17.787086487,14.185454369,0.739065230,0.796816885,-0.000332399,0.000139893,0.604220867
451,49.726000000,fused_map_f2f,1,1,0,0.059953319,0.016424190,1.000000000,1.000000000,0.100000000,0.010989011,0.010989011,0.010989011,0.010989011,1.000000000,0.000000000,0.000000000,0.000000000,0.000000000,0.000000000,0.000000000,0.000000000,0.000000000,1.000000000,0.000000000,0.000000000,0.000000000,1.000000000,17.802066803,14.242758751,0.738819003,0.796842217,-0.000321986,0.000137915,0.604187369
452,49.813000000,fused_map_f2f,1,1,0,0.059199967,0.017986986,1.000000000,1.000000000,0.100000000,0.010989011,0.010989011,0.010989011,0.010989011,1.000000000,0.000000000,0.000000000,0.000000000,0.000000000,0.000000000,0.000000000,0.000000000,0.000000000,1.000000000,0.000000000,0.000000000,0.000000000,1.000000000,17.814107895,14.289439201,0.738812685,0.796815097,-0.000333397,0.000127512,0.604223132
453,49.915000000,fused_map_f2f,1,1,0,0.059401991,0.018411184,1.000000000,1.000000000,0.100000000,0.010989011,0.010989011,0.010989011,0.010989011,1.000000000,0.000000000,0.000000000,0.000000000,0.000000000,0.000000000,0.000000000,0.000000000,0.000000000,1.000000000,0.000000000,0.000000000,0.000000000,1.000000000,17.830347061,14.344996452,0.738283396,0.796827734,-0.000372018,0.000131454,0.604206443
454,50.010000000,fused_map_f2f,1,1,0,0.058735958,0.015756465,1.000000000,1.000000000,0.100000000,0.010989011,0.010989011,0.010989011,0.010989011,1.000000000,0.000000000,0.000000000,0.000000000,0.000000000,0.000000000,0.000000000,0.000000000,0.000000000,1.000000000,0.000000000,0.000000000,0.000000000,1.000000000,17.843084335,14.395065308,0.738281548,0.796808720,-0.000369045,0.000125873,0.604231477
455,50.118000000,fused_map_f2f,1,1,0,0.058904228,0.017414253,1.000000000,1.000000000,0.100000000,0.010989011,0.010989011,0.010989011,0.010989011,1.000000000,0.000000000,0.000000000,0.000000000,0.000000000,0.000000000,0.000000000,0.000000000,0.000000000,1.000000000,0.000000000,0.000000000,0.000000000,1.000000000,17.857320786,14.453080177,0.738377750,0.796779752,-0.000381377,0.000128366,0.604269683
456,50.226000000,fused_map_f2f,1,1,0,0.055349432,0.017568402,1.000000000,1.000000000,0.100000000,0.010989011,0.010989011,0.010989011,0.010989011,1.000000000,0.000000000,0.000000000,0.000000000,0.000000000,0.000000000,0.000000000,0.000000000,0.000000000,1.000000000,0.000000000,0.000000000,0.000000000,1.000000000,17.872077942,14.510460854,0.738458455,0.796778560,-0.000360047,0.000139483,0.604271293
457,50.313000000,fused_map_f2f,1,1,0,0.056832809,0.014943146,1.000000000,1.000000000,0.100000000,0.010989011,0.010989011,0.010989011,0.010989011,1.000000000,0.000000000,0.000000000,0.000000000,0.000000000,0.000000000,0.000000000,0.000000000,0.000000000,1.000000000,0.000000000,0.000000000,0.000000000,1.000000000,17.883640289,14.556391716,0.738456607,0.796770811,-0.000338293,0.000155016,0.604281545
458,50.425000000,fused_map_f2f,1,1,0,0.057043121,0.017225566,1.000000000,1.000000000,0.100000000,0.010989011,0.010989011,0.010989011,0.010989011,1.000000000,0.000000000,0.000000000,0.000000000,0.000000000,0.000000000,0.000000000,0.000000000,0.000000000,1.000000000,0.000000000,0.000000000,0.000000000,1.000000000,17.899005890,14.615898132,0.738444328,0.796755254,-0.000313475,0.000197038,0.604302049
459,50.513000000,fused_map_f2f,1,1,0,0.058367141,0.022485788,1.000000000,1.000000000,0.100000000,0.010989011,0.010989011,0.010989011,0.010989011,1.000000000,0.000000000,0.000000000,0.000000000,0.000000000,0.000000000,0.000000000,0.000000000,0.000000000,1.000000000,0.000000000,0.000000000,0.000000000,1.000000000,17.911319733,14.662744522,0.738375127,0.796761870,-0.000311668,0.000197418,0.604293287
460,50.615000000,fused_map_f2f,1,1,0,0.057965507,0.018067999,1.000000000,1.000000000,0.100000000,0.010989011,0.010989011,0.010989011,0.010989011,1.000000000,0.000000000,0.000000000,0.000000000,0.000000000,0.000000000,0.000000000,0.000000000,0.000000000,1.000000000,0.000000000,0.000000000,0.000000000,1.000000000,17.925765991,14.716316223,0.738139689,0.796770573,-0.000296635,0.000231434,0.604281783
461,50.720000000,fused_map_f2f,1,1,0,0.058080337,0.017638557,1.000000000,1.000000000,0.100000000,0.010989011,0.010989011,0.010989011,0.010989011,1.000000000,0.000000000,0.000000000,0.000000000,0.000000000,0.000000000,0.000000000,0.000000000,0.000000000,1.000000000,0.000000000,0.000000000,0.000000000,1.000000000,17.939838409,14.772324562,0.738104403,0.796774983,-0.000276021,0.000229619,0.604276061
462,50.819000000,fused_map_f2f,1,1,0,0.057037828,0.015029683,1.000000000,1.000000000,0.100000000,0.010989011,0.010989011,0.010989011,0.010989011,1.000000000,0.000000000,0.000000000,0.000000000,0.000000000,0.000000000,0.000000000,0.000000000,0.000000000,1.000000000,0.000000000,0.000000000,0.000000000,1.000000000,17.952671051,14.824259758,0.737834871,0.796765924,-0.000318081,0.000225808,0.604287982
463,50.926000000,fused_map_f2f,1,1,0,0.058410490,0.017131832,1.000000000,1.000000000,0.100000000,0.010989011,0.010989011,0.010989011,0.010989011,1.000000000,0.000000000,0.000000000,0.000000000,0.000000000,0.000000000,0.000000000,0.000000000,0.000000000,1.000000000,0.000000000,0.000000000,0.000000000,1.000000000,17.970422745,14.884046555,0.737251759,0.796766043,-0.000418984,0.000091333,0.604287744
464,51.011000000,fused_map_f2f,1,1,0,0.058438639,0.015642645,1.000000000,1.000000000,0.100000000,0.010989011,0.010989011,0.010989011,0.010989011,1.000000000,0.000000000,0.000000000,0.000000000,0.000000000,0.000000000,0.000000000,0.000000000,0.000000000,1.000000000,0.000000000,0.000000000,0.000000000,1.000000000,17.981140137,14.928622246,0.737619460,0.797182500,-0.000268272,0.000209019,0.603738368
465,51.115000000,fused_map_f2f,1,1,0,0.058393707,0.017020195,1.000000000,1.000000000,0.100000000,0.010989011,0.010989011,0.010989011,0.010989011,1.000000000,0.000000000,0.000000000,0.000000000,0.000000000,0.000000000,0.000000000,0.000000000,0.000000000,1.000000000,0.000000000,0.000000000,0.000000000,1.000000000,17.995065689,14.983279228,0.736953080,0.798537731,-0.000461841,0.000097405,0.601944625
466,51.216000000,fused_map_f2f,1,1,0,0.058757149,0.013776092,1.000000000,1.000000000,0.100000000,0.010989011,0.010989011,0.010989011,0.010989011,1.000000000,0.000000000,0.000000000,0.000000000,0.000000000,0.000000000,0.000000000,0.000000000,0.000000000,1.000000000,0.000000000,0.000000000,0.000000000,1.000000000,18.006973267,15.031932831,0.736875534,0.800640464,-0.000442298,0.000133784,0.599144936
467,51.316000000,fused_map_f2f,1,1,0,0.060619535,0.020799848,0.997547673,0.997547673,0.100000000,0.011015728,0.011015728,0.011015728,0.011015728,1.000000000,0.000000000,0.000000000,0.000000000,0.000000000,0.000000000,0.000000000,0.000000000,0.000000000,1.000000000,0.000000000,0.000000000,0.000000000,1.000000000,18.018255234,15.078808784,0.737367153,0.803321481,-0.000418606,0.000091345,0.595545590
468,51.424000000,fused_map_f2f,1,1,0,0.060519089,0.017460099,0.997945271,0.997945271,0.100000000,0.011011388,0.011011388,0.011011388,0.011011388,1.000000000,0.000000000,0.000000000,0.000000000,0.000000000,0.000000000,0.000000000,0.000000000,0.000000000,1.000000000,0.000000000,0.000000000,0.000000000,1.000000000,18.029756546,15.129855156,0.737163246,0.806769550,-0.000380828,0.000108891,0.590866148
469,51.525000000,fused_map_f2f,1,1,0,0.059382001,0.017674457,1.000000000,1.000000000,0.100000000,0.010989011,0.010989011,0.010989011,0.010989011,1.000000000,0.000000000,0.000000000,0.000000000,0.000000000,0.000000000,0.000000000,0.000000000,0.000000000,1.000000000,0.000000000,0.000000000,0.000000000,1.000000000,18.041479111,15.175801277,0.737133026,0.810419858,-0.000401997,0.000118821,0.585849345
470,51.609000000,fused_map_f2f,1,1,0,0.062787407,0.016017072,0.988966515,0.988966515,0.100000000,0.011110249,0.011110249,0.011110249,0.011110249,1.000000000,0.000000000,0.000000000,0.000000000,0.000000000,0.000000000,0.000000000,0.000000000,0.000000000,1.000000000,0.000000000,0.000000000,0.000000000,1.000000000,18.051322937,15.212737083,0.737409592,0.813730657,-0.000376739,0.000131697,0.581241965
471,51.711000000,fused_map_f2f,1,1,0,0.061918165,0.022511802,0.992407263,0.992407263,0.100000000,0.011072155,0.011072155,0.011072155,0.011072155,1.000000000,0.000000000,0.000000000,0.000000000,0.000000000,0.000000000,0.000000000,0.000000000,0.000000000,1.000000000,0.000000000,0.000000000,0.000000000,1.000000000,18.064294815,15.257425308,0.737328589,0.818011403,-0.000345883,0.000171997,0.575201869
472,51.815000000,fused_map_f2f,1,1,0,0.061570325,0.016050013,0.993784132,0.993784132,0.100000000,0.011056984,0.011056984,0.011056984,0.011056984,1.000000000,0.000000000,0.000000000,0.000000000,0.000000000,0.000000000,0.000000000,0.000000000,0.000000000,1.000000000,0.000000000,0.000000000,0.000000000,1.000000000,18.076040268,15.301315308,0.737273276,0.822507918,-0.000399075,0.000156200,0.568753541
473,51.920000000,fused_map_f2f,1,1,0,0.062715475,0.015166290,0.989251245,0.989251245,0.100000000,0.011107086,0.011107086,0.011107086,0.011107086,1.000000000,0.000000000,0.000000000,0.000000000,0.000000000,0.000000000,0.000000000,0.000000000,0.000000000,1.000000000,0.000000000,0.000000000,0.000000000,1.000000000,18.089118958,15.345703125,0.737242341,0.827302992,-0.000425897,0.000152517,0.561755836
474,52.019000000,fused_map_f2f,1,1,0,0.064882276,0.016616041,0.980674325,0.980674325,0.100000000,0.011203140,0.011203140,0.011203140,0.011203140,1.000000000,0.000000000,0.000000000,0.000000000,0.000000000,0.000000000,0.000000000,0.000000000,0.000000000,1.000000000,0.000000000,0.000000000,0.000000000,1.000000000,18.100704193,15.386400223,0.737259805,0.831913114,-0.000442561,0.000141063,0.554905772
475,52.112000000,fused_map_f2f,1,1,0,0.065933466,0.015493744,0.976513366,0.976513366,0.100000000,0.011250340,0.011250340,0.011250340,0.011250340,1.000000000,0.000000000,0.000000000,0.000000000,0.000000000,0.000000000,0.000000000,0.000000000,0.000000000,1.000000000,0.000000000,0.000000000,0.000000000,1.000000000,18.112150192,15.424279213,0.737317741,0.836297274,-0.000457943,0.000127182,0.548276067
476,52.221000000,fused_map_f2f,1,1,0,0.065258062,0.017901919,0.979186839,0.979186839,0.100000000,0.011219968,0.011219968,0.011219968,0.011219968,1.000000000,0.000000000,0.000000000,0.000000000,0.000000000,0.000000000,0.000000000,0.000000000,0.000000000,1.000000000,0.000000000,0.000000000,0.000000000,1.000000000,18.126678467,15.467344284,0.737487376,0.841500223,-0.000462159,0.000130857,0.540256500
477,52.319000000,fused_map_f2f,1,1,0,0.063774963,0.021802063,0.985057440,0.985057440,0.100000000,0.011153847,0.011153847,0.011153847,0.011153847,1.000000000,0.000000000,0.000000000,0.000000000,0.000000000,0.000000000,0.000000000,0.000000000,0.000000000,1.000000000,0.000000000,0.000000000,0.000000000,1.000000000,18.142484665,15.507284164,0.737330854,0.846234262,-0.000374716,0.000118663,0.532810867
478,52.420000000,fused_map_f2f,1,1,0,0.064811467,0.016257147,0.980954610,0.980954610,0.100000000,0.011199975,0.011199975,0.011199975,0.011199975,1.000000000,0.000000000,0.000000000,0.000000000,0.000000000,0.000000000,0.000000000,0.000000000,0.000000000,1.000000000,0.000000000,0.000000000,0.000000000,1.000000000,18.155904770,15.545937538,0.737437546,0.851022840,-0.000442659,0.000064791,0.525128484
479,52.523000000,fused_map_f2f,1,1,0,0.065965059,0.017117528,0.976388309,0.976388309,0.100000000,0.011251765,0.011251765,0.011251765,0.011251765,1.000000000,0.000000000,0.000000000,0.000000000,0.000000000,0.000000000,0.000000000,0.000000000,0.000000000,1.000000000,0.000000000,0.000000000,0.000000000,1.000000000,18.173475266,15.584805489,0.737177730,0.855948269,-0.000377849,0.000083279,0.517061353
480,52.682000000,fused_map_f2f,1,1,0,0.065919526,0.019543778,0.976568545,0.976568545,0.100000000,0.011249711,0.011249711,0.011249711,0.011249711,1.000000000,0.000000000,0.000000000,0.000000000,0.000000000,0.000000000,0.000000000,0.000000000,0.000000000,1.000000000,0.000000000,0.000000000,0.000000000,1.000000000,18.197595596,15.643487930,0.737471461,0.863359153,-0.000412882,0.000071765,0.504589736
481,52.850000000,fused_map_f2f,1,1,0,0.068229983,0.017122690,0.967422985,0.967422985,0.100000000,0.011354853,0.011354853,0.011354853,0.011354853,1.000000000,0.000000000,0.000000000,0.000000000,0.000000000,0.000000000,0.000000000,0.000000000,0.000000000,1.000000000,0.000000000,0.000000000,0.000000000,1.000000000,18.224294662,15.702580452,0.737084508,0.870984793,-0.000353061,0.000061182,0.491309851
482,53.017000000,fused_map_f2f,1,1,0,0.069567134,0.016984473,0.962130093,0.962130093,0.100000000,0.011416606,0.011416606,0.011416606,0.011416606,1.000000000,0.000000000,0.000000000,0.000000000,0.000000000,0.000000000,0.000000000,0.000000000,0.000000000,1.000000000,0.000000000,0.000000000,0.000000000,1.000000000,18.252466202,15.759569168,0.736623764,0.878307641,-0.000418830,0.000093056,0.478095710
483,53.175000000,fused_map_f2f,1,1,0,0.068238543,0.021897139,0.967389099,0.967389099,0.100000000,0.011355247,0.011355247,0.011355247,0.011355247,1.000000000,0.000000000,0.000000000,0.000000000,0.000000000,0.000000000,0.000000000,0.000000000,0.000000000,1.000000000,0.000000000,0.000000000,0.000000000,1.000000000,18.281023026,15.812498093,0.736505926,0.884979904,-0.000386816,0.000142960,0.465629041
484,53.342000000,fused_map_f2f,1,1,0,0.069947392,0.019495121,0.960624907,0.960624907,0.100000000,0.011434290,0.011434290,0.011434290,0.011434290,1.000000000,0.000000000,0.000000000,0.000000000,0.000000000,0.000000000,0.000000000,0.000000000,0.000000000,1.000000000,0.000000000,0.000000000,0.000000000,1.000000000,18.311496735,15.867323875,0.736791372,0.891714931,-0.000416105,0.000082411,0.452597320
485,53.517000000,fused_map_f2f,1,1,0,0.072317946,0.020957212,0.951241466,0.951241466,0.100000000,0.011545780,0.011545780,0.011545780,0.011545780,1.000000000,0.000000000,0.000000000,0.000000000,0.000000000,0.000000000,0.000000000,0.000000000,0.000000000,1.000000000,0.000000000,0.000000000,0.000000000,1.000000000,18.345611572,15.923302650,0.736149251,0.898421168,-0.000437272,0.000070686,0.439134568
486,53.689000000,fused_map_f2f,1,1,0,0.070571118,0.018223310,0.958155992,0.958155992,0.100000000,0.011463415,0.011463415,0.011463415,0.011463415,1.000000000,0.000000000,0.000000000,0.000000000,0.000000000,0.000000000,0.000000000,0.000000000,0.000000000,1.000000000,0.000000000,0.000000000,0.000000000,1.000000000,18.380649567,15.974362373,0.736138403,0.904658437,-0.000479833,0.000065379,0.426137149
487,53.866000000,fused_map_f2f,1,1,0,0.070940887,0.017882696,0.956692321,0.956692321,0.100000000,0.011480752,0.011480752,0.011480752,0.011480752,1.000000000,0.000000000,0.000000000,0.000000000,0.000000000,0.000000000,0.000000000,0.000000000,0.000000000,1.000000000,0.000000000,0.000000000,0.000000000,1.000000000,18.414005280,16.026565552,0.736172915,0.910685420,-0.000381565,0.000065269,0.413100362
488,54.060000000,fused_map_f2f,1,1,0,0.069602559,0.021629628,0.961989871,0.961989871,0.100000000,0.011418251,0.011418251,0.011418251,0.011418251,1.000000000,0.000000000,0.000000000,0.000000000,0.000000000,0.000000000,0.000000000,0.000000000,0.000000000,1.000000000,0.000000000,0.000000000,0.000000000,1.000000000,18.454786301,16.080478668,0.735914767,0.916859746,-0.000434356,0.000051354,0.399209291
489,54.096000000,fused_map_f2f,1,1,0,0.069766857,0.017410524,0.961339524,0.961339524,0.100000000,0.011425887,0.011425887,0.011425887,0.011425887,1.000000000,0.000000000,0.000000000,0.000000000,0.000000000,0.000000000,0.000000000,0.000000000,0.000000000,1.000000000,0.000000000,0.000000000,0.000000000,1.000000000,18.463241577,16.090471268,0.735889077,0.917963743,-0.000429667,0.000054149,0.396664083
490,54.181000000,fused_map_f2f,1,1,0,0.072928470,0.021713774,0.948824806,0.948824806,0.100000000,0.011574847,0.011574847,0.011574847,0.011574847,1.000000000,0.000000000,0.000000000,0.000000000,0.000000000,0.000000000,0.000000000,0.000000000,0.000000000,1.000000000,0.000000000,0.000000000,0.000000000,1.000000000,18.480901718,16.114671707,0.735484719,0.920510352,-0.000482306,0.000066915,0.390717953
491,54.288000000,fused_map_f2f,1,1,0,0.072375775,0.019941599,0.951012556,0.951012556,0.100000000,0.011548527,0.011548527,0.011548527,0.011548527,1.000000000,0.000000000,0.000000000,0.000000000,0.000000000,0.000000000,0.000000000,0.000000000,0.000000000,1.000000000,0.000000000,0.000000000,0.000000000,1.000000000,18.504415512,16.139404297,0.735825419,0.923570514,-0.000421012,0.000044679,0.383428425
492,54.381000000,fused_map_f2f,1,1,0,0.071959487,0.020253085,0.952660363,0.952660363,0.100000000,0.011528782,0.011528782,0.011528782,0.011528782,1.000000000,0.000000000,0.000000000,0.000000000,0.000000000,0.000000000,0.000000000,0.000000000,0.000000000,1.000000000,0.000000000,0.000000000,0.000000000,1.000000000,18.524652481,16.163667679,0.735675991,0.926144958,-0.000444926,0.000051657,0.377167553
493,54.472000000,fused_map_f2f,1,1,0,0.068829809,0.019434434,0.965048674,0.965048674,0.100000000,0.011382472,0.011382472,0.011382472,0.011382472,1.000000000,0.000000000,0.000000000,0.000000000,0.000000000,0.000000000,0.000000000,0.000000000,0.000000000,1.000000000,0.000000000,0.000000000,0.000000000,1.000000000,18.546419144,16.189670563,0.736467004,0.928595245,-0.000411997,0.000028235,0.371093929
494,54.581000000,fused_map_f2f,1,1,0,0.072006756,0.019703103,0.952473257,0.952473257,0.100000000,0.011531021,0.011531021,0.011531021,0.011531021,1.000000000,0.000000000,0.000000000,0.000000000,0.000000000,0.000000000,0.000000000,0.000000000,0.000000000,1.000000000,0.000000000,0.000000000,0.000000000,1.000000000,18.570840836,16.216472626,0.736019850,0.931375384,-0.000434315,0.000007137,0.364060104
495,54.675000000,fused_map_f2f,1,1,0,0.068758028,0.017338877,0.965332807,0.965332807,0.100000000,0.011379160,0.011379160,0.011379160,0.011379160,1.000000000,0.000000000,0.000000000,0.000000000,0.000000000,0.000000000,0.000000000,0.000000000,0.000000000,1.000000000,0.000000000,0.000000000,0.000000000,1.000000000,18.591218948,16.238471985,0.736104608,0.933663964,-0.000396881,0.000028350,0.358149946
496,54.772000000,fused_map_f2f,1,1,0,0.071251574,0.018212717,0.955462520,0.955462520,0.100000000,0.011495359,0.011495359,0.011495359,0.011495359,1.000000000,0.000000000,0.000000000,0.000000000,0.000000000,0.000000000,0.000000000,0.000000000,0.000000000,1.000000000,0.000000000,0.000000000,0.000000000,1.000000000,18.613927841,16.261594772,0.736134768,0.935973644,-0.000383853,0.000015916,0.352069914
497,54.873000000,fused_map_f2f,1,1,0,0.072258430,0.017829425,0.951477047,0.951477047,0.100000000,0.011542954,0.011542954,0.011542954,0.011542954,1.000000000,0.000000000,0.000000000,0.000000000,0.000000000,0.000000000,0.000000000,0.000000000,0.000000000,1.000000000,0.000000000,0.000000000,0.000000000,1.000000000,18.636224747,16.284568787,0.735870659,0.938250899,-0.000402167,0.000031705,0.345955402
498,54.978000000,fused_map_f2f,1,1,0,0.073411066,0.016418892,0.946914529,0.946914529,0.100000000,0.011597927,0.011597927,0.011597927,0.011597927,1.000000000,0.000000000,0.000000000,0.000000000,0.000000000,0.000000000,0.000000000,0.000000000,0.000000000,1.000000000,0.000000000,0.000000000,0.000000000,1.000000000,18.659969330,16.307964325,0.735672772,0.940545201,-0.000423715,0.000012747,0.339668214
499,55.078000000,fused_map_f2f,1,1,0,0.072325983,0.018010334,0.951209651,0.951209651,0.100000000,0.011546162,0.011546162,0.011546162,0.011546162,1.000000000,0.000000000,0.000000000,0.000000000,0.000000000,0.000000000,0.000000000,0.000000000,0.000000000,1.000000000,0.000000000,0.000000000,0.000000000,1.000000000,18.682254791,16.329957962,0.735553384,0.942612648,-0.000434142,0.000012855,0.333888084
500,55.190000000,fused_map_f2f,1,1,0,0.072246404,0.020147133,0.951524651,0.951524651,0.100000000,0.011542383,0.011542383,0.011542383,0.011542383,1.000000000,0.000000000,0.000000000,0.000000000,0.000000000,0.000000000,0.000000000,0.000000000,0.000000000,1.000000000,0.000000000,0.000000000,0.000000000,1.000000000,18.708244324,16.353673935,0.735486984,0.944831729,-0.000431750,0.000034958,0.327555835
501,55.266000000,fused_map_f2f,1,1,0,0.074807114,0.020806133,0.941388506,0.941388506,0.100000000,0.011665213,0.011665213,0.011665213,0.011665213,1.000000000,0.000000000,0.000000000,0.000000000,0.000000000,0.000000000,0.000000000,0.000000000,0.000000000,1.000000000,0.000000000,0.000000000,0.000000000,1.000000000,18.730480194,16.372352600,0.735644579,0.946303427,-0.000440605,0.000011091,0.323279500
502,55.374000000,fused_map_f2f,1,1,0,0.069360793,0.023450990,0.962946863,0.962946863,0.100000000,0.011407033,0.011407033,0.011407033,0.011407033,1.000000000,0.000000000,0.000000000,0.000000000,0.000000000,0.000000000,0.000000000,0.000000000,0.000000000,1.000000000,0.000000000,0.000000000,0.000000000,1.000000000,18.754810333,16.394168854,0.735893488,0.948285282,-0.000424392,-0.000011706,0.317419112
503,55.467000000,fused_map_f2f,1,1,0,0.072622477,0.015670274,0.950036030,0.950036030,0.100000000,0.011560260,0.011560260,0.011560260,0.011560260,1.000000000,0.000000000,0.000000000,0.000000000,0.000000000,0.000000000,0.000000000,0.000000000,0.000000000,1.000000000,0.000000000,0.000000000,0.000000000,1.000000000,18.777030945,16.413827896,0.735704958,0.949925125,-0.000413692,0.000016979,0.312477350
504,55.578000000,fused_map_f2f,1,1,0,0.074288456,0.016540273,0.943441530,0.943441530,0.100000000,0.011640124,0.011640124,0.011640124,0.011640124,1.000000000,0.000000000,0.000000000,0.000000000,0.000000000,0.000000000,0.000000000,0.000000000,0.000000000,1.000000000,0.000000000,0.000000000,0.000000000,1.000000000,18.801633835,16.435068130,0.735430837,0.951785207,-0.000447975,0.000005552,0.306764901
505,55.691000000,fused_map_f2f,1,1,0,0.072022972,0.017955710,0.952409068,0.952409068,0.100000000,0.011531789,0.011531789,0.011531789,0.011531789,1.000000000,0.000000000,0.000000000,0.000000000,0.000000000,0.000000000,0.000000000,0.000000000,0.000000000,1.000000000,0.000000000,0.000000000,0.000000000,1.000000000,18.829986572,16.455917358,0.735268295,0.953617632,-0.000458443,0.000012380,0.301020235
506,55.769000000,fused_map_f2f,1,1,0,0.074033362,0.017366429,0.944451277,0.944451277,0.100000000,0.011627824,0.011627824,0.011627824,0.011627824,1.000000000,0.000000000,0.000000000,0.000000000,0.000000000,0.000000000,0.000000000,0.000000000,0.000000000,1.000000000,0.000000000,0.000000000,0.000000000,1.000000000,18.846445084,16.470678329,0.735159755,0.954810679,-0.000447860,0.000003670,0.297214299
507,55.875000000,fused_map_f2f,1,1,0,0.070061153,0.017598765,0.960174601,0.960174601,0.100000000,0.011439591,0.011439591,0.011439591,0.011439591,1.000000000,0.000000000,0.000000000,0.000000000,0.000000000,0.000000000,0.000000000,0.000000000,0.000000000,1.000000000,0.000000000,0.000000000,0.000000000,1.000000000,18.876302719,16.491035461,0.735513449,0.956403553,-0.000415244,-0.000007239,0.292048156
508,55.982000000,fused_map_f2f,1,1,0,0.073428261,0.019495743,0.946846469,0.946846469,0.100000000,0.011598751,0.011598751,0.011598751,0.011598751,1.000000000,0.000000000,0.000000000,0.000000000,0.000000000,0.000000000,0.000000000,0.000000000,0.000000000,1.000000000,0.000000000,0.000000000,0.000000000,1.000000000,18.900070190,16.509416580,0.735184073,0.957920134,-0.000441584,0.000004356,0.287034452
509,56.092000000,fused_map_f2f,1,1,0,0.072549279,0.018416524,0.950325772,0.950325772,0.100000000,0.011556776,0.011556776,0.011556776,0.011556776,1.000000000,0.000000000,0.000000000,0.000000000,0.000000000,0.000000000,0.000000000,0.000000000,0.000000000,1.000000000,0.000000000,0.000000000,0.000000000,1.000000000,18.925485611,16.528112411,0.735297382,0.959404111,-0.000417941,-0.000001572,0.282034755
510,56.170000000,fused_map_f2f,1,1,0,0.070674865,0.019325777,0.957745325,0.957745325,0.100000000,0.011468274,0.011468274,0.011468274,0.011468274,1.000000000,0.000000000,0.000000000,0.000000000,0.000000000,0.000000000,0.000000000,0.000000000,0.000000000,1.000000000,0.000000000,0.000000000,0.000000000,1.000000000,18.942712784,16.540483475,0.735162020,0.960396111,-0.000458638,-0.000024323,0.278637946
511,56.285000000,fused_map_f2f,1,1,0,0.069043951,0.016101102,0.964201027,0.964201027,0.100000000,0.011392364,0.011392364,0.011392364,0.011392364,1.000000000,0.000000000,0.000000000,0.000000000,0.000000000,0.000000000,0.000000000,0.000000000,0.000000000,1.000000000,0.000000000,0.000000000,0.000000000,1.000000000,18.969839096,16.559385300,0.735034704,0.961828291,-0.000460130,-0.000013497,0.273653388
512,56.397000000,fused_map_f2f,1,1,0,0.071926473,0.018950455,0.952791044,0.952791044,0.100000000,0.011527219,0.011527219,0.011527219,0.011527219,1.000000000,0.000000000,0.000000000,0.000000000,0.000000000,0.000000000,0.000000000,0.000000000,0.000000000,1.000000000,0.000000000,0.000000000,0.000000000,1.000000000,18.996299744,16.577079773,0.735256612,0.963160336,-0.000422434,-0.000057998,0.268927425
513,56.469000000,fused_map_f2f,1,1,0,0.072111347,0.013955663,0.952059251,0.952059251,0.100000000,0.011535977,0.011535977,0.011535977,0.011535977,1.000000000,0.000000000,0.000000000,0.000000000,0.000000000,0.000000000,0.000000000,0.000000000,0.000000000,1.000000000,0.000000000,0.000000000,0.000000000,1.000000000,19.012969971,16.588167191,0.735104442,0.963986278,-0.000488551,-0.000043606,0.265951455
514,56.593000000,fused_map_f2f,1,1,0,0.071142366,0.027172066,0.955894801,0.955894801,0.100000000,0.011490220,0.011490220,0.011490220,0.011490220,1.000000000,0.000000000,0.000000000,0.000000000,0.000000000,0.000000000,0.000000000,0.000000000,0.000000000,1.000000000,0.000000000,0.000000000,0.000000000,1.000000000,19.037939072,16.612133026,0.734944701,0.968717456,-0.000418067,0.000019036,0.248165861
515,56.671000000,fused_map_f2f,1,1,0,0.073417884,0.020493047,0.946887542,0.946887542,0.100000000,0.011598253,0.011598253,0.011598253,0.011598253,1.000000000,0.000000000,0.000000000,0.000000000,0.000000000,0.000000000,0.000000000,0.000000000,0.000000000,1.000000000,0.000000000,0.000000000,0.000000000,1.000000000,19.053272247,16.625270844,0.734447896,0.971305728,-0.000433623,0.000008074,0.237833992
516,56.785000000,fused_map_f2f,1,1,0,0.068594769,0.024302793,0.965979038,0.965979038,0.100000000,0.011371634,0.011371634,0.011371634,0.011371634,1.000000000,0.000000000,0.000000000,0.000000000,0.000000000,0.000000000,0.000000000,0.000000000,0.000000000,1.000000000,0.000000000,0.000000000,0.000000000,1.000000000,19.074853897,16.643989563,0.734890819,0.974556327,-0.000427100,-0.000009061,0.224142447
517,56.884000000,fused_map_f2f,1,1,0,0.067307026,0.021096317,0.971076354,0.971076354,0.100000000,0.011312618,0.011312618,0.011312618,0.011312618,1.000000000,0.000000000,0.000000000,0.000000000,0.000000000,0.000000000,0.000000000,0.000000000,0.000000000,1.000000000,0.000000000,0.000000000,0.000000000,1.000000000,19.096679688,16.659826279,0.734682620,0.976989269,-0.000433190,-0.000037962,0.213287935
518,57.002000000,fused_map_f2f,1,1,0,0.070649040,0.020098315,0.957847552,0.957847552,0.100000000,0.011467064,0.011467064,0.011467064,0.011467064,1.000000000,0.000000000,0.000000000,0.000000000,0.000000000,0.000000000,0.000000000,0.000000000,0.000000000,1.000000000,0.000000000,0.000000000,0.000000000,1.000000000,19.126047134,16.676759720,0.734487891,0.979461133,-0.000433718,-0.000020093,0.201632708
519,57.084000000,fused_map_f2f,1,1,0,0.069995441,0.017561783,0.960434712,0.960434712,0.100000000,0.011436528,0.011436528,0.011436528,0.011436528,1.000000000,0.000000000,0.000000000,0.000000000,0.000000000,0.000000000,0.000000000,0.000000000,0.000000000,1.000000000,0.000000000,0.000000000,0.000000000,1.000000000,19.149307251,16.688943863,0.734848917,0.980970085,-0.000393538,-0.000029255,0.194158405
520,57.202000000,fused_map_f2f,1,1,0,0.069463928,0.018267288,0.962538618,0.962538618,0.100000000,0.011411816,0.011411816,0.011411816,0.011411816,1.000000000,0.000000000,0.000000000,0.000000000,0.000000000,0.000000000,0.000000000,0.000000000,0.000000000,1.000000000,0.000000000,0.000000000,0.000000000,1.000000000,19.184171677,16.704843521,0.734592557,0.982845843,-0.000437532,-0.000022121,0.184428439
521,57.283000000,fused_map_f2f,1,1,0,0.066849077,0.017381792,0.972889069,0.972889069,0.100000000,0.011291778,0.011291778,0.011291778,0.011291778,1.000000000,0.000000000,0.000000000,0.000000000,0.000000000,0.000000000,0.000000000,0.000000000,0.000000000,1.000000000,0.000000000,0.000000000,0.000000000,1.000000000,19.208246231,16.715749741,0.734937012,0.983966768,-0.000421477,-0.000026709,0.178351358
522,57.387000000,fused_map_f2f,1,1,0,0.066950891,0.017626977,0.972486055,0.972486055,0.100000000,0.011296404,0.011296404,0.011296404,0.011296404,1.000000000,0.000000000,0.000000000,0.000000000,0.000000000,0.000000000,0.000000000,0.000000000,0.000000000,1.000000000,0.000000000,0.000000000,0.000000000,1.000000000,19.242658615,16.730794907,0.734967649,0.985254407,-0.000444637,-0.000040889,0.171095312
523,57.470000000,fused_map_f2f,1,1,0,0.071258677,0.016960327,0.955434403,0.955434403,0.100000000,0.011495694,0.011495694,0.011495694,0.011495694,1.000000000,0.000000000,0.000000000,0.000000000,0.000000000,0.000000000,0.000000000,0.000000000,0.000000000,1.000000000,0.000000000,0.000000000,0.000000000,1.000000000,19.272178650,16.744329453,0.734563470,0.986173987,-0.000435873,-0.000020709,0.165712759
524,57.577000000,fused_map_f2f,1,1,0,0.069480806,0.015635313,0.962471811,0.962471811,0.100000000,0.011412599,0.011412599,0.011412599,0.011412599,1.000000000,0.000000000,0.000000000,0.000000000,0.000000000,0.000000000,0.000000000,0.000000000,0.000000000,1.000000000,0.000000000,0.000000000,0.000000000,1.000000000,19.310058594,16.759473801,0.734551191,0.987221956,-0.000455433,-0.000029943,0.159350336
525,57.700000000,fused_map_f2f,1,1,0,0.071872977,0.018196354,0.953002798,0.953002798,0.100000000,0.011524687,0.011524687,0.011524687,0.011524687,1.000000000,0.000000000,0.000000000,0.000000000,0.000000000,0.000000000,0.000000000,0.000000000,0.000000000,1.000000000,0.000000000,0.000000000,0.000000000,1.000000000,19.356279373,16.776571274,0.734724462,0.988282800,-0.000485857,-0.000037091,0.152632922
526,57.777000000,fused_map_f2f,1,1,0,0.064980703,0.016028865,0.980284718,0.980284718,0.100000000,0.011207543,0.011207543,0.011207543,0.011207543,1.000000000,0.000000000,0.000000000,0.000000000,0.000000000,0.000000000,0.000000000,0.000000000,0.000000000,1.000000000,0.000000000,0.000000000,0.000000000,1.000000000,19.388916016,16.787387848,0.734972775,0.988886714,-0.000432646,-0.000066952,0.148670331
527,57.885000000,fused_map_f2f,1,1,0,0.066535185,0.018253382,0.974131559,0.974131559,0.100000000,0.011277537,0.011277537,0.011277537,0.011277537,1.000000000,0.000000000,0.000000000,0.000000000,0.000000000,0.000000000,0.000000000,0.000000000,0.000000000,1.000000000,0.000000000,0.000000000,0.000000000,1.000000000,19.438070297,16.803972244,0.734987855,0.989665389,-0.000481513,-0.000031982,0.143395051
528,58.011000000,fused_map_f2f,1,1,0,0.068774568,0.016657733,0.965267337,0.965267337,0.100000000,0.011379923,0.011379923,0.011379923,0.011379923,1.000000000,0.000000000,0.000000000,0.000000000,0.000000000,0.000000000,0.000000000,0.000000000,0.000000000,1.000000000,0.000000000,0.000000000,0.000000000,1.000000000,19.499340057,16.823089600,0.734738231,0.990486443,-0.000453439,-0.000031075,0.137609780
529,58.114000000,fused_map_f2f,1,1,0,0.070531639,0.017743352,0.958312261,0.958312261,0.100000000,0.011461567,0.011461567,0.011461567,0.011461567,1.000000000,0.000000000,0.000000000,0.000000000,0.000000000,0.000000000,0.000000000,0.000000000,0.000000000,1.000000000,0.000000000,0.000000000,0.000000000,1.000000000,19.548067093,16.838075638,0.734697580,0.991085827,-0.000496828,-0.000019272,0.133223981
530,58.169000000,fused_map_f2f,1,1,0,0.067604765,0.020059060,0.969897804,0.969897804,0.100000000,0.011326208,0.011326208,0.011326208,0.011326208,1.000000000,0.000000000,0.000000000,0.000000000,0.000000000,0.000000000,0.000000000,0.000000000,0.000000000,1.000000000,0.000000000,0.000000000,0.000000000,1.000000000,19.575086594,16.846225739,0.735030770,0.991386175,-0.000477712,-0.000038588,0.130970642
531,58.275000000,fused_map_f2f,1,1,0,0.068653388,0.015098063,0.965747006,0.965747006,0.100000000,0.011374335,0.011374335,0.011374335,0.011374335,1.000000000,0.000000000,0.000000000,0.000000000,0.000000000,0.000000000,0.000000000,0.000000000,0.000000000,1.000000000,0.000000000,0.000000000,0.000000000,1.000000000,19.625801086,16.860050201,0.734952927,0.991918683,-0.000476219,-0.000022394,0.126874328
532,58.368000000,fused_map_f2f,1,1,0,0.068394691,0.012716427,0.966771016,0.966771016,0.100000000,0.011362424,0.011362424,0.011362424,0.011362424,1.000000000,0.000000000,0.000000000,0.000000000,0.000000000,0.000000000,0.000000000,0.000000000,0.000000000,1.000000000,0.000000000,0.000000000,0.000000000,1.000000000,19.670043945,16.871746063,0.735030472,0.992346346,-0.000470212,-0.000037967,0.123485096
533,58.486000000,fused_map_f2f,1,1,0,0.068060396,0.015529702,0.968094265,0.968094265,0.100000000,0.011347069,0.011347069,0.011347069,0.011347069,1.000000000,0.000000000,0.000000000,0.000000000,0.000000000,0.000000000,0.000000000,0.000000000,0.000000000,1.000000000,0.000000000,0.000000000,0.000000000,1.000000000,19.725366592,16.886198044,0.735579312,0.992837906,-0.000404777,-0.000044561,0.119468682
534,58.587000000,fused_map_f2f,1,1,0,0.067163700,0.018116347,0.971643688,0.971643688,0.100000000,0.011306087,0.011306087,0.011306087,0.011306087,1.000000000,0.000000000,0.000000000,0.000000000,0.000000000,0.000000000,0.000000000,0.000000000,0.000000000,1.000000000,0.000000000,0.000000000,0.000000000,1.000000000,19.778587341,16.899038315,0.735361695,0.993252873,-0.000406339,-0.000043149,0.115968175
535,58.671000000,fused_map_f2f,1,1,0,0.068635725,0.014151973,0.965816922,0.965816922,0.100000000,0.011373521,0.011373521,0.011373521,0.011373521,1.000000000,0.000000000,0.000000000,0.000000000,0.000000000,0.000000000,0.000000000,0.000000000,0.000000000,1.000000000,0.000000000,0.000000000,0.000000000,1.000000000,19.823026657,16.910215378,0.735190153,0.993570089,-0.000395176,-0.000029092,0.113217972
536,58.790000000,fused_map_f2f,1,1,0,0.068949841,0.013943256,0.964573544,0.964573544,0.100000000,0.011388015,0.011388015,0.011388015,0.011388015,1.000000000,0.000000000,0.000000000,0.000000000,0.000000000,0.000000000,0.000000000,0.000000000,0.000000000,1.000000000,0.000000000,0.000000000,0.000000000,1.000000000,19.884275436,16.926292419,0.735072196,0.993980229,-0.000366045,-0.000049712,0.109558851
537,58.900000000,fused_map_f2f,1,1,0,0.069984832,0.015488384,0.960476708,0.960476708,0.100000000,0.011436034,0.011436034,0.011436034,0.011436034,1.000000000,0.000000000,0.000000000,0.000000000,0.000000000,0.000000000,0.000000000,0.000000000,0.000000000,1.000000000,0.000000000,0.000000000,0.000000000,1.000000000,19.938636780,16.938102722,0.734855652,0.994321942,-0.000402827,-0.000077141,0.106412776
538,58.983000000,fused_map_f2f,1,1,0,0.067397194,0.021134306,0.970719439,0.970719439,0.100000000,0.011316730,0.011316730,0.011316730,0.011316730,1.000000000,0.000000000,0.000000000,0.000000000,0.000000000,0.000000000,0.000000000,0.000000000,0.000000000,1.000000000,0.000000000,0.000000000,0.000000000,1.000000000,19.980949402,16.946527481,0.735005081,0.994569302,-0.000372859,-0.000046747,0.104075924
539,59.094000000,fused_map_f2f,1,1,0,0.069324903,0.014024129,0.963088925,0.963088925,0.100000000,0.011405369,0.011405369,0.011405369,0.011405369,1.000000000,0.000000000,0.000000000,0.000000000,0.000000000,0.000000000,0.000000000,0.000000000,0.000000000,1.000000000,0.000000000,0.000000000,0.000000000,1.000000000,20.035648346,16.958385468,0.735203028,0.994873703,-0.000356424,-0.000063576,0.101124622
540,59.183000000,fused_map_f2f,1,1,0,0.070063695,0.012985132,0.960164541,0.960164541,0.100000000,0.011439709,0.011439709,0.011439709,0.011439709,1.000000000,0.000000000,0.000000000,0.000000000,0.000000000,0.000000000,0.000000000,0.000000000,0.000000000,1.000000000,0.000000000,0.000000000,0.000000000,1.000000000,20.078636169,16.967424393,0.735316038,0.995097458,-0.000354235,-0.000087343,0.098898284
541,59.266000000,fused_map_f2f,1,1,0,0.068391460,0.019720310,0.966783804,0.966783804,0.100000000,0.011362275,0.011362275,0.011362275,0.011362275,1.000000000,0.000000000,0.000000000,0.000000000,0.000000000,0.000000000,0.000000000,0.000000000,0.000000000,1.000000000,0.000000000,0.000000000,0.000000000,1.000000000,20.120639801,16.975740433,0.735304475,0.995302320,-0.000399909,-0.000107240,0.096815027
542,59.394000000,fused_map_f2f,1,1,0,0.068232844,0.015495062,0.967411659,0.967411659,0.100000000,0.011354985,0.011354985,0.011354985,0.011354985,1.000000000,0.000000000,0.000000000,0.000000000,0.000000000,0.000000000,0.000000000,0.000000000,0.000000000,1.000000000,0.000000000,0.000000000,0.000000000,1.000000000,20.187541962,16.989551544,0.735194564,0.995606005,-0.000351709,-0.000069683,0.093640395
543,59.470000000,fused_map_f2f,1,1,0,0.069150168,0.021984642,0.963780585,0.963780585,0.100000000,0.011397277,0.011397277,0.011397277,0.011397277,1.000000000,0.000000000,0.000000000,0.000000000,0.000000000,0.000000000,0.000000000,0.000000000,0.000000000,1.000000000,0.000000000,0.000000000,0.000000000,1.000000000,20.223131180,16.996067047,0.735524774,0.995766580,-0.000347978,-0.000154752,0.091917396
544,59.576000000,fused_map_f2f,1,1,0,0.069016549,0.016631887,0.964309494,0.964309494,0.100000000,0.011391097,0.011391097,0.011391097,0.011391097,1.000000000,0.000000000,0.000000000,0.000000000,0.000000000,0.000000000,0.000000000,0.000000000,0.000000000,1.000000000,0.000000000,0.000000000,0.000000000,1.000000000,20.268774033,17.004341125,0.735277176,0.995972395,-0.000351795,-0.000075043,0.089659490
545,59.687000000,fused_map_f2f,1,1,0,0.068690025,0.022773479,0.965601986,0.965601986,0.100000000,0.011376023,0.011376023,0.011376023,0.011376023,1.000000000,0.000000000,0.000000000,0.000000000,0.000000000,0.000000000,0.000000000,0.000000000,0.000000000,1.000000000,0.000000000,0.000000000,0.000000000,1.000000000,20.314598083,17.013164520,0.735558271,0.996173441,-0.000333952,-0.000075374,0.087397963
546,59.801000000,fused_map_f2f,1,1,0,0.070290890,0.014423474,0.959265228,0.959265228,0.100000000,0.011450311,0.011450311,0.011450311,0.011450311,1.000000000,0.000000000,0.000000000,0.000000000,0.000000000,0.000000000,0.000000000,0.000000000,0.000000000,1.000000000,0.000000000,0.000000000,0.000000000,1.000000000,20.358367920,17.020450592,0.735538542,0.996353388,-0.000345562,-0.000096277,0.085321896
547,59.870000000,fused_map_f2f,1,1,0,0.069778760,0.014154262,0.961292409,0.961292409,0.100000000,0.011426441,0.011426441,0.011426441,0.011426441,1.000000000,0.000000000,0.000000000,0.000000000,0.000000000,0.000000000,0.000000000,0.000000000,0.000000000,1.000000000,0.000000000,0.000000000,0.000000000,1.000000000,20.391582489,17.027004242,0.735124826,0.996473908,-0.000367587,-0.000087493,0.083902404
548,59.980000000,fused_map_f2f,1,1,0,0.069009902,0.013907839,0.964335806,0.964335806,0.100000000,0.011390790,0.011390790,0.011390790,0.011390790,1.000000000,0.000000000,0.000000000,0.000000000,0.000000000,0.000000000,0.000000000,0.000000000,0.000000000,1.000000000,0.000000000,0.000000000,0.000000000,1.000000000,20.432243347,17.033643723,0.735206664,0.996626377,-0.000386858,-0.000120430,0.082071140
549,60.083000000,fused_map_f2f,1,1,0,0.072306703,0.016581372,0.951285967,0.951285967,0.100000000,0.011545246,0.011545246,0.011545246,0.011545246,1.000000000,0.000000000,0.000000000,0.000000000,0.000000000,0.000000000,0.000000000,0.000000000,0.000000000,1.000000000,0.000000000,0.000000000,0.000000000,1.000000000,20.469457626,17.039762497,0.735436976,0.996757269,-0.000299469,-0.000084762,0.080466747
550,60.171000000,fused_map_f2f,1,1,0,0.068384459,0.014603730,0.966811516,0.966811516,0.100000000,0.011361953,0.011361953,0.011361953,0.011361953,1.000000000,0.000000000,0.000000000,0.000000000,0.000000000,0.000000000,0.000000000,0.000000000,0.000000000,1.000000000,0.000000000,0.000000000,0.000000000,1.000000000,20.508188248,17.044843674,0.735742807,0.996876717,-0.000352218,-0.000057816,0.078972496
551,60.286000000,fused_map_f2f,1,1,0,0.070185378,0.016687549,0.959682879,0.959682879,0.100000000,0.011445385,0.011445385,0.011445385,0.011445385,1.000000000,0.000000000,0.000000000,0.000000000,0.000000000,0.000000000,0.000000000,0.000000000,0.000000000,1.000000000,0.000000000,0.000000000,0.000000000,1.000000000,20.548973083,17.050586700,0.735807598,0.997004271,-0.000359507,-0.000038646,0.077345662
552,60.395000000,fused_map_f2f,1,1,0,0.068071339,0.016267216,0.968050948,0.968050948,0.100000000,0.011347571,0.011347571,0.011347571,0.011347571,1.000000000,0.000000000,0.000000000,0.000000000,0.000000000,0.000000000,0.000000000,0.000000000,0.000000000,1.000000000,0.000000000,0.000000000,0.000000000,1.000000000,20.594387054,17.057662964,0.735369682,0.997135162,-0.000339078,-0.000051938,0.075639300
553,60.466000000,fused_map_f2f,1,1,0,0.067443929,0.012460282,0.970534449,0.970534449,0.100000000,0.011318862,0.011318862,0.011318862,0.011318862,1.000000000,0.000000000,0.000000000,0.000000000,0.000000000,0.000000000,0.000000000,0.000000000,0.000000000,1.000000000,0.000000000,0.000000000,0.000000000,1.000000000,20.619731903,17.060024261,0.735550106,0.997202694,-0.000359421,-0.000048498,0.074743681
554,60.577000000,fused_map_f2f,1,1,0,0.070201596,0.017342388,0.959618681,0.959618681,0.100000000,0.011446142,0.011446142,0.011446142,0.011446142,1.000000000,0.000000000,0.000000000,0.000000000,0.000000000,0.000000000,0.000000000,0.000000000,0.000000000,1.000000000,0.000000000,0.000000000,0.000000000,1.000000000,20.659540176,17.065708160,0.735831678,0.997309625,-0.000303307,-0.000103739,0.073303290
555,60.686000000,fused_map_f2f,1,1,0,0.069393811,0.018821884,0.962816164,0.962816164,0.100000000,0.011408563,0.011408563,0.011408563,0.011408563,1.000000000,0.000000000,0.000000000,0.000000000,0.000000000,0.000000000,0.000000000,0.000000000,0.000000000,1.000000000,0.000000000,0.000000000,0.000000000,1.000000000,20.703151703,17.075029373,0.736407399,0.997422516,-0.000297390,-0.000076430,0.071751319
556,60.800000000,fused_map_f2f,1,1,0,0.071781968,0.013624759,0.953363044,0.953363044,0.100000000,0.011520382,0.011520382,0.011520382,0.011520382,1.000000000,0.000000000,0.000000000,0.000000000,0.000000000,0.000000000,0.000000000,0.000000000,0.000000000,1.000000000,0.000000000,0.000000000,0.000000000,1.000000000,20.743221283,17.080299377,0.736238956,0.997518420,-0.000293517,-0.000089546,0.070405290
557,60.887000000,fused_map_f2f,1,1,0,0.069766312,0.021966903,0.961341683,0.961341683,0.100000000,0.011425862,0.011425862,0.011425862,0.011425862,1.000000000,0.000000000,0.000000000,0.000000000,0.000000000,0.000000000,0.000000000,0.000000000,0.000000000,1.000000000,0.000000000,0.000000000,0.000000000,1.000000000,20.773258209,17.083936691,0.736165285,0.997587800,-0.000285408,-0.000106233,0.069415346
558,60.994000000,fused_map_f2f,1,1,0,0.068812159,0.016732276,0.965118538,0.965118538,0.100000000,0.011381657,0.011381657,0.011381657,0.011381657,1.000000000,0.000000000,0.000000000,0.000000000,0.000000000,0.000000000,0.000000000,0.000000000,0.000000000,1.000000000,0.000000000,0.000000000,0.000000000,1.000000000,20.813995361,17.089384079,0.736583829,0.997672498,-0.000292287,-0.000055084,0.068187051
559,61.067000000,fused_map_f2f,1,1,0,0.067753964,0.015166852,0.969307227,0.969307227,0.100000000,0.011333031,0.011333031,0.011333031,0.011333031,1.000000000,0.000000000,0.000000000,0.000000000,0.000000000,0.000000000,0.000000000,0.000000000,0.000000000,1.000000000,0.000000000,0.000000000,0.000000000,1.000000000,20.842559814,17.091651917,0.736311436,0.997729361,-0.000307692,-0.000050527,0.067350075
560,61.178000000,fused_map_f2f,1,1,0,0.068714733,0.012623112,0.965504182,0.965504182,0.100000000,0.011377163,0.011377163,0.011377163,0.011377163,1.000000000,0.000000000,0.000000000,0.000000000,0.000000000,0.000000000,0.000000000,0.000000000,0.000000000,1.000000000,0.000000000,0.000000000,0.000000000,1.000000000,20.880353928,17.096094131,0.736388922,0.997807086,-0.000300341,-0.000054702,0.066188365
561,61.285000000,fused_map_f2f,1,1,0,0.068894231,0.012674861,0.964793670,0.964793670,0.100000000,0.011385446,0.011385446,0.011385446,0.011385446,1.000000000,0.000000000,0.000000000,0.000000000,0.000000000,0.000000000,0.000000000,0.000000000,0.000000000,1.000000000,0.000000000,0.000000000,0.000000000,1.000000000,20.919481277,17.100540161,0.736395955,0.997878909,-0.000321013,-0.000056307,0.065096207
562,61.383000000,fused_map_f2f,1,1,0,0.068640756,0.014165350,0.965797007,0.965797007,0.100000000,0.011373752,0.011373752,0.011373752,0.011373752,1.000000000,0.000000000,0.000000000,0.000000000,0.000000000,0.000000000,0.000000000,0.000000000,0.000000000,1.000000000,0.000000000,0.000000000,0.000000000,1.000000000,20.968397141,17.106002808,0.736261010,0.997949302,-0.000317997,-0.000051481,0.064009167
563,61.500000000,fused_map_f2f,1,1,0,0.067389642,0.018776759,0.970749334,0.970749334,0.100000000,0.011316385,0.011316385,0.011316385,0.011316385,1.000000000,0.000000000,0.000000000,0.000000000,0.000000000,0.000000000,0.000000000,0.000000000,0.000000000,1.000000000,0.000000000,0.000000000,0.000000000,1.000000000,21.025003433,17.114446640,0.736746907,0.998030901,-0.000294545,-0.000048982,0.062722974
564,61.577000000,fused_map_f2f,1,1,0,0.068609539,0.013808739,0.965920573,0.965920573,0.100000000,0.011372314,0.011372314,0.011372314,0.011372314,1.000000000,0.000000000,0.000000000,0.000000000,0.000000000,0.000000000,0.000000000,0.000000000,0.000000000,1.000000000,0.000000000,0.000000000,0.000000000,1.000000000,21.059852600,17.118381500,0.736801207,0.998080850,-0.000296803,-0.000075670,0.061923489
565,61.690000000,fused_map_f2f,1,1,0,0.069149158,0.015565037,0.963784583,0.963784583,0.100000000,0.011397231,0.011397231,0.011397231,0.011397231,1.000000000,0.000000000,0.000000000,0.000000000,0.000000000,0.000000000,0.000000000,0.000000000,0.000000000,1.000000000,0.000000000,0.000000000,0.000000000,1.000000000,21.119554520,17.125118256,0.736018836,0.998161435,-0.000306989,-0.000047748,0.060611360
566,61.797000000,fused_map_f2f,1,1,0,0.068171838,0.018459061,0.967653139,0.967653139,0.100000000,0.011352183,0.011352183,0.011352183,0.011352183,1.000000000,0.000000000,0.000000000,0.000000000,0.000000000,0.000000000,0.000000000,0.000000000,0.000000000,1.000000000,0.000000000,0.000000000,0.000000000,1.000000000,21.170505524,17.130304337,0.736063540,0.998230338,-0.000312893,-0.000084519,0.059465174
567,61.871000000,fused_map_f2f,1,1,0,0.066679644,0.027493115,0.973559744,0.973559744,0.100000000,0.011284087,0.011284087,0.011284087,0.011284087,1.000000000,0.000000000,0.000000000,0.000000000,0.000000000,0.000000000,0.000000000,0.000000000,0.000000000,1.000000000,0.000000000,0.000000000,0.000000000,1.000000000,21.205795288,17.133668900,0.736012220,0.998276532,-0.000376953,-0.000088550,0.058683597
568,61.968000000,fused_map_f2f,1,1,0,0.068057325,0.015014946,0.968106423,0.968106423,0.100000000,0.011346928,0.011346928,0.011346928,0.011346928,1.000000000,0.000000000,0.000000000,0.000000000,0.000000000,0.000000000,0.000000000,0.000000000,0.000000000,1.000000000,0.000000000,0.000000000,0.000000000,1.000000000,21.261459351,17.140523911,0.736724973,0.998342872,-0.000254499,-0.000059680,0.057545140
569,62.099000000,fused_map_f2f,1,1,0,0.069828774,0.016129078,0.961094438,0.961094438,0.100000000,0.011428767,0.011428767,0.011428767,0.011428767,1.000000000,0.000000000,0.000000000,0.000000000,0.000000000,0.000000000,0.000000000,0.000000000,0.000000000,1.000000000,0.000000000,0.000000000,0.000000000,1.000000000,21.332647324,17.148155212,0.736703098,0.998427153,-0.000246402,-0.000052477,0.056064222
570,62.173000000,fused_map_f2f,1,1,0,0.066692062,0.015139862,0.973510589,0.973510589,0.100000000,0.011284650,0.011284650,0.011284650,0.011284650,1.000000000,0.000000000,0.000000000,0.000000000,0.000000000,0.000000000,0.000000000,0.000000000,0.000000000,1.000000000,0.000000000,0.000000000,0.000000000,1.000000000,21.371603012,17.152215958,0.736469209,0.998472452,-0.000274949,-0.000066898,0.055250466
571,62.282000000,fused_map_f2f,1,1,0,0.065614307,0.019124237,0.977776703,0.977776703,0.100000000,0.011235967,0.011235967,0.011235967,0.011235967,1.000000000,0.000000000,0.000000000,0.000000000,0.000000000,0.000000000,0.000000000,0.000000000,0.000000000,1.000000000,0.000000000,0.000000000,0.000000000,1.000000000,21.435411453,17.159719467,0.737408161,0.998540401,-0.000228050,-0.000065119,0.054009680
572,62.393000000,fused_map_f2f,1,1,0,0.067186474,0.018353467,0.971553540,0.971553540,0.100000000,0.011307124,0.011307124,0.011307124,0.011307124,1.000000000,0.000000000,0.000000000,0.000000000,0.000000000,0.000000000,0.000000000,0.000000000,0.000000000,1.000000000,0.000000000,0.000000000,0.000000000,1.000000000,21.500476837,17.166280746,0.737350404,0.998608470,-0.000252133,-0.000065409,0.052735388
573,62.469000000,fused_map_f2f,1,1,0,0.067567070,0.012979453,0.970047013,0.970047013,0.100000000,0.011324486,0.011324486,0.011324486,0.011324486,1.000000000,0.000000000,0.000000000,0.000000000,0.000000000,0.000000000,0.000000000,0.000000000,0.000000000,1.000000000,0.000000000,0.000000000,0.000000000,1.000000000,21.547863007,17.171375275,0.737449586,0.998655975,-0.000193792,-0.000056360,0.051828854
574,62.578000000,fused_map_f2f,1,1,0,0.065606591,0.017434811,0.977807245,0.977807245,0.100000000,0.011235620,0.011235620,0.011235620,0.011235620,1.000000000,0.000000000,0.000000000,0.000000000,0.000000000,0.000000000,0.000000000,0.000000000,0.000000000,1.000000000,0.000000000,0.000000000,0.000000000,1.000000000,21.610067368,17.176259995,0.737544239,0.998716414,-0.000209987,-0.000046251,0.050650913
575,62.697000000,fused_map_f2f,1,1,0,0.068340843,0.016082802,0.966984162,0.966984162,0.100000000,0.011359948,0.011359948,0.011359948,0.011359948,1.000000000,0.000000000,0.000000000,0.000000000,0.000000000,0.000000000,0.000000000,0.000000000,0.000000000,1.000000000,0.000000000,0.000000000,0.000000000,1.000000000,21.678977966,17.182630539,0.737947464,0.998780429,-0.000089984,-0.000054586,0.049372546
576,62.768000000,fused_map_f2f,1,1,0,0.068843026,0.014348863,0.964996354,0.964996354,0.100000000,0.011383082,0.011383082,0.011383082,0.011383082,1.000000000,0.000000000,0.000000000,0.000000000,0.000000000,0.000000000,0.000000000,0.000000000,0.000000000,1.000000000,0.000000000,0.000000000,0.000000000,1.000000000,21.734771729,17.189327240,0.736687481,0.998827159,-0.000192509,-0.000061384,0.048417751
577,62.880000000,fused_map_f2f,1,1,0,0.071537024,0.021710822,0.954332613,0.954332613,0.100000000,0.011508813,0.011508813,0.011508813,0.011508813,1.000000000,0.000000000,0.000000000,0.000000000,0.000000000,0.000000000,0.000000000,0.000000000,0.000000000,1.000000000,0.000000000,0.000000000,0.000000000,1.000000000,21.810163498,17.195451736,0.736937881,0.998888671,-0.000180091,-0.000063620,0.047132242
578,62.988000000,fused_map_f2f,1,1,0,0.066888846,0.016244212,0.972731653,0.972731653,0.100000000,0.011293584,0.011293584,0.011293584,0.011293584,1.000000000,0.000000000,0.000000000,0.000000000,0.000000000,0.000000000,0.000000000,0.000000000,0.000000000,1.000000000,0.000000000,0.000000000,0.000000000,1.000000000,21.885450363,17.202730179,0.737257004,0.998946786,-0.000203613,-0.000055517,0.045883860
579,63.087000000,fused_map_f2f,1,1,0,0.068126931,0.022229843,0.967830897,0.967830897,0.100000000,0.011350122,0.011350122,0.011350122,0.011350122,1.000000000,0.000000000,0.000000000,0.000000000,0.000000000,0.000000000,0.000000000,0.000000000,0.000000000,1.000000000,0.000000000,0.000000000,0.000000000,1.000000000,21.944381714,17.207136154,0.737648726,0.998994648,-0.000097833,-0.000057433,0.044830367
580,63.171000000,fused_map_f2f,1,1,0,0.071290346,0.016685229,0.955309046,0.955309046,0.100000000,0.011497185,0.011497185,0.011497185,0.011497185,1.000000000,0.000000000,0.000000000,0.000000000,0.000000000,0.000000000,0.000000000,0.000000000,0.000000000,1.000000000,0.000000000,0.000000000,0.000000000,1.000000000,21.990514755,17.210380554,0.737856269,0.999032617,-0.000065117,-0.000078744,0.043975063
581,63.275000000,fused_map_f2f,1,1,0,0.068568385,0.016363382,0.966083478,0.966083478,0.100000000,0.011370418,0.011370418,0.011370418,0.011370418,1.000000000,0.000000000,0.000000000,0.000000000,0.000000000,0.000000000,0.000000000,0.000000000,0.000000000,1.000000000,0.000000000,0.000000000,0.000000000,1.000000000,22.056550980,17.214889526,0.736645639,0.999080718,-0.000182451,-0.000032185,0.042868856
582,63.392000000,fused_map_f2f,1,1,0,0.067487409,0.018867953,0.970362338,0.970362338,0.100000000,0.011320847,0.011320847,0.011320847,0.011320847,1.000000000,0.000000000,0.000000000,0.000000000,0.000000000,0.000000000,0.000000000,0.000000000,0.000000000,1.000000000,0.000000000,0.000000000,0.000000000,1.000000000,22.124837875,17.219387054,0.736933172,0.999128342,-0.000144800,-0.000023252,0.041743726
583,63.471000000,fused_map_f2f,1,1,0,0.069335373,0.013098945,0.963047480,0.963047480,0.100000000,0.011405854,0.011405854,0.011405854,0.011405854,1.000000000,0.000000000,0.000000000,0.000000000,0.000000000,0.000000000,0.000000000,0.000000000,0.000000000,1.000000000,0.000000000,0.000000000,0.000000000,1.000000000,22.173360825,17.222749710,0.737147212,0.999160826,-0.000080449,-0.000008340,0.040958799
584,63.577000000,fused_map_f2f,1,1,0,0.069361511,0.015424839,0.962944018,0.962944018,0.100000000,0.011407066,0.011407066,0.011407066,0.011407066,1.000000000,0.000000000,0.000000000,0.000000000,0.000000000,0.000000000,0.000000000,0.000000000,0.000000000,1.000000000,0.000000000,0.000000000,0.000000000,1.000000000,22.250640869,17.228796005,0.736562490,0.999209702,-0.000141544,-0.000017598,0.039747916
585,63.686000000,fused_map_f2f,1,1,0,0.067218218,0.018748173,0.971427885,0.971427885,0.100000000,0.011308570,0.011308570,0.011308570,0.011308570,1.000000000,0.000000000,0.000000000,0.000000000,0.000000000,0.000000000,0.000000000,0.000000000,0.000000000,1.000000000,0.000000000,0.000000000,0.000000000,1.000000000,22.322231293,17.233879089,0.737177432,0.999252975,-0.000082992,-0.000032641,0.038645990
586,63.785000000,fused_map_f2f,1,1,0,0.068643034,0.017923372,0.965787992,0.965787992,0.100000000,0.011373857,0.011373857,0.011373857,0.011373857,1.000000000,0.000000000,0.000000000,0.000000000,0.000000000,0.000000000,0.000000000,0.000000000,0.000000000,1.000000000,0.000000000,0.000000000,0.000000000,1.000000000,22.397281647,17.238174438,0.737681210,0.999294400,-0.000214428,-0.000016406,0.037557904
587,63.897000000,fused_map_f2f,1,1,0,0.066612999,0.013919296,0.973823546,0.973823546,0.100000000,0.011281064,0.011281064,0.011281064,0.011281064,1.000000000,0.000000000,0.000000000,0.000000000,0.000000000,0.000000000,0.000000000,0.000000000,0.000000000,1.000000000,0.000000000,0.000000000,0.000000000,1.000000000,22.473045349,17.243146896,0.738032699,0.999335349,-0.000146682,-0.000071345,0.036452014
588,63.970000000,fused_map_f2f,1,1,0,0.067178064,0.013328110,0.971586832,0.971586832,0.100000000,0.011306741,0.011306741,0.011306741,0.011306741,1.000000000,0.000000000,0.000000000,0.000000000,0.000000000,0.000000000,0.000000000,0.000000000,0.000000000,1.000000000,0.000000000,0.000000000,0.000000000,1.000000000,22.532768250,17.247972488,0.737298310,0.999365151,-0.000227531,-0.000018070,0.035627086
589,64.079000000,fused_map_f2f,1,1,0,0.067651935,0.014800984,0.969711090,0.969711090,0.100000000,0.011328364,0.011328364,0.011328364,0.011328364,1.000000000,0.000000000,0.000000000,0.000000000,0.000000000,0.000000000,0.000000000,0.000000000,0.000000000,1.000000000,0.000000000,0.000000000,0.000000000,1.000000000,22.606069565,17.251916885,0.737558186,0.999398410,-0.000098905,-0.000014289,0.034680981
590,64.192000000,fused_map_f2f,1,1,0,0.066577180,0.015142086,0.973965329,0.973965329,0.100000000,0.011279441,0.011279441,0.011279441,0.011279441,1.000000000,0.000000000,0.000000000,0.000000000,0.000000000,0.000000000,0.000000000,0.000000000,0.000000000,1.000000000,0.000000000,0.000000000,0.000000000,1.000000000,22.687370300,17.256992340,0.737668931,0.999433696,-0.000052477,-0.000009904,0.033648405
591,64.293000000,fused_map_f2f,1,1,0,0.068941785,0.015684333,0.964605436,0.964605436,0.100000000,0.011387642,0.011387642,0.011387642,0.011387642,1.000000000,0.000000000,0.000000000,0.000000000,0.000000000,0.000000000,0.000000000,0.000000000,0.000000000,1.000000000,0.000000000,0.000000000,0.000000000,1.000000000,22.782915115,17.262718201,0.737782180,0.999475121,-0.000164095,-0.000040958,0.032395091
592,64.367000000,fused_map_f2f,1,1,0,0.070820060,0.014994623,0.957170595,0.957170595,0.100000000,0.011475081,0.011475081,0.011475081,0.011475081,1.000000000,0.000000000,0.000000000,0.000000000,0.000000000,0.000000000,0.000000000,0.000000000,0.000000000,1.000000000,0.000000000,0.000000000,0.000000000,1.000000000,22.840120316,17.265855789,0.737386167,0.999497831,-0.000202947,-0.000029034,0.031687018
593,64.484000000,fused_map_f2f,1,1,0,0.068510783,0.017280858,0.966311484,0.966311484,0.100000000,0.011367766,0.011367766,0.011367766,0.011367766,1.000000000,0.000000000,0.000000000,0.000000000,0.000000000,0.000000000,0.000000000,0.000000000,0.000000000,1.000000000,0.000000000,0.000000000,0.000000000,1.000000000,22.928682327,17.269866943,0.737774014,0.999531031,-0.000175854,-0.000039241,0.030621395
594,64.594000000,fused_map_f2f,1,1,0,0.069313813,0.016251725,0.963132825,0.963132825,0.100000000,0.011404855,0.011404855,0.011404855,0.011404855,1.000000000,0.000000000,0.000000000,0.000000000,0.000000000,0.000000000,0.000000000,0.000000000,0.000000000,1.000000000,0.000000000,0.000000000,0.000000000,1.000000000,23.019826889,17.273538589,0.737600565,0.999562502,-0.000232658,-0.000026860,0.029576443
595,64.678000000,fused_map_f2f,1,1,0,0.068940364,0.014911887,0.964611059,0.964611059,0.100000000,0.011387577,0.011387577,0.011387577,0.011387577,1.000000000,0.000000000,0.000000000,0.000000000,0.000000000,0.000000000,0.000000000,0.000000000,0.000000000,1.000000000,0.000000000,0.000000000,0.000000000,1.000000000,23.094453812,17.278028488,0.737926364,0.999587417,-0.000204874,-0.000030425,0.028723095
596,64.785000000,fused_map_f2f,1,1,0,0.065790117,0.019225953,0.977080787,0.977080787,0.100000000,0.011243880,0.011243880,0.011243880,0.011243880,1.000000000,0.000000000,0.000000000,0.000000000,0.000000000,0.000000000,0.000000000,0.000000000,0.000000000,1.000000000,0.000000000,0.000000000,0.000000000,1.000000000,23.186759949,17.282939911,0.738362014,0.999615848,-0.000188035,-0.000003856,0.027715089
597,64.869000000,fused_map_f2f,1,1,0,0.068067879,0.013372075,0.968064645,0.968064645,0.100000000,0.011347412,0.011347412,0.011347412,0.011347412,1.000000000,0.000000000,0.000000000,0.000000000,0.000000000,0.000000000,0.000000000,0.000000000,0.000000000,1.000000000,0.000000000,0.000000000,0.000000000,1.000000000,23.255620956,17.287191391,0.737746298,0.999635875,-0.000223760,-0.000027137,0.026981236
598,64.978000000,fused_map_f2f,1,1,0,0.066081406,0.018639435,0.975927770,0.975927770,0.100000000,0.011257015,0.011257015,0.011257015,0.011257015,1.000000000,0.000000000,0.000000000,0.000000000,0.000000000,0.000000000,0.000000000,0.000000000,0.000000000,1.000000000,0.000000000,0.000000000,0.000000000,1.000000000,23.357015610,17.290214539,0.738688767,0.999662399,-0.000253581,-0.000021816,0.025981871
599,65.104000000,fused_map_f2f,1,1,0,0.068792542,0.020847711,0.965196187,0.965196187,0.100000000,0.011380752,0.011380752,0.011380752,0.011380752,1.000000000,0.000000000,0.000000000,0.000000000,0.000000000,0.000000000,0.000000000,0.000000000,0.000000000,1.000000000,0.000000000,0.000000000,0.000000000,1.000000000,23.479465485,17.295986176,0.738317072,0.999691606,-0.000206973,-0.000000757,0.024832552
600,65.180000000,fused_map_f2f,1,1,0,0.066840243,0.016890809,0.972924038,0.972924038,0.100000000,0.011291376,0.011291376,0.011291376,0.011291376,1.000000000,0.000000000,0.000000000,0.000000000,0.000000000,0.000000000,0.000000000,0.000000000,0.000000000,1.000000000,0.000000000,0.000000000,0.000000000,1.000000000,23.553047180,17.298580170,0.738686740,0.999707818,-0.000166741,-0.000009474,0.024170788
601,65.287000000,fused_map_f2f,1,1,0,0.068735390,0.016242018,0.965422414,0.965422414,0.100000000,0.011378115,0.011378115,0.011378115,0.011378115,1.000000000,0.000000000,0.000000000,0.000000000,0.000000000,0.000000000,0.000000000,0.000000000,0.000000000,1.000000000,0.000000000,0.000000000,0.000000000,1.000000000,23.658348083,17.302604675,0.738373339,0.999730408,-0.000175086,-0.000024531,0.023218641
602,65.403000000,fused_map_f2f,1,1,0,0.066174762,0.019804162,0.975558233,0.975558233,0.100000000,0.011261231,0.011261231,0.011261231,0.011261231,1.000000000,0.000000000,0.000000000,0.000000000,0.000000000,0.000000000,0.000000000,0.000000000,0.000000000,1.000000000,0.000000000,0.000000000,0.000000000,1.000000000,23.776332855,17.305646896,0.738192379,0.999752879,-0.000207548,0.000010257,0.022227641
603,65.478000000,fused_map_f2f,1,1,0,0.068769068,0.013462075,0.965289107,0.965289107,0.100000000,0.011379669,0.011379669,0.011379669,0.011379669,1.000000000,0.000000000,0.000000000,0.000000000,0.000000000,0.000000000,0.000000000,0.000000000,0.000000000,1.000000000,0.000000000,0.000000000,0.000000000,1.000000000,23.846111298,17.307617188,0.738484621,0.999765694,-0.000290673,-0.000041078,0.021645965
604,65.598000000,fused_map_f2f,1,1,0,0.068023424,0.016705254,0.968240611,0.968240611,0.100000000,0.011345374,0.011345374,0.011345374,0.011345374,1.000000000,0.000000000,0.000000000,0.000000000,0.000000000,0.000000000,0.000000000,0.000000000,0.000000000,1.000000000,0.000000000,0.000000000,0.000000000,1.000000000,23.965303421,17.310258865,0.738573730,0.999784827,-0.000147262,-0.000004675,0.020744210
605,65.670000000,fused_map_f2f,1,1,0,0.069605849,0.012118853,0.961976847,0.961976847,0.100000000,0.011418404,0.011418404,0.011418404,0.011418404,1.000000000,0.000000000,0.000000000,0.000000000,0.000000000,0.000000000,0.000000000,0.000000000,0.000000000,1.000000000,0.000000000,0.000000000,0.000000000,1.000000000,24.042108536,17.313257217,0.738443911,0.999798000,-0.000176242,-0.000017090,0.020097557
606,65.795000000,fused_map_f2f,1,1,0,0.070452398,0.016531376,0.958625924,0.958625924,0.100000000,0.011457860,0.011457860,0.011457860,0.011457860,1.000000000,0.000000000,0.000000000,0.000000000,0.000000000,0.000000000,0.000000000,0.000000000,0.000000000,1.000000000,0.000000000,0.000000000,0.000000000,1.000000000,24.175300598,17.316844940,0.738077223,0.999816895,-0.000179838,-0.000009271,0.019135932
607,65.866000000,fused_map_f2f,1,1,0,0.069117943,0.012348021,0.963908143,0.963908143,0.100000000,0.011395786,0.011395786,0.011395786,0.011395786,1.000000000,0.000000000,0.000000000,0.000000000,0.000000000,0.000000000,0.000000000,0.000000000,0.000000000,1.000000000,0.000000000,0.000000000,0.000000000,1.000000000,24.254240036,17.320480347,0.738422036,0.999828458,-0.000126924,-0.000005141,0.018521581
608,65.968000000,fused_map_f2f,1,1,0,0.066406273,0.013889800,0.974641837,0.974641837,0.100000000,0.011271700,0.011271700,0.011271700,0.011271700,1.000000000,0.000000000,0.000000000,0.000000000,0.000000000,0.000000000,0.000000000,0.000000000,0.000000000,1.000000000,0.000000000,0.000000000,0.000000000,1.000000000,24.348882675,17.322519302,0.738601923,0.999837756,-0.000184673,-0.000049025,0.018012540
609,66.071000000,fused_map_f2f,1,1,0,0.067888628,0.017559485,0.968774181,0.968774181,0.100000000,0.011339196,0.011339196,0.011339196,0.011339196,1.000000000,0.000000000,0.000000000,0.000000000,0.000000000,0.000000000,0.000000000,0.000000000,0.000000000,1.000000000,0.000000000,0.000000000,0.000000000,1.000000000,24.466629028,17.326095581,0.739086032,0.999854267,-0.000101104,-0.000010232,0.017070876
610,66.190000000,fused_map_f2f,1,1,0,0.067031628,0.018296183,0.972166474,0.972166474,0.100000000,0.011300076,0.011300076,0.011300076,0.011300076,1.000000000,0.000000000,0.000000000,0.000000000,0.000000000,0.000000000,0.000000000,0.000000000,0.000000000,1.000000000,0.000000000,0.000000000,0.000000000,1.000000000,24.585569382,17.329633713,0.738832831,0.999867082,-0.000086125,-0.000023693,0.016304303
611,66.294000000,fused_map_f2f,1,1,0,0.068249071,0.017901903,0.967347428,0.967347428,0.100000000,0.011355730,0.011355730,0.011355730,0.011355730,1.000000000,0.000000000,0.000000000,0.000000000,0.000000000,0.000000000,0.000000000,0.000000000,0.000000000,1.000000000,0.000000000,0.000000000,0.000000000,1.000000000,24.685173035,17.331434250,0.739154100,0.999875307,-0.000083918,-0.000059986,0.015792359
612,66.366000000,fused_map_f2f,1,1,0,0.064613281,0.014379682,0.981739096,0.981739096,0.100000000,0.011191125,0.011191125,0.011191125,0.011191125,1.000000000,0.000000000,0.000000000,0.000000000,0.000000000,0.000000000,0.000000000,0.000000000,0.000000000,1.000000000,0.000000000,0.000000000,0.000000000,1.000000000,24.749433517,17.331226349,0.739244640,0.999877393,-0.000100144,-0.000094545,0.015656823
613,66.477000000,fused_map_f2f,1,1,0,0.065568070,0.015057174,0.977959723,0.977959723,0.100000000,0.011233888,0.011233888,0.011233888,0.011233888,1.000000000,0.000000000,0.000000000,0.000000000,0.000000000,0.000000000,0.000000000,0.000000000,0.000000000,1.000000000,0.000000000,0.000000000,0.000000000,1.000000000,24.860782623,17.332317352,0.740215421,0.999888361,0.000171629,-0.000000550,0.014940834
614,66.614000000,fused_map_f2f,1,1,0,0.064173427,0.023740591,0.983480186,0.983480186,0.100000000,0.011171535,0.011171535,0.011171535,0.011171535,1.000000000,0.000000000,0.000000000,0.000000000,0.000000000,0.000000000,0.000000000,0.000000000,0.000000000,1.000000000,0.000000000,0.000000000,0.000000000,1.000000000,24.988729477,17.333789825,0.740627527,0.999896288,0.000109806,-0.000065166,0.014399271
615,66.805000000,fused_map_f2f,1,1,0,0.064645042,0.021142595,0.981613376,0.981613376,0.100000000,0.011192543,0.011192543,0.011192543,0.011192543,1.000000000,0.000000000,0.000000000,0.000000000,0.000000000,0.000000000,0.000000000,0.000000000,0.000000000,1.000000000,0.000000000,0.000000000,0.000000000,1.000000000,25.179584503,17.339687347,0.740194917,0.999912143,0.000055242,-0.000007138,0.013253344
616,66.906000000,fused_map_f2f,1,1,0,0.061539413,0.018717652,0.993906490,0.993906490,0.100000000,0.011055638,0.011055638,0.011055638,0.011055638,1.000000000,0.000000000,0.000000000,0.000000000,0.000000000,0.000000000,0.000000000,0.000000000,0.000000000,1.000000000,0.000000000,0.000000000,0.000000000,1.000000000,25.269144058,17.341979980,0.741091132,0.999918103,0.000202429,0.000022992,0.012798004
617,67.019000000,fused_map_f2f,1,1,0,0.061447383,0.019129722,0.994270776,0.994270776,0.100000000,0.011051632,0.011051632,0.011051632,0.011051632,1.000000000,0.000000000,0.000000000,0.000000000,0.000000000,0.000000000,0.000000000,0.000000000,0.000000000,1.000000000,0.000000000,0.000000000,0.000000000,1.000000000,25.359426498,17.340585709,0.740840137,0.999922156,0.000074672,-0.000007019,0.012476702
618,67.132000000,fused_map_f2f,1,1,0,0.060363554,0.015348515,0.998560932,0.998560932,0.100000000,0.011004673,0.011004673,0.011004673,0.011004673,1.000000000,0.000000000,0.000000000,0.000000000,0.000000000,0.000000000,0.000000000,0.000000000,0.000000000,1.000000000,0.000000000,0.000000000,0.000000000,1.000000000,25.452001572,17.341661453,0.740958393,0.999926567,0.000243632,0.000010691,0.012112635
619,67.205000000,fused_map_f2f,1,1,0,0.061053847,0.017757636,0.995828523,0.995828523,0.100000000,0.011034535,0.011034535,0.011034535,0.011034535,1.000000000,0.000000000,0.000000000,0.000000000,0.000000000,0.000000000,0.000000000,0.000000000,0.000000000,1.000000000,0.000000000,0.000000000,0.000000000,1.000000000,25.505479813,17.342054367,0.741241932,0.999928355,0.000230293,0.000007040,0.011968739
620,67.307000000,fused_map_f2f,1,1,0,0.062766122,0.009809811,0.989050767,0.989050767,0.100000000,0.011109313,0.011109313,0.011109313,0.011109313,1.000000000,0.000000000,0.000000000,0.000000000,0.000000000,0.000000000,0.000000000,0.000000000,0.000000000,1.000000000,0.000000000,0.000000000,0.000000000,1.000000000,25.577898026,17.342271805,0.741422951,0.999930084,0.000205398,-0.000003076,0.011822325
621,67.415000000,fused_map_f2f,1,1,0,0.060432857,0.012365156,0.998286607,0.998286607,0.100000000,0.011007664,0.011007664,0.011007664,0.011007664,1.000000000,0.000000000,0.000000000,0.000000000,0.000000000,0.000000000,0.000000000,0.000000000,0.000000000,1.000000000,0.000000000,0.000000000,0.000000000,1.000000000,25.684154510,17.344964981,0.741309404,0.999937534,0.000137385,-0.000004851,0.011175077
622,67.523000000,fused_map_f2f,1,1,0,0.060891614,0.013463383,0.996470695,0.996470695,0.100000000,0.011027503,0.011027503,0.011027503,0.011027503,1.000000000,0.000000000,0.000000000,0.000000000,0.000000000,0.000000000,0.000000000,0.000000000,0.000000000,1.000000000,0.000000000,0.000000000,0.000000000,1.000000000,25.767940521,17.346475601,0.740842998,0.999940395,0.000028839,-0.000017648,0.010918137
623,67.628000000,fused_map_f2f,1,1,0,0.060145085,0.011528887,0.999425707,0.999425707,0.100000000,0.010995256,0.010995256,0.010995256,0.010995256,1.000000000,0.000000000,0.000000000,0.000000000,0.000000000,0.000000000,0.000000000,0.000000000,0.000000000,1.000000000,0.000000000,0.000000000,0.000000000,1.000000000,25.853048325,17.347009659,0.741096556,0.999942958,0.000094542,0.000001626,0.010682400
624,67.705000000,fused_map_f2f,1,1,0,0.061508016,0.012972920,0.994030771,0.994030771,0.100000000,0.011054271,0.011054271,0.011054271,0.011054271,1.000000000,0.000000000,0.000000000,0.000000000,0.000000000,0.000000000,0.000000000,0.000000000,0.000000000,1.000000000,0.000000000,0.000000000,0.000000000,1.000000000,25.907690048,17.347307205,0.741201818,0.999943912,0.000051870,-0.000000939,0.010588726
625,67.810000000,fused_map_f2f,1,1,0,0.059607673,0.009765493,1.000000000,1.000000000,0.100000000,0.010989011,0.010989011,0.010989011,0.010989011,1.000000000,0.000000000,0.000000000,0.000000000,0.000000000,0.000000000,0.000000000,0.000000000,0.000000000,1.000000000,0.000000000,0.000000000,0.000000000,1.000000000,26.003568649,17.351018906,0.741353393,0.999948025,0.000090050,-0.000010647,0.010193642
626,67.917000000,fused_map_f2f,1,1,0,0.060354799,0.012056164,0.998595585,0.998595585,0.100000000,0.011004296,0.011004296,0.011004296,0.011004296,1.000000000,0.000000000,0.000000000,0.000000000,0.000000000,0.000000000,0.000000000,0.000000000,0.000000000,1.000000000,0.000000000,0.000000000,0.000000000,1.000000000,26.084743500,17.351545334,0.741539240,0.999949753,0.000074907,-0.000008679,0.010023177
627,68.021000000,fused_map_f2f,1,1,0,0.062577537,0.011182253,0.989797249,0.989797249,0.100000000,0.011101027,0.011101027,0.011101027,0.011101027,1.000000000,0.000000000,0.000000000,0.000000000,0.000000000,0.000000000,0.000000000,0.000000000,0.000000000,1.000000000,0.000000000,0.000000000,0.000000000,1.000000000,26.158025742,17.351743698,0.741446614,0.999951124,0.000059739,0.000022278,0.009885406
628,68.122000000,fused_map_f2f,1,1,0,0.060368203,0.014498138,0.998542531,0.998542531,0.100000000,0.011004874,0.011004874,0.011004874,0.011004874,1.000000000,0.000000000,0.000000000,0.000000000,0.000000000,0.000000000,0.000000000,0.000000000,0.000000000,1.000000000,0.000000000,0.000000000,0.000000000,1.000000000,26.248531342,17.354413986,0.741488814,0.999954045,0.000150616,-0.000034682,0.009584042
629,68.236000000,fused_map_f2f,1,1,0,0.060705491,0.012061641,0.997207433,0.997207433,0.100000000,0.011019445,0.011019445,0.011019445,0.011019445,1.000000000,0.000000000,0.000000000,0.000000000,0.000000000,0.000000000,0.000000000,0.000000000,0.000000000,1.000000000,0.000000000,0.000000000,0.000000000,1.000000000,26.330530167,17.354660034,0.741423428,0.999955297,0.000101122,-0.000018591,0.009453868
630,68.330000000,fused_map_f2f,1,1,0,0.060604825,0.011708421,0.997605903,0.997605903,0.100000000,0.011015092,0.011015092,0.011015092,0.011015092,1.000000000,0.000000000,0.000000000,0.000000000,0.000000000,0.000000000,0.000000000,0.000000000,0.000000000,1.000000000,0.000000000,0.000000000,0.000000000,1.000000000,26.409681320,17.356248856,0.741655052,0.999957025,0.000185414,-0.000006973,0.009265600
631,68.436000000,fused_map_f2f,1,1,0,0.061491003,0.012055463,0.994098111,0.994098111,0.100000000,0.011053531,0.011053531,0.011053531,0.011053531,1.000000000,0.000000000,0.000000000,0.000000000,0.000000000,0.000000000,0.000000000,0.000000000,0.000000000,1.000000000,0.000000000,0.000000000,0.000000000,1.000000000,26.495746613,17.357145309,0.741500735,0.999958694,0.000273810,-0.000011015,0.009084690
632,68.536000000,fused_map_f2f,1,1,0,0.058878614,0.011476519,1.000000000,1.000000000,0.100000000,0.010989011,0.010989011,0.010989011,0.010989011,1.000000000,0.000000000,0.000000000,0.000000000,0.000000000,0.000000000,0.000000000,0.000000000,0.000000000,1.000000000,0.000000000,0.000000000,0.000000000,1.000000000,26.582628250,17.358209610,0.741388559,0.999960661,0.000041279,-0.000014416,0.008865900
633,68.633000000,fused_map_f2f,1,1,0,0.056405319,0.013242844,1.000000000,1.000000000,0.100000000,0.010989011,0.010989011,0.010989011,0.010989011,1.000000000,0.000000000,0.000000000,0.000000000,0.000000000,0.000000000,0.000000000,0.000000000,0.000000000,1.000000000,0.000000000,0.000000000,0.000000000,1.000000000,26.666639328,17.357551575,0.741545141,0.999961674,0.000179907,-0.000009012,0.008751410
634,68.736000000,fused_map_f2f,1,1,0,0.057842121,0.016297021,1.000000000,1.000000000,0.100000000,0.010989011,0.010989011,0.010989011,0.010989011,1.000000000,0.000000000,0.000000000,0.000000000,0.000000000,0.000000000,0.000000000,0.000000000,0.000000000,1.000000000,0.000000000,0.000000000,0.000000000,1.000000000,26.770030975,17.359041214,0.741010189,0.999963462,-0.000055833,-0.000016249,0.008545262
635,68.807000000,fused_map_f2f,1,1,0,0.058047574,0.011247647,1.000000000,1.000000000,0.100000000,0.010989011,0.010989011,0.010989011,0.010989011,1.000000000,0.000000000,0.000000000,0.000000000,0.000000000,0.000000000,0.000000000,0.000000000,0.000000000,1.000000000,0.000000000,0.000000000,0.000000000,1.000000000,26.833440781,17.359226227,0.741503894,0.999963701,0.000192912,-0.000008148,0.008518065
636,68.908000000,fused_map_f2f,1,1,0,0.059564595,0.016562265,1.000000000,1.000000000,0.100000000,0.010989011,0.010989011,0.010989011,0.010989011,1.000000000,0.000000000,0.000000000,0.000000000,0.000000000,0.000000000,0.000000000,0.000000000,0.000000000,1.000000000,0.000000000,0.000000000,0.000000000,1.000000000,26.932098389,17.360462189,0.740960836,0.999965370,-0.000064486,-0.000005843,0.008322660
637,69.013000000,fused_map_f2f,1,1,0,0.057621707,0.013637550,1.000000000,1.000000000,0.100000000,0.010989011,0.010989011,0.010989011,0.010989011,1.000000000,0.000000000,0.000000000,0.000000000,0.000000000,0.000000000,0.000000000,0.000000000,0.000000000,1.000000000,0.000000000,0.000000000,0.000000000,1.000000000,27.030525208,17.361341476,0.741414666,0.999966443,0.000011160,-0.000004944,0.008192597
638,69.116000000,fused_map_f2f,1,1,0,0.057957937,0.014402978,1.000000000,1.000000000,0.100000000,0.010989011,0.010989011,0.010989011,0.010989011,1.000000000,0.000000000,0.000000000,0.000000000,0.000000000,0.000000000,0.000000000,0.000000000,0.000000000,1.000000000,0.000000000,0.000000000,0.000000000,1.000000000,27.128479004,17.361236572,0.740999877,0.999967635,-0.000124577,0.000005200,0.008041061
639,69.222000000,fused_map_f2f,1,1,0,0.058702489,0.015909088,1.000000000,1.000000000,0.100000000,0.010989011,0.010989011,0.010989011,0.010989011,1.000000000,0.000000000,0.000000000,0.000000000,0.000000000,0.000000000,0.000000000,0.000000000,0.000000000,1.000000000,0.000000000,0.000000000,0.000000000,1.000000000,27.236289978,17.362014771,0.741975725,0.999968708,0.000236036,0.000015048,0.007903748
640,69.323000000,fused_map_f2f,1,1,0,0.057669398,0.015935155,1.000000000,1.000000000,0.100000000,0.010989011,0.010989011,0.010989011,0.010989011,1.000000000,0.000000000,0.000000000,0.000000000,0.000000000,0.000000000,0.000000000,0.000000000,0.000000000,1.000000000,0.000000000,0.000000000,0.000000000,1.000000000,27.342433929,17.363769531,0.741696596,0.999970317,-0.000017079,0.000016090,0.007700172
641,69.433000000,fused_map_f2f,1,1,0,0.055031246,0.017552388,1.000000000,1.000000000,0.100000000,0.010989011,0.010989011,0.010989011,0.010989011,1.000000000,0.000000000,0.000000000,0.000000000,0.000000000,0.000000000,0.000000000,0.000000000,0.000000000,1.000000000,0.000000000,0.000000000,0.000000000,1.000000000,27.462230682,17.365533829,0.742302120,0.999972463,0.000367143,0.000022803,0.007413868
642,69.516000000,fused_map_f2f,1,1,0,0.057112651,0.013735407,1.000000000,1.000000000,0.100000000,0.010989011,0.010989011,0.010989011,0.010989011,1.000000000,0.000000000,0.000000000,0.000000000,0.000000000,0.000000000,0.000000000,0.000000000,0.000000000,1.000000000,0.000000000,0.000000000,0.000000000,1.000000000,27.538093567,17.365581512,0.742266536,0.999972880,0.000244098,-0.000015767,0.007359691
643,69.615000000,fused_map_f2f,1,1,0,0.055078751,0.011345734,1.000000000,1.000000000,0.100000000,0.010989011,0.010989011,0.010989011,0.010989011,1.000000000,0.000000000,0.000000000,0.000000000,0.000000000,0.000000000,0.000000000,0.000000000,0.000000000,1.000000000,0.000000000,0.000000000,0.000000000,1.000000000,27.649763107,17.366004944,0.742005587,0.999974489,0.000397561,0.000010344,0.007130674
644,69.721000000,fused_map_f2f,1,1,0,0.056247116,0.015527456,1.000000000,1.000000000,0.100000000,0.010989011,0.010989011,0.010989011,0.010989011,1.000000000,0.000000000,0.000000000,0.000000000,0.000000000,0.000000000,0.000000000,0.000000000,0.000000000,1.000000000,0.000000000,0.000000000,0.000000000,1.000000000,27.772817612,17.367258072,0.741238236,0.999976516,0.000183729,0.000011086,0.006851847
645,69.826000000,fused_map_f2f,1,1,0,0.055827831,0.021376154,1.000000000,1.000000000,0.100000000,0.010989011,0.010989011,0.010989011,0.010989011,1.000000000,0.000000000,0.000000000,0.000000000,0.000000000,0.000000000,0.000000000,0.000000000,0.000000000,1.000000000,0.000000000,0.000000000,0.000000000,1.000000000,27.881023407,17.367660522,0.741377592,0.999977231,0.000169318,-0.000014798,0.006741914
646,69.905000000,fused_map_f2f,1,1,0,0.053303033,0.017578412,1.000000000,1.000000000,0.100000000,0.010989011,0.010989011,0.010989011,0.010989011,1.000000000,0.000000000,0.000000000,0.000000000,0.000000000,0.000000000,0.000000000,0.000000000,0.000000000,1.000000000,0.000000000,0.000000000,0.000000000,1.000000000,27.986808777,17.368562698,0.741546988,0.999978483,0.000152759,0.000010525,0.006560861
647,70.009000000,fused_map_f2f,1,1,0,0.058991045,0.019386652,1.000000000,1.000000000,0.100000000,0.010989011,0.010989011,0.010989011,0.010989011,1.000000000,0.000000000,0.000000000,0.000000000,0.000000000,0.000000000,0.000000000,0.000000000,0.000000000,1.000000000,0.000000000,0.000000000,0.000000000,1.000000000,28.090570450,17.368909836,0.741507709,0.999978960,0.000424501,0.000022935,0.006465107
648,70.132000000,fused_map_f2f,1,1,0,0.055054573,0.017195740,1.000000000,1.000000000,0.100000000,0.010989011,0.010989011,0.010989011,0.010989011,1.000000000,0.000000000,0.000000000,0.000000000,0.000000000,0.000000000,0.000000000,0.000000000,0.000000000,1.000000000,0.000000000,0.000000000,0.000000000,1.000000000,28.230499268,17.370460510,0.742098868,0.999979854,0.000512544,0.000024196,0.006324945
649,70.212000000,fused_map_f2f,1,1,0,0.057941425,0.025050151,1.000000000,1.000000000,0.100000000,0.010989011,0.010989011,0.010989011,0.010989011,1.000000000,0.000000000,0.000000000,0.000000000,0.000000000,0.000000000,0.000000000,0.000000000,0.000000000,1.000000000,0.000000000,0.000000000,0.000000000,1.000000000,28.323919296,17.370357513,0.741775990,0.999980271,0.000441228,0.000021014,0.006262302
650,70.316000000,fused_map_f2f,1,1,0,0.055091052,0.013979893,1.000000000,1.000000000,0.100000000,0.010989011,0.010989011,0.010989011,0.010989011,1.000000000,0.000000000,0.000000000,0.000000000,0.000000000,0.000000000,0.000000000,0.000000000,0.000000000,1.000000000,0.000000000,0.000000000,0.000000000,1.000000000,28.422311783,17.370740891,0.741704881,0.999980390,0.000426651,0.000030023,0.006242201
651,70.419000000,fused_map_f2f,1,1,0,0.056206710,0.016437101,1.000000000,1.000000000,0.100000000,0.010989011,0.010989011,0.010989011,0.010989011,1.000000000,0.000000000,0.000000000,0.000000000,0.000000000,0.000000000,0.000000000,0.000000000,0.000000000,1.000000000,0.000000000,0.000000000,0.000000000,1.000000000,28.519739151,17.371051788,0.741938412,0.999981105,0.000463655,-0.000013498,0.006125085
652,70.534000000,fused_map_f2f,1,1,0,0.058053865,0.017499073,1.000000000,1.000000000,0.100000000,0.010989011,0.010989011,0.010989011,0.010989011,1.000000000,0.000000000,0.000000000,0.000000000,0.000000000,0.000000000,0.000000000,0.000000000,0.000000000,1.000000000,0.000000000,0.000000000,0.000000000,1.000000000,28.673652649,17.373428345,0.742088497,0.999982834,0.000712193,0.000016301,0.005813543
653,70.606000000,fused_map_f2f,1,1,0,0.055488944,0.012528692,1.000000000,1.000000000,0.100000000,0.010989011,0.010989011,0.010989011,0.010989011,1.000000000,0.000000000,0.000000000,0.000000000,0.000000000,0.000000000,0.000000000,0.000000000,0.000000000,1.000000000,0.000000000,0.000000000,0.000000000,1.000000000,28.760036469,17.373825073,0.741366327,0.999983668,0.000270029,-0.000006032,0.005708575
654,70.705000000,fused_map_f2f,1,1,0,0.057364468,0.015343622,1.000000000,1.000000000,0.100000000,0.010989011,0.010989011,0.010989011,0.010989011,1.000000000,0.000000000,0.000000000,0.000000000,0.000000000,0.000000000,0.000000000,0.000000000,0.000000000,1.000000000,0.000000000,0.000000000,0.000000000,1.000000000,28.861854553,17.374847412,0.742186844,0.999983847,0.000638066,0.000017283,0.005646990
655,70.824000000,fused_map_f2f,1,1,0,0.056115186,0.019693581,1.000000000,1.000000000,0.100000000,0.010989011,0.010989011,0.010989011,0.010989011,1.000000000,0.000000000,0.000000000,0.000000000,0.000000000,0.000000000,0.000000000,0.000000000,0.000000000,1.000000000,0.000000000,0.000000000,0.000000000,1.000000000,28.993814468,17.375814438,0.742273271,0.999984622,0.000711472,0.000014524,0.005499172
656,70.911000000,fused_map_f2f,1,1,0,0.057347574,0.015471040,1.000000000,1.000000000,0.100000000,0.010989011,0.010989011,0.010989011,0.010989011,1.000000000,0.000000000,0.000000000,0.000000000,0.000000000,0.000000000,0.000000000,0.000000000,0.000000000,1.000000000,0.000000000,0.000000000,0.000000000,1.000000000,29.075845718,17.375686646,0.742459595,0.999984562,0.000637650,-0.000003301,0.005520201
657,71.013000000,fused_map_f2f,1,1,0,0.055184393,0.017919232,1.000000000,1.000000000,0.100000000,0.010989011,0.010989011,0.010989011,0.010989011,1.000000000,0.000000000,0.000000000,0.000000000,0.000000000,0.000000000,0.000000000,0.000000000,0.000000000,1.000000000,0.000000000,0.000000000,0.000000000,1.000000000,29.200693130,17.375942230,0.742037714,0.999985397,0.000672686,0.000035192,0.005365049
658,71.121000000,fused_map_f2f,1,1,0,0.054269931,0.019827870,1.000000000,1.000000000,0.100000000,0.010989011,0.010989011,0.010989011,0.010989011,1.000000000,0.000000000,0.000000000,0.000000000,0.000000000,0.000000000,0.000000000,0.000000000,0.000000000,1.000000000,0.000000000,0.000000000,0.000000000,1.000000000,29.316345215,17.376293182,0.741295457,0.999985695,0.000638329,0.000028525,0.005303140
659,71.226000000,fused_map_f2f,1,1,0,0.050999635,0.015836588,1.000000000,1.000000000,0.100000000,0.010989011,0.010989011,0.010989011,0.010989011,1.000000000,0.000000000,0.000000000,0.000000000,0.000000000,0.000000000,0.000000000,0.000000000,0.000000000,1.000000000,0.000000000,0.000000000,0.000000000,1.000000000,29.430192947,17.377155304,0.741738319,0.999985874,0.000708003,0.000037490,0.005262476
660,71.331000000,fused_map_f2f,1,1,0,0.050863796,0.016627630,1.000000000,1.000000000,0.100000000,0.010989011,0.010989011,0.010989011,0.010989011,1.000000000,0.000000000,0.000000000,0.000000000,0.000000000,0.000000000,0.000000000,0.000000000,0.000000000,1.000000000,0.000000000,0.000000000,0.000000000,1.000000000,29.562988281,17.377483368,0.741952300,0.999986768,0.000597009,0.000037342,0.005109343
661,71.405000000,fused_map_f2f,1,1,0,0.050134032,0.015578855,1.000000000,1.000000000,0.100000000,0.010989011,0.010989011,0.010989011,0.010989011,1.000000000,0.000000000,0.000000000,0.000000000,0.000000000,0.000000000,0.000000000,0.000000000,0.000000000,1.000000000,0.000000000,0.000000000,0.000000000,1.000000000,29.632432938,17.377634048,0.742005706,0.999986529,0.000787393,0.000050272,0.005130366
662,71.529000000,fused_map_f2f,1,1,0,0.051454184,0.020398647,1.000000000,1.000000000,0.100000000,0.010989011,0.010989011,0.010989011,0.010989011,1.000000000,0.000000000,0.000000000,0.000000000,0.000000000,0.000000000,0.000000000,0.000000000,0.000000000,1.000000000,0.000000000,0.000000000,0.000000000,1.000000000,29.788652420,17.379259109,0.742148101,0.999987423,0.000736364,0.000021670,0.004961587
663,71.629000000,fused_map_f2f,1,1,0,0.053120153,0.013450067,1.000000000,1.000000000,0.100000000,0.010989011,0.010989011,0.010989011,0.010989011,1.000000000,0.000000000,0.000000000,0.000000000,0.000000000,0.000000000,0.000000000,0.000000000,0.000000000,1.000000000,0.000000000,0.000000000,0.000000000,1.000000000,29.900535583,17.380117416,0.741695642,0.999987483,0.000759539,0.000028261,0.004942295
664,71.705000000,fused_map_f2f,1,1,0,0.052850548,0.018587607,1.000000000,1.000000000,0.100000000,0.010989011,0.010989011,0.010989011,0.010989011,1.000000000,0.000000000,0.000000000,0.000000000,0.000000000,0.000000000,0.000000000,0.000000000,0.000000000,1.000000000,0.000000000,0.000000000,0.000000000,1.000000000,30.003170013,17.380632401,0.741925418,0.999988198,0.000839110,0.000026812,0.004781649
665,71.814000000,fused_map_f2f,1,1,0,0.054702733,0.016427327,1.000000000,1.000000000,0.100000000,0.010989011,0.010989011,0.010989011,0.010989011,1.000000000,0.000000000,0.000000000,0.000000000,0.000000000,0.000000000,0.000000000,0.000000000,0.000000000,1.000000000,0.000000000,0.000000000,0.000000000,1.000000000,30.111814499,17.380704880,0.741588593,0.999988437,0.000748925,-0.000006652,0.004744304
666,71.922000000,fused_map_f2f,1,1,0,0.055194217,0.017834731,1.000000000,1.000000000,0.100000000,0.010989011,0.010989011,0.010989011,0.010989011,1.000000000,0.000000000,0.000000000,0.000000000,0.000000000,0.000000000,0.000000000,0.000000000,0.000000000,1.000000000,0.000000000,0.000000000,0.000000000,1.000000000,30.236646652,17.380594254,0.742519438,0.999988496,0.000963056,0.000051808,0.004698721
667,72.033000000,fused_map_f2f,1,1,0,0.054299652,0.018641026,1.000000000,1.000000000,0.100000000,0.010989011,0.010989011,0.010989011,0.010989011,1.000000000,0.000000000,0.000000000,0.000000000,0.000000000,0.000000000,0.000000000,0.000000000,0.000000000,1.000000000,0.000000000,0.000000000,0.000000000,1.000000000,30.374031067,17.380746841,0.742629707,0.999988854,0.000788309,0.000036783,0.004652545
668,72.114000000,fused_map_f2f,1,1,0,0.055321824,0.020344794,1.000000000,1.000000000,0.100000000,0.010989011,0.010989011,0.010989011,0.010989011,1.000000000,0.000000000,0.000000000,0.000000000,0.000000000,0.000000000,0.000000000,0.000000000,0.000000000,1.000000000,0.000000000,0.000000000,0.000000000,1.000000000,30.456567764,17.380821228,0.742356598,0.999988914,0.000635006,0.000078313,0.004660078
669,72.219000000,fused_map_f2f,1,1,0,0.052967805,0.019322604,1.000000000,1.000000000,0.100000000,0.010989011,0.010989011,0.010989011,0.010989011,1.000000000,0.000000000,0.000000000,0.000000000,0.000000000,0.000000000,0.000000000,0.000000000,0.000000000,1.000000000,0.000000000,0.000000000,0.000000000,1.000000000,30.587423325,17.383113861,0.743147135,0.999989748,0.000894713,0.000042595,0.004441096
670,72.327000000,fused_map_f2f,1,1,0,0.052217581,0.015710895,1.000000000,1.000000000,0.100000000,0.010989011,0.010989011,0.010989011,0.010989011,1.000000000,0.000000000,0.000000000,0.000000000,0.000000000,0.000000000,0.000000000,0.000000000,0.000000000,1.000000000,0.000000000,0.000000000,0.000000000,1.000000000,30.757822037,17.384368896,0.742937803,0.999990165,0.000849193,0.000043772,0.004350832
671,72.421000000,fused_map_f2f,1,1,0,0.052908747,0.027739082,1.000000000,1.000000000,0.100000000,0.010989011,0.010989011,0.010989011,0.010989011,1.000000000,0.000000000,0.000000000,0.000000000,0.000000000,0.000000000,0.000000000,0.000000000,0.000000000,1.000000000,0.000000000,0.000000000,0.000000000,1.000000000,30.851736069,17.384498596,0.742519021,0.999989450,0.000786138,0.000094423,0.004523549
672,72.531000000,fused_map_f2f,1,1,0,0.051768060,0.023167510,1.000000000,1.000000000,0.100000000,0.010989011,0.010989011,0.010989011,0.010989011,1.000000000,0.000000000,0.000000000,0.000000000,0.000000000,0.000000000,0.000000000,0.000000000,0.000000000,1.000000000,0.000000000,0.000000000,0.000000000,1.000000000,30.981628418,17.384412766,0.743135214,0.999989748,0.000794649,0.000035706,0.004462266
673,72.640000000,fused_map_f2f,1,1,0,0.050937175,0.021811428,1.000000000,1.000000000,0.100000000,0.010989011,0.010989011,0.010989011,0.010989011,1.000000000,0.000000000,0.000000000,0.000000000,0.000000000,0.000000000,0.000000000,0.000000000,0.000000000,1.000000000,0.000000000,0.000000000,0.000000000,1.000000000,31.109609604,17.385021210,0.742842555,0.999989808,0.000910496,0.000042209,0.004426723
674,72.723000000,fused_map_f2f,1,1,0,0.047942771,0.016517385,1.000000000,1.000000000,0.100000000,0.010989011,0.010989011,0.010989011,0.010989011,1.000000000,0.000000000,0.000000000,0.000000000,0.000000000,0.000000000,0.000000000,0.000000000,0.000000000,1.000000000,0.000000000,0.000000000,0.000000000,1.000000000,31.218490601,17.385419846,0.743598163,0.999990106,0.001020128,0.000046408,0.004329632
675,72.833000000,fused_map_f2f,1,1,0,0.048403690,0.014321860,1.000000000,1.000000000,0.100000000,0.010989011,0.010989011,0.010989011,0.010989011,1.000000000,0.000000000,0.000000000,0.000000000,0.000000000,0.000000000,0.000000000,0.000000000,0.000000000,1.000000000,0.000000000,0.000000000,0.000000000,1.000000000,31.377447128,17.386987686,0.743504524,0.999990344,0.001120076,0.000051516,0.004242434
676,72.920000000,fused_map_f2f,1,1,0,0.051709981,0.014840037,1.000000000,1.000000000,0.100000000,0.010989011,0.010989011,0.010989011,0.010989011,1.000000000,0.000000000,0.000000000,0.000000000,0.000000000,0.000000000,0.000000000,0.000000000,0.000000000,1.000000000,0.000000000,0.000000000,0.000000000,1.000000000,31.473018646,17.387928009,0.743583083,0.999990225,0.001327166,0.000065219,0.004215506
677,73.038000000,fused_map_f2f,1,1,0,0.048825520,0.029425563,1.000000000,1.000000000,0.100000000,0.010989011,0.010989011,0.010989011,0.010989011,1.000000000,0.000000000,0.000000000,0.000000000,0.000000000,0.000000000,0.000000000,0.000000000,0.000000000,1.000000000,0.000000000,0.000000000,0.000000000,1.000000000,31.609420776,17.387411118,0.744132042,0.999990344,0.001310358,0.000064971,0.004188344
678,73.109000000,fused_map_f2f,1,1,0,0.050948667,0.031130031,1.000000000,1.000000000,0.100000000,0.010989011,0.010989011,0.010989011,0.010989011,1.000000000,0.000000000,0.000000000,0.000000000,0.000000000,0.000000000,0.000000000,0.000000000,0.000000000,1.000000000,0.000000000,0.000000000,0.000000000,1.000000000,31.697614670,17.387592316,0.743532360,0.999990344,0.001374197,0.000066131,0.004167621
679,73.313000000,fused_map_f2f,1,1,0,0.049507251,0.037900806,1.000000000,1.000000000,0.100000000,0.010989011,0.010989011,0.010989011,0.010989011,1.000000000,0.000000000,0.000000000,0.000000000,0.000000000,0.000000000,0.000000000,0.000000000,0.000000000,1.000000000,0.000000000,0.000000000,0.000000000,1.000000000,31.926971436,17.388019562,0.743292511,0.999990642,0.001220162,0.000061967,0.004144532
680,73.427000000,fused_map_f2f,1,1,0,0.051419244,0.016200209,1.000000000,1.000000000,0.100000000,0.010989011,0.010989011,0.010989011,0.010989011,1.000000000,0.000000000,0.000000000,0.000000000,0.000000000,0.000000000,0.000000000,0.000000000,0.000000000,1.000000000,0.000000000,0.000000000,0.000000000,1.000000000,32.046569824,17.388122559,0.743366778,0.999990284,0.001126249,0.000050485,0.004251563
681,73.540000000,fused_map_f2f,1,1,0,0.050161987,0.014953909,1.000000000,1.000000000,0.100000000,0.010989011,0.010989011,0.010989011,0.010989011,1.000000000,0.000000000,0.000000000,0.000000000,0.000000000,0.000000000,0.000000000,0.000000000,0.000000000,1.000000000,0.000000000,0.000000000,0.000000000,1.000000000,32.173339844,17.388364792,0.743206561,0.999990940,0.001018060,0.000071238,0.004133306
682,73.616000000,fused_map_f2f,1,1,0,0.052923714,0.013329815,1.000000000,1.000000000,0.100000000,0.010989011,0.010989011,0.010989011,0.010989011,1.000000000,0.000000000,0.000000000,0.000000000,0.000000000,0.000000000,0.000000000,0.000000000,0.000000000,1.000000000,0.000000000,0.000000000,0.000000000,1.000000000,32.256130219,17.389175415,0.743562937,0.999990880,0.001178860,0.000083928,0.004101962
683,73.718000000,fused_map_f2f,1,1,0,0.049023535,0.015502451,1.000000000,1.000000000,0.100000000,0.010989011,0.010989011,0.010989011,0.010989011,1.000000000,0.000000000,0.000000000,0.000000000,0.000000000,0.000000000,0.000000000,0.000000000,0.000000000,1.000000000,0.000000000,0.000000000,0.000000000,1.000000000,32.368820190,17.388727188,0.743179500,0.999991179,0.001018093,0.000065221,0.004073826
684,73.829000000,fused_map_f2f,1,1,0,0.050385441,0.019165133,1.000000000,1.000000000,0.100000000,0.010989011,0.010989011,0.010989011,0.010989011,1.000000000,0.000000000,0.000000000,0.000000000,0.000000000,0.000000000,0.000000000,0.000000000,0.000000000,1.000000000,0.000000000,0.000000000,0.000000000,1.000000000,32.470573425,17.388021469,0.743059695,0.999991536,0.000900179,0.000071529,0.004019017
685,73.934000000,fused_map_f2f,1,1,0,0.050480432,0.014432482,1.000000000,1.000000000,0.100000000,0.010989011,0.010989011,0.010989011,0.010989011,1.000000000,0.000000000,0.000000000,0.000000000,0.000000000,0.000000000,0.000000000,0.000000000,0.000000000,1.000000000,0.000000000,0.000000000,0.000000000,1.000000000,32.604701996,17.389535904,0.743365288,0.999991417,0.001037284,0.000074155,0.004011424
686,74.044000000,fused_map_f2f,1,1,0,0.051958850,0.015898600,1.000000000,1.000000000,0.100000000,0.010989011,0.010989011,0.010989011,0.010989011,1.000000000,0.000000000,0.000000000,0.000000000,0.000000000,0.000000000,0.000000000,0.000000000,0.000000000,1.000000000,0.000000000,0.000000000,0.000000000,1.000000000,32.707672119,17.389623642,0.742562890,0.999991596,0.001053169,0.000088857,0.003959360
687,74.113000000,fused_map_f2f,1,1,0,0.050093102,0.018710221,1.000000000,1.000000000,0.100000000,0.010989011,0.010989011,0.010989011,0.010989011,1.000000000,0.000000000,0.000000000,0.000000000,0.000000000,0.000000000,0.000000000,0.000000000,0.000000000,1.000000000,0.000000000,0.000000000,0.000000000,1.000000000,32.767627716,17.390245438,0.742889166,0.999991953,0.001008006,0.000081682,0.003884163
688,74.241000000,fused_map_f2f,1,1,0,0.051477351,0.028284642,1.000000000,1.000000000,0.100000000,0.010989011,0.010989011,0.010989011,0.010989011,1.000000000,0.000000000,0.000000000,0.000000000,0.000000000,0.000000000,0.000000000,0.000000000,0.000000000,1.000000000,0.000000000,0.000000000,0.000000000,1.000000000,32.862808228,17.390413284,0.742813110,0.999992430,0.001068294,0.000095572,0.003734322
689,74.317000000,fused_map_f2f,1,1,0,0.050930259,0.020842866,1.000000000,1.000000000,0.100000000,0.010989011,0.010989011,0.010989011,0.010989011,1.000000000,0.000000000,0.000000000,0.000000000,0.000000000,0.000000000,0.000000000,0.000000000,0.000000000,1.000000000,0.000000000,0.000000000,0.000000000,1.000000000,32.938720703,17.390811920,0.742573142,0.999992847,0.000970526,0.000081728,0.003656650
690,74.419000000,fused_map_f2f,1,1,0,0.048373235,0.009783070,1.000000000,1.000000000,0.100000000,0.010989011,0.010989011,0.010989011,0.010989011,1.000000000,0.000000000,0.000000000,0.000000000,0.000000000,0.000000000,0.000000000,0.000000000,0.000000000,1.000000000,0.000000000,0.000000000,0.000000000,1.000000000,33.006565094,17.389949799,0.742484510,0.999993205,0.000799923,0.000074654,0.003585096
691,74.526000000,fused_map_f2f,1,1,0,0.049890538,0.026067469,1.000000000,1.000000000,0.100000000,0.010989011,0.010989011,0.010989011,0.010989011,1.000000000,0.000000000,0.000000000,0.000000000,0.000000000,0.000000000,0.000000000,0.000000000,0.000000000,1.000000000,0.000000000,0.000000000,0.000000000,1.000000000,33.077667236,17.390239716,0.742227077,0.999993443,0.000926609,0.000083515,0.003499855
692,74.642000000,fused_map_f2f,1,1,0,0.047760051,0.029903730,1.000000000,1.000000000,0.100000000,0.010989011,0.010989011,0.010989011,0.010989011,1.000000000,0.000000000,0.000000000,0.000000000,0.000000000,0.000000000,0.000000000,0.000000000,0.000000000,1.000000000,0.000000000,0.000000000,0.000000000,1.000000000,33.177619934,17.390312195,0.742414594,0.999994040,0.000696078,0.000082527,0.003386861
693,74.713000000,fused_map_f2f,1,1,0,0.047917720,0.012367811,1.000000000,1.000000000,0.100000000,0.010989011,0.010989011,0.010989011,0.010989011,1.000000000,0.000000000,0.000000000,0.000000000,0.000000000,0.000000000,0.000000000,0.000000000,0.000000000,1.000000000,0.000000000,0.000000000,0.000000000,1.000000000,33.227432251,17.390396118,0.742161095,0.999994040,0.000711135,0.000088307,0.003367776
694,74.828000000,fused_map_f2f,1,1,0,0.050023468,0.014559200,1.000000000,1.000000000,0.100000000,0.010989011,0.010989011,0.010989011,0.010989011,1.000000000,0.000000000,0.000000000,0.000000000,0.000000000,0.000000000,0.000000000,0.000000000,0.000000000,1.000000000,0.000000000,0.000000000,0.000000000,1.000000000,33.314174652,17.390844345,0.741589069,0.999994040,0.000827205,0.000086002,0.003356351
695,74.933000000,fused_map_f2f,1,1,0,0.046811799,0.016375747,1.000000000,1.000000000,0.100000000,0.010989011,0.010989011,0.010989011,0.010989011,1.000000000,0.000000000,0.000000000,0.000000000,0.000000000,0.000000000,0.000000000,0.000000000,0.000000000,1.000000000,0.000000000,0.000000000,0.000000000,1.000000000,33.380924225,17.390747070,0.741876721,0.999993920,0.000794400,0.000047465,0.003393229
696,75.025000000,fused_map_f2f,1,1,0,0.047913991,0.020875886,1.000000000,1.000000000,0.100000000,0.010989011,0.010989011,0.010989011,0.010989011,1.000000000,0.000000000,0.000000000,0.000000000,0.000000000,0.000000000,0.000000000,0.000000000,0.000000000,1.000000000,0.000000000,0.000000000,0.000000000,1.000000000,33.435989380,17.390674591,0.742442667,0.999993622,0.000813864,-0.000018624,0.003475334
697,75.126000000,fused_map_f2f,1,1,0,0.047259458,0.016552417,1.000000000,1.000000000,0.100000000,0.010989011,0.010989011,0.010989011,0.010989011,1.000000000,0.000000000,0.000000000,0.000000000,0.000000000,0.000000000,0.000000000,0.000000000,0.000000000,1.000000000,0.000000000,0.000000000,0.000000000,1.000000000,33.526676178,17.390970230,0.741452217,0.999994278,0.000774782,0.000080117,0.003288104
698,75.234000000,fused_map_f2f,1,1,0,0.044691631,0.011860507,1.000000000,1.000000000,0.100000000,0.010989011,0.010989011,0.010989011,0.010989011,1.000000000,0.000000000,0.000000000,0.000000000,0.000000000,0.000000000,0.000000000,0.000000000,0.000000000,1.000000000,0.000000000,0.000000000,0.000000000,1.000000000,33.591217041,17.391023636,0.741685569,0.999994218,0.000770638,0.000033826,0.003305273
699,75.336000000,fused_map_f2f,1,1,0,0.046336553,0.016595198,1.000000000,1.000000000,0.100000000,0.010989011,0.010989011,0.010989011,0.010989011,1.000000000,0.000000000,0.000000000,0.000000000,0.000000000,0.000000000,0.000000000,0.000000000,0.000000000,1.000000000,0.000000000,0.000000000,0.000000000,1.000000000,33.661026001,17.389636993,0.741103649,0.999994516,0.000681164,0.000066349,0.003243387
700,75.432000000,fused_map_f2f,1,1,0,0.045293685,0.021764419,1.000000000,1.000000000,0.100000000,0.010989011,0.010989011,0.010989011,0.010989011,1.000000000,0.000000000,0.000000000,0.000000000,0.000000000,0.000000000,0.000000000,0.000000000,0.000000000,1.000000000,0.000000000,0.000000000,0.000000000,1.000000000,33.769805908,17.390264511,0.741492569,0.999994814,0.000480997,0.000075041,0.003185725
701,75.532000000,fused_map_f2f,1,1,0,0.045770149,0.023554118,1.000000000,1.000000000,0.100000000,0.010989011,0.010989011,0.010989011,0.010989011,1.000000000,0.000000000,0.000000000,0.000000000,0.000000000,0.000000000,0.000000000,0.000000000,0.000000000,1.000000000,0.000000000,0.000000000,0.000000000,1.000000000,33.832916260,17.389888763,0.741627574,0.999994755,0.000654722,0.000081326,0.003171375
702,75.633000000,fused_map_f2f,1,1,0,0.048169174,0.014482880,1.000000000,1.000000000,0.100000000,0.010989011,0.010989011,0.010989011,0.010989011,1.000000000,0.000000000,0.000000000,0.000000000,0.000000000,0.000000000,0.000000000,0.000000000,0.000000000,1.000000000,0.000000000,0.000000000,0.000000000,1.000000000,33.911945343,17.390638351,0.741209924,0.999994874,0.000605286,0.000064803,0.003134547
703,75.737000000,fused_map_f2f,1,1,0,0.046266362,0.029924191,1.000000000,1.000000000,0.100000000,0.010989011,0.010989011,0.010989011,0.010989011,1.000000000,0.000000000,0.000000000,0.000000000,0.000000000,0.000000000,0.000000000,0.000000000,0.000000000,1.000000000,0.000000000,0.000000000,0.000000000,1.000000000,33.978725433,17.390378952,0.741347671,0.999995053,0.000432741,0.000073852,0.003116879
704,75.820000000,fused_map_f2f,1,1,0,0.047808245,0.032091546,1.000000000,1.000000000,0.100000000,0.010989011,0.010989011,0.010989011,0.010989011,1.000000000,0.000000000,0.000000000,0.000000000,0.000000000,0.000000000,0.000000000,0.000000000,0.000000000,1.000000000,0.000000000,0.000000000,0.000000000,1.000000000,34.031784058,17.389770508,0.741573393,0.999995232,0.000295284,-0.000017232,0.003069761
705,75.916000000,fused_map_f2f,1,1,0,0.047147689,0.010034683,1.000000000,1.000000000,0.100000000,0.010989011,0.010989011,0.010989011,0.010989011,1.000000000,0.000000000,0.000000000,0.000000000,0.000000000,0.000000000,0.000000000,0.000000000,0.000000000,1.000000000,0.000000000,0.000000000,0.000000000,1.000000000,34.154354095,17.390291214,0.740836322,0.999995530,0.000444931,0.000062521,0.002954468
706,76.015000000,fused_map_f2f,1,1,0,0.045252687,0.017316449,1.000000000,1.000000000,0.100000000,0.010989011,0.010989011,0.010989011,0.010989011,1.000000000,0.000000000,0.000000000,0.000000000,0.000000000,0.000000000,0.000000000,0.000000000,0.000000000,1.000000000,0.000000000,0.000000000,0.000000000,1.000000000,34.222511292,17.390464783,0.741285861,0.999995530,0.000548847,0.000072469,0.002930404
707,76.127000000,fused_map_f2f,1,1,0,0.046615374,0.017882057,1.000000000,1.000000000,0.100000000,0.010989011,0.010989011,0.010989011,0.010989011,1.000000000,0.000000000,0.000000000,0.000000000,0.000000000,0.000000000,0.000000000,0.000000000,0.000000000,1.000000000,0.000000000,0.000000000,0.000000000,1.000000000,34.331771851,17.391162872,0.740848839,0.999995768,0.000551532,0.000066360,0.002844990
708,76.233000000,fused_map_f2f,1,1,0,0.045760943,0.014613213,1.000000000,1.000000000,0.100000000,0.010989011,0.010989011,0.010989011,0.010989011,1.000000000,0.000000000,0.000000000,0.000000000,0.000000000,0.000000000,0.000000000,0.000000000,0.000000000,1.000000000,0.000000000,0.000000000,0.000000000,1.000000000,34.406261444,17.390264511,0.741268814,0.999995947,0.000477193,0.000075362,0.002810360
709,76.338000000,fused_map_f2f,1,1,0,0.048210462,0.014438097,1.000000000,1.000000000,0.100000000,0.010989011,0.010989011,0.010989011,0.010989011,1.000000000,0.000000000,0.000000000,0.000000000,0.000000000,0.000000000,0.000000000,0.000000000,0.000000000,1.000000000,0.000000000,0.000000000,0.000000000,1.000000000,34.481449127,17.390581131,0.740986705,0.999996126,0.000479633,0.000064493,0.002743905
710,76.418000000,fused_map_f2f,1,1,0,0.046767445,0.030789623,1.000000000,1.000000000,0.100000000,0.010989011,0.010989011,0.010989011,0.010989011,1.000000000,0.000000000,0.000000000,0.000000000,0.000000000,0.000000000,0.000000000,0.000000000,0.000000000,1.000000000,0.000000000,0.000000000,0.000000000,1.000000000,34.578796387,17.391048431,0.741292119,0.999996364,0.000382658,0.000064508,0.002671552
711,76.525000000,fused_map_f2f,1,1,0,0.046700006,0.020467921,1.000000000,1.000000000,0.100000000,0.010989011,0.010989011,0.010989011,0.010989011,1.000000000,0.000000000,0.000000000,0.000000000,0.000000000,0.000000000,0.000000000,0.000000000,0.000000000,1.000000000,0.000000000,0.000000000,0.000000000,1.000000000,34.652843475,17.391590118,0.741099834,0.999996483,0.000477411,0.000075312,0.002610078
712,76.629000000,fused_map_f2f,1,1,0,0.046403652,0.010243977,1.000000000,1.000000000,0.100000000,0.010989011,0.010989011,0.010989011,0.010989011,1.000000000,0.000000000,0.000000000,0.000000000,0.000000000,0.000000000,0.000000000,0.000000000,0.000000000,1.000000000,0.000000000,0.000000000,0.000000000,1.000000000,34.764068604,17.390892029,0.740511954,0.999996662,0.000200973,0.000078375,0.002555761
713,76.733000000,fused_map_f2f,1,1,0,0.046188102,0.021131056,1.000000000,1.000000000,0.100000000,0.010989011,0.010989011,0.010989011,0.010989011,1.000000000,0.000000000,0.000000000,0.000000000,0.000000000,0.000000000,0.000000000,0.000000000,0.000000000,1.000000000,0.000000000,0.000000000,0.000000000,1.000000000,34.839035034,17.391176224,0.740494132,0.999996722,0.000219339,0.000022838,0.002533918
714,76.836000000,fused_map_f2f,1,1,0,0.047059233,0.026985126,1.000000000,1.000000000,0.100000000,0.010989011,0.010989011,0.010989011,0.010989011,1.000000000,0.000000000,0.000000000,0.000000000,0.000000000,0.000000000,0.000000000,0.000000000,0.000000000,1.000000000,0.000000000,0.000000000,0.000000000,1.000000000,34.952716827,17.392435074,0.740534067,0.999996901,0.000400227,0.000072397,0.002440886
715,76.926000000,fused_map_f2f,1,1,0,0.048058050,0.047367194,1.000000000,1.000000000,0.100000000,0.010989011,0.010989011,0.010989011,0.010989011,1.000000000,0.000000000,0.000000000,0.000000000,0.000000000,0.000000000,0.000000000,0.000000000,0.000000000,1.000000000,0.000000000,0.000000000,0.000000000,1.000000000,35.033149719,17.392704010,0.740515113,0.999997020,0.000498238,0.000071618,0.002382296
716,77.029000000,fused_map_f2f,1,1,0,0.047634628,0.017348826,1.000000000,1.000000000,0.100000000,0.010989011,0.010989011,0.010989011,0.010989011,1.000000000,0.000000000,0.000000000,0.000000000,0.000000000,0.000000000,0.000000000,0.000000000,0.000000000,1.000000000,0.000000000,0.000000000,0.000000000,1.000000000,35.167034149,17.392383575,0.740522027,0.999997258,0.000248755,0.000074280,0.002310991
717,77.130000000,fused_map_f2f,1,1,0,0.049866819,0.019298114,1.000000000,1.000000000,0.100000000,0.010989011,0.010989011,0.010989011,0.010989011,1.000000000,0.000000000,0.000000000,0.000000000,0.000000000,0.000000000,0.000000000,0.000000000,0.000000000,1.000000000,0.000000000,0.000000000,0.000000000,1.000000000,35.245059967,17.392587662,0.740051627,0.999997437,0.000396023,0.000051250,0.002235451
718,77.237000000,fused_map_f2f,1,1,0,0.048848835,0.019681788,1.000000000,1.000000000,0.100000000,0.010989011,0.010989011,0.010989011,0.010989011,1.000000000,0.000000000,0.000000000,0.000000000,0.000000000,0.000000000,0.000000000,0.000000000,0.000000000,1.000000000,0.000000000,0.000000000,0.000000000,1.000000000,35.354766846,17.392278671,0.739976346,0.999997616,0.000122616,0.000062644,0.002161878
719,77.317000000,fused_map_f2f,1,1,0,0.047420808,0.019242940,1.000000000,1.000000000,0.100000000,0.010989011,0.010989011,0.010989011,0.010989011,1.000000000,0.000000000,0.000000000,0.000000000,0.000000000,0.000000000,0.000000000,0.000000000,0.000000000,1.000000000,0.000000000,0.000000000,0.000000000,1.000000000,35.416175842,17.392215729,0.740046680,0.999997675,0.000207278,0.000064619,0.002142679
720,77.425000000,fused_map_f2f,1,1,0,0.048864417,0.017627240,1.000000000,1.000000000,0.100000000,0.010989011,0.010989011,0.010989011,0.010989011,1.000000000,0.000000000,0.000000000,0.000000000,0.000000000,0.000000000,0.000000000,0.000000000,0.000000000,1.000000000,0.000000000,0.000000000,0.000000000,1.000000000,35.498115540,17.392589569,0.739592910,0.999997675,0.000388040,0.000059166,0.002116885
721,77.524000000,fused_map_f2f,1,1,0,0.047239351,0.008235651,1.000000000,1.000000000,0.100000000,0.010989011,0.010989011,0.010989011,0.010989011,1.000000000,0.000000000,0.000000000,0.000000000,0.000000000,0.000000000,0.000000000,0.000000000,0.000000000,1.000000000,0.000000000,0.000000000,0.000000000,1.000000000,35.576141357,17.392316818,0.739502072,0.999997616,0.000261438,0.000057865,0.002146781
722,77.629000000,fused_map_f2f,1,1,0,0.049401769,0.015021317,1.000000000,1.000000000,0.100000000,0.010989011,0.010989011,0.010989011,0.010989011,1.000000000,0.000000000,0.000000000,0.000000000,0.000000000,0.000000000,0.000000000,0.000000000,0.000000000,1.000000000,0.000000000,0.000000000,0.000000000,1.000000000,35.647632599,17.392658234,0.739454627,0.999997795,0.000284888,0.000056075,0.002087681
723,77.730000000,fused_map_f2f,1,1,0,0.046983627,0.027342391,1.000000000,1.000000000,0.100000000,0.010989011,0.010989011,0.010989011,0.010989011,1.000000000,0.000000000,0.000000000,0.000000000,0.000000000,0.000000000,0.000000000,0.000000000,0.000000000,1.000000000,0.000000000,0.000000000,0.000000000,1.000000000,35.779525757,17.392108917,0.739933372,0.999997914,0.000118027,0.000064811,0.002025341
724,77.834000000,fused_map_f2f,1,1,0,0.049373684,0.021581903,1.000000000,1.000000000,0.100000000,0.010989011,0.010989011,0.010989011,0.010989011,1.000000000,0.000000000,0.000000000,0.000000000,0.000000000,0.000000000,0.000000000,0.000000000,0.000000000,1.000000000,0.000000000,0.000000000,0.000000000,1.000000000,35.854003906,17.392026901,0.739146590,0.999997914,0.000188315,0.000055406,0.002031585
725,77.947000000,fused_map_f2f,1,1,0,0.047439508,0.014303244,1.000000000,1.000000000,0.100000000,0.010989011,0.010989011,0.010989011,0.010989011,1.000000000,0.000000000,0.000000000,0.000000000,0.000000000,0.000000000,0.000000000,0.000000000,0.000000000,1.000000000,0.000000000,0.000000000,0.000000000,1.000000000,35.961799622,17.392311096,0.739850521,0.999997914,0.000168297,0.000054938,0.002017940
726,78.030000000,fused_map_f2f,1,1,0,0.044798403,0.011599783,1.000000000,1.000000000,0.100000000,0.010989011,0.010989011,0.010989011,0.010989011,1.000000000,0.000000000,0.000000000,0.000000000,0.000000000,0.000000000,0.000000000,0.000000000,0.000000000,1.000000000,0.000000000,0.000000000,0.000000000,1.000000000,36.018257141,17.392364502,0.739994466,0.999997973,0.000167997,0.000048810,0.001993296
727,78.140000000,fused_map_f2f,1,1,0,0.045237613,0.007995678,1.000000000,1.000000000,0.100000000,0.010989011,0.010989011,0.010989011,0.010989011,1.000000000,0.000000000,0.000000000,0.000000000,0.000000000,0.000000000,0.000000000,0.000000000,0.000000000,1.000000000,0.000000000,0.000000000,0.000000000,1.000000000,36.142314911,17.393018723,0.740353346,0.999998033,0.000219461,0.000041018,0.001954206
728,78.217000000,fused_map_f2f,1,1,0,0.044957683,0.013485392,1.000000000,1.000000000,0.100000000,0.010989011,0.010989011,0.010989011,0.010989011,1.000000000,0.000000000,0.000000000,0.000000000,0.000000000,0.000000000,0.000000000,0.000000000,0.000000000,1.000000000,0.000000000,0.000000000,0.000000000,1.000000000,36.188747406,17.393308640,0.740186751,0.999997973,0.000411074,0.000053370,0.001955605
729,78.323000000,fused_map_f2f,1,1,0,0.047039228,0.010759597,1.000000000,1.000000000,0.100000000,0.010989011,0.010989011,0.010989011,0.010989011,1.000000000,0.000000000,0.000000000,0.000000000,0.000000000,0.000000000,0.000000000,0.000000000,0.000000000,1.000000000,0.000000000,0.000000000,0.000000000,1.000000000,36.255588531,17.393836975,0.740499616,0.999998212,0.000604158,0.000058233,0.001803566
730,78.424000000,fused_map_f2f,1,1,0,0.044999146,0.014226781,1.000000000,1.000000000,0.100000000,0.010989011,0.010989011,0.010989011,0.010989011,1.000000000,0.000000000,0.000000000,0.000000000,0.000000000,0.000000000,0.000000000,0.000000000,0.000000000,1.000000000,0.000000000,0.000000000,0.000000000,1.000000000,36.407276154,17.393791199,0.740416110,0.999998093,0.000372736,0.000033584,0.001902587
731,78.529000000,fused_map_f2f,1,1,0,0.047031934,0.024801615,1.000000000,1.000000000,0.100000000,0.010989011,0.010989011,0.010989011,0.010989011,1.000000000,0.000000000,0.000000000,0.000000000,0.000000000,0.000000000,0.000000000,0.000000000,0.000000000,1.000000000,0.000000000,0.000000000,0.000000000,1.000000000,36.475223541,17.393262863,0.741119564,0.999998152,0.000266644,-0.000067072,0.001906686
732,78.630000000,fused_map_f2f,1,1,0,0.045121858,0.015007537,1.000000000,1.000000000,0.100000000,0.010989011,0.010989011,0.010989011,0.010989011,1.000000000,0.000000000,0.000000000,0.000000000,0.000000000,0.000000000,0.000000000,0.000000000,0.000000000,1.000000000,0.000000000,0.000000000,0.000000000,1.000000000,36.587318420,17.393882751,0.740750253,0.999998212,0.000299151,0.000033309,0.001854011
733,78.729000000,fused_map_f2f,1,1,0,0.045121845,0.031002381,1.000000000,1.000000000,0.100000000,0.010989011,0.010989011,0.010989011,0.010989011,1.000000000,0.000000000,0.000000000,0.000000000,0.000000000,0.000000000,0.000000000,0.000000000,0.000000000,1.000000000,0.000000000,0.000000000,0.000000000,1.000000000,36.642547607,17.394084930,0.740731597,0.999997973,0.000485426,0.000081915,0.001937992
734,78.844000000,fused_map_f2f,1,1,0,0.044998388,0.016525218,1.000000000,1.000000000,0.100000000,0.010989011,0.010989011,0.010989011,0.010989011,1.000000000,0.000000000,0.000000000,0.000000000,0.000000000,0.000000000,0.000000000,0.000000000,0.000000000,1.000000000,0.000000000,0.000000000,0.000000000,1.000000000,36.776679993,17.392904282,0.741757452,0.999998152,0.000283883,0.000050395,0.001879591
735,78.944000000,fused_map_f2f,1,1,0,0.045521902,0.023243454,1.000000000,1.000000000,0.100000000,0.010989011,0.010989011,0.010989011,0.010989011,1.000000000,0.000000000,0.000000000,0.000000000,0.000000000,0.000000000,0.000000000,0.000000000,0.000000000,1.000000000,0.000000000,0.000000000,0.000000000,1.000000000,36.843021393,17.393226624,0.741126060,0.999998152,0.000458420,0.000046637,0.001864317
736,79.044000000,fused_map_f2f,1,1,0,0.045924339,0.015690104,1.000000000,1.000000000,0.100000000,0.010989011,0.010989011,0.010989011,0.010989011,1.000000000,0.000000000,0.000000000,0.000000000,0.000000000,0.000000000,0.000000000,0.000000000,0.000000000,1.000000000,0.000000000,0.000000000,0.000000000,1.000000000,36.916561127,17.393423080,0.741136312,0.999998212,0.000385869,0.000052146,0.001850846
737,79.120000000,fused_map_f2f,1,1,0,0.044149396,0.028368958,1.000000000,1.000000000,0.100000000,0.010989011,0.010989011,0.010989011,0.010989011,1.000000000,0.000000000,0.000000000,0.000000000,0.000000000,0.000000000,0.000000000,0.000000000,0.000000000,1.000000000,0.000000000,0.000000000,0.000000000,1.000000000,36.975700378,17.393255234,0.741334319,0.999998152,0.000384397,0.000061405,0.001866354
738,79.230000000,fused_map_f2f,1,1,0,0.044872179,0.024886291,1.000000000,1.000000000,0.100000000,0.010989011,0.010989011,0.010989011,0.010989011,1.000000000,0.000000000,0.000000000,0.000000000,0.000000000,0.000000000,0.000000000,0.000000000,0.000000000,1.000000000,0.000000000,0.000000000,0.000000000,1.000000000,37.053043365,17.393880844,0.741335571,0.999998093,0.000450646,0.000054335,0.001884269
739,79.334000000,fused_map_f2f,1,1,0,0.044668671,0.020046212,1.000000000,1.000000000,0.100000000,0.010989011,0.010989011,0.010989011,0.010989011,1.000000000,0.000000000,0.000000000,0.000000000,0.000000000,0.000000000,0.000000000,0.000000000,0.000000000,1.000000000,0.000000000,0.000000000,0.000000000,1.000000000,37.175609589,17.393432617,0.741243601,0.999998212,0.000397608,0.000073357,0.001858007
740,79.413000000,fused_map_f2f,1,1,0,0.047237660,0.011518812,1.000000000,1.000000000,0.100000000,0.010989011,0.010989011,0.010989011,0.010989011,1.000000000,0.000000000,0.000000000,0.000000000,0.000000000,0.000000000,0.000000000,0.000000000,0.000000000,1.000000000,0.000000000,0.000000000,0.000000000,1.000000000,37.249954224,17.393995285,0.741039872,0.999998152,0.000543463,0.000062505,0.001847040
741,79.526000000,fused_map_f2f,1,1,0,0.044001886,0.014499467,1.000000000,1.000000000,0.100000000,0.010989011,0.010989011,0.010989011,0.010989011,1.000000000,0.000000000,0.000000000,0.000000000,0.000000000,0.000000000,0.000000000,0.000000000,0.000000000,1.000000000,0.000000000,0.000000000,0.000000000,1.000000000,37.379566193,17.394367218,0.741671443,0.999998271,0.000437614,0.000069673,0.001807414
742,79.631000000,fused_map_f2f,1,1,0,0.048126427,0.009232110,1.000000000,1.000000000,0.100000000,0.010989011,0.010989011,0.010989011,0.010989011,1.000000000,0.000000000,0.000000000,0.000000000,0.000000000,0.000000000,0.000000000,0.000000000,0.000000000,1.000000000,0.000000000,0.000000000,0.000000000,1.000000000,37.453842163,17.393442154,0.741663814,0.999998093,0.000370211,0.000035308,0.001918022
743,79.743000000,fused_map_f2f,1,1,0,0.044054713,0.015325599,1.000000000,1.000000000,0.100000000,0.010989011,0.010989011,0.010989011,0.010989011,1.000000000,0.000000000,0.000000000,0.000000000,0.000000000,0.000000000,0.000000000,0.000000000,0.000000000,1.000000000,0.000000000,0.000000000,0.000000000,1.000000000,37.583934784,17.394855499,0.742192149,0.999998331,0.000457827,0.000055334,0.001755368
744,79.815000000,fused_map_f2f,1,1,0,0.044703981,0.030512142,1.000000000,1.000000000,0.100000000,0.010989011,0.010989011,0.010989011,0.010989011,1.000000000,0.000000000,0.000000000,0.000000000,0.000000000,0.000000000,0.000000000,0.000000000,0.000000000,1.000000000,0.000000000,0.000000000,0.000000000,1.000000000,37.639431000,17.394836426,0.741742969,0.999998271,0.000587601,0.000063340,0.001772857
745,79.913000000,fused_map_f2f,1,1,0,0.043816911,0.016198655,1.000000000,1.000000000,0.100000000,0.010989011,0.010989011,0.010989011,0.010989011,1.000000000,0.000000000,0.000000000,0.000000000,0.000000000,0.000000000,0.000000000,0.000000000,0.000000000,1.000000000,0.000000000,0.000000000,0.000000000,1.000000000,37.765987396,17.394983292,0.742271960,0.999998331,0.000619167,0.000079990,0.001728735
746,80.041000000,fused_map_f2f,1,1,0,0.045121406,0.019029954,1.000000000,1.000000000,0.100000000,0.010989011,0.010989011,0.010989011,0.010989011,1.000000000,0.000000000,0.000000000,0.000000000,0.000000000,0.000000000,0.000000000,0.000000000,0.000000000,1.000000000,0.000000000,0.000000000,0.000000000,1.000000000,37.844745636,17.394920349,0.742161930,0.999998271,0.000664137,0.000066733,0.001742628
747,80.144000000,fused_map_f2f,1,1,0,0.045092148,0.023487409,1.000000000,1.000000000,0.100000000,0.010989011,0.010989011,0.010989011,0.010989011,1.000000000,0.000000000,0.000000000,0.000000000,0.000000000,0.000000000,0.000000000,0.000000000,0.000000000,1.000000000,0.000000000,0.000000000,0.000000000,1.000000000,37.961627960,17.395034790,0.742555678,0.999998152,0.000745801,0.000076123,0.001748447
748,80.214000000,fused_map_f2f,1,1,0,0.044811546,0.024907168,1.000000000,1.000000000,0.100000000,0.010989011,0.010989011,0.010989011,0.010989011,1.000000000,0.000000000,0.000000000,0.000000000,0.000000000,0.000000000,0.000000000,0.000000000,0.000000000,1.000000000,0.000000000,0.000000000,0.000000000,1.000000000,38.002937317,17.395175934,0.742424488,0.999998152,0.000746839,0.000057723,0.001777329
749,80.321000000,fused_map_f2f,1,1,0,0.046431309,0.015001034,1.000000000,1.000000000,0.100000000,0.010989011,0.010989011,0.010989011,0.010989011,1.000000000,0.000000000,0.000000000,0.000000000,0.000000000,0.000000000,0.000000000,0.000000000,0.000000000,1.000000000,0.000000000,0.000000000,0.000000000,1.000000000,38.067317963,17.394962311,0.741769373,0.999998093,0.000778293,0.000057395,0.001794808
750,80.425000000,fused_map_f2f,1,1,0,0.043597282,0.013749189,1.000000000,1.000000000,0.100000000,0.010989011,0.010989011,0.010989011,0.010989011,1.000000000,0.000000000,0.000000000,0.000000000,0.000000000,0.000000000,0.000000000,0.000000000,0.000000000,1.000000000,0.000000000,0.000000000,0.000000000,1.000000000,38.171257019,17.394220352,0.742412090,0.999998212,0.000741239,0.000075011,0.001732928
751,80.529000000,fused_map_f2f,1,1,0,0.043203251,0.017611077,1.000000000,1.000000000,0.100000000,0.010989011,0.010989011,0.010989011,0.010989011,1.000000000,0.000000000,0.000000000,0.000000000,0.000000000,0.000000000,0.000000000,0.000000000,0.000000000,1.000000000,0.000000000,0.000000000,0.000000000,1.000000000,38.232883453,17.395023346,0.742379308,0.999998093,0.000891610,0.000084035,0.001734526
752,80.636000000,fused_map_f2f,1,1,0,0.046492808,0.031402161,1.000000000,1.000000000,0.100000000,0.010989011,0.010989011,0.010989011,0.010989011,1.000000000,0.000000000,0.000000000,0.000000000,0.000000000,0.000000000,0.000000000,0.000000000,0.000000000,1.000000000,0.000000000,0.000000000,0.000000000,1.000000000,38.288253784,17.395032883,0.742615223,0.999997914,0.001015209,0.000079133,0.001746221
753,80.734000000,fused_map_f2f,1,1,0,0.046977021,0.013751613,1.000000000,1.000000000,0.100000000,0.010989011,0.010989011,0.010989011,0.010989011,1.000000000,0.000000000,0.000000000,0.000000000,0.000000000,0.000000000,0.000000000,0.000000000,0.000000000,1.000000000,0.000000000,0.000000000,0.000000000,1.000000000,38.339199066,17.395349503,0.742596507,0.999997795,0.001140111,0.000076758,0.001775925
754,80.830000000,fused_map_f2f,1,1,0,0.045690299,0.025017917,1.000000000,1.000000000,0.100000000,0.010989011,0.010989011,0.010989011,0.010989011,1.000000000,0.000000000,0.000000000,0.000000000,0.000000000,0.000000000,0.000000000,0.000000000,0.000000000,1.000000000,0.000000000,0.000000000,0.000000000,1.000000000,38.426914215,17.395421982,0.742092431,0.999998152,0.000868158,0.000087929,0.001715268
755,80.939000000,fused_map_f2f,1,1,0,0.047885994,0.015108485,1.000000000,1.000000000,0.100000000,0.010989011,0.010989011,0.010989011,0.010989011,1.000000000,0.000000000,0.000000000,0.000000000,0.000000000,0.000000000,0.000000000,0.000000000,0.000000000,1.000000000,0.000000000,0.000000000,0.000000000,1.000000000,38.481227875,17.395528793,0.742314041,0.999997914,0.000911652,0.000061653,0.001821465
756,81.041000000,fused_map_f2f,1,1,0,0.046334018,0.013530590,1.000000000,1.000000000,0.100000000,0.010989011,0.010989011,0.010989011,0.010989011,1.000000000,0.000000000,0.000000000,0.000000000,0.000000000,0.000000000,0.000000000,0.000000000,0.000000000,1.000000000,0.000000000,0.000000000,0.000000000,1.000000000,38.579307556,17.394329071,0.741782784,0.999998093,0.000893920,0.000083685,0.001718590
757,81.139000000,fused_map_f2f,1,1,0,0.046373427,0.019434163,1.000000000,1.000000000,0.100000000,0.010989011,0.010989011,0.010989011,0.010989011,1.000000000,0.000000000,0.000000000,0.000000000,0.000000000,0.000000000,0.000000000,0.000000000,0.000000000,1.000000000,0.000000000,0.000000000,0.000000000,1.000000000,38.643836975,17.394994736,0.742070556,0.999998152,0.000893178,0.000082403,0.001706220
758,81.242000000,fused_map_f2f,1,1,0,0.047913714,0.012651254,1.000000000,1.000000000,0.100000000,0.010989011,0.010989011,0.010989011,0.010989011,1.000000000,0.000000000,0.000000000,0.000000000,0.000000000,0.000000000,0.000000000,0.000000000,0.000000000,1.000000000,0.000000000,0.000000000,0.000000000,1.000000000,38.682369232,17.395177841,0.742139995,0.999998152,0.001001415,0.000102620,0.001637875
759,81.313000000,fused_map_f2f,1,1,0,0.044950684,0.011769436,1.000000000,1.000000000,0.100000000,0.010989011,0.010989011,0.010989011,0.010989011,1.000000000,0.000000000,0.000000000,0.000000000,0.000000000,0.000000000,0.000000000,0.000000000,0.000000000,1.000000000,0.000000000,0.000000000,0.000000000,1.000000000,38.791625977,17.394922256,0.741669238,0.999998331,0.000742249,0.000095329,0.001642880
760,81.424000000,fused_map_f2f,1,1,0,0.046819516,0.020335027,1.000000000,1.000000000,0.100000000,0.010989011,0.010989011,0.010989011,0.010989011,1.000000000,0.000000000,0.000000000,0.000000000,0.000000000,0.000000000,0.000000000,0.000000000,0.000000000,1.000000000,0.000000000,0.000000000,0.000000000,1.000000000,38.841335297,17.394847870,0.741570055,0.999998331,0.000810474,0.000098137,0.001639572
761,81.536000000,fused_map_f2f,1,1,0,0.048747623,0.015847359,1.000000000,1.000000000,0.100000000,0.010989011,0.010989011,0.010989011,0.010989011,1.000000000,0.000000000,0.000000000,0.000000000,0.000000000,0.000000000,0.000000000,0.000000000,0.000000000,1.000000000,0.000000000,0.000000000,0.000000000,1.000000000,38.887752533,17.395002365,0.741511524,0.999998271,0.000863818,0.000092784,0.001625252
762,81.641000000,fused_map_f2f,1,1,0,0.047021045,0.012954013,1.000000000,1.000000000,0.100000000,0.010989011,0.010989011,0.010989011,0.010989011,1.000000000,0.000000000,0.000000000,0.000000000,0.000000000,0.000000000,0.000000000,0.000000000,0.000000000,1.000000000,0.000000000,0.000000000,0.000000000,1.000000000,38.970127106,17.394655228,0.741481781,0.999998391,0.000706950,0.000095564,0.001622775
763,81.735000000,fused_map_f2f,1,1,0,0.048150973,0.012290613,1.000000000,1.000000000,0.100000000,0.010989011,0.010989011,0.010989011,0.010989011,1.000000000,0.000000000,0.000000000,0.000000000,0.000000000,0.000000000,0.000000000,0.000000000,0.000000000,1.000000000,0.000000000,0.000000000,0.000000000,1.000000000,39.007335663,17.394083023,0.741921723,0.999998748,0.000562129,0.000023585,0.001467716
764,81.813000000,fused_map_f2f,1,1,0,0.048671598,0.013252040,1.000000000,1.000000000,0.100000000,0.010989011,0.010989011,0.010989011,0.010989011,1.000000000,0.000000000,0.000000000,0.000000000,0.000000000,0.000000000,0.000000000,0.000000000,0.000000000,1.000000000,0.000000000,0.000000000,0.000000000,1.000000000,39.038063049,17.394502640,0.741045237,0.999998391,0.000796550,0.000086944,0.001609541
765,81.938000000,fused_map_f2f,1,1,0,0.049866490,0.011142382,1.000000000,1.000000000,0.100000000,0.010989011,0.010989011,0.010989011,0.010989011,1.000000000,0.000000000,0.000000000,0.000000000,0.000000000,0.000000000,0.000000000,0.000000000,0.000000000,1.000000000,0.000000000,0.000000000,0.000000000,1.000000000,39.083034515,17.394880295,0.741260648,0.999998510,0.000749230,0.000080507,0.001555132
766,82.045000000,fused_map_f2f,1,1,0,0.047310871,0.006237618,1.000000000,1.000000000,0.100000000,0.010989011,0.010989011,0.010989011,0.010989011,1.000000000,0.000000000,0.000000000,0.000000000,0.000000000,0.000000000,0.000000000,0.000000000,0.000000000,1.000000000,0.000000000,0.000000000,0.000000000,1.000000000,39.165370941,17.394773483,0.741311312,0.999998689,0.000530468,0.000077372,0.001504648
767,82.131000000,fused_map_f2f,1,1,0,0.048575386,0.022029632,1.000000000,1.000000000,0.100000000,0.010989011,0.010989011,0.010989011,0.010989011,1.000000000,0.000000000,0.000000000,0.000000000,0.000000000,0.000000000,0.000000000,0.000000000,0.000000000,1.000000000,0.000000000,0.000000000,0.000000000,1.000000000,39.197586060,17.394126892,0.741038144,0.999998748,0.000537876,0.000085147,0.001482911
768,82.244000000,fused_map_f2f,1,1,0,0.049518120,0.020756746,1.000000000,1.000000000,0.100000000,0.010989011,0.010989011,0.010989011,0.010989011,1.000000000,0.000000000,0.000000000,0.000000000,0.000000000,0.000000000,0.000000000,0.000000000,0.000000000,1.000000000,0.000000000,0.000000000,0.000000000,1.000000000,39.237110138,17.394258499,0.741153896,0.999998689,0.000693158,0.000090500,0.001443734
769,82.338000000,fused_map_f2f,1,1,0,0.049145754,0.015180734,1.000000000,1.000000000,0.100000000,0.010989011,0.010989011,0.010989011,0.010989011,1.000000000,0.000000000,0.000000000,0.000000000,0.000000000,0.000000000,0.000000000,0.000000000,0.000000000,1.000000000,0.000000000,0.000000000,0.000000000,1.000000000,39.268318176,17.395000458,0.740940452,0.999998510,0.000898237,0.000151800,0.001476525
770,82.416000000,fused_map_f2f,1,1,0,0.050465451,0.016083344,1.000000000,1.000000000,0.100000000,0.010989011,0.010989011,0.010989011,0.010989011,1.000000000,0.000000000,0.000000000,0.000000000,0.000000000,0.000000000,0.000000000,0.000000000,0.000000000,1.000000000,0.000000000,0.000000000,0.000000000,1.000000000,39.295608521,17.394285202,0.741423309,0.999998629,0.000771102,0.000095879,0.001440294
771,82.516000000,fused_map_f2f,1,1,0,0.049638485,0.012356743,1.000000000,1.000000000,0.100000000,0.010989011,0.010989011,0.010989011,0.010989011,1.000000000,0.000000000,0.000000000,0.000000000,0.000000000,0.000000000,0.000000000,0.000000000,0.000000000,1.000000000,0.000000000,0.000000000,0.000000000,1.000000000,39.340065002,17.394252777,0.741022170,0.999998689,0.000786392,0.000095361,0.001415543
772,82.617000000,fused_map_f2f,1,1,0,0.046162834,0.005721047,1.000000000,1.000000000,0.100000000,0.010989011,0.010989011,0.010989011,0.010989011,1.000000000,0.000000000,0.000000000,0.000000000,0.000000000,0.000000000,0.000000000,0.000000000,0.000000000,1.000000000,0.000000000,0.000000000,0.000000000,1.000000000,39.391693115,17.393901825,0.741469085,0.999998748,0.000648687,0.000086472,0.001426558
773,82.725000000,fused_map_f2f,1,1,0,0.046624382,0.014445915,1.000000000,1.000000000,0.100000000,0.010989011,0.010989011,0.010989011,0.010989011,1.000000000,0.000000000,0.000000000,0.000000000,0.000000000,0.000000000,0.000000000,0.000000000,0.000000000,1.000000000,0.000000000,0.000000000,0.000000000,1.000000000,39.436286926,17.395172119,0.741575778,0.999998689,0.000824765,0.000087226,0.001399011
774,82.821000000,fused_map_f2f,1,1,0,0.047329948,0.016938104,1.000000000,1.000000000,0.100000000,0.010989011,0.010989011,0.010989011,0.010989011,1.000000000,0.000000000,0.000000000,0.000000000,0.000000000,0.000000000,0.000000000,0.000000000,0.000000000,1.000000000,0.000000000,0.000000000,0.000000000,1.000000000,39.472881317,17.394376755,0.741380513,0.999998629,0.000856461,0.000100958,0.001417565
775,82.916000000,fused_map_f2f,1,1,0,0.046870514,0.013586455,1.000000000,1.000000000,0.100000000,0.010989011,0.010989011,0.010989011,0.010989011,1.000000000,0.000000000,0.000000000,0.000000000,0.000000000,0.000000000,0.000000000,0.000000000,0.000000000,1.000000000,0.000000000,0.000000000,0.000000000,1.000000000,39.546207428,17.394130707,0.741145313,0.999998748,0.000726189,0.000108624,0.001398508
776,83.022000000,fused_map_f2f,1,1,0,0.046293584,0.039154258,1.000000000,1.000000000,0.100000000,0.010989011,0.010989011,0.010989011,0.010989011,1.000000000,0.000000000,0.000000000,0.000000000,0.000000000,0.000000000,0.000000000,0.000000000,0.000000000,1.000000000,0.000000000,0.000000000,0.000000000,1.000000000,39.594005585,17.393547058,0.740780950,0.999998808,0.000588603,0.000071220,0.001414732
777,83.118000000,fused_map_f2f,1,1,0,0.047048490,0.013409635,1.000000000,1.000000000,0.100000000,0.010989011,0.010989011,0.010989011,0.010989011,1.000000000,0.000000000,0.000000000,0.000000000,0.000000000,0.000000000,0.000000000,0.000000000,0.000000000,1.000000000,0.000000000,0.000000000,0.000000000,1.000000000,39.643516541,17.394763947,0.741497338,0.999998748,0.000800862,0.000097497,0.001349518
778,83.217000000,fused_map_f2f,1,1,0,0.046396451,0.017791347,1.000000000,1.000000000,0.100000000,0.010989011,0.010989011,0.010989011,0.010989011,1.000000000,0.000000000,0.000000000,0.000000000,0.000000000,0.000000000,0.000000000,0.000000000,0.000000000,1.000000000,0.000000000,0.000000000,0.000000000,1.000000000,39.751472473,17.394100189,0.741376162,0.999998868,0.000756549,0.000097029,0.001316258
779,83.314000000,fused_map_f2f,1,1,0,0.046070744,0.013666285,1.000000000,1.000000000,0.100000000,0.010989011,0.010989011,0.010989011,0.010989011,1.000000000,0.000000000,0.000000000,0.000000000,0.000000000,0.000000000,0.000000000,0.000000000,0.000000000,1.000000000,0.000000000,0.000000000,0.000000000,1.000000000,39.804428101,17.394353867,0.741018772,0.999998748,0.000849767,0.000094085,0.001315634
780,83.415000000,fused_map_f2f,1,1,0,0.047789051,0.014563512,1.000000000,1.000000000,0.100000000,0.010989011,0.010989011,0.010989011,0.010989011,1.000000000,0.000000000,0.000000000,0.000000000,0.000000000,0.000000000,0.000000000,0.000000000,0.000000000,1.000000000,0.000000000,0.000000000,0.000000000,1.000000000,39.855300903,17.394046783,0.740923405,0.999998808,0.000855616,0.000061346,0.001249542
781,83.518000000,fused_map_f2f,1,1,0,0.046876216,0.012882327,1.000000000,1.000000000,0.100000000,0.010989011,0.010989011,0.010989011,0.010989011,1.000000000,0.000000000,0.000000000,0.000000000,0.000000000,0.000000000,0.000000000,0.000000000,0.000000000,1.000000000,0.000000000,0.000000000,0.000000000,1.000000000,39.974521637,17.394548416,0.741126239,0.999998868,0.000777064,0.000093756,0.001277529
782,83.621000000,fused_map_f2f,1,1,0,0.047399341,0.025037732,1.000000000,1.000000000,0.100000000,0.010989011,0.010989011,0.010989011,0.010989011,1.000000000,0.000000000,0.000000000,0.000000000,0.000000000,0.000000000,0.000000000,0.000000000,0.000000000,1.000000000,0.000000000,0.000000000,0.000000000,1.000000000,40.035552979,17.394954681,0.740583181,0.999998808,0.000914655,0.000101274,0.001246293
783,83.718000000,fused_map_f2f,1,1,0,0.049348493,0.029837399,1.000000000,1.000000000,0.100000000,0.010989011,0.010989011,0.010989011,0.010989011,1.000000000,0.000000000,0.000000000,0.000000000,0.000000000,0.000000000,0.000000000,0.000000000,0.000000000,1.000000000,0.000000000,0.000000000,0.000000000,1.000000000,40.091213226,17.395298004,0.741056263,0.999998868,0.000861954,0.000099587,0.001242912
784,83.827000000,fused_map_f2f,1,1,0,0.047644569,0.020731801,1.000000000,1.000000000,0.100000000,0.010989011,0.010989011,0.010989011,0.010989011,1.000000000,0.000000000,0.000000000,0.000000000,0.000000000,0.000000000,0.000000000,0.000000000,0.000000000,1.000000000,0.000000000,0.000000000,0.000000000,1.000000000,40.179950714,17.395133972,0.740636885,0.999998927,0.000774836,0.000103626,0.001234462
785,83.930000000,fused_map_f2f,1,1,0,0.050063095,0.015637489,1.000000000,1.000000000,0.100000000,0.010989011,0.010989011,0.010989011,0.010989011,1.000000000,0.000000000,0.000000000,0.000000000,0.000000000,0.000000000,0.000000000,0.000000000,0.000000000,1.000000000,0.000000000,0.000000000,0.000000000,1.000000000,40.237358093,17.394826889,0.740692556,0.999998927,0.000849479,0.000077386,0.001187813
786,84.031000000,fused_map_f2f,1,1,0,0.050074656,0.021224033,1.000000000,1.000000000,0.100000000,0.010989011,0.010989011,0.010989011,0.010989011,1.000000000,0.000000000,0.000000000,0.000000000,0.000000000,0.000000000,0.000000000,0.000000000,0.000000000,1.000000000,0.000000000,0.000000000,0.000000000,1.000000000,40.305587769,17.395135880,0.740950048,0.999998868,0.000779433,0.000103421,0.001252115
787,84.130000000,fused_map_f2f,1,1,0,0.048031240,0.011932640,1.000000000,1.000000000,0.100000000,0.010989011,0.010989011,0.010989011,0.010989011,1.000000000,0.000000000,0.000000000,0.000000000,0.000000000,0.000000000,0.000000000,0.000000000,0.000000000,1.000000000,0.000000000,0.000000000,0.000000000,1.000000000,40.385414124,17.395166397,0.740992844,0.999998868,0.000804848,0.000097868,0.001236671
788,84.237000000,fused_map_f2f,1,1,0,0.048197662,0.017180060,1.000000000,1.000000000,0.100000000,0.010989011,0.010989011,0.010989011,0.010989011,1.000000000,0.000000000,0.000000000,0.000000000,0.000000000,0.000000000,0.000000000,0.000000000,0.000000000,1.000000000,0.000000000,0.000000000,0.000000000,1.000000000,40.444839478,17.395223618,0.741026044,0.999998808,0.000915386,0.000092746,0.001225842
789,84.337000000,fused_map_f2f,1,1,0,0.048254046,0.026627438,1.000000000,1.000000000,0.100000000,0.010989011,0.010989011,0.010989011,0.010989011,1.000000000,0.000000000,0.000000000,0.000000000,0.000000000,0.000000000,0.000000000,0.000000000,0.000000000,1.000000000,0.000000000,0.000000000,0.000000000,1.000000000,40.537944794,17.395082474,0.741063356,0.999998927,0.000791956,0.000102765,0.001212168
790,84.435000000,fused_map_f2f,1,1,0,0.047456113,0.024481559,1.000000000,1.000000000,0.100000000,0.010989011,0.010989011,0.010989011,0.010989011,1.000000000,0.000000000,0.000000000,0.000000000,0.000000000,0.000000000,0.000000000,0.000000000,0.000000000,1.000000000,0.000000000,0.000000000,0.000000000,1.000000000,40.592334747,17.394599915,0.741069973,0.999998987,0.000695780,0.000043096,0.001240051
791,84.515000000,fused_map_f2f,1,1,0,0.047774308,0.019707473,1.000000000,1.000000000,0.100000000,0.010989011,0.010989011,0.010989011,0.010989011,1.000000000,0.000000000,0.000000000,0.000000000,0.000000000,0.000000000,0.000000000,0.000000000,0.000000000,1.000000000,0.000000000,0.000000000,0.000000000,1.000000000,40.640727997,17.395454407,0.741082489,0.999998927,0.000788709,0.000102307,0.001200378
792,84.618000000,fused_map_f2f,1,1,0,0.049700478,0.012130048,1.000000000,1.000000000,0.100000000,0.010989011,0.010989011,0.010989011,0.010989011,1.000000000,0.000000000,0.000000000,0.000000000,0.000000000,0.000000000,0.000000000,0.000000000,0.000000000,1.000000000,0.000000000,0.000000000,0.000000000,1.000000000,40.741214752,17.395938873,0.740512490,0.999998868,0.000900591,0.000103572,0.001173060
793,84.719000000,fused_map_f2f,1,1,0,0.049918924,0.007497720,1.000000000,1.000000000,0.100000000,0.010989011,0.010989011,0.010989011,0.010989011,1.000000000,0.000000000,0.000000000,0.000000000,0.000000000,0.000000000,0.000000000,0.000000000,0.000000000,1.000000000,0.000000000,0.000000000,0.000000000,1.000000000,40.794986725,17.395832062,0.740992665,0.999998868,0.000915379,0.000084882,0.001201278
794,84.821000000,fused_map_f2f,1,1,0,0.050046938,0.011807513,1.000000000,1.000000000,0.100000000,0.010989011,0.010989011,0.010989011,0.010989011,1.000000000,0.000000000,0.000000000,0.000000000,0.000000000,0.000000000,0.000000000,0.000000000,0.000000000,1.000000000,0.000000000,0.000000000,0.000000000,1.000000000,40.844589233,17.395847321,0.740773618,0.999998629,0.001051704,0.000142348,0.001240219
795,84.923000000,fused_map_f2f,1,1,0,0.049130081,0.015680611,1.000000000,1.000000000,0.100000000,0.010989011,0.010989011,0.010989011,0.010989011,1.000000000,0.000000000,0.000000000,0.000000000,0.000000000,0.000000000,0.000000000,0.000000000,0.000000000,1.000000000,0.000000000,0.000000000,0.000000000,1.000000000,40.982093811,17.395284653,0.740484118,0.999998987,0.000730587,0.000086190,0.001190222
796,85.021000000,fused_map_f2f,1,1,0,0.050757962,0.016600818,1.000000000,1.000000000,0.100000000,0.010989011,0.010989011,0.010989011,0.010989011,1.000000000,0.000000000,0.000000000,0.000000000,0.000000000,0.000000000,0.000000000,0.000000000,0.000000000,1.000000000,0.000000000,0.000000000,0.000000000,1.000000000,41.040740967,17.396348953,0.740691900,0.999998987,0.000785513,0.000085765,0.001163811
797,85.118000000,fused_map_f2f,1,1,0,0.050281899,0.031708459,1.000000000,1.000000000,0.100000000,0.010989011,0.010989011,0.010989011,0.010989011,1.000000000,0.000000000,0.000000000,0.000000000,0.000000000,0.000000000,0.000000000,0.000000000,0.000000000,1.000000000,0.000000000,0.000000000,0.000000000,1.000000000,41.181385040,17.395709991,0.739937067,0.999999046,0.000727013,0.000086648,0.001145165
798,85.245000000,fused_map_f2f,1,1,0,0.050849425,0.027442024,1.000000000,1.000000000,0.100000000,0.010989011,0.010989011,0.010989011,0.010989011,1.000000000,0.000000000,0.000000000,0.000000000,0.000000000,0.000000000,0.000000000,0.000000000,0.000000000,1.000000000,0.000000000,0.000000000,0.000000000,1.000000000,41.251686096,17.395933151,0.739309013,0.999999106,0.000698388,0.000088075,0.001130601
799,85.337000000,fused_map_f2f,1,1,0,0.049430749,0.024307313,1.000000000,1.000000000,0.100000000,0.010989011,0.010989011,0.010989011,0.010989011,1.000000000,0.000000000,0.000000000,0.000000000,0.000000000,0.000000000,0.000000000,0.000000000,0.000000000,1.000000000,0.000000000,0.000000000,0.000000000,1.000000000,41.353187561,17.395780563,0.739537716,0.999999106,0.000614234,0.000087607,0.001148362
800,85.429000000,fused_map_f2f,1,1,0,0.050821936,0.027094731,1.000000000,1.000000000,0.100000000,0.010989011,0.010989011,0.010989011,0.010989011,1.000000000,0.000000000,0.000000000,0.000000000,0.000000000,0.000000000,0.000000000,0.000000000,0.000000000,1.000000000,0.000000000,0.000000000,0.000000000,1.000000000,41.405857086,17.395238876,0.739732444,0.999999106,0.000687371,0.000079883,0.001144586
801,85.535000000,fused_map_f2f,1,1,0,0.054099636,0.013158736,1.000000000,1.000000000,0.100000000,0.010989011,0.010989011,0.010989011,0.010989011,1.000000000,0.000000000,0.000000000,0.000000000,0.000000000,0.000000000,0.000000000,0.000000000,0.000000000,1.000000000,0.000000000,0.000000000,0.000000000,1.000000000,41.463851929,17.395288467,0.739729583,0.999999106,0.000649825,0.000058048,0.001130121
802,85.630000000,fused_map_f2f,1,1,0,0.051654308,0.011670117,1.000000000,1.000000000,0.100000000,0.010989011,0.010989011,0.010989011,0.010989011,1.000000000,0.000000000,0.000000000,0.000000000,0.000000000,0.000000000,0.000000000,0.000000000,0.000000000,1.000000000,0.000000000,0.000000000,0.000000000,1.000000000,41.529788971,17.395185471,0.739834666,0.999999166,0.000588911,0.000085485,0.001124535
803,85.728000000,fused_map_f2f,1,1,0,0.050250557,0.013611013,1.000000000,1.000000000,0.100000000,0.010989011,0.010989011,0.010989011,0.010989011,1.000000000,0.000000000,0.000000000,0.000000000,0.000000000,0.000000000,0.000000000,0.000000000,0.000000000,1.000000000,0.000000000,0.000000000,0.000000000,1.000000000,41.604404449,17.395153046,0.739754975,0.999999225,0.000520990,0.000084128,0.001116649
804,85.840000000,fused_map_f2f,1,1,0,0.051533053,0.016136061,1.000000000,1.000000000,0.100000000,0.010989011,0.010989011,0.010989011,0.010989011,1.000000000,0.000000000,0.000000000,0.000000000,0.000000000,0.000000000,0.000000000,0.000000000,0.000000000,1.000000000,0.000000000,0.000000000,0.000000000,1.000000000,41.668258667,17.394912720,0.739698946,0.999999285,0.000570461,0.000054271,0.001049558
805,85.938000000,fused_map_f2f,1,1,0,0.049953590,0.023865595,1.000000000,1.000000000,0.100000000,0.010989011,0.010989011,0.010989011,0.010989011,1.000000000,0.000000000,0.000000000,0.000000000,0.000000000,0.000000000,0.000000000,0.000000000,0.000000000,1.000000000,0.000000000,0.000000000,0.000000000,1.000000000,41.760787964,17.395414352,0.739811242,0.999999285,0.000505759,0.000094809,0.001074175
806,86.035000000,fused_map_f2f,1,1,0,0.050190058,0.016860531,1.000000000,1.000000000,0.100000000,0.010989011,0.010989011,0.010989011,0.010989011,1.000000000,0.000000000,0.000000000,0.000000000,0.000000000,0.000000000,0.000000000,0.000000000,0.000000000,1.000000000,0.000000000,0.000000000,0.000000000,1.000000000,41.814792633,17.395261765,0.739958346,0.999999285,0.000514584,0.000080813,0.001046024
807,86.119000000,fused_map_f2f,1,1,0,0.051258151,0.012012718,1.000000000,1.000000000,0.100000000,0.010989011,0.010989011,0.010989011,0.010989011,1.000000000,0.000000000,0.000000000,0.000000000,0.000000000,0.000000000,0.000000000,0.000000000,0.000000000,1.000000000,0.000000000,0.000000000,0.000000000,1.000000000,41.862602234,17.394771576,0.740122437,0.999999404,0.000425343,0.000032989,0.001000954
808,86.242000000,fused_map_f2f,1,1,0,0.051651357,0.017533246,1.000000000,1.000000000,0.100000000,0.010989011,0.010989011,0.010989011,0.010989011,1.000000000,0.000000000,0.000000000,0.000000000,0.000000000,0.000000000,0.000000000,0.000000000,0.000000000,1.000000000,0.000000000,0.000000000,0.000000000,1.000000000,41.942985535,17.395856857,0.739578128,0.999999285,0.000589449,0.000116680,0.001047787
809,86.337000000,fused_map_f2f,1,1,0,0.050902378,0.018603763,1.000000000,1.000000000,0.100000000,0.010989011,0.010989011,0.010989011,0.010989011,1.000000000,0.000000000,0.000000000,0.000000000,0.000000000,0.000000000,0.000000000,0.000000000,0.000000000,1.000000000,0.000000000,0.000000000,0.000000000,1.000000000,42.026882172,17.394887924,0.739616454,0.999999344,0.000417233,0.000110840,0.001027921
810,86.414000000,fused_map_f2f,1,1,0,0.051960249,0.020191178,1.000000000,1.000000000,0.100000000,0.010989011,0.010989011,0.010989011,0.010989011,1.000000000,0.000000000,0.000000000,0.000000000,0.000000000,0.000000000,0.000000000,0.000000000,0.000000000,1.000000000,0.000000000,0.000000000,0.000000000,1.000000000,42.067417145,17.395570755,0.739427388,0.999999225,0.000646363,0.000138625,0.001053133
811,86.514000000,fused_map_f2f,1,1,0,0.051855605,0.017302006,1.000000000,1.000000000,0.100000000,0.010989011,0.010989011,0.010989011,0.010989011,1.000000000,0.000000000,0.000000000,0.000000000,0.000000000,0.000000000,0.000000000,0.000000000,0.000000000,1.000000000,0.000000000,0.000000000,0.000000000,1.000000000,42.185657501,17.394996643,0.739332438,0.999999344,0.000456537,0.000115274,0.001031430
812,86.615000000,fused_map_f2f,1,1,0,0.051337742,0.008646012,1.000000000,1.000000000,0.100000000,0.010989011,0.010989011,0.010989011,0.010989011,1.000000000,0.000000000,0.000000000,0.000000000,0.000000000,0.000000000,0.000000000,0.000000000,0.000000000,1.000000000,0.000000000,0.000000000,0.000000000,1.000000000,42.250362396,17.395402908,0.739297748,0.999999344,0.000437026,0.000083766,0.001050274
813,86.718000000,fused_map_f2f,1,1,0,0.051933528,0.015015349,1.000000000,1.000000000,0.100000000,0.010989011,0.010989011,0.010989011,0.010989011,1.000000000,0.000000000,0.000000000,0.000000000,0.000000000,0.000000000,0.000000000,0.000000000,0.000000000,1.000000000,0.000000000,0.000000000,0.000000000,1.000000000,42.386100769,17.394115448,0.739059150,0.999999404,0.000326221,0.000103125,0.001018320
814,86.842000000,fused_map_f2f,1,1,0,0.052906651,0.020044898,1.000000000,1.000000000,0.100000000,0.010989011,0.010989011,0.010989011,0.010989011,1.000000000,0.000000000,0.000000000,0.000000000,0.000000000,0.000000000,0.000000000,0.000000000,0.000000000,1.000000000,0.000000000,0.000000000,0.000000000,1.000000000,42.466373444,17.395025253,0.739160836,0.999999404,0.000343503,0.000114708,0.001011698
815,86.921000000,fused_map_f2f,1,1,0,0.052471562,0.014814680,1.000000000,1.000000000,0.100000000,0.010989011,0.010989011,0.010989011,0.010989011,1.000000000,0.000000000,0.000000000,0.000000000,0.000000000,0.000000000,0.000000000,0.000000000,0.000000000,1.000000000,0.000000000,0.000000000,0.000000000,1.000000000,42.580776215,17.394718170,0.738840699,0.999999464,0.000271066,0.000117945,0.000982127
816,87.023000000,fused_map_f2f,1,1,0,0.052984926,0.015287547,1.000000000,1.000000000,0.100000000,0.010989011,0.010989011,0.010989011,0.010989011,1.000000000,0.000000000,0.000000000,0.000000000,0.000000000,0.000000000,0.000000000,0.000000000,0.000000000,1.000000000,0.000000000,0.000000000,0.000000000,1.000000000,42.643966675,17.394950867,0.739147663,0.999999464,0.000364485,0.000095196,0.000974432
817,87.126000000,fused_map_f2f,1,1,0,0.053237531,0.007369270,1.000000000,1.000000000,0.100000000,0.010989011,0.010989011,0.010989011,0.010989011,1.000000000,0.000000000,0.000000000,0.000000000,0.000000000,0.000000000,0.000000000,0.000000000,0.000000000,1.000000000,0.000000000,0.000000000,0.000000000,1.000000000,42.736946106,17.395418167,0.738867164,0.999999404,0.000357413,0.000121164,0.000998214
818,87.218000000,fused_map_f2f,1,1,0,0.053034875,0.015152796,1.000000000,1.000000000,0.100000000,0.010989011,0.010989011,0.010989011,0.010989011,1.000000000,0.000000000,0.000000000,0.000000000,0.000000000,0.000000000,0.000000000,0.000000000,0.000000000,1.000000000,0.000000000,0.000000000,0.000000000,1.000000000,42.788227081,17.395383835,0.738903165,0.999999404,0.000498021,0.000086469,0.000971317
819,87.324000000,fused_map_f2f,1,1,0,0.053063763,0.018659045,1.000000000,1.000000000,0.100000000,0.010989011,0.010989011,0.010989011,0.010989011,1.000000000,0.000000000,0.000000000,0.000000000,0.000000000,0.000000000,0.000000000,0.000000000,0.000000000,1.000000000,0.000000000,0.000000000,0.000000000,1.000000000,42.847930908,17.394990921,0.739309788,0.999999344,0.000494862,0.000116154,0.000999749
820,87.422000000,fused_map_f2f,1,1,0,0.052988250,0.020557828,1.000000000,1.000000000,0.100000000,0.010989011,0.010989011,0.010989011,0.010989011,1.000000000,0.000000000,0.000000000,0.000000000,0.000000000,0.000000000,0.000000000,0.000000000,0.000000000,1.000000000,0.000000000,0.000000000,0.000000000,1.000000000,42.978885651,17.394065857,0.739302099,0.999999523,0.000171846,0.000110146,0.000977671
821,87.523000000,fused_map_f2f,1,1,0,0.052446457,0.019021458,1.000000000,1.000000000,0.100000000,0.010989011,0.010989011,0.010989011,0.010989011,1.000000000,0.000000000,0.000000000,0.000000000,0.000000000,0.000000000,0.000000000,0.000000000,0.000000000,1.000000000,0.000000000,0.000000000,0.000000000,1.000000000,43.034832001,17.394195557,0.739287436,0.999999464,0.000319867,0.000113265,0.000968980
822,87.627000000,fused_map_f2f,1,1,0,0.054255975,0.019584287,1.000000000,1.000000000,0.100000000,0.010989011,0.010989011,0.010989011,0.010989011,1.000000000,0.000000000,0.000000000,0.000000000,0.000000000,0.000000000,0.000000000,0.000000000,0.000000000,1.000000000,0.000000000,0.000000000,0.000000000,1.000000000,43.122840881,17.394920349,0.738632798,0.999999523,0.000270056,0.000117675,0.000944817
823,87.719000000,fused_map_f2f,1,1,0,0.053968723,0.015186523,1.000000000,1.000000000,0.100000000,0.010989011,0.010989011,0.010989011,0.010989011,1.000000000,0.000000000,0.000000000,0.000000000,0.000000000,0.000000000,0.000000000,0.000000000,0.000000000,1.000000000,0.000000000,0.000000000,0.000000000,1.000000000,43.182510376,17.394168854,0.738831222,0.999999464,0.000364011,0.000127612,0.000945583
824,87.823000000,fused_map_f2f,1,1,0,0.053634264,0.021290886,1.000000000,1.000000000,0.100000000,0.010989011,0.010989011,0.010989011,0.010989011,1.000000000,0.000000000,0.000000000,0.000000000,0.000000000,0.000000000,0.000000000,0.000000000,0.000000000,1.000000000,0.000000000,0.000000000,0.000000000,1.000000000,43.240680695,17.395151138,0.738869607,0.999999464,0.000328054,0.000132904,0.000943900
825,87.973000000,fused_map_f2f,1,1,0,0.052758427,0.016593702,1.000000000,1.000000000,0.100000000,0.010989011,0.010989011,0.010989011,0.010989011,1.000000000,0.000000000,0.000000000,0.000000000,0.000000000,0.000000000,0.000000000,0.000000000,0.000000000,1.000000000,0.000000000,0.000000000,0.000000000,1.000000000,43.359176636,17.394296646,0.738561153,0.999999523,0.000163656,0.000123949,0.000952798
826,88.040000000,fused_map_f2f,1,1,0,0.053258502,0.023888849,1.000000000,1.000000000,0.100000000,0.010989011,0.010989011,0.010989011,0.010989011,1.000000000,0.000000000,0.000000000,0.000000000,0.000000000,0.000000000,0.000000000,0.000000000,0.000000000,1.000000000,0.000000000,0.000000000,0.000000000,1.000000000,43.391838074,17.394042969,0.738052607,0.999999523,0.000057879,0.000155120,0.000944544
827,88.128000000,fused_map_f2f,1,1,0,0.052598961,0.016954798,1.000000000,1.000000000,0.100000000,0.010989011,0.010989011,0.010989011,0.010989011,1.000000000,0.000000000,0.000000000,0.000000000,0.000000000,0.000000000,0.000000000,0.000000000,0.000000000,1.000000000,0.000000000,0.000000000,0.000000000,1.000000000,43.436454773,17.394542694,0.737747788,0.999999523,0.000243786,0.000140137,0.000926724
828,88.227000000,fused_map_f2f,1,1,0,0.055151110,0.017798748,1.000000000,1.000000000,0.100000000,0.010989011,0.010989011,0.010989011,0.010989011,1.000000000,0.000000000,0.000000000,0.000000000,0.000000000,0.000000000,0.000000000,0.000000000,0.000000000,1.000000000,0.000000000,0.000000000,0.000000000,1.000000000,43.484985352,17.394491196,0.737927496,0.999999523,0.000313530,0.000116769,0.000919203
829,88.331000000,fused_map_f2f,1,1,0,0.053347853,0.021263106,1.000000000,1.000000000,0.100000000,0.010989011,0.010989011,0.010989011,0.010989011,1.000000000,0.000000000,0.000000000,0.000000000,0.000000000,0.000000000,0.000000000,0.000000000,0.000000000,1.000000000,0.000000000,0.000000000,0.000000000,1.000000000,43.587127686,17.394468307,0.738888443,0.999999523,0.000330914,0.000121292,0.000926396
830,88.428000000,fused_map_f2f,1,1,0,0.053442323,0.021857691,1.000000000,1.000000000,0.100000000,0.010989011,0.010989011,0.010989011,0.010989011,1.000000000,0.000000000,0.000000000,0.000000000,0.000000000,0.000000000,0.000000000,0.000000000,0.000000000,1.000000000,0.000000000,0.000000000,0.000000000,1.000000000,43.638813019,17.394409180,0.739373565,0.999999523,0.000303734,0.000118417,0.000920541
831,88.529000000,fused_map_f2f,1,1,0,0.054423975,0.017972338,1.000000000,1.000000000,0.100000000,0.010989011,0.010989011,0.010989011,0.010989011,1.000000000,0.000000000,0.000000000,0.000000000,0.000000000,0.000000000,0.000000000,0.000000000,0.000000000,1.000000000,0.000000000,0.000000000,0.000000000,1.000000000,43.677631378,17.395074844,0.738725126,0.999999285,0.000700715,0.000188824,0.000904382
832,88.627000000,fused_map_f2f,1,1,0,0.053317678,0.017421349,1.000000000,1.000000000,0.100000000,0.010989011,0.010989011,0.010989011,0.010989011,1.000000000,0.000000000,0.000000000,0.000000000,0.000000000,0.000000000,0.000000000,0.000000000,0.000000000,1.000000000,0.000000000,0.000000000,0.000000000,1.000000000,43.781101227,17.394870758,0.738383293,0.999999523,0.000425888,0.000122441,0.000877392
833,88.724000000,fused_map_f2f,1,1,0,0.053260915,0.018961817,1.000000000,1.000000000,0.100000000,0.010989011,0.010989011,0.010989011,0.010989011,1.000000000,0.000000000,0.000000000,0.000000000,0.000000000,0.000000000,0.000000000,0.000000000,0.000000000,1.000000000,0.000000000,0.000000000,0.000000000,1.000000000,43.814304352,17.395242691,0.738523424,0.999999464,0.000501940,0.000124041,0.000850813
834,88.818000000,fused_map_f2f,1,1,0,0.053593992,0.014998794,1.000000000,1.000000000,0.100000000,0.010989011,0.010989011,0.010989011,0.010989011,1.000000000,0.000000000,0.000000000,0.000000000,0.000000000,0.000000000,0.000000000,0.000000000,0.000000000,1.000000000,0.000000000,0.000000000,0.000000000,1.000000000,43.851181030,17.395513535,0.738237321,0.999999523,0.000388383,0.000116119,0.000836498
835,88.931000000,fused_map_f2f,1,1,0,0.055399250,0.019890255,1.000000000,1.000000000,0.100000000,0.010989011,0.010989011,0.010989011,0.010989011,1.000000000,0.000000000,0.000000000,0.000000000,0.000000000,0.000000000,0.000000000,0.000000000,0.000000000,1.000000000,0.000000000,0.000000000,0.000000000,1.000000000,43.892288208,17.395978928,0.738166094,0.999999523,0.000579697,0.000088164,0.000802863
836,89.034000000,fused_map_f2f,1,1,0,0.054275145,0.019615659,1.000000000,1.000000000,0.100000000,0.010989011,0.010989011,0.010989011,0.010989011,1.000000000,0.000000000,0.000000000,0.000000000,0.000000000,0.000000000,0.000000000,0.000000000,0.000000000,1.000000000,0.000000000,0.000000000,0.000000000,1.000000000,43.978553772,17.395721436,0.738290489,0.999999583,0.000451558,0.000116650,0.000776136
837,89.132000000,fused_map_f2f,1,1,0,0.053533721,0.020430543,1.000000000,1.000000000,0.100000000,0.010989011,0.010989011,0.010989011,0.010989011,1.000000000,0.000000000,0.000000000,0.000000000,0.000000000,0.000000000,0.000000000,0.000000000,0.000000000,1.000000000,0.000000000,0.000000000,0.000000000,1.000000000,44.015464783,17.395326614,0.737962961,0.999999583,0.000407117,0.000119124,0.000771365
838,89.233000000,fused_map_f2f,1,1,0,0.054842187,0.017893503,1.000000000,1.000000000,0.100000000,0.010989011,0.010989011,0.010989011,0.010989011,1.000000000,0.000000000,0.000000000,0.000000000,0.000000000,0.000000000,0.000000000,0.000000000,0.000000000,1.000000000,0.000000000,0.000000000,0.000000000,1.000000000,44.049476624,17.395231247,0.738057256,0.999999583,0.000432676,0.000119401,0.000756010
839,89.334000000,fused_map_f2f,1,1,0,0.055843506,0.026428635,1.000000000,1.000000000,0.100000000,0.010989011,0.010989011,0.010989011,0.010989011,1.000000000,0.000000000,0.000000000,0.000000000,0.000000000,0.000000000,0.000000000,0.000000000,0.000000000,1.000000000,0.000000000,0.000000000,0.000000000,1.000000000,44.085380554,17.395191193,0.737779498,0.999999642,0.000443222,0.000106873,0.000724911
840,89.427000000,fused_map_f2f,1,1,0,0.055706990,0.020070003,1.000000000,1.000000000,0.100000000,0.010989011,0.010989011,0.010989011,0.010989011,1.000000000,0.000000000,0.000000000,0.000000000,0.000000000,0.000000000,0.000000000,0.000000000,0.000000000,1.000000000,0.000000000,0.000000000,0.000000000,1.000000000,44.140216827,17.395215988,0.737280011,0.999999702,0.000305563,0.000104457,0.000718043
841,89.522000000,fused_map_f2f,1,1,0,0.054400819,0.014603589,1.000000000,1.000000000,0.100000000,0.010989011,0.010989011,0.010989011,0.010989011,1.000000000,0.000000000,0.000000000,0.000000000,0.000000000,0.000000000,0.000000000,0.000000000,0.000000000,1.000000000,0.000000000,0.000000000,0.000000000,1.000000000,44.181003571,17.395048141,0.737776756,0.999999702,0.000317603,0.000115083,0.000706109
842,89.636000000,fused_map_f2f,1,1,0,0.053504512,0.016853694,1.000000000,1.000000000,0.100000000,0.010989011,0.010989011,0.010989011,0.010989011,1.000000000,0.000000000,0.000000000,0.000000000,0.000000000,0.000000000,0.000000000,0.000000000,0.000000000,1.000000000,0.000000000,0.000000000,0.000000000,1.000000000,44.225914001,17.395025253,0.738397062,0.999999702,0.000320572,0.000120633,0.000692169
843,89.732000000,fused_map_f2f,1,1,0,0.057214189,0.015180528,1.000000000,1.000000000,0.100000000,0.010989011,0.010989011,0.010989011,0.010989011,1.000000000,0.000000000,0.000000000,0.000000000,0.000000000,0.000000000,0.000000000,0.000000000,0.000000000,1.000000000,0.000000000,0.000000000,0.000000000,1.000000000,44.261150360,17.394945145,0.738432229,0.999999702,0.000414068,0.000088884,0.000661296
844,89.832000000,fused_map_f2f,1,1,0,0.058039939,0.010665784,1.000000000,1.000000000,0.100000000,0.010989011,0.010989011,0.010989011,0.010989011,1.000000000,0.000000000,0.000000000,0.000000000,0.000000000,0.000000000,0.000000000,0.000000000,0.000000000,1.000000000,0.000000000,0.000000000,0.000000000,1.000000000,44.344116211,17.395128250,0.737375498,0.999999702,0.000350441,0.000112403,0.000666229
845,89.926000000,fused_map_f2f,1,1,0,0.056704054,0.015094893,1.000000000,1.000000000,0.100000000,0.010989011,0.010989011,0.010989011,0.010989011,1.000000000,0.000000000,0.000000000,0.000000000,0.000000000,0.000000000,0.000000000,0.000000000,0.000000000,1.000000000,0.000000000,0.000000000,0.000000000,1.000000000,44.378318787,17.395370483,0.737691164,0.999999702,0.000330582,0.000065951,0.000673751
846,90.027000000,fused_map_f2f,1,1,0,0.055342924,0.021245237,1.000000000,1.000000000,0.100000000,0.010989011,0.010989011,0.010989011,0.010989011,1.000000000,0.000000000,0.000000000,0.000000000,0.000000000,0.000000000,0.000000000,0.000000000,0.000000000,1.000000000,0.000000000,0.000000000,0.000000000,1.000000000,44.416950226,17.394357681,0.738346934,0.999999762,0.000295804,0.000125557,0.000626600
847,90.128000000,fused_map_f2f,1,1,0,0.056816669,0.016419675,1.000000000,1.000000000,0.100000000,0.010989011,0.010989011,0.010989011,0.010989011,1.000000000,0.000000000,0.000000000,0.000000000,0.000000000,0.000000000,0.000000000,0.000000000,0.000000000,1.000000000,0.000000000,0.000000000,0.000000000,1.000000000,44.460216522,17.394060135,0.738489807,0.999999762,0.000277633,0.000084111,0.000600125
848,90.219000000,fused_map_f2f,1,1,0,0.056785285,0.017230391,1.000000000,1.000000000,0.100000000,0.010989011,0.010989011,0.010989011,0.010989011,1.000000000,0.000000000,0.000000000,0.000000000,0.000000000,0.000000000,0.000000000,0.000000000,0.000000000,1.000000000,0.000000000,0.000000000,0.000000000,1.000000000,44.584056854,17.394788742,0.737919569,0.999999702,0.000493382,0.000132154,0.000576579
849,90.313000000,fused_map_f2f,1,1,0,0.054866448,0.020613085,1.000000000,1.000000000,0.100000000,0.010989011,0.010989011,0.010989011,0.010989011,1.000000000,0.000000000,0.000000000,0.000000000,0.000000000,0.000000000,0.000000000,0.000000000,0.000000000,1.000000000,0.000000000,0.000000000,0.000000000,1.000000000,44.627601624,17.394672394,0.737950325,0.999999702,0.000503149,0.000107694,0.000587256
850,90.430000000,fused_map_f2f,1,1,0,0.056504972,0.018313845,1.000000000,1.000000000,0.100000000,0.010989011,0.010989011,0.010989011,0.010989011,1.000000000,0.000000000,0.000000000,0.000000000,0.000000000,0.000000000,0.000000000,0.000000000,0.000000000,1.000000000,0.000000000,0.000000000,0.000000000,1.000000000,44.749099731,17.394294739,0.737728059,0.999999762,0.000352481,0.000134616,0.000538336
851,90.525000000,fused_map_f2f,1,1,0,0.055453636,0.013976550,1.000000000,1.000000000,0.100000000,0.010989011,0.010989011,0.010989011,0.010989011,1.000000000,0.000000000,0.000000000,0.000000000,0.000000000,0.000000000,0.000000000,0.000000000,0.000000000,1.000000000,0.000000000,0.000000000,0.000000000,1.000000000,44.824691772,17.393922806,0.738006711,0.999999821,0.000327929,0.000152857,0.000532584
852,90.626000000,fused_map_f2f,1,1,0,0.057346837,0.016337713,1.000000000,1.000000000,0.100000000,0.010989011,0.010989011,0.010989011,0.010989011,1.000000000,0.000000000,0.000000000,0.000000000,0.000000000,0.000000000,0.000000000,0.000000000,0.000000000,1.000000000,0.000000000,0.000000000,0.000000000,1.000000000,44.876621246,17.394281387,0.738188565,0.999999762,0.000412344,0.000131224,0.000548265
853,90.731000000,fused_map_f2f,1,1,0,0.056448462,0.013892765,1.000000000,1.000000000,0.100000000,0.010989011,0.010989011,0.010989011,0.010989011,1.000000000,0.000000000,0.000000000,0.000000000,0.000000000,0.000000000,0.000000000,0.000000000,0.000000000,1.000000000,0.000000000,0.000000000,0.000000000,1.000000000,44.985855103,17.394012451,0.737682879,0.999999821,0.000275273,0.000153155,0.000485710
854,90.827000000,fused_map_f2f,1,1,0,0.056749038,0.017250442,1.000000000,1.000000000,0.100000000,0.010989011,0.010989011,0.010989011,0.010989011,1.000000000,0.000000000,0.000000000,0.000000000,0.000000000,0.000000000,0.000000000,0.000000000,0.000000000,1.000000000,0.000000000,0.000000000,0.000000000,1.000000000,45.051246643,17.393610001,0.738079965,0.999999821,0.000323945,0.000150545,0.000490105
855,90.930000000,fused_map_f2f,1,1,0,0.057415866,0.020695117,1.000000000,1.000000000,0.100000000,0.010989011,0.010989011,0.010989011,0.010989011,1.000000000,0.000000000,0.000000000,0.000000000,0.000000000,0.000000000,0.000000000,0.000000000,0.000000000,1.000000000,0.000000000,0.000000000,0.000000000,1.000000000,45.161811829,17.394199371,0.737698734,0.999999821,0.000327125,0.000144763,0.000435697
856,91.031000000,fused_map_f2f,1,1,0,0.060224707,0.022130056,0.999110534,0.999110534,0.100000000,0.010998686,0.010998686,0.010998686,0.010998686,1.000000000,0.000000000,0.000000000,0.000000000,0.000000000,0.000000000,0.000000000,0.000000000,0.000000000,1.000000000,0.000000000,0.000000000,0.000000000,1.000000000,45.221115112,17.394111633,0.738534868,0.999999821,0.000434237,0.000076738,0.000422718
857,91.132000000,fused_map_f2f,1,1,0,0.058332247,0.013811965,1.000000000,1.000000000,0.100000000,0.010989011,0.010989011,0.010989011,0.010989011,1.000000000,0.000000000,0.000000000,0.000000000,0.000000000,0.000000000,0.000000000,0.000000000,0.000000000,1.000000000,0.000000000,0.000000000,0.000000000,1.000000000,45.288360596,17.393831253,0.738535702,0.999999762,0.000477837,0.000101132,0.000449618
858,91.231000000,fused_map_f2f,1,1,0,0.057223669,0.015906413,1.000000000,1.000000000,0.100000000,0.010989011,0.010989011,0.010989011,0.010989011,1.000000000,0.000000000,0.000000000,0.000000000,0.000000000,0.000000000,0.000000000,0.000000000,0.000000000,1.000000000,0.000000000,0.000000000,0.000000000,1.000000000,45.379386902,17.392961502,0.738417089,0.999999881,0.000114717,0.000156222,0.000418213
859,91.330000000,fused_map_f2f,1,1,0,0.057443815,0.018101867,1.000000000,1.000000000,0.100000000,0.010989011,0.010989011,0.010989011,0.010989011,1.000000000,0.000000000,0.000000000,0.000000000,0.000000000,0.000000000,0.000000000,0.000000000,0.000000000,1.000000000,0.000000000,0.000000000,0.000000000,1.000000000,45.442489624,17.393201828,0.738800406,0.999999881,0.000201860,0.000138517,0.000442106
860,91.426000000,fused_map_f2f,1,1,0,0.058179618,0.023766448,1.000000000,1.000000000,0.100000000,0.010989011,0.010989011,0.010989011,0.010989011,1.000000000,0.000000000,0.000000000,0.000000000,0.000000000,0.000000000,0.000000000,0.000000000,0.000000000,1.000000000,0.000000000,0.000000000,0.000000000,1.000000000,45.541393280,17.393478394,0.737429738,0.999999881,0.000281499,0.000149052,0.000389795
861,91.517000000,fused_map_f2f,1,1,0,0.056820995,0.021680559,1.000000000,1.000000000,0.100000000,0.010989011,0.010989011,0.010989011,0.010989011,1.000000000,0.000000000,0.000000000,0.000000000,0.000000000,0.000000000,0.000000000,0.000000000,0.000000000,1.000000000,0.000000000,0.000000000,0.000000000,1.000000000,45.626453400,17.393686295,0.738306642,0.999999881,0.000345327,0.000150360,0.000360455
862,91.621000000,fused_map_f2f,1,1,0,0.057475206,0.023829590,1.000000000,1.000000000,0.100000000,0.010989011,0.010989011,0.010989011,0.010989011,1.000000000,0.000000000,0.000000000,0.000000000,0.000000000,0.000000000,0.000000000,0.000000000,0.000000000,1.000000000,0.000000000,0.000000000,0.000000000,1.000000000,45.800792694,17.394306183,0.737351716,0.999999821,0.000364942,0.000139201,0.000354345
863,91.713000000,fused_map_f2f,1,1,0,0.058468132,0.029011999,1.000000000,1.000000000,0.100000000,0.010989011,0.010989011,0.010989011,0.010989011,1.000000000,0.000000000,0.000000000,0.000000000,0.000000000,0.000000000,0.000000000,0.000000000,0.000000000,1.000000000,0.000000000,0.000000000,0.000000000,1.000000000,45.868602753,17.394018173,0.737434983,0.999999762,0.000504349,0.000164714,0.000364084
864,91.835000000,fused_map_f2f,1,1,0,0.056757388,0.025889475,1.000000000,1.000000000,0.100000000,0.010989011,0.010989011,0.010989011,0.010989011,1.000000000,0.000000000,0.000000000,0.000000000,0.000000000,0.000000000,0.000000000,0.000000000,0.000000000,1.000000000,0.000000000,0.000000000,0.000000000,1.000000000,46.015537262,17.394212723,0.737338960,0.999999821,0.000460600,0.000118318,0.000362989
865,91.928000000,fused_map_f2f,1,1,0,0.058241739,0.017485662,1.000000000,1.000000000,0.100000000,0.010989011,0.010989011,0.010989011,0.010989011,1.000000000,0.000000000,0.000000000,0.000000000,0.000000000,0.000000000,0.000000000,0.000000000,0.000000000,1.000000000,0.000000000,0.000000000,0.000000000,1.000000000,46.081462860,17.393812180,0.737645686,0.999999821,0.000485478,0.000092166,0.000291352
866,92.020000000,fused_map_f2f,1,1,0,0.057357151,0.025945259,1.000000000,1.000000000,0.100000000,0.010989011,0.010989011,0.010989011,0.010989011,1.000000000,0.000000000,0.000000000,0.000000000,0.000000000,0.000000000,0.000000000,0.000000000,0.000000000,1.000000000,0.000000000,0.000000000,0.000000000,1.000000000,46.164932251,17.393789291,0.737484217,0.999999821,0.000474950,0.000116924,0.000323740
867,92.117000000,fused_map_f2f,1,1,0,0.056882383,0.025155956,1.000000000,1.000000000,0.100000000,0.010989011,0.010989011,0.010989011,0.010989011,1.000000000,0.000000000,0.000000000,0.000000000,0.000000000,0.000000000,0.000000000,0.000000000,0.000000000,1.000000000,0.000000000,0.000000000,0.000000000,1.000000000,46.227043152,17.393692017,0.737559319,0.999999821,0.000503762,0.000152845,0.000330079
868,92.221000000,fused_map_f2f,1,1,0,0.058597650,0.014155549,1.000000000,1.000000000,0.100000000,0.010989011,0.010989011,0.010989011,0.010989011,1.000000000,0.000000000,0.000000000,0.000000000,0.000000000,0.000000000,0.000000000,0.000000000,0.000000000,1.000000000,0.000000000,0.000000000,0.000000000,1.000000000,46.299537659,17.393644333,0.737779379,0.999999821,0.000477737,0.000132218,0.000278118
869,92.321000000,fused_map_f2f,1,1,0,0.054405452,0.019302488,1.000000000,1.000000000,0.100000000,0.010989011,0.010989011,0.010989011,0.010989011,1.000000000,0.000000000,0.000000000,0.000000000,0.000000000,0.000000000,0.000000000,0.000000000,0.000000000,1.000000000,0.000000000,0.000000000,0.000000000,1.000000000,46.395477295,17.392404556,0.738435149,0.999999881,0.000283971,0.000130049,0.000267378
870,92.416000000,fused_map_f2f,1,1,0,0.056421060,0.019002327,1.000000000,1.000000000,0.100000000,0.010989011,0.010989011,0.010989011,0.010989011,1.000000000,0.000000000,0.000000000,0.000000000,0.000000000,0.000000000,0.000000000,0.000000000,0.000000000,1.000000000,0.000000000,0.000000000,0.000000000,1.000000000,46.463115692,17.392492294,0.738461316,0.999999881,0.000390647,0.000105104,0.000251163
871,92.518000000,fused_map_f2f,1,1,0,0.055315053,0.021468902,1.000000000,1.000000000,0.100000000,0.010989011,0.010989011,0.010989011,0.010989011,1.000000000,0.000000000,0.000000000,0.000000000,0.000000000,0.000000000,0.000000000,0.000000000,0.000000000,1.000000000,0.000000000,0.000000000,0.000000000,1.000000000,46.540519714,17.392402649,0.738295376,0.999999881,0.000373743,0.000113509,0.000241210
872,92.614000000,fused_map_f2f,1,1,0,0.054751908,0.022070774,1.000000000,1.000000000,0.100000000,0.010989011,0.010989011,0.010989011,0.010989011,1.000000000,0.000000000,0.000000000,0.000000000,0.000000000,0.000000000,0.000000000,0.000000000,0.000000000,1.000000000,0.000000000,0.000000000,0.000000000,1.000000000,46.612518311,17.392829895,0.738364518,0.999999821,0.000491983,0.000111600,0.000217056
873,92.740000000,fused_map_f2f,1,1,0,0.056354512,0.019997217,1.000000000,1.000000000,0.100000000,0.010989011,0.010989011,0.010989011,0.010989011,1.000000000,0.000000000,0.000000000,0.000000000,0.000000000,0.000000000,0.000000000,0.000000000,0.000000000,1.000000000,0.000000000,0.000000000,0.000000000,1.000000000,46.743698120,17.392663956,0.737990320,0.999999881,0.000392929,0.000111044,0.000194268
874,92.833000000,fused_map_f2f,1,1,0,0.056095161,0.019783248,1.000000000,1.000000000,0.100000000,0.010989011,0.010989011,0.010989011,0.010989011,1.000000000,0.000000000,0.000000000,0.000000000,0.000000000,0.000000000,0.000000000,0.000000000,0.000000000,1.000000000,0.000000000,0.000000000,0.000000000,1.000000000,46.832698822,17.392627716,0.738092840,0.999999881,0.000348575,0.000119560,0.000178026
875,92.924000000,fused_map_f2f,1,1,0,0.055345040,0.018001085,1.000000000,1.000000000,0.100000000,0.010989011,0.010989011,0.010989011,0.010989011,1.000000000,0.000000000,0.000000000,0.000000000,0.000000000,0.000000000,0.000000000,0.000000000,0.000000000,1.000000000,0.000000000,0.000000000,0.000000000,1.000000000,46.994518280,17.393110275,0.737709343,0.999999940,0.000244409,0.000103489,0.000162308
876,93.024000000,fused_map_f2f,1,1,0,0.056798345,0.023413362,1.000000000,1.000000000,0.100000000,0.010989011,0.010989011,0.010989011,0.010989011,1.000000000,0.000000000,0.000000000,0.000000000,0.000000000,0.000000000,0.000000000,0.000000000,0.000000000,1.000000000,0.000000000,0.000000000,0.000000000,1.000000000,47.061618805,17.393526077,0.737640023,0.999999881,0.000481032,0.000106040,0.000157719
877,93.119000000,fused_map_f2f,1,1,0,0.055420673,0.024085388,1.000000000,1.000000000,0.100000000,0.010989011,0.010989011,0.010989011,0.010989011,1.000000000,0.000000000,0.000000000,0.000000000,0.000000000,0.000000000,0.000000000,0.000000000,0.000000000,1.000000000,0.000000000,0.000000000,0.000000000,1.000000000,47.177150726,17.393218994,0.737821460,0.999999881,0.000354431,0.000094872,0.000161628
878,93.222000000,fused_map_f2f,1,1,0,0.056034880,0.025267754,1.000000000,1.000000000,0.100000000,0.010989011,0.010989011,0.010989011,0.010989011,1.000000000,0.000000000,0.000000000,0.000000000,0.000000000,0.000000000,0.000000000,0.000000000,0.000000000,1.000000000,0.000000000,0.000000000,0.000000000,1.000000000,47.254486084,17.393136978,0.737771332,0.999999881,0.000408245,0.000104008,0.000139566
879,93.327000000,fused_map_f2f,1,1,0,0.055204227,0.021107783,1.000000000,1.000000000,0.100000000,0.010989011,0.010989011,0.010989011,0.010989011,1.000000000,0.000000000,0.000000000,0.000000000,0.000000000,0.000000000,0.000000000,0.000000000,0.000000000,1.000000000,0.000000000,0.000000000,0.000000000,1.000000000,47.361980438,17.392601013,0.737408638,0.999999940,0.000324332,0.000104065,0.000127506
880,93.425000000,fused_map_f2f,1,1,0,0.054633302,0.022125725,1.000000000,1.000000000,0.100000000,0.010989011,0.010989011,0.010989011,0.010989011,1.000000000,0.000000000,0.000000000,0.000000000,0.000000000,0.000000000,0.000000000,0.000000000,0.000000000,1.000000000,0.000000000,0.000000000,0.000000000,1.000000000,47.427066803,17.392650604,0.737567604,0.999999881,0.000486810,0.000100341,0.000098361
881,93.527000000,fused_map_f2f,1,1,0,0.056700889,0.017166395,1.000000000,1.000000000,0.100000000,0.010989011,0.010989011,0.010989011,0.010989011,1.000000000,0.000000000,0.000000000,0.000000000,0.000000000,0.000000000,0.000000000,0.000000000,0.000000000,1.000000000,0.000000000,0.000000000,0.000000000,1.000000000,47.498184204,17.392908096,0.738039374,0.999999762,0.000708972,0.000042256,0.000097222
882,93.628000000,fused_map_f2f,1,1,0,0.055189509,0.016284956,1.000000000,1.000000000,0.100000000,0.010989011,0.010989011,0.010989011,0.010989011,1.000000000,0.000000000,0.000000000,0.000000000,0.000000000,0.000000000,0.000000000,0.000000000,0.000000000,1.000000000,0.000000000,0.000000000,0.000000000,1.000000000,47.589855194,17.392997742,0.738094926,0.999999762,0.000620724,0.000101697,0.000098431
883,93.725000000,fused_map_f2f,1,1,0,0.056188951,0.025736815,1.000000000,1.000000000,0.100000000,0.010989011,0.010989011,0.010989011,0.010989011,1.000000000,0.000000000,0.000000000,0.000000000,0.000000000,0.000000000,0.000000000,0.000000000,0.000000000,1.000000000,0.000000000,0.000000000,0.000000000,1.000000000,47.660484314,17.393186569,0.737877190,0.999999821,0.000566197,0.000118225,0.000098198
884,93.828000000,fused_map_f2f,1,1,0,0.056129684,0.026727717,1.000000000,1.000000000,0.100000000,0.010989011,0.010989011,0.010989011,0.010989011,1.000000000,0.000000000,0.000000000,0.000000000,0.000000000,0.000000000,0.000000000,0.000000000,0.000000000,1.000000000,0.000000000,0.000000000,0.000000000,1.000000000,47.740859985,17.393318176,0.738247752,0.999999702,0.000761526,0.000071593,0.000163473
885,93.924000000,fused_map_f2f,1,1,0,0.055376520,0.028101859,1.000000000,1.000000000,0.100000000,0.010989011,0.010989011,0.010989011,0.010989011,1.000000000,0.000000000,0.000000000,0.000000000,0.000000000,0.000000000,0.000000000,0.000000000,0.000000000,1.000000000,0.000000000,0.000000000,0.000000000,1.000000000,47.816272736,17.393589020,0.738401830,0.999999583,0.000918200,0.000050244,0.000120700
886,94.039000000,fused_map_f2f,1,1,0,0.053982380,0.022010524,1.000000000,1.000000000,0.100000000,0.010989011,0.010989011,0.010989011,0.010989011,1.000000000,0.000000000,0.000000000,0.000000000,0.000000000,0.000000000,0.000000000,0.000000000,0.000000000,1.000000000,0.000000000,0.000000000,0.000000000,1.000000000,47.942836761,17.394721985,0.738321006,0.999999464,0.001029295,0.000119944,0.000069940
887,94.129000000,fused_map_f2f,1,1,0,0.054305246,0.022303406,1.000000000,1.000000000,0.100000000,0.010989011,0.010989011,0.010989011,0.010989011,1.000000000,0.000000000,0.000000000,0.000000000,0.000000000,0.000000000,0.000000000,0.000000000,0.000000000,1.000000000,0.000000000,0.000000000,0.000000000,1.000000000,48.035736084,17.394275665,0.739023328,0.999999404,0.001069303,0.000128288,0.000077942
888,94.225000000,fused_map_f2f,1,1,0,0.050809113,0.022080181,1.000000000,1.000000000,0.100000000,0.010989011,0.010989011,0.010989011,0.010989011,1.000000000,0.000000000,0.000000000,0.000000000,0.000000000,0.000000000,0.000000000,0.000000000,0.000000000,1.000000000,0.000000000,0.000000000,0.000000000,1.000000000,48.224319458,17.394680023,0.738329291,0.999999464,0.000989652,0.000119253,0.000073917
889,94.332000000,fused_map_f2f,1,1,0,0.050259622,0.024574687,1.000000000,1.000000000,0.100000000,0.010989011,0.010989011,0.010989011,0.010989011,1.000000000,0.000000000,0.000000000,0.000000000,0.000000000,0.000000000,0.000000000,0.000000000,0.000000000,1.000000000,0.000000000,0.000000000,0.000000000,1.000000000,48.384277344,17.393449783,0.738526940,0.999999702,0.000768032,0.000109388,0.000077747
890,94.433000000,fused_map_f2f,1,1,0,0.051639145,0.019717472,1.000000000,1.000000000,0.100000000,0.010989011,0.010989011,0.010989011,0.010989011,1.000000000,0.000000000,0.000000000,0.000000000,0.000000000,0.000000000,0.000000000,0.000000000,0.000000000,1.000000000,0.000000000,0.000000000,0.000000000,1.000000000,48.456924438,17.393173218,0.738633394,0.999999642,0.000835218,0.000111649,0.000017431
891,94.515000000,fused_map_f2f,1,1,0,0.050792393,0.018747081,1.000000000,1.000000000,0.100000000,0.010989011,0.010989011,0.010989011,0.010989011,1.000000000,0.000000000,0.000000000,0.000000000,0.000000000,0.000000000,0.000000000,0.000000000,0.000000000,1.000000000,0.000000000,0.000000000,0.000000000,1.000000000,48.587001801,17.393451691,0.738543451,0.999999762,0.000710203,0.000106200,0.000048998
892,94.636000000,fused_map_f2f,1,1,0,0.052383810,0.015469437,1.000000000,1.000000000,0.100000000,0.010989011,0.010989011,0.010989011,0.010989011,1.000000000,0.000000000,0.000000000,0.000000000,0.000000000,0.000000000,0.000000000,0.000000000,0.000000000,1.000000000,0.000000000,0.000000000,0.000000000,1.000000000,48.692024231,17.393096924,0.738460243,0.999999762,0.000682544,0.000077234,0.000034053
893,94.739000000,fused_map_f2f,1,1,0,0.049446281,0.016783556,1.000000000,1.000000000,0.100000000,0.010989011,0.010989011,0.010989011,0.010989011,1.000000000,0.000000000,0.000000000,0.000000000,0.000000000,0.000000000,0.000000000,0.000000000,0.000000000,1.000000000,0.000000000,0.000000000,0.000000000,1.000000000,48.805080414,17.392827988,0.738684356,0.999999821,0.000506830,0.000099119,0.000075084
894,94.844000000,fused_map_f2f,1,1,0,0.051918131,0.022277658,1.000000000,1.000000000,0.100000000,0.010989011,0.010989011,0.010989011,0.010989011,1.000000000,0.000000000,0.000000000,0.000000000,0.000000000,0.000000000,0.000000000,0.000000000,0.000000000,1.000000000,0.000000000,0.000000000,0.000000000,1.000000000,48.886810303,17.392923355,0.738953948,0.999999821,0.000516233,0.000052975,0.000223336
895,94.932000000,fused_map_f2f,1,1,0,0.049494434,0.019621161,1.000000000,1.000000000,0.100000000,0.010989011,0.010989011,0.010989011,0.010989011,1.000000000,0.000000000,0.000000000,0.000000000,0.000000000,0.000000000,0.000000000,0.000000000,0.000000000,1.000000000,0.000000000,0.000000000,0.000000000,1.000000000,48.982036591,17.393079758,0.738499463,0.999999762,0.000612305,0.000103548,0.000073275
896,95.025000000,fused_map_f2f,1,1,0,0.050510468,0.024247520,1.000000000,1.000000000,0.100000000,0.010989011,0.010989011,0.010989011,0.010989011,1.000000000,0.000000000,0.000000000,0.000000000,0.000000000,0.000000000,0.000000000,0.000000000,0.000000000,1.000000000,0.000000000,0.000000000,0.000000000,1.000000000,49.056686401,17.393108368,0.738691032,0.999999821,0.000592210,0.000119037,0.000071444
897,95.123000000,fused_map_f2f,1,1,0,0.050445234,0.017170283,1.000000000,1.000000000,0.100000000,0.010989011,0.010989011,0.010989011,0.010989011,1.000000000,0.000000000,0.000000000,0.000000000,0.000000000,0.000000000,0.000000000,0.000000000,0.000000000,1.000000000,0.000000000,0.000000000,0.000000000,1.000000000,49.134086609,17.393144608,0.738494396,0.999999702,0.000706775,0.000123215,0.000070511
898,95.216000000,fused_map_f2f,1,1,0,0.050060385,0.020579878,1.000000000,1.000000000,0.100000000,0.010989011,0.010989011,0.010989011,0.010989011,1.000000000,0.000000000,0.000000000,0.000000000,0.000000000,0.000000000,0.000000000,0.000000000,0.000000000,1.000000000,0.000000000,0.000000000,0.000000000,1.000000000,49.222927094,17.392889023,0.738579154,0.999999762,0.000653922,0.000112944,0.000071329
899,95.313000000,fused_map_f2f,1,1,0,0.048345969,0.016686543,1.000000000,1.000000000,0.100000000,0.010989011,0.010989011,0.010989011,0.010989011,1.000000000,0.000000000,0.000000000,0.000000000,0.000000000,0.000000000,0.000000000,0.000000000,0.000000000,1.000000000,0.000000000,0.000000000,0.000000000,1.000000000,49.425930023,17.392623901,0.738112569,0.999999881,0.000441396,0.000102262,0.000087791
900,95.434000000,fused_map_f2f,1,1,0,0.047381415,0.037994608,1.000000000,1.000000000,0.100000000,0.010989011,0.010989011,0.010989011,0.010989011,1.000000000,0.000000000,0.000000000,0.000000000,0.000000000,0.000000000,0.000000000,0.000000000,0.000000000,1.000000000,0.000000000,0.000000000,0.000000000,1.000000000,49.579048157,17.393486023,0.737903714,0.999999821,0.000553227,0.000079943,0.000086261
901,95.529000000,fused_map_f2f,1,1,0,0.047359388,0.016880550,1.000000000,1.000000000,0.100000000,0.010989011,0.010989011,0.010989011,0.010989011,1.000000000,0.000000000,0.000000000,0.000000000,0.000000000,0.000000000,0.000000000,0.000000000,0.000000000,1.000000000,0.000000000,0.000000000,0.000000000,1.000000000,49.631561279,17.393949509,0.738168895,0.999999642,0.000829705,0.000077385,0.000127107
902,95.624000000,fused_map_f2f,1,1,0,0.050471750,0.019167584,1.000000000,1.000000000,0.100000000,0.010989011,0.010989011,0.010989011,0.010989011,1.000000000,0.000000000,0.000000000,0.000000000,0.000000000,0.000000000,0.000000000,0.000000000,0.000000000,1.000000000,0.000000000,0.000000000,0.000000000,1.000000000,49.684509277,17.394582748,0.738135815,0.999999344,0.001113161,0.000066893,0.000174292
903,95.743000000,fused_map_f2f,1,1,0,0.051268046,0.026675635,1.000000000,1.000000000,0.100000000,0.010989011,0.010989011,0.010989011,0.010989011,1.000000000,0.000000000,0.000000000,0.000000000,0.000000000,0.000000000,0.000000000,0.000000000,0.000000000,1.000000000,0.000000000,0.000000000,0.000000000,1.000000000,49.774520874,17.392789841,0.738098025,0.999999821,0.000559376,0.000081921,0.000099384
904,95.842000000,fused_map_f2f,1,1,0,0.049521935,0.022636049,1.000000000,1.000000000,0.100000000,0.010989011,0.010989011,0.010989011,0.010989011,1.000000000,0.000000000,0.000000000,0.000000000,0.000000000,0.000000000,0.000000000,0.000000000,0.000000000,1.000000000,0.000000000,0.000000000,0.000000000,1.000000000,49.830451965,17.393100739,0.737735868,0.999999702,0.000791658,0.000082662,0.000087534
905,95.946000000,fused_map_f2f,1,1,0,0.052720934,0.016944281,1.000000000,1.000000000,0.100000000,0.010989011,0.010989011,0.010989011,0.010989011,1.000000000,0.000000000,0.000000000,0.000000000,0.000000000,0.000000000,0.000000000,0.000000000,0.000000000,1.000000000,0.000000000,0.000000000,0.000000000,1.000000000,49.900085449,17.393342972,0.737874687,0.999999702,0.000756579,0.000080327,0.000063766
906,96.045000000,fused_map_f2f,1,1,0,0.049875418,0.017590028,1.000000000,1.000000000,0.100000000,0.010989011,0.010989011,0.010989011,0.010989011,1.000000000,0.000000000,0.000000000,0.000000000,0.000000000,0.000000000,0.000000000,0.000000000,0.000000000,1.000000000,0.000000000,0.000000000,0.000000000,1.000000000,49.986667633,17.393505096,0.738144577,0.999999642,0.000831013,0.000083108,0.000065058
907,96.136000000,fused_map_f2f,1,1,0,0.051356717,0.022724860,1.000000000,1.000000000,0.100000000,0.010989011,0.010989011,0.010989011,0.010989011,1.000000000,0.000000000,0.000000000,0.000000000,0.000000000,0.000000000,0.000000000,0.000000000,0.000000000,1.000000000,0.000000000,0.000000000,0.000000000,1.000000000,50.045433044,17.393827438,0.737895310,0.999999583,0.000918069,0.000064976,0.000059085
908,96.231000000,fused_map_f2f,1,1,0,0.054579595,0.014466975,1.000000000,1.000000000,0.100000000,0.010989011,0.010989011,0.010989011,0.010989011,1.000000000,0.000000000,0.000000000,0.000000000,0.000000000,0.000000000,0.000000000,0.000000000,0.000000000,1.000000000,0.000000000,0.000000000,0.000000000,1.000000000,50.102714539,17.394268036,0.738035679,0.999999523,0.000995436,0.000082401,0.000061083
909,96.327000000,fused_map_f2f,1,1,0,0.051759109,0.021826572,1.000000000,1.000000000,0.100000000,0.010989011,0.010989011,0.010989011,0.010989011,1.000000000,0.000000000,0.000000000,0.000000000,0.000000000,0.000000000,0.000000000,0.000000000,0.000000000,1.000000000,0.000000000,0.000000000,0.000000000,1.000000000,50.187267303,17.394527435,0.738133192,0.999999464,0.001028039,0.000085926,0.000023624
910,96.414000000,fused_map_f2f,1,1,0,0.053235295,0.022765999,1.000000000,1.000000000,0.100000000,0.010989011,0.010989011,0.010989011,0.010989011,1.000000000,0.000000000,0.000000000,0.000000000,0.000000000,0.000000000,0.000000000,0.000000000,0.000000000,1.000000000,0.000000000,0.000000000,0.000000000,1.000000000,50.232242584,17.394968033,0.737882733,0.999999464,0.001052759,0.000068183,0.000016493
911,96.543000000,fused_map_f2f,1,1,0,0.054153528,0.034769886,1.000000000,1.000000000,0.100000000,0.010989011,0.010989011,0.010989011,0.010989011,1.000000000,0.000000000,0.000000000,0.000000000,0.000000000,0.000000000,0.000000000,0.000000000,0.000000000,1.000000000,0.000000000,0.000000000,0.000000000,1.000000000,50.354553223,17.395404816,0.737767398,0.999999404,0.001057222,0.000081865,0.000011988
912,96.641000000,fused_map_f2f,1,1,0,0.055018964,0.026278147,1.000000000,1.000000000,0.100000000,0.010989011,0.010989011,0.010989011,0.010989011,1.000000000,0.000000000,0.000000000,0.000000000,0.000000000,0.000000000,0.000000000,0.000000000,0.000000000,1.000000000,0.000000000,0.000000000,0.000000000,1.000000000,50.424236298,17.395324707,0.737865031,0.999999464,0.001025642,0.000075270,0.000005795
913,96.733000000,fused_map_f2f,1,1,0,0.056535425,0.019544506,1.000000000,1.000000000,0.100000000,0.010989011,0.010989011,0.010989011,0.010989011,1.000000000,0.000000000,0.000000000,0.000000000,0.000000000,0.000000000,0.000000000,0.000000000,0.000000000,1.000000000,0.000000000,0.000000000,0.000000000,1.000000000,50.469921112,17.395271301,0.737828255,0.999999344,0.001160714,0.000078072,0.000026524
914,96.832000000,fused_map_f2f,1,1,0,0.056135522,0.038123356,1.000000000,1.000000000,0.100000000,0.010989011,0.010989011,0.010989011,0.010989011,1.000000000,0.000000000,0.000000000,0.000000000,0.000000000,0.000000000,0.000000000,0.000000000,0.000000000,1.000000000,0.000000000,0.000000000,0.000000000,1.000000000,50.630153656,17.395210266,0.737803400,0.999999404,0.001084275,0.000057684,0.000010403
915,96.922000000,fused_map_f2f,1,1,0,0.055709106,0.020294621,1.000000000,1.000000000,0.100000000,0.010989011,0.010989011,0.010989011,0.010989011,1.000000000,0.000000000,0.000000000,0.000000000,0.000000000,0.000000000,0.000000000,0.000000000,0.000000000,1.000000000,0.000000000,0.000000000,0.000000000,1.000000000,50.819675446,17.395023346,0.737047553,0.999999702,0.000726621,0.000042694,-0.000013885
916,97.021000000,fused_map_f2f,1,1,0,0.057891126,0.027219023,1.000000000,1.000000000,0.100000000,0.010989011,0.010989011,0.010989011,0.010989011,1.000000000,0.000000000,0.000000000,0.000000000,0.000000000,0.000000000,0.000000000,0.000000000,0.000000000,1.000000000,0.000000000,0.000000000,0.000000000,1.000000000,50.875396729,17.395439148,0.736851037,0.999999702,0.000796939,0.000026011,-0.000035154
917,97.115000000,fused_map_f2f,1,1,0,0.056721946,0.012321522,1.000000000,1.000000000,0.100000000,0.010989011,0.010989011,0.010989011,0.010989011,1.000000000,0.000000000,0.000000000,0.000000000,0.000000000,0.000000000,0.000000000,0.000000000,0.000000000,1.000000000,0.000000000,0.000000000,0.000000000,1.000000000,50.973571777,17.394870758,0.737197816,0.999999762,0.000664110,0.000056684,-0.000009749
918,97.232000000,fused_map_f2f,1,1,0,0.058393433,0.030247527,1.000000000,1.000000000,0.100000000,0.010989011,0.010989011,0.010989011,0.010989011,1.000000000,0.000000000,0.000000000,0.000000000,0.000000000,0.000000000,0.000000000,0.000000000,0.000000000,1.000000000,0.000000000,0.000000000,0.000000000,1.000000000,51.052768707,17.394594193,0.736992359,0.999999762,0.000674563,0.000052492,-0.000001834
919,97.330000000,fused_map_f2f,1,1,0,0.058682212,0.013835455,1.000000000,1.000000000,0.100000000,0.010989011,0.010989011,0.010989011,0.010989011,1.000000000,0.000000000,0.000000000,0.000000000,0.000000000,0.000000000,0.000000000,0.000000000,0.000000000,1.000000000,0.000000000,0.000000000,0.000000000,1.000000000,51.187854767,17.395265579,0.736382544,0.999999762,0.000642486,0.000051040,-0.000001009
920,97.413000000,fused_map_f2f,1,1,0,0.060071850,0.025058896,0.999715594,0.999715594,0.100000000,0.010992103,0.010992103,0.010992103,0.010992103,1.000000000,0.000000000,0.000000000,0.000000000,0.000000000,0.000000000,0.000000000,0.000000000,0.000000000,1.000000000,0.000000000,0.000000000,0.000000000,1.000000000,51.247241974,17.394645691,0.736963868,0.999999821,0.000578800,0.000051427,0.000003132
921,97.543000000,fused_map_f2f,1,1,0,0.059748343,0.041907399,1.000000000,1.000000000,0.100000000,0.010989011,0.010989011,0.010989011,0.010989011,1.000000000,0.000000000,0.000000000,0.000000000,0.000000000,0.000000000,0.000000000,0.000000000,0.000000000,1.000000000,0.000000000,0.000000000,0.000000000,1.000000000,51.370826721,17.394824982,0.737244129,0.999999881,0.000516964,0.000056624,0.000015136
922,97.632000000,fused_map_f2f,1,1,0,0.060358226,0.025355762,0.998582023,0.998582023,0.100000000,0.011004444,0.011004444,0.011004444,0.011004444,1.000000000,0.000000000,0.000000000,0.000000000,0.000000000,0.000000000,0.000000000,0.000000000,0.000000000,1.000000000,0.000000000,0.000000000,0.000000000,1.000000000,51.436443329,17.394554138,0.737297177,0.999999821,0.000553022,0.000011298,0.000022652
923,97.729000000,fused_map_f2f,1,1,0,0.061119040,0.029049292,0.995570467,0.995570467,0.100000000,0.011037364,0.011037364,0.011037364,0.011037364,1.000000000,0.000000000,0.000000000,0.000000000,0.000000000,0.000000000,0.000000000,0.000000000,0.000000000,1.000000000,0.000000000,0.000000000,0.000000000,1.000000000,51.549201965,17.395006180,0.736758232,0.999999881,0.000409684,0.000065039,-0.000002581
924,97.816000000,fused_map_f2f,1,1,0,0.061419801,0.019478100,0.994379955,0.994379955,0.100000000,0.011050432,0.011050432,0.011050432,0.011050432,1.000000000,0.000000000,0.000000000,0.000000000,0.000000000,0.000000000,0.000000000,0.000000000,0.000000000,1.000000000,0.000000000,0.000000000,0.000000000,1.000000000,51.616703033,17.395502090,0.737126946,0.999999821,0.000629113,0.000019305,-0.000030105
925,97.937000000,fused_map_f2f,1,1,0,0.063267319,0.024959573,0.987066863,0.987066863,0.100000000,0.011131393,0.011131393,0.011131393,0.011131393,1.000000000,0.000000000,0.000000000,0.000000000,0.000000000,0.000000000,0.000000000,0.000000000,0.000000000,1.000000000,0.000000000,0.000000000,0.000000000,1.000000000,51.787834167,17.395252228,0.737020016,0.999999881,0.000455061,0.000050471,0.000045908
926,98.030000000,fused_map_f2f,1,1,0,0.062522926,0.024404606,0.990013419,0.990013419,0.100000000,0.011098630,0.011098630,0.011098630,0.011098630,1.000000000,0.000000000,0.000000000,0.000000000,0.000000000,0.000000000,0.000000000,0.000000000,0.000000000,1.000000000,0.000000000,0.000000000,0.000000000,1.000000000,51.867733002,17.395099640,0.737110615,0.999999881,0.000477163,0.000007173,0.000082466
927,98.118000000,fused_map_f2f,1,1,0,0.060783444,0.019122022,0.996898866,0.996898866,0.100000000,0.011022819,0.011022819,0.011022819,0.011022819,1.000000000,0.000000000,0.000000000,0.000000000,0.000000000,0.000000000,0.000000000,0.000000000,0.000000000,1.000000000,0.000000000,0.000000000,0.000000000,1.000000000,51.999248505,17.395553589,0.736834049,0.999999940,0.000320916,0.000060294,0.000018165
928,98.237000000,fused_map_f2f,1,1,0,0.061577464,0.026186141,0.993755871,0.993755871,0.100000000,0.011057295,0.011057295,0.011057295,0.011057295,1.000000000,0.000000000,0.000000000,0.000000000,0.000000000,0.000000000,0.000000000,0.000000000,0.000000000,1.000000000,0.000000000,0.000000000,0.000000000,1.000000000,52.171009064,17.395242691,0.736618400,0.999999940,0.000377902,0.000069453,0.000032616
929,98.331000000,fused_map_f2f,1,1,0,0.064331644,0.024296257,0.982853909,0.982853909,0.100000000,0.011178574,0.011178574,0.011178574,0.011178574,1.000000000,0.000000000,0.000000000,0.000000000,0.000000000,0.000000000,0.000000000,0.000000000,0.000000000,1.000000000,0.000000000,0.000000000,0.000000000,1.000000000,52.254318237,17.394308090,0.736644685,0.999999940,0.000314199,0.000023450,0.000102871
930,98.422000000,fused_map_f2f,1,1,0,0.062788220,0.019079764,0.988963296,0.988963296,0.100000000,0.011110284,0.011110284,0.011110284,0.011110284,1.000000000,0.000000000,0.000000000,0.000000000,0.000000000,0.000000000,0.000000000,0.000000000,0.000000000,1.000000000,0.000000000,0.000000000,0.000000000,1.000000000,52.370849609,17.395486832,0.737169147,0.999999881,0.000425845,0.000063315,0.000034118
931,98.513000000,fused_map_f2f,1,1,0,0.066117199,0.031164808,0.975786089,0.975786089,0.100000000,0.011258631,0.011258631,0.011258631,0.011258631,1.000000000,0.000000000,0.000000000,0.000000000,0.000000000,0.000000000,0.000000000,0.000000000,0.000000000,1.000000000,0.000000000,0.000000000,0.000000000,1.000000000,52.457302094,17.395298004,0.737412632,0.999999881,0.000469777,0.000054979,0.000072778
932,98.631000000,fused_map_f2f,1,1,0,0.064356653,0.033560419,0.982754914,0.982754914,0.100000000,0.011179687,0.011179687,0.011179687,0.011179687,1.000000000,0.000000000,0.000000000,0.000000000,0.000000000,0.000000000,0.000000000,0.000000000,0.000000000,1.000000000,0.000000000,0.000000000,0.000000000,1.000000000,52.583076477,17.395320892,0.737310350,0.999999881,0.000481985,0.000074620,0.000060981
933,98.727000000,fused_map_f2f,1,1,0,0.066765155,0.016782689,0.973221260,0.973221260,0.100000000,0.011287967,0.011287967,0.011287967,0.011287967,1.000000000,0.000000000,0.000000000,0.000000000,0.000000000,0.000000000,0.000000000,0.000000000,0.000000000,1.000000000,0.000000000,0.000000000,0.000000000,1.000000000,52.679519653,17.395730972,0.737366319,0.999999881,0.000516929,0.000072899,0.000030465
934,98.826000000,fused_map_f2f,1,1,0,0.064795762,0.021957174,0.981016775,0.981016775,0.100000000,0.011199273,0.011199273,0.011199273,0.011199273,1.000000000,0.000000000,0.000000000,0.000000000,0.000000000,0.000000000,0.000000000,0.000000000,0.000000000,1.000000000,0.000000000,0.000000000,0.000000000,1.000000000,52.776813507,17.395780563,0.737510502,0.999999881,0.000490075,0.000035555,0.000044875
935,98.917000000,fused_map_f2f,1,1,0,0.066688438,0.028705395,0.973524934,0.973524934,0.100000000,0.011284485,0.011284485,0.011284485,0.011284485,1.000000000,0.000000000,0.000000000,0.000000000,0.000000000,0.000000000,0.000000000,0.000000000,0.000000000,1.000000000,0.000000000,0.000000000,0.000000000,1.000000000,52.866855621,17.395841599,0.737656772,0.999999881,0.000476763,-0.000003246,0.000046105
936,99.040000000,fused_map_f2f,1,1,0,0.063581456,0.048219474,0.985823403,0.985823403,0.100000000,0.011145277,0.011145277,0.011145277,0.011145277,1.000000000,0.000000000,0.000000000,0.000000000,0.000000000,0.000000000,0.000000000,0.000000000,0.000000000,1.000000000,0.000000000,0.000000000,0.000000000,1.000000000,53.030994415,17.396289825,0.737336695,0.999999762,0.000646783,0.000059862,0.000049624
937,99.131000000,fused_map_f2f,1,1,0,0.062303850,0.025966643,0.990880592,0.990880592,0.100000000,0.011089025,0.011089025,0.011089025,0.011089025,1.000000000,0.000000000,0.000000000,0.000000000,0.000000000,0.000000000,0.000000000,0.000000000,0.000000000,1.000000000,0.000000000,0.000000000,0.000000000,1.000000000,53.193832397,17.395622253,0.737422109,0.999999940,0.000397639,0.000070584,0.000032831
938,99.220000000,fused_map_f2f,1,1,0,0.064398525,0.040976872,0.982589172,0.982589172,0.100000000,0.011181552,0.011181552,0.011181552,0.011181552,1.000000000,0.000000000,0.000000000,0.000000000,0.000000000,0.000000000,0.000000000,0.000000000,0.000000000,1.000000000,0.000000000,0.000000000,0.000000000,1.000000000,53.278800964,17.395877838,0.737501740,0.999999881,0.000435910,0.000071854,0.000053097
939,99.345000000,fused_map_f2f,1,1,0,0.061442135,0.023257124,0.994291547,0.994291547,0.100000000,0.011051404,0.011051404,0.011051404,0.011051404,1.000000000,0.000000000,0.000000000,0.000000000,0.000000000,0.000000000,0.000000000,0.000000000,0.000000000,1.000000000,0.000000000,0.000000000,0.000000000,1.000000000,53.403091431,17.395833969,0.738013923,0.999999881,0.000472229,0.000026998,0.000111425
940,99.432000000,fused_map_f2f,1,1,0,0.063261738,0.033217081,0.987088954,0.987088954,0.100000000,0.011131146,0.011131146,0.011131146,0.011131146,1.000000000,0.000000000,0.000000000,0.000000000,0.000000000,0.000000000,0.000000000,0.000000000,0.000000000,1.000000000,0.000000000,0.000000000,0.000000000,1.000000000,53.486770630,17.395969391,0.737988651,0.999999881,0.000450835,-0.000024277,0.000144196
941,99.517000000,fused_map_f2f,1,1,0,0.062145221,0.018351612,0.991508499,0.991508499,0.100000000,0.011082080,0.011082080,0.011082080,0.011082080,1.000000000,0.000000000,0.000000000,0.000000000,0.000000000,0.000000000,0.000000000,0.000000000,0.000000000,1.000000000,0.000000000,0.000000000,0.000000000,1.000000000,53.619716644,17.395441055,0.737994373,0.999999881,0.000509810,0.000083336,0.000075145
942,99.614000000,fused_map_f2f,1,1,0,0.060405708,0.019932425,0.998394072,0.998394072,0.100000000,0.011006492,0.011006492,0.011006492,0.011006492,1.000000000,0.000000000,0.000000000,0.000000000,0.000000000,0.000000000,0.000000000,0.000000000,0.000000000,1.000000000,0.000000000,0.000000000,0.000000000,1.000000000,53.777069092,17.395561218,0.738239586,1.000000000,0.000189631,0.000080651,0.000068447
943,99.742000000,fused_map_f2f,1,1,0,0.062724399,0.022891940,0.989215920,0.989215920,0.100000000,0.011107479,0.011107479,0.011107479,0.011107479,1.000000000,0.000000000,0.000000000,0.000000000,0.000000000,0.000000000,0.000000000,0.000000000,0.000000000,1.000000000,0.000000000,0.000000000,0.000000000,1.000000000,53.941051483,17.395729065,0.737782657,1.000000000,0.000121302,0.000095981,0.000034131
944,99.837000000,fused_map_f2f,1,1,0,0.063576730,0.023296367,0.985842109,0.985842109,0.100000000,0.011145068,0.011145068,0.011145068,0.011145068,1.000000000,0.000000000,0.000000000,0.000000000,0.000000000,0.000000000,0.000000000,0.000000000,0.000000000,1.000000000,0.000000000,0.000000000,0.000000000,1.000000000,54.037895203,17.396162033,0.738261521,0.999999940,0.000303483,0.000091263,0.000054159
945,99.938000000,fused_map_f2f,1,1,0,0.061098361,0.020266263,0.995652322,0.995652322,0.100000000,0.011036467,0.011036467,0.011036467,0.011036467,1.000000000,0.000000000,0.000000000,0.000000000,0.000000000,0.000000000,0.000000000,0.000000000,0.000000000,1.000000000,0.000000000,0.000000000,0.000000000,1.000000000,54.189662933,17.395843506,0.738501847,0.999999940,0.000293984,0.000064112,0.000078739
946,100.032000000,fused_map_f2f,1,1,0,0.064992632,0.025700260,0.980237499,0.980237499,0.100000000,0.011208077,0.011208077,0.011208077,0.011208077,1.000000000,0.000000000,0.000000000,0.000000000,0.000000000,0.000000000,0.000000000,0.000000000,0.000000000,1.000000000,0.000000000,0.000000000,0.000000000,1.000000000,54.266159058,17.396835327,0.738448679,0.999999940,0.000386299,0.000054451,0.000091195
947,100.121000000,fused_map_f2f,1,1,0,0.062904285,0.017899227,0.988503872,0.988503872,0.100000000,0.011115391,0.011115391,0.011115391,0.011115391,1.000000000,0.000000000,0.000000000,0.000000000,0.000000000,0.000000000,0.000000000,0.000000000,0.000000000,1.000000000,0.000000000,0.000000000,0.000000000,1.000000000,54.415653229,17.395956039,0.738582313,1.000000000,0.000192880,0.000069054,0.000063085
948,100.217000000,fused_map_f2f,1,1,0,0.062125091,0.028686492,0.991588181,0.991588181,0.100000000,0.011081200,0.011081200,0.011081200,0.011081200,1.000000000,0.000000000,0.000000000,0.000000000,0.000000000,0.000000000,0.000000000,0.000000000,0.000000000,1.000000000,0.000000000,0.000000000,0.000000000,1.000000000,54.574920654,17.395071030,0.738278985,1.000000000,-0.000064272,0.000069685,0.000082184
949,100.333000000,fused_map_f2f,1,1,0,0.064562487,0.023475776,0.981940157,0.981940157,0.100000000,0.011188859,0.011188859,0.011188859,0.011188859,1.000000000,0.000000000,0.000000000,0.000000000,0.000000000,0.000000000,0.000000000,0.000000000,0.000000000,1.000000000,0.000000000,0.000000000,0.000000000,1.000000000,54.689407349,17.395666122,0.738636136,1.000000000,-0.000062674,0.000079727,0.000070242
950,100.417000000,fused_map_f2f,1,1,0,0.062513206,0.022668487,0.990051894,0.990051894,0.100000000,0.011098204,0.011098204,0.011098204,0.011098204,1.000000000,0.000000000,0.000000000,0.000000000,0.000000000,0.000000000,0.000000000,0.000000000,0.000000000,1.000000000,0.000000000,0.000000000,0.000000000,1.000000000,54.772232056,17.395198822,0.737985134,1.000000000,-0.000111047,0.000074387,0.000089785
951,100.540000000,fused_map_f2f,1,1,0,0.065003145,0.022839070,0.980195884,0.980195884,0.100000000,0.011208547,0.011208547,0.011208547,0.011208547,1.000000000,0.000000000,0.000000000,0.000000000,0.000000000,0.000000000,0.000000000,0.000000000,0.000000000,1.000000000,0.000000000,0.000000000,0.000000000,1.000000000,54.889987946,17.395431519,0.738170445,0.999999940,-0.000138002,0.000055749,0.000117753
952,100.629000000,fused_map_f2f,1,1,0,0.060787003,0.024861259,0.996884780,0.996884780,0.100000000,0.011022973,0.011022973,0.011022973,0.011022973,1.000000000,0.000000000,0.000000000,0.000000000,0.000000000,0.000000000,0.000000000,0.000000000,0.000000000,1.000000000,0.000000000,0.000000000,0.000000000,1.000000000,54.982498169,17.395496368,0.738436997,0.999999940,-0.000202136,0.000081703,0.000092857
953,100.713000000,fused_map_f2f,1,1,0,0.062765672,0.018993254,0.989052548,0.989052548,0.100000000,0.011109293,0.011109293,0.011109293,0.011109293,1.000000000,0.000000000,0.000000000,0.000000000,0.000000000,0.000000000,0.000000000,0.000000000,0.000000000,1.000000000,0.000000000,0.000000000,0.000000000,1.000000000,55.055019379,17.395414352,0.738266110,1.000000000,-0.000138611,0.000081708,0.000082366
954,100.845000000,fused_map_f2f,1,1,0,0.061051184,0.020145225,0.995839064,0.995839064,0.100000000,0.011034420,0.011034420,0.011034420,0.011034420,1.000000000,0.000000000,0.000000000,0.000000000,0.000000000,0.000000000,0.000000000,0.000000000,0.000000000,1.000000000,0.000000000,0.000000000,0.000000000,1.000000000,55.189094543,17.395179749,0.738608479,0.999999940,-0.000104563,0.000093570,0.000090728
955,100.935000000,fused_map_f2f,1,1,0,0.064651879,0.016688964,0.981586314,0.981586314,0.100000000,0.011192848,0.011192848,0.011192848,0.011192848,1.000000000,0.000000000,0.000000000,0.000000000,0.000000000,0.000000000,0.000000000,0.000000000,0.000000000,1.000000000,0.000000000,0.000000000,0.000000000,1.000000000,55.268478394,17.395280838,0.738611400,1.000000000,-0.000124926,0.000092715,0.000046036
956,101.019000000,fused_map_f2f,1,1,0,0.062453327,0.029749966,0.990288913,0.990288913,0.100000000,0.011095577,0.011095577,0.011095577,0.011095577,1.000000000,0.000000000,0.000000000,0.000000000,0.000000000,0.000000000,0.000000000,0.000000000,0.000000000,1.000000000,0.000000000,0.000000000,0.000000000,1.000000000,55.396049500,17.395059586,0.738844037,0.999999940,-0.000193362,0.000076333,0.000135852
957,101.114000000,fused_map_f2f,1,1,0,0.063123597,0.017208883,0.987635761,0.987635761,0.100000000,0.011125052,0.011125052,0.011125052,0.011125052,1.000000000,0.000000000,0.000000000,0.000000000,0.000000000,0.000000000,0.000000000,0.000000000,0.000000000,1.000000000,0.000000000,0.000000000,0.000000000,1.000000000,55.600341797,17.396205902,0.738810778,0.999999940,-0.000156783,0.000066875,0.000114924
958,101.230000000,fused_map_f2f,1,1,0,0.061745203,0.024441202,0.993091903,0.993091903,0.100000000,0.011064606,0.011064606,0.011064606,0.011064606,1.000000000,0.000000000,0.000000000,0.000000000,0.000000000,0.000000000,0.000000000,0.000000000,0.000000000,1.000000000,0.000000000,0.000000000,0.000000000,1.000000000,55.786190033,17.396240234,0.738765419,0.999999940,-0.000157176,0.000054947,0.000152898
959,101.318000000,fused_map_f2f,1,1,0,0.062224042,0.020509204,0.991196501,0.991196501,0.100000000,0.011085530,0.011085530,0.011085530,0.011085530,1.000000000,0.000000000,0.000000000,0.000000000,0.000000000,0.000000000,0.000000000,0.000000000,0.000000000,1.000000000,0.000000000,0.000000000,0.000000000,1.000000000,55.859336853,17.395624161,0.739232481,0.999999940,-0.000278647,0.000057588,0.000177764
960,101.413000000,fused_map_f2f,1,1,0,0.059870135,0.019726832,1.000000000,1.000000000,0.100000000,0.010989011,0.010989011,0.010989011,0.010989011,1.000000000,0.000000000,0.000000000,0.000000000,0.000000000,0.000000000,0.000000000,0.000000000,0.000000000,1.000000000,0.000000000,0.000000000,0.000000000,1.000000000,55.972053528,17.396348953,0.738614023,0.999999940,-0.000148068,0.000057114,0.000145341
961,101.528000000,fused_map_f2f,1,1,0,0.061721765,0.017894949,0.993184681,0.993184681,0.100000000,0.011063584,0.011063584,0.011063584,0.011063584,1.000000000,0.000000000,0.000000000,0.000000000,0.000000000,0.000000000,0.000000000,0.000000000,0.000000000,1.000000000,0.000000000,0.000000000,0.000000000,1.000000000,56.067707062,17.396190643,0.739065289,0.999999940,-0.000203903,0.000031700,0.000242613
962,101.638000000,fused_map_f2f,1,1,0,0.062403606,0.022052310,0.990485727,0.990485727,0.100000000,0.011093397,0.011093397,0.011093397,0.011093397,1.000000000,0.000000000,0.000000000,0.000000000,0.000000000,0.000000000,0.000000000,0.000000000,0.000000000,1.000000000,0.000000000,0.000000000,0.000000000,1.000000000,56.181159973,17.395456314,0.739173949,0.999999881,-0.000475283,0.000055262,0.000200368
963,101.744000000,fused_map_f2f,1,1,0,0.063223690,0.018914920,0.987239560,0.987239560,0.100000000,0.011129467,0.011129467,0.011129467,0.011129467,1.000000000,0.000000000,0.000000000,0.000000000,0.000000000,0.000000000,0.000000000,0.000000000,0.000000000,1.000000000,0.000000000,0.000000000,0.000000000,1.000000000,56.268203735,17.396390915,0.739643395,0.999999881,-0.000365869,-0.000038511,0.000128424
964,101.838000000,fused_map_f2f,1,1,0,0.063013488,0.019606657,0.988071610,0.988071610,0.100000000,0.011120199,0.011120199,0.011120199,0.011120199,1.000000000,0.000000000,0.000000000,0.000000000,0.000000000,0.000000000,0.000000000,0.000000000,0.000000000,1.000000000,0.000000000,0.000000000,0.000000000,1.000000000,56.345031738,17.396036148,0.739838958,0.999999881,-0.000469893,-0.000053773,0.000159363
965,101.941000000,fused_map_f2f,1,1,0,0.061707714,0.028546143,0.993240297,0.993240297,0.100000000,0.011062972,0.011062972,0.011062972,0.011062972,1.000000000,0.000000000,0.000000000,0.000000000,0.000000000,0.000000000,0.000000000,0.000000000,0.000000000,1.000000000,0.000000000,0.000000000,0.000000000,1.000000000,56.443092346,17.395957947,0.738733828,0.999999940,-0.000235776,0.000062249,0.000166866
966,102.037000000,fused_map_f2f,1,1,0,0.060662163,0.022406836,0.997378939,0.997378939,0.100000000,0.011017571,0.011017571,0.011017571,0.011017571,1.000000000,0.000000000,0.000000000,0.000000000,0.000000000,0.000000000,0.000000000,0.000000000,0.000000000,1.000000000,0.000000000,0.000000000,0.000000000,1.000000000,56.581871033,17.396142960,0.739205003,0.999999881,-0.000404339,0.000062846,0.000174285
967,102.127000000,fused_map_f2f,1,1,0,0.060869925,0.023594549,0.996556547,0.996556547,0.100000000,0.011026563,0.011026563,0.011026563,0.011026563,1.000000000,0.000000000,0.000000000,0.000000000,0.000000000,0.000000000,0.000000000,0.000000000,0.000000000,1.000000000,0.000000000,0.000000000,0.000000000,1.000000000,56.648956299,17.396066666,0.739496648,0.999999821,-0.000567358,0.000035906,0.000187675
968,102.213000000,fused_map_f2f,1,1,0,0.060158546,0.019291513,0.999372423,0.999372423,0.100000000,0.010995836,0.010995836,0.010995836,0.010995836,1.000000000,0.000000000,0.000000000,0.000000000,0.000000000,0.000000000,0.000000000,0.000000000,0.000000000,1.000000000,0.000000000,0.000000000,0.000000000,1.000000000,56.792572021,17.396013260,0.739899158,0.999999821,-0.000546018,0.000065907,0.000180574
969,102.335000000,fused_map_f2f,1,1,0,0.063257492,0.019683618,0.987105762,0.987105762,0.100000000,0.011130959,0.011130959,0.011130959,0.011130959,1.000000000,0.000000000,0.000000000,0.000000000,0.000000000,0.000000000,0.000000000,0.000000000,0.000000000,1.000000000,0.000000000,0.000000000,0.000000000,1.000000000,56.880714417,17.395664215,0.739804029,0.999999642,-0.000794739,0.000043978,0.000218102
970,102.416000000,fused_map_f2f,1,1,0,0.060857167,0.024165783,0.996607046,0.996607046,0.100000000,0.011026011,0.011026011,0.011026011,0.011026011,1.000000000,0.000000000,0.000000000,0.000000000,0.000000000,0.000000000,0.000000000,0.000000000,0.000000000,1.000000000,0.000000000,0.000000000,0.000000000,1.000000000,56.994602203,17.396194458,0.739369988,0.999999762,-0.000649335,0.000049522,0.000201494
971,102.538000000,fused_map_f2f,1,1,0,0.062244786,0.016865489,0.991114390,0.991114390,0.100000000,0.011086438,0.011086438,0.011086438,0.011086438,1.000000000,0.000000000,0.000000000,0.000000000,0.000000000,0.000000000,0.000000000,0.000000000,0.000000000,1.000000000,0.000000000,0.000000000,0.000000000,1.000000000,57.088962555,17.396392822,0.738686800,0.999999821,-0.000591196,0.000054988,0.000218444
972,102.632000000,fused_map_f2f,1,1,0,0.062070503,0.016422172,0.991804258,0.991804258,0.100000000,0.011078812,0.011078812,0.011078812,0.011078812,1.000000000,0.000000000,0.000000000,0.000000000,0.000000000,0.000000000,0.000000000,0.000000000,0.000000000,1.000000000,0.000000000,0.000000000,0.000000000,1.000000000,57.163406372,17.396049500,0.738911152,0.999999702,-0.000757464,0.000054360,0.000209350
973,102.723000000,fused_map_f2f,1,1,0,0.062188245,0.020736859,0.991338198,0.991338198,0.100000000,0.011083963,0.011083963,0.011083963,0.011083963,1.000000000,0.000000000,0.000000000,0.000000000,0.000000000,0.000000000,0.000000000,0.000000000,0.000000000,1.000000000,0.000000000,0.000000000,0.000000000,1.000000000,57.219619751,17.397407532,0.739703476,0.999999821,-0.000540199,0.000038323,0.000210826
974,102.836000000,fused_map_f2f,1,1,0,0.063975698,0.022191921,0.984262861,0.984262861,0.100000000,0.011162750,0.011162750,0.011162750,0.011162750,1.000000000,0.000000000,0.000000000,0.000000000,0.000000000,0.000000000,0.000000000,0.000000000,0.000000000,1.000000000,0.000000000,0.000000000,0.000000000,1.000000000,57.285778046,17.397560120,0.739826381,0.999999762,-0.000606949,0.000025823,0.000238017
975,102.934000000,fused_map_f2f,1,1,0,0.066212854,0.031139759,0.975407454,0.975407454,0.100000000,0.011262952,0.011262952,0.011262952,0.011262952,1.000000000,0.000000000,0.000000000,0.000000000,0.000000000,0.000000000,0.000000000,0.000000000,0.000000000,1.000000000,0.000000000,0.000000000,0.000000000,1.000000000,57.343002319,17.397649765,0.739132524,0.999999821,-0.000546194,0.000120342,0.000086321
976,103.016000000,fused_map_f2f,1,1,0,0.061107494,0.025941304,0.995616168,0.995616168,0.100000000,0.011036863,0.011036863,0.011036863,0.011036863,1.000000000,0.000000000,0.000000000,0.000000000,0.000000000,0.000000000,0.000000000,0.000000000,0.000000000,1.000000000,0.000000000,0.000000000,0.000000000,1.000000000,57.404537201,17.396261215,0.739698827,0.999999642,-0.000800052,0.000059461,0.000193498
977,103.133000000,fused_map_f2f,1,1,0,0.064405087,0.014524613,0.982563196,0.982563196,0.100000000,0.011181844,0.011181844,0.011181844,0.011181844,1.000000000,0.000000000,0.000000000,0.000000000,0.000000000,0.000000000,0.000000000,0.000000000,0.000000000,1.000000000,0.000000000,0.000000000,0.000000000,1.000000000,57.478557587,17.395925522,0.740029573,0.999999523,-0.000929178,0.000082072,0.000234163
978,103.223000000,fused_map_f2f,1,1,0,0.063172453,0.013675714,0.987442373,0.987442373,0.100000000,0.011127207,0.011127207,0.011127207,0.011127207,1.000000000,0.000000000,0.000000000,0.000000000,0.000000000,0.000000000,0.000000000,0.000000000,0.000000000,1.000000000,0.000000000,0.000000000,0.000000000,1.000000000,57.542598724,17.396409988,0.739435494,0.999999583,-0.000851925,0.000076795,0.000198869
979,103.338000000,fused_map_f2f,1,1,0,0.063467240,0.023505995,0.986275509,0.986275509,0.100000000,0.011140225,0.011140225,0.011140225,0.011140225,1.000000000,0.000000000,0.000000000,0.000000000,0.000000000,0.000000000,0.000000000,0.000000000,0.000000000,1.000000000,0.000000000,0.000000000,0.000000000,1.000000000,57.611660004,17.396724701,0.739347696,0.999999702,-0.000767304,0.000071675,0.000196110
980,103.416000000,fused_map_f2f,1,1,0,0.064969102,0.018395164,0.980330640,0.980330640,0.100000000,0.011207024,0.011207024,0.011207024,0.011207024,1.000000000,0.000000000,0.000000000,0.000000000,0.000000000,0.000000000,0.000000000,0.000000000,0.000000000,1.000000000,0.000000000,0.000000000,0.000000000,1.000000000,57.647113800,17.396583557,0.739810467,0.999999583,-0.000872332,0.000056249,0.000178088
981,103.517000000,fused_map_f2f,1,1,0,0.061368040,0.011564320,0.994584841,0.994584841,0.100000000,0.011048181,0.011048181,0.011048181,0.011048181,1.000000000,0.000000000,0.000000000,0.000000000,0.000000000,0.000000000,0.000000000,0.000000000,0.000000000,1.000000000,0.000000000,0.000000000,0.000000000,1.000000000,57.787254333,17.397310257,0.739365220,0.999999642,-0.000803287,0.000076211,0.000204378
982,103.634000000,fused_map_f2f,1,1,0,0.063897149,0.016016110,0.984573787,0.984573787,0.100000000,0.011159264,0.011159264,0.011159264,0.011159264,1.000000000,0.000000000,0.000000000,0.000000000,0.000000000,0.000000000,0.000000000,0.000000000,0.000000000,1.000000000,0.000000000,0.000000000,0.000000000,1.000000000,57.845443726,17.397205353,0.739868522,0.999999583,-0.000890226,0.000080851,0.000215896
983,103.717000000,fused_map_f2f,1,1,0,0.063230383,0.022024337,0.987213066,0.987213066,0.100000000,0.011129763,0.011129763,0.011129763,0.011129763,1.000000000,0.000000000,0.000000000,0.000000000,0.000000000,0.000000000,0.000000000,0.000000000,0.000000000,1.000000000,0.000000000,0.000000000,0.000000000,1.000000000,57.968608856,17.397766113,0.739866078,0.999999404,-0.001078782,0.000081632,0.000214439
984,103.838000000,fused_map_f2f,1,1,0,0.061706123,0.011948904,0.993246597,0.993246597,0.100000000,0.011062902,0.011062902,0.011062902,0.011062902,1.000000000,0.000000000,0.000000000,0.000000000,0.000000000,0.000000000,0.000000000,0.000000000,0.000000000,1.000000000,0.000000000,0.000000000,0.000000000,1.000000000,58.026630402,17.397605896,0.740074039,0.999999285,-0.001174515,0.000058610,0.000227381
985,103.926000000,fused_map_f2f,1,1,0,0.063382626,0.016630773,0.986610438,0.986610438,0.100000000,0.011136485,0.011136485,0.011136485,0.011136485,1.000000000,0.000000000,0.000000000,0.000000000,0.000000000,0.000000000,0.000000000,0.000000000,0.000000000,1.000000000,0.000000000,0.000000000,0.000000000,1.000000000,58.076721191,17.397167206,0.739125252,0.999999404,-0.001057479,0.000079386,0.000212648
986,104.035000000,fused_map_f2f,1,1,0,0.062894750,0.021307735,0.988541614,0.988541614,0.100000000,0.011114971,0.011114971,0.011114971,0.011114971,1.000000000,0.000000000,0.000000000,0.000000000,0.000000000,0.000000000,0.000000000,0.000000000,0.000000000,1.000000000,0.000000000,0.000000000,0.000000000,1.000000000,58.195041656,17.397010803,0.739395618,0.999999225,-0.001231700,0.000079371,0.000231783
987,104.164000000,fused_map_f2f,1,1,0,0.063540026,0.012612112,0.985987397,0.985987397,0.100000000,0.011143444,0.011143444,0.011143444,0.011143444,1.000000000,0.000000000,0.000000000,0.000000000,0.000000000,0.000000000,0.000000000,0.000000000,0.000000000,1.000000000,0.000000000,0.000000000,0.000000000,1.000000000,58.263099670,17.397050858,0.740258574,0.999998987,-0.001395397,0.000101431,0.000216263
988,104.222000000,fused_map_f2f,1,1,0,0.064029644,0.020806266,0.984049326,0.984049326,0.100000000,0.011165146,0.011165146,0.011165146,0.011165146,1.000000000,0.000000000,0.000000000,0.000000000,0.000000000,0.000000000,0.000000000,0.000000000,0.000000000,1.000000000,0.000000000,0.000000000,0.000000000,1.000000000,58.294792175,17.397424698,0.740536034,0.999999225,-0.001236407,0.000067223,0.000236270
989,104.333000000,fused_map_f2f,1,1,0,0.060779639,0.017528095,0.996913930,0.996913930,0.100000000,0.011022654,0.011022654,0.011022654,0.011022654,1.000000000,0.000000000,0.000000000,0.000000000,0.000000000,0.000000000,0.000000000,0.000000000,0.000000000,1.000000000,0.000000000,0.000000000,0.000000000,1.000000000,58.400619507,17.397377014,0.739688456,0.999999225,-0.001211128,0.000088914,0.000242689
990,104.420000000,fused_map_f2f,1,1,0,0.062275141,0.022630555,0.990994233,0.990994233,0.100000000,0.011087768,0.011087768,0.011087768,0.011087768,1.000000000,0.000000000,0.000000000,0.000000000,0.000000000,0.000000000,0.000000000,0.000000000,0.000000000,1.000000000,0.000000000,0.000000000,0.000000000,1.000000000,58.453433990,17.397039413,0.739126980,0.999999106,-0.001318747,0.000080693,0.000233491
991,104.524000000,fused_map_f2f,1,1,0,0.062058102,0.016192066,0.991853345,0.991853345,0.100000000,0.011078270,0.011078270,0.011078270,0.011078270,1.000000000,0.000000000,0.000000000,0.000000000,0.000000000,0.000000000,0.000000000,0.000000000,0.000000000,1.000000000,0.000000000,0.000000000,0.000000000,1.000000000,58.606101990,17.397449493,0.739643455,0.999999046,-0.001352187,0.000086262,0.000218214
992,104.626000000,fused_map_f2f,1,1,0,0.063864234,0.020789583,0.984704074,0.984704074,0.100000000,0.011157804,0.011157804,0.011157804,0.011157804,1.000000000,0.000000000,0.000000000,0.000000000,0.000000000,0.000000000,0.000000000,0.000000000,0.000000000,1.000000000,0.000000000,0.000000000,0.000000000,1.000000000,58.676856995,17.397645950,0.739758551,0.999999046,-0.001334683,0.000057837,0.000260922
993,104.730000000,fused_map_f2f,1,1,0,0.062545491,0.021545623,0.989924098,0.989924098,0.100000000,0.011099621,0.011099621,0.011099621,0.011099621,1.000000000,0.000000000,0.000000000,0.000000000,0.000000000,0.000000000,0.000000000,0.000000000,0.000000000,1.000000000,0.000000000,0.000000000,0.000000000,1.000000000,58.750350952,17.397428513,0.740072429,0.999998927,-0.001409165,0.000043673,0.000300960
994,104.813000000,fused_map_f2f,1,1,0,0.060547598,0.021737132,0.997832424,0.997832424,0.100000000,0.011012619,0.011012619,0.011012619,0.011012619,1.000000000,0.000000000,0.000000000,0.000000000,0.000000000,0.000000000,0.000000000,0.000000000,0.000000000,1.000000000,0.000000000,0.000000000,0.000000000,1.000000000,58.815219879,17.397344589,0.739236712,0.999999106,-0.001313888,0.000105832,0.000244932
995,104.923000000,fused_map_f2f,1,1,0,0.064347669,0.018314736,0.982790475,0.982790475,0.100000000,0.011179287,0.011179287,0.011179287,0.011179287,1.000000000,0.000000000,0.000000000,0.000000000,0.000000000,0.000000000,0.000000000,0.000000000,0.000000000,1.000000000,0.000000000,0.000000000,0.000000000,1.000000000,58.891841888,17.397733688,0.739421546,0.999999106,-0.001278099,0.000083828,0.000265982
996,105.040000000,fused_map_f2f,1,1,0,0.060526957,0.017625142,0.997914129,0.997914129,0.100000000,0.011011728,0.011011728,0.011011728,0.011011728,1.000000000,0.000000000,0.000000000,0.000000000,0.000000000,0.000000000,0.000000000,0.000000000,0.000000000,1.000000000,0.000000000,0.000000000,0.000000000,1.000000000,59.016784668,17.397891998,0.739387214,0.999999225,-0.001215365,0.000086207,0.000243426
997,105.127000000,fused_map_f2f,1,1,0,0.063492516,0.023159513,0.986175459,0.986175459,0.100000000,0.011141342,0.011141342,0.011141342,0.011141342,1.000000000,0.000000000,0.000000000,0.000000000,0.000000000,0.000000000,0.000000000,0.000000000,0.000000000,1.000000000,0.000000000,0.000000000,0.000000000,1.000000000,59.075439453,17.397197723,0.739513993,0.999999106,-0.001327781,0.000078208,0.000233851
998,105.233000000,fused_map_f2f,1,1,0,0.061701626,0.018413257,0.993264396,0.993264396,0.100000000,0.011062706,0.011062706,0.011062706,0.011062706,1.000000000,0.000000000,0.000000000,0.000000000,0.000000000,0.000000000,0.000000000,0.000000000,0.000000000,1.000000000,0.000000000,0.000000000,0.000000000,1.000000000,59.160984039,17.397447586,0.739666998,0.999998987,-0.001399546,0.000096717,0.000237537
999,105.315000000,fused_map_f2f,1,1,0,0.063784728,0.022482688,0.985018786,0.985018786,0.100000000,0.011154279,0.011154279,0.011154279,0.011154279,1.000000000,0.000000000,0.000000000,0.000000000,0.000000000,0.000000000,0.000000000,0.000000000,0.000000000,1.000000000,0.000000000,0.000000000,0.000000000,1.000000000,59.226493835,17.397533417,0.739226520,0.999999106,-0.001329245,0.000104536,0.000248042
1000,105.433000000,fused_map_f2f,1,1,0,0.062853436,0.015688534,0.988705149,0.988705149,0.100000000,0.011113153,0.011113153,0.011113153,0.011113153,1.000000000,0.000000000,0.000000000,0.000000000,0.000000000,0.000000000,0.000000000,0.000000000,0.000000000,1.000000000,0.000000000,0.000000000,0.000000000,1.000000000,59.399833679,17.397750854,0.739711881,0.999999166,-0.001264455,0.000094153,0.000211436
1001,105.513000000,fused_map_f2f,1,1,0,0.065711190,0.015846774,0.977393205,0.977393205,0.100000000,0.011240326,0.011240326,0.011240326,0.011240326,1.000000000,0.000000000,0.000000000,0.000000000,0.000000000,0.000000000,0.000000000,0.000000000,0.000000000,1.000000000,0.000000000,0.000000000,0.000000000,1.000000000,59.456062317,17.397708893,0.740015805,0.999999046,-0.001369164,0.000106524,0.000250024
1002,105.623000000,fused_map_f2f,1,1,0,0.061661424,0.017506846,0.993423531,0.993423531,0.100000000,0.011060954,0.011060954,0.011060954,0.011060954,1.000000000,0.000000000,0.000000000,0.000000000,0.000000000,0.000000000,0.000000000,0.000000000,0.000000000,1.000000000,0.000000000,0.000000000,0.000000000,1.000000000,59.566776276,17.398653030,0.739605367,0.999999344,-0.001109110,0.000098700,0.000213597
1003,105.730000000,fused_map_f2f,1,1,0,0.063793088,0.021087224,0.984985693,0.984985693,0.100000000,0.011154650,0.011154650,0.011154650,0.011154650,1.000000000,0.000000000,0.000000000,0.000000000,0.000000000,0.000000000,0.000000000,0.000000000,0.000000000,1.000000000,0.000000000,0.000000000,0.000000000,1.000000000,59.654258728,17.398153305,0.738557398,0.999999106,-0.001303860,0.000103957,0.000187791
1004,105.837000000,fused_map_f2f,1,1,0,0.062508106,0.015691940,0.990072082,0.990072082,0.100000000,0.011097980,0.011097980,0.011097980,0.011097980,1.000000000,0.000000000,0.000000000,0.000000000,0.000000000,0.000000000,0.000000000,0.000000000,0.000000000,1.000000000,0.000000000,0.000000000,0.000000000,1.000000000,59.744247437,17.398759842,0.739632607,0.999999225,-0.001222761,0.000118607,0.000222578
1005,105.915000000,fused_map_f2f,1,1,0,0.061925684,0.015065402,0.992377500,0.992377500,0.100000000,0.011072484,0.011072484,0.011072484,0.011072484,1.000000000,0.000000000,0.000000000,0.000000000,0.000000000,0.000000000,0.000000000,0.000000000,0.000000000,1.000000000,0.000000000,0.000000000,0.000000000,1.000000000,59.819324493,17.398382187,0.739250779,0.999998987,-0.001386527,0.000120810,0.000205860
1006,106.021000000,fused_map_f2f,1,1,0,0.063077735,0.017559782,0.987817298,0.987817298,0.100000000,0.011123030,0.011123030,0.011123030,0.011123030,1.000000000,0.000000000,0.000000000,0.000000000,0.000000000,0.000000000,0.000000000,0.000000000,0.000000000,1.000000000,0.000000000,0.000000000,0.000000000,1.000000000,59.945140839,17.398675919,0.739610493,0.999999225,-0.001233951,0.000149063,0.000206543
1007,106.132000000,fused_map_f2f,1,1,0,0.062595758,0.018521756,0.989725124,0.989725124,0.100000000,0.011101827,0.011101827,0.011101827,0.011101827,1.000000000,0.000000000,0.000000000,0.000000000,0.000000000,0.000000000,0.000000000,0.000000000,0.000000000,1.000000000,0.000000000,0.000000000,0.000000000,1.000000000,60.042980194,17.398595810,0.739337921,0.999998987,-0.001394588,0.000139373,0.000209639
1008,106.235000000,fused_map_f2f,1,1,0,0.060486829,0.019730247,0.998072967,0.998072967,0.100000000,0.011009994,0.011009994,0.011009994,0.011009994,1.000000000,0.000000000,0.000000000,0.000000000,0.000000000,0.000000000,0.000000000,0.000000000,0.000000000,1.000000000,0.000000000,0.000000000,0.000000000,1.000000000,60.182701111,17.398143768,0.739278018,0.999999046,-0.001343758,0.000138568,0.000205637
1009,106.331000000,fused_map_f2f,1,1,0,0.062998717,0.018416034,0.988130078,0.988130078,0.100000000,0.011119549,0.011119549,0.011119549,0.011119549,1.000000000,0.000000000,0.000000000,0.000000000,0.000000000,0.000000000,0.000000000,0.000000000,0.000000000,1.000000000,0.000000000,0.000000000,0.000000000,1.000000000,60.257354736,17.397693634,0.739729941,0.999998629,-0.001605887,0.000108333,0.000253383
1010,106.437000000,fused_map_f2f,1,1,0,0.061158745,0.016435256,0.995413300,0.995413300,0.100000000,0.011039088,0.011039088,0.011039088,0.011039088,1.000000000,0.000000000,0.000000000,0.000000000,0.000000000,0.000000000,0.000000000,0.000000000,0.000000000,1.000000000,0.000000000,0.000000000,0.000000000,1.000000000,60.408962250,17.397958755,0.739389122,0.999999106,-0.001330539,0.000127910,0.000192363
1011,106.513000000,fused_map_f2f,1,1,0,0.062888012,0.029162935,0.988568285,0.988568285,0.100000000,0.011114675,0.011114675,0.011114675,0.011114675,1.000000000,0.000000000,0.000000000,0.000000000,0.000000000,0.000000000,0.000000000,0.000000000,0.000000000,1.000000000,0.000000000,0.000000000,0.000000000,1.000000000,60.464622498,17.398376465,0.738215327,0.999998987,-0.001417208,0.000140962,0.000202118
1012,106.637000000,fused_map_f2f,1,1,0,0.061998097,0.015599905,0.992090868,0.992090868,0.100000000,0.011075647,0.011075647,0.011075647,0.011075647,1.000000000,0.000000000,0.000000000,0.000000000,0.000000000,0.000000000,0.000000000,0.000000000,0.000000000,1.000000000,0.000000000,0.000000000,0.000000000,1.000000000,60.574047089,17.398429871,0.738961756,0.999998927,-0.001442954,0.000130980,0.000197413
1013,106.715000000,fused_map_f2f,1,1,0,0.063224443,0.017217885,0.987236580,0.987236580,0.100000000,0.011129500,0.011129500,0.011129500,0.011129500,1.000000000,0.000000000,0.000000000,0.000000000,0.000000000,0.000000000,0.000000000,0.000000000,0.000000000,1.000000000,0.000000000,0.000000000,0.000000000,1.000000000,60.631061554,17.397897720,0.738407731,0.999998689,-0.001600152,0.000127969,0.000181634
1014,106.825000000,fused_map_f2f,1,1,0,0.065321433,0.012688739,0.978935993,0.978935993,0.100000000,0.011222811,0.011222811,0.011222811,0.011222811,1.000000000,0.000000000,0.000000000,0.000000000,0.000000000,0.000000000,0.000000000,0.000000000,0.000000000,1.000000000,0.000000000,0.000000000,0.000000000,1.000000000,60.734054565,17.397909164,0.738409638,0.999998689,-0.001618667,0.000124733,0.000198847
1015,106.934000000,fused_map_f2f,1,1,0,0.063380179,0.016446021,0.986620124,0.986620124,0.100000000,0.011136377,0.011136377,0.011136377,0.011136377,1.000000000,0.000000000,0.000000000,0.000000000,0.000000000,0.000000000,0.000000000,0.000000000,0.000000000,1.000000000,0.000000000,0.000000000,0.000000000,1.000000000,60.814643860,17.397371292,0.738503158,0.999998569,-0.001655242,0.000117173,0.000218604
1016,107.013000000,fused_map_f2f,1,1,0,0.065497597,0.014204023,0.978238680,0.978238680,0.100000000,0.011230721,0.011230721,0.011230721,0.011230721,1.000000000,0.000000000,0.000000000,0.000000000,0.000000000,0.000000000,0.000000000,0.000000000,0.000000000,1.000000000,0.000000000,0.000000000,0.000000000,1.000000000,60.863319397,17.396869659,0.738713205,0.999998212,-0.001861954,0.000112274,0.000221021
1017,107.118000000,fused_map_f2f,1,1,0,0.063098207,0.015313318,0.987736265,0.987736265,0.100000000,0.011123933,0.011123933,0.011123933,0.011123933,1.000000000,0.000000000,0.000000000,0.000000000,0.000000000,0.000000000,0.000000000,0.000000000,0.000000000,1.000000000,0.000000000,0.000000000,0.000000000,1.000000000,60.953659058,17.397150040,0.738399446,0.999998510,-0.001714184,0.000110939,0.000226422
1018,107.235000000,fused_map_f2f,1,1,0,0.064952833,0.019392529,0.980395036,0.980395036,0.100000000,0.011206296,0.011206296,0.011206296,0.011206296,1.000000000,0.000000000,0.000000000,0.000000000,0.000000000,0.000000000,0.000000000,0.000000000,0.000000000,1.000000000,0.000000000,0.000000000,0.000000000,1.000000000,61.039760590,17.396314621,0.738113403,0.999998152,-0.001912702,0.000113177,0.000212407
1019,107.313000000,fused_map_f2f,1,1,0,0.064230293,0.013820727,0.983255089,0.983255089,0.100000000,0.011174064,0.011174064,0.011174064,0.011174064,1.000000000,0.000000000,0.000000000,0.000000000,0.000000000,0.000000000,0.000000000,0.000000000,0.000000000,1.000000000,0.000000000,0.000000000,0.000000000,1.000000000,61.090675354,17.396915436,0.738289595,0.999998450,-0.001740039,0.000108317,0.000229348
1020,107.418000000,fused_map_f2f,1,1,0,0.064837668,0.013968624,0.980850896,0.980850896,0.100000000,0.011201146,0.011201146,0.011201146,0.011201146,1.000000000,0.000000000,0.000000000,0.000000000,0.000000000,0.000000000,0.000000000,0.000000000,0.000000000,1.000000000,0.000000000,0.000000000,0.000000000,1.000000000,61.156681061,17.396701813,0.738519251,0.999998271,-0.001849044,0.000070133,0.000201707
1021,107.526000000,fused_map_f2f,1,1,0,0.063546795,0.022702565,0.985960602,0.985960602,0.100000000,0.011143743,0.011143743,0.011143743,0.011143743,1.000000000,0.000000000,0.000000000,0.000000000,0.000000000,0.000000000,0.000000000,0.000000000,0.000000000,1.000000000,0.000000000,0.000000000,0.000000000,1.000000000,61.223026276,17.396856308,0.738759995,0.999997973,-0.001976400,0.000012454,0.000333320
1022,107.613000000,fused_map_f2f,1,1,0,0.065534634,0.011660233,0.978092075,0.978092075,0.100000000,0.011232385,0.011232385,0.011232385,0.011232385,1.000000000,0.000000000,0.000000000,0.000000000,0.000000000,0.000000000,0.000000000,0.000000000,0.000000000,1.000000000,0.000000000,0.000000000,0.000000000,1.000000000,61.275947571,17.397005081,0.738661110,0.999998152,-0.001887051,-0.000009051,0.000315258
1023,107.736000000,fused_map_f2f,1,1,0,0.063082523,0.015466433,0.987798346,0.987798346,0.100000000,0.011123241,0.011123241,0.011123241,0.011123241,1.000000000,0.000000000,0.000000000,0.000000000,0.000000000,0.000000000,0.000000000,0.000000000,0.000000000,1.000000000,0.000000000,0.000000000,0.000000000,1.000000000,61.423011780,17.397167206,0.737693071,0.999998510,-0.001705984,0.000106271,0.000217574
1024,107.815000000,fused_map_f2f,1,1,0,0.063002072,0.014671400,0.988116797,0.988116797,0.100000000,0.011119697,0.011119697,0.011119697,0.011119697,1.000000000,0.000000000,0.000000000,0.000000000,0.000000000,0.000000000,0.000000000,0.000000000,0.000000000,1.000000000,0.000000000,0.000000000,0.000000000,1.000000000,61.470714569,17.397821426,0.737612963,0.999998510,-0.001697912,0.000110545,0.000256802
1025,107.936000000,fused_map_f2f,1,1,0,0.060998735,0.013330021,0.996046672,0.996046672,0.100000000,0.011032145,0.011032145,0.011032145,0.011032145,1.000000000,0.000000000,0.000000000,0.000000000,0.000000000,0.000000000,0.000000000,0.000000000,0.000000000,1.000000000,0.000000000,0.000000000,0.000000000,1.000000000,61.612293243,17.396484375,0.738228440,0.999998510,-0.001705257,0.000091643,0.000229179
1026,108.027000000,fused_map_f2f,1,1,0,0.060279956,0.023071358,0.998891841,0.998891841,0.100000000,0.011001068,0.011001068,0.011001068,0.011001068,1.000000000,0.000000000,0.000000000,0.000000000,0.000000000,0.000000000,0.000000000,0.000000000,0.000000000,1.000000000,0.000000000,0.000000000,0.000000000,1.000000000,61.660911560,17.396221161,0.738000631,0.999997973,-0.001986933,0.000119287,0.000220981
1027,108.138000000,fused_map_f2f,1,1,0,0.058478201,0.023823646,1.000000000,1.000000000,0.100000000,0.010989011,0.010989011,0.010989011,0.010989011,1.000000000,0.000000000,0.000000000,0.000000000,0.000000000,0.000000000,0.000000000,0.000000000,0.000000000,1.000000000,0.000000000,0.000000000,0.000000000,1.000000000,61.798244476,17.396575928,0.738584638,0.999998391,-0.001772721,0.000090076,0.000233619
1028,108.239000000,fused_map_f2f,1,1,0,0.059467741,0.022010762,1.000000000,1.000000000,0.100000000,0.010989011,0.010989011,0.010989011,0.010989011,1.000000000,0.000000000,0.000000000,0.000000000,0.000000000,0.000000000,0.000000000,0.000000000,0.000000000,1.000000000,0.000000000,0.000000000,0.000000000,1.000000000,61.865520477,17.396890640,0.738225698,0.999998629,-0.001620957,0.000081205,0.000249615
1029,108.333000000,fused_map_f2f,1,1,0,0.056470995,0.027201507,1.000000000,1.000000000,0.100000000,0.010989011,0.010989011,0.010989011,0.010989011,1.000000000,0.000000000,0.000000000,0.000000000,0.000000000,0.000000000,0.000000000,0.000000000,0.000000000,1.000000000,0.000000000,0.000000000,0.000000000,1.000000000,61.993030548,17.396543503,0.738440633,0.999998271,-0.001838033,0.000087700,0.000252167
1030,108.437000000,fused_map_f2f,1,1,0,0.059897548,0.021053740,1.000000000,1.000000000,0.100000000,0.010989011,0.010989011,0.010989011,0.010989011,1.000000000,0.000000000,0.000000000,0.000000000,0.000000000,0.000000000,0.000000000,0.000000000,0.000000000,1.000000000,0.000000000,0.000000000,0.000000000,1.000000000,62.062324524,17.396635056,0.737677515,0.999998212,-0.001858328,0.000094766,0.000238090
1031,108.531000000,fused_map_f2f,1,1,0,0.058013089,0.022668517,1.000000000,1.000000000,0.100000000,0.010989011,0.010989011,0.010989011,0.010989011,1.000000000,0.000000000,0.000000000,0.000000000,0.000000000,0.000000000,0.000000000,0.000000000,0.000000000,1.000000000,0.000000000,0.000000000,0.000000000,1.000000000,62.181221008,17.396926880,0.737928152,0.999998450,-0.001756158,0.000090223,0.000241849
1032,108.638000000,fused_map_f2f,1,1,0,0.058019201,0.022610482,1.000000000,1.000000000,0.100000000,0.010989011,0.010989011,0.010989011,0.010989011,1.000000000,0.000000000,0.000000000,0.000000000,0.000000000,0.000000000,0.000000000,0.000000000,0.000000000,1.000000000,0.000000000,0.000000000,0.000000000,1.000000000,62.244964600,17.396472931,0.737862468,0.999998152,-0.001911552,0.000082885,0.000241588
1033,108.718000000,fused_map_f2f,1,1,0,0.059340978,0.029364745,1.000000000,1.000000000,0.100000000,0.010989011,0.010989011,0.010989011,0.010989011,1.000000000,0.000000000,0.000000000,0.000000000,0.000000000,0.000000000,0.000000000,0.000000000,0.000000000,1.000000000,0.000000000,0.000000000,0.000000000,1.000000000,62.288856506,17.396821976,0.737600446,0.999998152,-0.001883835,0.000093696,0.000276414
1034,108.837000000,fused_map_f2f,1,1,0,0.057383538,0.014783811,1.000000000,1.000000000,0.100000000,0.010989011,0.010989011,0.010989011,0.010989011,1.000000000,0.000000000,0.000000000,0.000000000,0.000000000,0.000000000,0.000000000,0.000000000,0.000000000,1.000000000,0.000000000,0.000000000,0.000000000,1.000000000,62.354217529,17.397390366,0.737756491,0.999998271,-0.001824605,0.000048943,0.000289006
1035,108.913000000,fused_map_f2f,1,1,0,0.057107232,0.032185014,1.000000000,1.000000000,0.100000000,0.010989011,0.010989011,0.010989011,0.010989011,1.000000000,0.000000000,0.000000000,0.000000000,0.000000000,0.000000000,0.000000000,0.000000000,0.000000000,1.000000000,0.000000000,0.000000000,0.000000000,1.000000000,62.418476105,17.396953583,0.737635911,0.999998510,-0.001702358,0.000100837,0.000226737
1036,109.029000000,fused_map_f2f,1,1,0,0.058457368,0.014518576,1.000000000,1.000000000,0.100000000,0.010989011,0.010989011,0.010989011,0.010989011,1.000000000,0.000000000,0.000000000,0.000000000,0.000000000,0.000000000,0.000000000,0.000000000,0.000000000,1.000000000,0.000000000,0.000000000,0.000000000,1.000000000,62.474933624,17.397192001,0.737679303,0.999998629,-0.001650212,0.000072426,0.000230286
1037,109.144000000,fused_map_f2f,1,1,0,0.055459822,0.022870724,1.000000000,1.000000000,0.100000000,0.010989011,0.010989011,0.010989011,0.010989011,1.000000000,0.000000000,0.000000000,0.000000000,0.000000000,0.000000000,0.000000000,0.000000000,0.000000000,1.000000000,0.000000000,0.000000000,0.000000000,1.000000000,62.627166748,17.396717072,0.737510145,0.999998629,-0.001651368,0.000091947,0.000218102
1038,109.226000000,fused_map_f2f,1,1,0,0.056286206,0.011293261,1.000000000,1.000000000,0.100000000,0.010989011,0.010989011,0.010989011,0.010989011,1.000000000,0.000000000,0.000000000,0.000000000,0.000000000,0.000000000,0.000000000,0.000000000,0.000000000,1.000000000,0.000000000,0.000000000,0.000000000,1.000000000,62.667411804,17.396696091,0.737498045,0.999998629,-0.001646513,0.000062801,0.000253603
1039,109.336000000,fused_map_f2f,1,1,0,0.054316289,0.014218863,1.000000000,1.000000000,0.100000000,0.010989011,0.010989011,0.010989011,0.010989011,1.000000000,0.000000000,0.000000000,0.000000000,0.000000000,0.000000000,0.000000000,0.000000000,0.000000000,1.000000000,0.000000000,0.000000000,0.000000000,1.000000000,62.784221649,17.396625519,0.737558782,0.999998331,-0.001826829,0.000076471,0.000192388
1040,109.418000000,fused_map_f2f,1,1,0,0.054031821,0.011110940,1.000000000,1.000000000,0.100000000,0.010989011,0.010989011,0.010989011,0.010989011,1.000000000,0.000000000,0.000000000,0.000000000,0.000000000,0.000000000,0.000000000,0.000000000,0.000000000,1.000000000,0.000000000,0.000000000,0.000000000,1.000000000,62.831577301,17.396547318,0.737718880,0.999998569,-0.001684598,0.000091090,0.000177087
1041,109.528000000,fused_map_f2f,1,1,0,0.054656894,0.016974884,1.000000000,1.000000000,0.100000000,0.010989011,0.010989011,0.010989011,0.010989011,1.000000000,0.000000000,0.000000000,0.000000000,0.000000000,0.000000000,0.000000000,0.000000000,0.000000000,1.000000000,0.000000000,0.000000000,0.000000000,1.000000000,62.884948730,17.397279739,0.737494171,0.999998510,-0.001709306,0.000069555,0.000256945
1042,109.613000000,fused_map_f2f,1,1,0,0.052849164,0.014865613,1.000000000,1.000000000,0.100000000,0.010989011,0.010989011,0.010989011,0.010989011,1.000000000,0.000000000,0.000000000,0.000000000,0.000000000,0.000000000,0.000000000,0.000000000,0.000000000,1.000000000,0.000000000,0.000000000,0.000000000,1.000000000,62.974681854,17.396842957,0.737615168,0.999998569,-0.001679881,0.000100114,0.000205149
1043,109.732000000,fused_map_f2f,1,1,0,0.051925749,0.017859884,1.000000000,1.000000000,0.100000000,0.010989011,0.010989011,0.010989011,0.010989011,1.000000000,0.000000000,0.000000000,0.000000000,0.000000000,0.000000000,0.000000000,0.000000000,0.000000000,1.000000000,0.000000000,0.000000000,0.000000000,1.000000000,63.028079987,17.396936417,0.737724543,0.999998391,-0.001785059,0.000086008,0.000205593
1044,109.819000000,fused_map_f2f,1,1,0,0.052397526,0.012513492,1.000000000,1.000000000,0.100000000,0.010989011,0.010989011,0.010989011,0.010989011,1.000000000,0.000000000,0.000000000,0.000000000,0.000000000,0.000000000,0.000000000,0.000000000,0.000000000,1.000000000,0.000000000,0.000000000,0.000000000,1.000000000,63.067932129,17.397758484,0.737130940,0.999998689,-0.001586799,0.000102073,0.000183565
1045,109.943000000,fused_map_f2f,1,1,0,0.050509105,0.015547916,1.000000000,1.000000000,0.100000000,0.010989011,0.010989011,0.010989011,0.010989011,1.000000000,0.000000000,0.000000000,0.000000000,0.000000000,0.000000000,0.000000000,0.000000000,0.000000000,1.000000000,0.000000000,0.000000000,0.000000000,1.000000000,63.180076599,17.397405624,0.737543285,0.999998510,-0.001699746,0.000111088,0.000195231
1046,110.038000000,fused_map_f2f,1,1,0,0.050002822,0.023233684,1.000000000,1.000000000,0.100000000,0.010989011,0.010989011,0.010989011,0.010989011,1.000000000,0.000000000,0.000000000,0.000000000,0.000000000,0.000000000,0.000000000,0.000000000,0.000000000,1.000000000,0.000000000,0.000000000,0.000000000,1.000000000,63.211757660,17.397216797,0.737687707,0.999998450,-0.001735773,0.000100398,0.000197401
1047,110.140000000,fused_map_f2f,1,1,0,0.050565852,0.024414671,1.000000000,1.000000000,0.100000000,0.010989011,0.010989011,0.010989011,0.010989011,1.000000000,0.000000000,0.000000000,0.000000000,0.000000000,0.000000000,0.000000000,0.000000000,0.000000000,1.000000000,0.000000000,0.000000000,0.000000000,1.000000000,63.241935730,17.397359848,0.737427592,0.999998510,-0.001712190,0.000097146,0.000193731
1048,110.225000000,fused_map_f2f,1,1,0,0.052170479,0.018668106,1.000000000,1.000000000,0.100000000,0.010989011,0.010989011,0.010989011,0.010989011,1.000000000,0.000000000,0.000000000,0.000000000,0.000000000,0.000000000,0.000000000,0.000000000,0.000000000,1.000000000,0.000000000,0.000000000,0.000000000,1.000000000,63.269477844,17.397096634,0.736968219,0.999998450,-0.001734231,0.000112916,0.000192590
1049,110.330000000,fused_map_f2f,1,1,0,0.050127886,0.014725261,1.000000000,1.000000000,0.100000000,0.010989011,0.010989011,0.010989011,0.010989011,1.000000000,0.000000000,0.000000000,0.000000000,0.000000000,0.000000000,0.000000000,0.000000000,0.000000000,1.000000000,0.000000000,0.000000000,0.000000000,1.000000000,63.361473083,17.397558212,0.736891806,0.999998510,-0.001697039,0.000095359,0.000176559
1050,110.418000000,fused_map_f2f,1,1,0,0.049020081,0.019226208,1.000000000,1.000000000,0.100000000,0.010989011,0.010989011,0.010989011,0.010989011,1.000000000,0.000000000,0.000000000,0.000000000,0.000000000,0.000000000,0.000000000,0.000000000,0.000000000,1.000000000,0.000000000,0.000000000,0.000000000,1.000000000,63.392494202,17.397129059,0.737042248,0.999998093,-0.001950263,0.000102235,0.000177153
1051,110.530000000,fused_map_f2f,1,1,0,0.050551896,0.020894674,1.000000000,1.000000000,0.100000000,0.010989011,0.010989011,0.010989011,0.010989011,1.000000000,0.000000000,0.000000000,0.000000000,0.000000000,0.000000000,0.000000000,0.000000000,0.000000000,1.000000000,0.000000000,0.000000000,0.000000000,1.000000000,63.430065155,17.396907806,0.736609340,0.999998033,-0.001966728,0.000111287,0.000163554
1052,110.614000000,fused_map_f2f,1,1,0,0.050514117,0.026924693,1.000000000,1.000000000,0.100000000,0.010989011,0.010989011,0.010989011,0.010989011,1.000000000,0.000000000,0.000000000,0.000000000,0.000000000,0.000000000,0.000000000,0.000000000,0.000000000,1.000000000,0.000000000,0.000000000,0.000000000,1.000000000,63.457695007,17.397575378,0.736470342,0.999998152,-0.001903866,0.000117941,0.000158295
1053,110.726000000,fused_map_f2f,1,1,0,0.052219337,0.021756026,1.000000000,1.000000000,0.100000000,0.010989011,0.010989011,0.010989011,0.010989011,1.000000000,0.000000000,0.000000000,0.000000000,0.000000000,0.000000000,0.000000000,0.000000000,0.000000000,1.000000000,0.000000000,0.000000000,0.000000000,1.000000000,63.488136292,17.397476196,0.736286819,0.999997914,-0.002016565,0.000145139,0.000201817
1054,110.836000000,fused_map_f2f,1,1,0,0.050398276,0.021660085,1.000000000,1.000000000,0.100000000,0.010989011,0.010989011,0.010989011,0.010989011,1.000000000,0.000000000,0.000000000,0.000000000,0.000000000,0.000000000,0.000000000,0.000000000,0.000000000,1.000000000,0.000000000,0.000000000,0.000000000,1.000000000,63.541259766,17.397138596,0.736459255,0.999998152,-0.001893320,0.000121537,0.000166209
1055,110.914000000,fused_map_f2f,1,1,0,0.049394686,0.013907893,1.000000000,1.000000000,0.100000000,0.010989011,0.010989011,0.010989011,0.010989011,1.000000000,0.000000000,0.000000000,0.000000000,0.000000000,0.000000000,0.000000000,0.000000000,0.000000000,1.000000000,0.000000000,0.000000000,0.000000000,1.000000000,63.572620392,17.397289276,0.736627042,0.999997914,-0.002024214,0.000125250,0.000155682
1056,111.021000000,fused_map_f2f,1,1,0,0.050151693,0.014255456,1.000000000,1.000000000,0.100000000,0.010989011,0.010989011,0.010989011,0.010989011,1.000000000,0.000000000,0.000000000,0.000000000,0.000000000,0.000000000,0.000000000,0.000000000,0.000000000,1.000000000,0.000000000,0.000000000,0.000000000,1.000000000,63.616561890,17.397541046,0.736384392,0.999998033,-0.001957631,0.000126012,0.000137472
1057,111.117000000,fused_map_f2f,1,1,0,0.051010562,0.013722601,1.000000000,1.000000000,0.100000000,0.010989011,0.010989011,0.010989011,0.010989011,1.000000000,0.000000000,0.000000000,0.000000000,0.000000000,0.000000000,0.000000000,0.000000000,0.000000000,1.000000000,0.000000000,0.000000000,0.000000000,1.000000000,63.645088196,17.397388458,0.736373127,0.999998033,-0.001957278,0.000143587,0.000148017
1058,111.216000000,fused_map_f2f,1,1,0,0.052625805,0.023099505,1.000000000,1.000000000,0.100000000,0.010989011,0.010989011,0.010989011,0.010989011,1.000000000,0.000000000,0.000000000,0.000000000,0.000000000,0.000000000,0.000000000,0.000000000,0.000000000,1.000000000,0.000000000,0.000000000,0.000000000,1.000000000,63.682765961,17.398405075,0.736252069,0.999998271,-0.001855646,0.000114979,0.000131874
1059,111.326000000,fused_map_f2f,1,1,0,0.049851809,0.015763310,1.000000000,1.000000000,0.100000000,0.010989011,0.010989011,0.010989011,0.010989011,1.000000000,0.000000000,0.000000000,0.000000000,0.000000000,0.000000000,0.000000000,0.000000000,0.000000000,1.000000000,0.000000000,0.000000000,0.000000000,1.000000000,63.793266296,17.397790909,0.736328483,0.999997914,-0.002034552,0.000114383,0.000131951
1060,111.436000000,fused_map_f2f,1,1,0,0.050412149,0.026142496,1.000000000,1.000000000,0.100000000,0.010989011,0.010989011,0.010989011,0.010989011,1.000000000,0.000000000,0.000000000,0.000000000,0.000000000,0.000000000,0.000000000,0.000000000,0.000000000,1.000000000,0.000000000,0.000000000,0.000000000,1.000000000,63.831493378,17.397541046,0.736221254,0.999997556,-0.002190566,0.000164501,0.000158063
1061,111.514000000,fused_map_f2f,1,1,0,0.051726227,0.013395243,1.000000000,1.000000000,0.100000000,0.010989011,0.010989011,0.010989011,0.010989011,1.000000000,0.000000000,0.000000000,0.000000000,0.000000000,0.000000000,0.000000000,0.000000000,0.000000000,1.000000000,0.000000000,0.000000000,0.000000000,1.000000000,63.858539581,17.398269653,0.736316979,0.999998152,-0.001904601,0.000129091,0.000145017
1062,111.625000000,fused_map_f2f,1,1,0,0.050537353,0.011517251,1.000000000,1.000000000,0.100000000,0.010989011,0.010989011,0.010989011,0.010989011,1.000000000,0.000000000,0.000000000,0.000000000,0.000000000,0.000000000,0.000000000,0.000000000,0.000000000,1.000000000,0.000000000,0.000000000,0.000000000,1.000000000,63.964504242,17.398267746,0.736125529,0.999998093,-0.001949601,0.000119723,0.000132067
1063,111.734000000,fused_map_f2f,1,1,0,0.050559756,0.019462615,1.000000000,1.000000000,0.100000000,0.010989011,0.010989011,0.010989011,0.010989011,1.000000000,0.000000000,0.000000000,0.000000000,0.000000000,0.000000000,0.000000000,0.000000000,0.000000000,1.000000000,0.000000000,0.000000000,0.000000000,1.000000000,64.034835815,17.397808075,0.735838711,0.999997795,-0.002090172,0.000112701,0.000118542
1064,111.813000000,fused_map_f2f,1,1,0,0.049940586,0.012140357,1.000000000,1.000000000,0.100000000,0.010989011,0.010989011,0.010989011,0.010989011,1.000000000,0.000000000,0.000000000,0.000000000,0.000000000,0.000000000,0.000000000,0.000000000,0.000000000,1.000000000,0.000000000,0.000000000,0.000000000,1.000000000,64.066375732,17.398050308,0.735621691,0.999997795,-0.002089839,0.000112164,0.000135821
1065,111.918000000,fused_map_f2f,1,1,0,0.050809326,0.017152097,1.000000000,1.000000000,0.100000000,0.010989011,0.010989011,0.010989011,0.010989011,1.000000000,0.000000000,0.000000000,0.000000000,0.000000000,0.000000000,0.000000000,0.000000000,0.000000000,1.000000000,0.000000000,0.000000000,0.000000000,1.000000000,64.162818909,17.398567200,0.736048102,0.999997795,-0.002074834,0.000112686,0.000114206
1066,112.029000000,fused_map_f2f,1,1,0,0.050328711,0.016594485,1.000000000,1.000000000,0.100000000,0.010989011,0.010989011,0.010989011,0.010989011,1.000000000,0.000000000,0.000000000,0.000000000,0.000000000,0.000000000,0.000000000,0.000000000,0.000000000,1.000000000,0.000000000,0.000000000,0.000000000,1.000000000,64.214530945,17.398471832,0.735334814,0.999997735,-0.002119499,0.000145390,0.000118624
1067,112.137000000,fused_map_f2f,1,1,0,0.052078869,0.022136587,1.000000000,1.000000000,0.100000000,0.010989011,0.010989011,0.010989011,0.010989011,1.000000000,0.000000000,0.000000000,0.000000000,0.000000000,0.000000000,0.000000000,0.000000000,0.000000000,1.000000000,0.000000000,0.000000000,0.000000000,1.000000000,64.266250610,17.399177551,0.736028194,0.999998152,-0.001892400,0.000127156,0.000120018
1068,112.241000000,fused_map_f2f,1,1,0,0.051524264,0.017966858,1.000000000,1.000000000,0.100000000,0.010989011,0.010989011,0.010989011,0.010989011,1.000000000,0.000000000,0.000000000,0.000000000,0.000000000,0.000000000,0.000000000,0.000000000,0.000000000,1.000000000,0.000000000,0.000000000,0.000000000,1.000000000,64.343681335,17.399291992,0.735931993,0.999998093,-0.001928092,0.000123811,0.000106560
1069,112.320000000,fused_map_f2f,1,1,0,0.052275534,0.018826920,1.000000000,1.000000000,0.100000000,0.010989011,0.010989011,0.010989011,0.010989011,1.000000000,0.000000000,0.000000000,0.000000000,0.000000000,0.000000000,0.000000000,0.000000000,0.000000000,1.000000000,0.000000000,0.000000000,0.000000000,1.000000000,64.391830444,17.399112701,0.735799074,0.999998033,-0.001984272,0.000112649,0.000100724
1070,112.427000000,fused_map_f2f,1,1,0,0.052501895,0.021250509,1.000000000,1.000000000,0.100000000,0.010989011,0.010989011,0.010989011,0.010989011,1.000000000,0.000000000,0.000000000,0.000000000,0.000000000,0.000000000,0.000000000,0.000000000,0.000000000,1.000000000,0.000000000,0.000000000,0.000000000,1.000000000,64.448692322,17.400224686,0.735849500,0.999998271,-0.001850246,0.000115550,0.000115380
1071,112.539000000,fused_map_f2f,1,1,0,0.051126130,0.015557150,1.000000000,1.000000000,0.100000000,0.010989011,0.010989011,0.010989011,0.010989011,1.000000000,0.000000000,0.000000000,0.000000000,0.000000000,0.000000000,0.000000000,0.000000000,0.000000000,1.000000000,0.000000000,0.000000000,0.000000000,1.000000000,64.557273865,17.400140762,0.735591650,0.999998271,-0.001842791,0.000110749,0.000113198
1072,112.627000000,fused_map_f2f,1,1,0,0.050016425,0.017985973,1.000000000,1.000000000,0.100000000,0.010989011,0.010989011,0.010989011,0.010989011,1.000000000,0.000000000,0.000000000,0.000000000,0.000000000,0.000000000,0.000000000,0.000000000,0.000000000,1.000000000,0.000000000,0.000000000,0.000000000,1.000000000,64.614227295,17.400102615,0.736203194,0.999998331,-0.001799033,0.000118557,0.000109172
1073,112.734000000,fused_map_f2f,1,1,0,0.052761419,0.031509287,1.000000000,1.000000000,0.100000000,0.010989011,0.010989011,0.010989011,0.010989011,1.000000000,0.000000000,0.000000000,0.000000000,0.000000000,0.000000000,0.000000000,0.000000000,0.000000000,1.000000000,0.000000000,0.000000000,0.000000000,1.000000000,64.680763245,17.400554657,0.735445619,0.999998450,-0.001758714,0.000124310,0.000096173
1074,112.817000000,fused_map_f2f,1,1,0,0.051284332,0.015861509,1.000000000,1.000000000,0.100000000,0.010989011,0.010989011,0.010989011,0.010989011,1.000000000,0.000000000,0.000000000,0.000000000,0.000000000,0.000000000,0.000000000,0.000000000,0.000000000,1.000000000,0.000000000,0.000000000,0.000000000,1.000000000,64.747993469,17.400810242,0.735512078,0.999998569,-0.001680250,0.000133835,0.000071730
1075,112.936000000,fused_map_f2f,1,1,0,0.051761698,0.024791130,1.000000000,1.000000000,0.100000000,0.010989011,0.010989011,0.010989011,0.010989011,1.000000000,0.000000000,0.000000000,0.000000000,0.000000000,0.000000000,0.000000000,0.000000000,0.000000000,1.000000000,0.000000000,0.000000000,0.000000000,1.000000000,64.844490051,17.400743484,0.735224247,0.999998569,-0.001674506,0.000115467,0.000072437
1076,113.015000000,fused_map_f2f,1,1,0,0.053220719,0.018810332,1.000000000,1.000000000,0.100000000,0.010989011,0.010989011,0.010989011,0.010989011,1.000000000,0.000000000,0.000000000,0.000000000,0.000000000,0.000000000,0.000000000,0.000000000,0.000000000,1.000000000,0.000000000,0.000000000,0.000000000,1.000000000,64.893516541,17.400861740,0.735083282,0.999998510,-0.001726525,0.000156423,0.000039726
1077,113.125000000,fused_map_f2f,1,1,0,0.050236305,0.014709235,1.000000000,1.000000000,0.100000000,0.010989011,0.010989011,0.010989011,0.010989011,1.000000000,0.000000000,0.000000000,0.000000000,0.000000000,0.000000000,0.000000000,0.000000000,0.000000000,1.000000000,0.000000000,0.000000000,0.000000000,1.000000000,64.991935730,17.401277542,0.735719085,0.999998510,-0.001701202,0.000117855,0.000090702
1078,113.234000000,fused_map_f2f,1,1,0,0.051959820,0.012650171,1.000000000,1.000000000,0.100000000,0.010989011,0.010989011,0.010989011,0.010989011,1.000000000,0.000000000,0.000000000,0.000000000,0.000000000,0.000000000,0.000000000,0.000000000,0.000000000,1.000000000,0.000000000,0.000000000,0.000000000,1.000000000,65.062896729,17.400997162,0.735830605,0.999998271,-0.001855526,0.000120788,0.000102257
1079,113.314000000,fused_map_f2f,1,1,0,0.050948894,0.019774308,1.000000000,1.000000000,0.100000000,0.010989011,0.010989011,0.010989011,0.010989011,1.000000000,0.000000000,0.000000000,0.000000000,0.000000000,0.000000000,0.000000000,0.000000000,0.000000000,1.000000000,0.000000000,0.000000000,0.000000000,1.000000000,65.190620422,17.401121140,0.735489845,0.999998510,-0.001715213,0.000107087,0.000073779
1080,113.436000000,fused_map_f2f,1,1,0,0.052601785,0.027519405,1.000000000,1.000000000,0.100000000,0.010989011,0.010989011,0.010989011,0.010989011,1.000000000,0.000000000,0.000000000,0.000000000,0.000000000,0.000000000,0.000000000,0.000000000,0.000000000,1.000000000,0.000000000,0.000000000,0.000000000,1.000000000,65.273048401,17.400823593,0.734947026,0.999998271,-0.001858539,0.000110325,0.000099055
1081,113.522000000,fused_map_f2f,1,1,0,0.050231183,0.014478722,1.000000000,1.000000000,0.100000000,0.010989011,0.010989011,0.010989011,0.010989011,1.000000000,0.000000000,0.000000000,0.000000000,0.000000000,0.000000000,0.000000000,0.000000000,0.000000000,1.000000000,0.000000000,0.000000000,0.000000000,1.000000000,65.372886658,17.401979446,0.735413373,0.999998629,-0.001635509,0.000103883,0.000064689
1082,113.632000000,fused_map_f2f,1,1,0,0.051811494,0.018094541,1.000000000,1.000000000,0.100000000,0.010989011,0.010989011,0.010989011,0.010989011,1.000000000,0.000000000,0.000000000,0.000000000,0.000000000,0.000000000,0.000000000,0.000000000,0.000000000,1.000000000,0.000000000,0.000000000,0.000000000,1.000000000,65.434669495,17.402404785,0.735933602,0.999998271,-0.001844790,0.000012296,-0.000034190
1083,113.742000000,fused_map_f2f,1,1,0,0.052368982,0.017518456,1.000000000,1.000000000,0.100000000,0.010989011,0.010989011,0.010989011,0.010989011,1.000000000,0.000000000,0.000000000,0.000000000,0.000000000,0.000000000,0.000000000,0.000000000,0.000000000,1.000000000,0.000000000,0.000000000,0.000000000,1.000000000,65.567245483,17.401454926,0.735688686,0.999998689,-0.001614207,0.000099376,0.000047197
1084,113.825000000,fused_map_f2f,1,1,0,0.053358832,0.015344485,1.000000000,1.000000000,0.100000000,0.010989011,0.010989011,0.010989011,0.010989011,1.000000000,0.000000000,0.000000000,0.000000000,0.000000000,0.000000000,0.000000000,0.000000000,0.000000000,1.000000000,0.000000000,0.000000000,0.000000000,1.000000000,65.621925354,17.401424408,0.735946953,0.999998748,-0.001580878,0.000110630,0.000051630
1085,113.927000000,fused_map_f2f,1,1,0,0.053496078,0.017355034,1.000000000,1.000000000,0.100000000,0.010989011,0.010989011,0.010989011,0.010989011,1.000000000,0.000000000,0.000000000,0.000000000,0.000000000,0.000000000,0.000000000,0.000000000,0.000000000,1.000000000,0.000000000,0.000000000,0.000000000,1.000000000,65.675758362,17.401302338,0.735935569,0.999998569,-0.001672774,0.000136838,0.000058025
1086,114.038000000,fused_map_f2f,1,1,0,0.053078313,0.020311182,1.000000000,1.000000000,0.100000000,0.010989011,0.010989011,0.010989011,0.010989011,1.000000000,0.000000000,0.000000000,0.000000000,0.000000000,0.000000000,0.000000000,0.000000000,0.000000000,1.000000000,0.000000000,0.000000000,0.000000000,1.000000000,65.784973145,17.401853561,0.735997975,0.999998748,-0.001576460,0.000097368,0.000053838
1087,114.128000000,fused_map_f2f,1,1,0,0.053288386,0.020198540,1.000000000,1.000000000,0.100000000,0.010989011,0.010989011,0.010989011,0.010989011,1.000000000,0.000000000,0.000000000,0.000000000,0.000000000,0.000000000,0.000000000,0.000000000,0.000000000,1.000000000,0.000000000,0.000000000,0.000000000,1.000000000,65.835380554,17.401847839,0.736190438,0.999998748,-0.001587795,0.000093706,0.000032229
1088,114.220000000,fused_map_f2f,1,1,0,0.055779549,0.021924254,1.000000000,1.000000000,0.100000000,0.010989011,0.010989011,0.010989011,0.010989011,1.000000000,0.000000000,0.000000000,0.000000000,0.000000000,0.000000000,0.000000000,0.000000000,0.000000000,1.000000000,0.000000000,0.000000000,0.000000000,1.000000000,65.882606506,17.401025772,0.735953569,0.999998510,-0.001728844,0.000146283,0.000062301
1089,114.323000000,fused_map_f2f,1,1,0,0.054946766,0.021982820,1.000000000,1.000000000,0.100000000,0.010989011,0.010989011,0.010989011,0.010989011,1.000000000,0.000000000,0.000000000,0.000000000,0.000000000,0.000000000,0.000000000,0.000000000,0.000000000,1.000000000,0.000000000,0.000000000,0.000000000,1.000000000,65.947059631,17.402215958,0.735205948,0.999998808,-0.001546663,0.000103736,0.000046686
1090,114.432000000,fused_map_f2f,1,1,0,0.053828073,0.022000898,1.000000000,1.000000000,0.100000000,0.010989011,0.010989011,0.010989011,0.010989011,1.000000000,0.000000000,0.000000000,0.000000000,0.000000000,0.000000000,0.000000000,0.000000000,0.000000000,1.000000000,0.000000000,0.000000000,0.000000000,1.000000000,66.022239685,17.402309418,0.735454500,0.999998748,-0.001558557,0.000086814,0.000023806
1091,114.515000000,fused_map_f2f,1,1,0,0.056500507,0.024605276,1.000000000,1.000000000,0.100000000,0.010989011,0.010989011,0.010989011,0.010989011,1.000000000,0.000000000,0.000000000,0.000000000,0.000000000,0.000000000,0.000000000,0.000000000,0.000000000,1.000000000,0.000000000,0.000000000,0.000000000,1.000000000,66.063934326,17.402112961,0.735227406,0.999998689,-0.001605501,0.000116344,0.000009172
1092,114.628000000,fused_map_f2f,1,1,0,0.055850268,0.015668025,1.000000000,1.000000000,0.100000000,0.010989011,0.010989011,0.010989011,0.010989011,1.000000000,0.000000000,0.000000000,0.000000000,0.000000000,0.000000000,0.000000000,0.000000000,0.000000000,1.000000000,0.000000000,0.000000000,0.000000000,1.000000000,66.233718872,17.403156281,0.735568404,0.999998927,-0.001439217,0.000078541,0.000003688
1093,114.717000000,fused_map_f2f,1,1,0,0.057976787,0.014396674,1.000000000,1.000000000,0.100000000,0.010989011,0.010989011,0.010989011,0.010989011,1.000000000,0.000000000,0.000000000,0.000000000,0.000000000,0.000000000,0.000000000,0.000000000,0.000000000,1.000000000,0.000000000,0.000000000,0.000000000,1.000000000,66.278488159,17.403263092,0.735810757,0.999998868,-0.001482279,0.000111138,0.000021501
1094,114.840000000,fused_map_f2f,1,1,0,0.057533663,0.018804867,1.000000000,1.000000000,0.100000000,0.010989011,0.010989011,0.010989011,0.010989011,1.000000000,0.000000000,0.000000000,0.000000000,0.000000000,0.000000000,0.000000000,0.000000000,0.000000000,1.000000000,0.000000000,0.000000000,0.000000000,1.000000000,66.396690369,17.403175354,0.735745609,0.999998987,-0.001416002,0.000075537,0.000006307
1095,114.926000000,fused_map_f2f,1,1,0,0.058260486,0.026286916,1.000000000,1.000000000,0.100000000,0.010989011,0.010989011,0.010989011,0.010989011,1.000000000,0.000000000,0.000000000,0.000000000,0.000000000,0.000000000,0.000000000,0.000000000,0.000000000,1.000000000,0.000000000,0.000000000,0.000000000,1.000000000,66.451423645,17.402853012,0.735396981,0.999998868,-0.001511628,0.000074773,0.000008028
1096,115.014000000,fused_map_f2f,1,1,0,0.058197952,0.020657355,1.000000000,1.000000000,0.100000000,0.010989011,0.010989011,0.010989011,0.010989011,1.000000000,0.000000000,0.000000000,0.000000000,0.000000000,0.000000000,0.000000000,0.000000000,0.000000000,1.000000000,0.000000000,0.000000000,0.000000000,1.000000000,66.571289062,17.402641296,0.735514641,0.999998808,-0.001522655,0.000065841,0.000010489
1097,115.124000000,fused_map_f2f,1,1,0,0.058650026,0.018771040,1.000000000,1.000000000,0.100000000,0.010989011,0.010989011,0.010989011,0.010989011,1.000000000,0.000000000,0.000000000,0.000000000,0.000000000,0.000000000,0.000000000,0.000000000,0.000000000,1.000000000,0.000000000,0.000000000,0.000000000,1.000000000,66.629280090,17.402521133,0.735374153,0.999998689,-0.001595987,0.000091624,0.000001644
1098,115.229000000,fused_map_f2f,1,1,0,0.061825245,0.016865120,0.992775072,0.992775072,0.100000000,0.011068098,0.011068098,0.011068098,0.011068098,1.000000000,0.000000000,0.000000000,0.000000000,0.000000000,0.000000000,0.000000000,0.000000000,0.000000000,1.000000000,0.000000000,0.000000000,0.000000000,1.000000000,66.680618286,17.402675629,0.735074878,0.999998629,-0.001649438,0.000078746,0.000016807
1099,115.332000000,fused_map_f2f,1,1,0,0.058157322,0.014446564,1.000000000,1.000000000,0.100000000,0.010989011,0.010989011,0.010989011,0.010989011,1.000000000,0.000000000,0.000000000,0.000000000,0.000000000,0.000000000,0.000000000,0.000000000,0.000000000,1.000000000,0.000000000,0.000000000,0.000000000,1.000000000,66.775276184,17.403257370,0.735482991,0.999998569,-0.001674207,0.000062695,0.000000957
1100,115.413000000,fused_map_f2f,1,1,0,0.059442274,0.017293571,1.000000000,1.000000000,0.100000000,0.010989011,0.010989011,0.010989011,0.010989011,1.000000000,0.000000000,0.000000000,0.000000000,0.000000000,0.000000000,0.000000000,0.000000000,0.000000000,1.000000000,0.000000000,0.000000000,0.000000000,1.000000000,66.818656921,17.403573990,0.735642016,0.999998808,-0.001545329,0.000048373,0.000049585
1101,115.518000000,fused_map_f2f,1,1,0,0.063845861,0.012868569,0.984776801,0.984776801,0.100000000,0.011156990,0.011156990,0.011156990,0.011156990,1.000000000,0.000000000,0.000000000,0.000000000,0.000000000,0.000000000,0.000000000,0.000000000,0.000000000,1.000000000,0.000000000,0.000000000,0.000000000,1.000000000,66.879173279,17.403961182,0.735263228,0.999998689,-0.001606525,0.000078930,-0.000007555
1102,115.617000000,fused_map_f2f,1,1,0,0.061382893,0.013849260,0.994526050,0.994526050,0.100000000,0.011048827,0.011048827,0.011048827,0.011048827,1.000000000,0.000000000,0.000000000,0.000000000,0.000000000,0.000000000,0.000000000,0.000000000,0.000000000,1.000000000,0.000000000,0.000000000,0.000000000,1.000000000,66.966300964,17.403614044,0.735206485,0.999998510,-0.001707210,0.000087314,-0.000018842
1103,115.730000000,fused_map_f2f,1,1,0,0.063919505,0.018263697,0.984485294,0.984485294,0.100000000,0.011160256,0.011160256,0.011160256,0.011160256,1.000000000,0.000000000,0.000000000,0.000000000,0.000000000,0.000000000,0.000000000,0.000000000,0.000000000,1.000000000,0.000000000,0.000000000,0.000000000,1.000000000,67.042060852,17.403020859,0.734701455,0.999998569,-0.001690477,0.000085493,-0.000020748
1104,115.817000000,fused_map_f2f,1,1,0,0.065281551,0.015104770,0.979093862,0.979093862,0.100000000,0.011221021,0.011221021,0.011221021,0.011221021,1.000000000,0.000000000,0.000000000,0.000000000,0.000000000,0.000000000,0.000000000,0.000000000,0.000000000,1.000000000,0.000000000,0.000000000,0.000000000,1.000000000,67.090782166,17.403230667,0.734533072,0.999998391,-0.001779902,0.000122818,0.000080569
1105,115.934000000,fused_map_f2f,1,1,0,0.064645945,0.015120972,0.981609801,0.981609801,0.100000000,0.011192583,0.011192583,0.011192583,0.011192583,1.000000000,0.000000000,0.000000000,0.000000000,0.000000000,0.000000000,0.000000000,0.000000000,0.000000000,1.000000000,0.000000000,0.000000000,0.000000000,1.000000000,67.172218323,17.404155731,0.734736621,0.999998748,-0.001564230,0.000088850,-0.000036051
1106,116.033000000,fused_map_f2f,1,1,0,0.064260204,0.022195957,0.983136693,0.983136693,0.100000000,0.011175394,0.011175394,0.011175394,0.011175394,1.000000000,0.000000000,0.000000000,0.000000000,0.000000000,0.000000000,0.000000000,0.000000000,0.000000000,1.000000000,0.000000000,0.000000000,0.000000000,1.000000000,67.226661682,17.404188156,0.734465361,0.999998569,-0.001673629,0.000123725,-0.000033913
1107,116.133000000,fused_map_f2f,1,1,0,0.066656159,0.021826107,0.973652702,0.973652702,0.100000000,0.011283021,0.011283021,0.011283021,0.011283021,1.000000000,0.000000000,0.000000000,0.000000000,0.000000000,0.000000000,0.000000000,0.000000000,0.000000000,1.000000000,0.000000000,0.000000000,0.000000000,1.000000000,67.279922485,17.404384613,0.734387577,0.999998689,-0.001614259,0.000145838,-0.000053500
1108,116.220000000,fused_map_f2f,1,1,0,0.064908424,0.020959281,0.980570822,0.980570822,0.100000000,0.011204309,0.011204309,0.011204309,0.011204309,1.000000000,0.000000000,0.000000000,0.000000000,0.000000000,0.000000000,0.000000000,0.000000000,0.000000000,1.000000000,0.000000000,0.000000000,0.000000000,1.000000000,67.378021240,17.404504776,0.734626174,0.999998569,-0.001698410,0.000081037,-0.000060203
1109,116.328000000,fused_map_f2f,1,1,0,0.064532310,0.015761455,0.982059607,0.982059607,0.100000000,0.011187514,0.011187514,0.011187514,0.011187514,1.000000000,0.000000000,0.000000000,0.000000000,0.000000000,0.000000000,0.000000000,0.000000000,0.000000000,1.000000000,0.000000000,0.000000000,0.000000000,1.000000000,67.434837341,17.405076981,0.734712005,0.999998689,-0.001616477,0.000098515,-0.000098482
1110,116.436000000,fused_map_f2f,1,1,0,0.067583215,0.024481127,0.969983108,0.969983108,0.100000000,0.011325223,0.011325223,0.011325223,0.011325223,1.000000000,0.000000000,0.000000000,0.000000000,0.000000000,0.000000000,0.000000000,0.000000000,0.000000000,1.000000000,0.000000000,0.000000000,0.000000000,1.000000000,67.491279602,17.403980255,0.734384358,0.999998391,-0.001771047,0.000088927,-0.000046475
1111,116.519000000,fused_map_f2f,1,1,0,0.065241276,0.022176186,0.979253281,0.979253281,0.100000000,0.011219215,0.011219215,0.011219215,0.011219215,1.000000000,0.000000000,0.000000000,0.000000000,0.000000000,0.000000000,0.000000000,0.000000000,0.000000000,1.000000000,0.000000000,0.000000000,0.000000000,1.000000000,67.578170776,17.404752731,0.734475613,0.999998629,-0.001659237,0.000081559,-0.000076125
1112,116.637000000,fused_map_f2f,1,1,0,0.063715846,0.011665062,0.985291443,0.985291443,0.100000000,0.011151227,0.011151227,0.011151227,0.011151227,1.000000000,0.000000000,0.000000000,0.000000000,0.000000000,0.000000000,0.000000000,0.000000000,0.000000000,1.000000000,0.000000000,0.000000000,0.000000000,1.000000000,67.639549255,17.404241562,0.734179616,0.999998391,-0.001803352,0.000092515,-0.000071438
1113,116.742000000,fused_map_f2f,1,1,0,0.068653668,0.010524710,0.965745899,0.965745899,0.100000000,0.011374348,0.011374348,0.011374348,0.011374348,1.000000000,0.000000000,0.000000000,0.000000000,0.000000000,0.000000000,0.000000000,0.000000000,0.000000000,1.000000000,0.000000000,0.000000000,0.000000000,1.000000000,67.689849854,17.404701233,0.734522104,0.999998569,-0.001679395,0.000086964,-0.000084762
1114,116.821000000,fused_map_f2f,1,1,0,0.064929761,0.021721997,0.980486363,0.980486363,0.100000000,0.011205264,0.011205264,0.011205264,0.011205264,1.000000000,0.000000000,0.000000000,0.000000000,0.000000000,0.000000000,0.000000000,0.000000000,0.000000000,1.000000000,0.000000000,0.000000000,0.000000000,1.000000000,67.778755188,17.404617310,0.734633267,0.999998510,-0.001720677,0.000085504,-0.000073093
1115,116.929000000,fused_map_f2f,1,1,0,0.064320215,0.011320411,0.982899147,0.982899147,0.100000000,0.011178065,0.011178065,0.011178065,0.011178065,1.000000000,0.000000000,0.000000000,0.000000000,0.000000000,0.000000000,0.000000000,0.000000000,0.000000000,1.000000000,0.000000000,0.000000000,0.000000000,1.000000000,67.830223083,17.404794693,0.734512568,0.999998748,-0.001591084,0.000078242,-0.000089751
1116,117.030000000,fused_map_f2f,1,1,0,0.066459154,0.013337045,0.974432516,0.974432516,0.100000000,0.011274094,0.011274094,0.011274094,0.011274094,1.000000000,0.000000000,0.000000000,0.000000000,0.000000000,0.000000000,0.000000000,0.000000000,0.000000000,1.000000000,0.000000000,0.000000000,0.000000000,1.000000000,67.876976013,17.404851913,0.734433532,0.999998510,-0.001704597,0.000117497,-0.000097346
1117,117.134000000,fused_map_f2f,1,1,0,0.064326260,0.023380807,0.982875221,0.982875221,0.100000000,0.011178334,0.011178334,0.011178334,0.011178334,1.000000000,0.000000000,0.000000000,0.000000000,0.000000000,0.000000000,0.000000000,0.000000000,0.000000000,1.000000000,0.000000000,0.000000000,0.000000000,1.000000000,67.968910217,17.404525757,0.734363735,0.999998391,-0.001800700,0.000088951,-0.000081112
1118,117.234000000,fused_map_f2f,1,1,0,0.064943681,0.018800484,0.980431261,0.980431261,0.100000000,0.011205886,0.011205886,0.011205886,0.011205886,1.000000000,0.000000000,0.000000000,0.000000000,0.000000000,0.000000000,0.000000000,0.000000000,0.000000000,1.000000000,0.000000000,0.000000000,0.000000000,1.000000000,68.020584106,17.404424667,0.734790683,0.999998391,-0.001804487,0.000076986,-0.000080381
1119,117.313000000,fused_map_f2f,1,1,0,0.066342738,0.014117411,0.974893331,0.974893331,0.100000000,0.011268825,0.011268825,0.011268825,0.011268825,1.000000000,0.000000000,0.000000000,0.000000000,0.000000000,0.000000000,0.000000000,0.000000000,0.000000000,1.000000000,0.000000000,0.000000000,0.000000000,1.000000000,68.054244995,17.404493332,0.734240770,0.999998212,-0.001894176,0.000081985,-0.000068470
1120,117.426000000,fused_map_f2f,1,1,0,0.068196594,0.020605912,0.967555149,0.967555149,0.100000000,0.011353320,0.011353320,0.011353320,0.011353320,1.000000000,0.000000000,0.000000000,0.000000000,0.000000000,0.000000000,0.000000000,0.000000000,0.000000000,1.000000000,0.000000000,0.000000000,0.000000000,1.000000000,68.099136353,17.404384613,0.734103441,0.999998271,-0.001859363,0.000047086,-0.000029567
1121,117.534000000,fused_map_f2f,1,1,0,0.063466673,0.016386524,0.986277752,0.986277752,0.100000000,0.011140200,0.011140200,0.011140200,0.011140200,1.000000000,0.000000000,0.000000000,0.000000000,0.000000000,0.000000000,0.000000000,0.000000000,0.000000000,1.000000000,0.000000000,0.000000000,0.000000000,1.000000000,68.188827515,17.403961182,0.734440684,0.999998271,-0.001860999,0.000068126,-0.000085759
1122,117.617000000,fused_map_f2f,1,1,0,0.064033089,0.015732593,0.984035688,0.984035688,0.100000000,0.011165299,0.011165299,0.011165299,0.011165299,1.000000000,0.000000000,0.000000000,0.000000000,0.000000000,0.000000000,0.000000000,0.000000000,0.000000000,1.000000000,0.000000000,0.000000000,0.000000000,1.000000000,68.224632263,17.403871536,0.734430313,0.999998271,-0.001856899,0.000079823,-0.000067696
1123,117.735000000,fused_map_f2f,1,1,0,0.066471419,0.022456118,0.974383967,0.974383967,0.100000000,0.011274649,0.011274649,0.011274649,0.011274649,1.000000000,0.000000000,0.000000000,0.000000000,0.000000000,0.000000000,0.000000000,0.000000000,0.000000000,1.000000000,0.000000000,0.000000000,0.000000000,1.000000000,68.270294189,17.404191971,0.734528840,0.999998391,-0.001802096,0.000090863,-0.000039540
1124,117.840000000,fused_map_f2f,1,1,0,0.065802227,0.017902113,0.977032852,0.977032852,0.100000000,0.011244425,0.011244425,0.011244425,0.011244425,1.000000000,0.000000000,0.000000000,0.000000000,0.000000000,0.000000000,0.000000000,0.000000000,0.000000000,1.000000000,0.000000000,0.000000000,0.000000000,1.000000000,68.345466614,17.404561996,0.733680367,0.999998331,-0.001831617,0.000061488,-0.000072994
1125,117.916000000,fused_map_f2f,1,1,0,0.064380422,0.016518658,0.982660831,0.982660831,0.100000000,0.011180745,0.011180745,0.011180745,0.011180745,1.000000000,0.000000000,0.000000000,0.000000000,0.000000000,0.000000000,0.000000000,0.000000000,0.000000000,1.000000000,0.000000000,0.000000000,0.000000000,1.000000000,68.382652283,17.404479980,0.734118164,0.999998271,-0.001868276,0.000063850,-0.000072515
1126,118.027000000,fused_map_f2f,1,1,0,0.064876813,0.018204841,0.980695949,0.980695949,0.100000000,0.011202896,0.011202896,0.011202896,0.011202896,1.000000000,0.000000000,0.000000000,0.000000000,0.000000000,0.000000000,0.000000000,0.000000000,0.000000000,1.000000000,0.000000000,0.000000000,0.000000000,1.000000000,68.434074402,17.404001236,0.733964980,0.999998152,-0.001902413,0.000064605,-0.000072706
1127,118.134000000,fused_map_f2f,1,1,0,0.064288347,0.021909509,0.983025295,0.983025295,0.100000000,0.011176646,0.011176646,0.011176646,0.011176646,1.000000000,0.000000000,0.000000000,0.000000000,0.000000000,0.000000000,0.000000000,0.000000000,0.000000000,1.000000000,0.000000000,0.000000000,0.000000000,1.000000000,68.475631714,17.403505325,0.733615160,0.999997854,-0.002050615,0.000111609,-0.000098794
1128,118.234000000,fused_map_f2f,1,1,0,0.065289718,0.021088123,0.979061535,0.979061535,0.100000000,0.011221388,0.011221388,0.011221388,0.011221388,1.000000000,0.000000000,0.000000000,0.000000000,0.000000000,0.000000000,0.000000000,0.000000000,0.000000000,1.000000000,0.000000000,0.000000000,0.000000000,1.000000000,68.618492126,17.404228210,0.734031916,0.999998152,-0.001931152,0.000073465,-0.000090474
1129,118.314000000,fused_map_f2f,1,1,0,0.064293335,0.018308586,0.983005549,0.983005549,0.100000000,0.011176868,0.011176868,0.011176868,0.011176868,1.000000000,0.000000000,0.000000000,0.000000000,0.000000000,0.000000000,0.000000000,0.000000000,0.000000000,1.000000000,0.000000000,0.000000000,0.000000000,1.000000000,68.653259277,17.403888702,0.733790994,0.999997914,-0.002030732,0.000074650,-0.000085443
1130,118.427000000,fused_map_f2f,1,1,0,0.064092981,0.013234205,0.983798618,0.983798618,0.100000000,0.011167959,0.011167959,0.011167959,0.011167959,1.000000000,0.000000000,0.000000000,0.000000000,0.000000000,0.000000000,0.000000000,0.000000000,0.000000000,1.000000000,0.000000000,0.000000000,0.000000000,1.000000000,68.780349731,17.404243469,0.733916223,0.999998033,-0.001976469,0.000064439,-0.000112056
1131,118.529000000,fused_map_f2f,1,1,0,0.063099385,0.012652012,0.987731601,0.987731601,0.100000000,0.011123985,0.011123985,0.011123985,0.011123985,1.000000000,0.000000000,0.000000000,0.000000000,0.000000000,0.000000000,0.000000000,0.000000000,0.000000000,1.000000000,0.000000000,0.000000000,0.000000000,1.000000000,68.831085205,17.404405594,0.734121323,0.999998212,-0.001890337,0.000072917,-0.000130313
1132,118.630000000,fused_map_f2f,1,1,0,0.065700713,0.014143069,0.977434677,0.977434677,0.100000000,0.011239855,0.011239855,0.011239855,0.011239855,1.000000000,0.000000000,0.000000000,0.000000000,0.000000000,0.000000000,0.000000000,0.000000000,0.000000000,1.000000000,0.000000000,0.000000000,0.000000000,1.000000000,68.880783081,17.404264450,0.733910263,0.999998271,-0.001846833,0.000088916,-0.000144049
1133,118.716000000,fused_map_f2f,1,1,0,0.063111206,0.018858530,0.987684811,0.987684811,0.100000000,0.011124506,0.011124506,0.011124506,0.011124506,1.000000000,0.000000000,0.000000000,0.000000000,0.000000000,0.000000000,0.000000000,0.000000000,0.000000000,1.000000000,0.000000000,0.000000000,0.000000000,1.000000000,68.972290039,17.403493881,0.734048903,0.999997854,-0.002067333,0.000054150,-0.000112608
1134,118.834000000,fused_map_f2f,1,1,0,0.064107785,0.012549078,0.983740019,0.983740019,0.100000000,0.011168617,0.011168617,0.011168617,0.011168617,1.000000000,0.000000000,0.000000000,0.000000000,0.000000000,0.000000000,0.000000000,0.000000000,0.000000000,1.000000000,0.000000000,0.000000000,0.000000000,1.000000000,69.028663635,17.404113770,0.733993709,0.999998152,-0.001909240,0.000057174,-0.000088723
1135,118.939000000,fused_map_f2f,1,1,0,0.063993294,0.014795340,0.984193211,0.984193211,0.100000000,0.011163531,0.011163531,0.011163531,0.011163531,1.000000000,0.000000000,0.000000000,0.000000000,0.000000000,0.000000000,0.000000000,0.000000000,0.000000000,1.000000000,0.000000000,0.000000000,0.000000000,1.000000000,69.082298279,17.404109955,0.733592212,0.999998212,-0.001889088,0.000067963,-0.000096406
1136,119.032000000,fused_map_f2f,1,1,0,0.061556216,0.012020034,0.993839976,0.993839976,0.100000000,0.011056370,0.011056370,0.011056370,0.011056370,1.000000000,0.000000000,0.000000000,0.000000000,0.000000000,0.000000000,0.000000000,0.000000000,0.000000000,1.000000000,0.000000000,0.000000000,0.000000000,1.000000000,69.176216125,17.404315948,0.734378576,0.999998093,-0.001948804,0.000053464,-0.000105600
1137,119.122000000,fused_map_f2f,1,1,0,0.062810307,0.015523108,0.988875868,0.988875868,0.100000000,0.011111256,0.011111256,0.011111256,0.011111256,1.000000000,0.000000000,0.000000000,0.000000000,0.000000000,0.000000000,0.000000000,0.000000000,0.000000000,1.000000000,0.000000000,0.000000000,0.000000000,1.000000000,69.227249146,17.404163361,0.734339833,0.999998152,-0.001919035,0.000061173,-0.000085621
1138,119.215000000,fused_map_f2f,1,1,0,0.063633863,0.018104295,0.985615960,0.985615960,0.100000000,0.011147596,0.011147596,0.011147596,0.011147596,1.000000000,0.000000000,0.000000000,0.000000000,0.000000000,0.000000000,0.000000000,0.000000000,0.000000000,1.000000000,0.000000000,0.000000000,0.000000000,1.000000000,69.277717590,17.404743195,0.734469712,0.999998271,-0.001856683,0.000082505,-0.000129669
1139,119.334000000,fused_map_f2f,1,1,0,0.061825181,0.020818184,0.992775327,0.992775327,0.100000000,0.011068096,0.011068096,0.011068096,0.011068096,1.000000000,0.000000000,0.000000000,0.000000000,0.000000000,0.000000000,0.000000000,0.000000000,0.000000000,1.000000000,0.000000000,0.000000000,0.000000000,1.000000000,69.380706787,17.404424667,0.734524548,0.999998212,-0.001875747,0.000086177,-0.000096738
1140,119.414000000,fused_map_f2f,1,1,0,0.063949067,0.016654344,0.984368276,0.984368276,0.100000000,0.011161568,0.011161568,0.011161568,0.011161568,1.000000000,0.000000000,0.000000000,0.000000000,0.000000000,0.000000000,0.000000000,0.000000000,0.000000000,1.000000000,0.000000000,0.000000000,0.000000000,1.000000000,69.431419373,17.403991699,0.734590888,0.999998093,-0.001942134,0.000082545,-0.000101329
1141,119.517000000,fused_map_f2f,1,1,0,0.066070992,0.015249721,0.975968992,0.975968992,0.100000000,0.011256545,0.011256545,0.011256545,0.011256545,1.000000000,0.000000000,0.000000000,0.000000000,0.000000000,0.000000000,0.000000000,0.000000000,0.000000000,1.000000000,0.000000000,0.000000000,0.000000000,1.000000000,69.493835449,17.404439926,0.734149396,0.999998152,-0.001912555,0.000086327,-0.000112991
1142,119.625000000,fused_map_f2f,1,1,0,0.061006027,0.014265197,0.996017808,0.996017808,0.100000000,0.011032462,0.011032462,0.011032462,0.011032462,1.000000000,0.000000000,0.000000000,0.000000000,0.000000000,0.000000000,0.000000000,0.000000000,0.000000000,1.000000000,0.000000000,0.000000000,0.000000000,1.000000000,69.581619263,17.404357910,0.734421194,0.999998331,-0.001800076,0.000089876,-0.000134145
1143,119.725000000,fused_map_f2f,1,1,0,0.064137160,0.028433014,0.983623743,0.983623743,0.100000000,0.011169922,0.011169922,0.011169922,0.011169922,1.000000000,0.000000000,0.000000000,0.000000000,0.000000000,0.000000000,0.000000000,0.000000000,0.000000000,1.000000000,0.000000000,0.000000000,0.000000000,1.000000000,69.644996643,17.404649734,0.734273851,0.999998391,-0.001769563,0.000099409,-0.000125054
1144,119.831000000,fused_map_f2f,1,1,0,0.062644901,0.022201678,0.989530600,0.989530600,0.100000000,0.011103986,0.011103986,0.011103986,0.011103986,1.000000000,0.000000000,0.000000000,0.000000000,0.000000000,0.000000000,0.000000000,0.000000000,0.000000000,1.000000000,0.000000000,0.000000000,0.000000000,1.000000000,69.783416748,17.404909134,0.734785378,0.999998629,-0.001648686,0.000088292,-0.000154196
1145,119.913000000,fused_map_f2f,1,1,0,0.062532718,0.016528843,0.989974657,0.989974657,0.100000000,0.011099060,0.011099060,0.011099060,0.011099060,1.000000000,0.000000000,0.000000000,0.000000000,0.000000000,0.000000000,0.000000000,0.000000000,0.000000000,1.000000000,0.000000000,0.000000000,0.000000000,1.000000000,69.847732544,17.405242920,0.734700799,0.999998689,-0.001606443,0.000088665,-0.000147146
1146,120.036000000,fused_map_f2f,1,1,0,0.060762863,0.017528152,0.996980333,0.996980333,0.100000000,0.011021928,0.011021928,0.011021928,0.011021928,1.000000000,0.000000000,0.000000000,0.000000000,0.000000000,0.000000000,0.000000000,0.000000000,0.000000000,1.000000000,0.000000000,0.000000000,0.000000000,1.000000000,70.008308411,17.405275345,0.735030532,0.999998689,-0.001613262,0.000088371,-0.000173960
1147,120.134000000,fused_map_f2f,1,1,0,0.064060992,0.013164785,0.983925239,0.983925239,0.100000000,0.011166538,0.011166538,0.011166538,0.011166538,1.000000000,0.000000000,0.000000000,0.000000000,0.000000000,0.000000000,0.000000000,0.000000000,0.000000000,1.000000000,0.000000000,0.000000000,0.000000000,1.000000000,70.081321716,17.405532837,0.735221267,0.999998748,-0.001547741,0.000090960,-0.000197856
1148,120.239000000,fused_map_f2f,1,1,0,0.060195975,0.020614757,0.999224264,0.999224264,0.100000000,0.010997448,0.010997448,0.010997448,0.010997448,1.000000000,0.000000000,0.000000000,0.000000000,0.000000000,0.000000000,0.000000000,0.000000000,0.000000000,1.000000000,0.000000000,0.000000000,0.000000000,1.000000000,70.185676575,17.405725479,0.735320807,0.999998808,-0.001530138,0.000096780,-0.000230126
1149,120.325000000,fused_map_f2f,1,1,0,0.061293505,0.016065336,0.994879876,0.994879876,0.100000000,0.011044941,0.011044941,0.011044941,0.011044941,1.000000000,0.000000000,0.000000000,0.000000000,0.000000000,0.000000000,0.000000000,0.000000000,0.000000000,1.000000000,0.000000000,0.000000000,0.000000000,1.000000000,70.247535706,17.405698776,0.735580564,0.999999046,-0.001370554,0.000097278,-0.000227413
1150,120.431000000,fused_map_f2f,1,1,0,0.061608771,0.022878039,0.993631949,0.993631949,0.100000000,0.011058659,0.011058659,0.011058659,0.011058659,1.000000000,0.000000000,0.000000000,0.000000000,0.000000000,0.000000000,0.000000000,0.000000000,0.000000000,1.000000000,0.000000000,0.000000000,0.000000000,1.000000000,70.383636475,17.405542374,0.735365868,0.999998808,-0.001522965,0.000102115,-0.000209147
1151,120.513000000,fused_map_f2f,1,1,0,0.060894282,0.016500901,0.996460134,0.996460134,0.100000000,0.011027618,0.011027618,0.011027618,0.011027618,1.000000000,0.000000000,0.000000000,0.000000000,0.000000000,0.000000000,0.000000000,0.000000000,0.000000000,1.000000000,0.000000000,0.000000000,0.000000000,1.000000000,70.441093445,17.405721664,0.735972404,0.999999106,-0.001322165,0.000107218,-0.000211323
1152,120.617000000,fused_map_f2f,1,1,0,0.059894299,0.016779513,1.000000000,1.000000000,0.100000000,0.010989011,0.010989011,0.010989011,0.010989011,1.000000000,0.000000000,0.000000000,0.000000000,0.000000000,0.000000000,0.000000000,0.000000000,0.000000000,1.000000000,0.000000000,0.000000000,0.000000000,1.000000000,70.584350586,17.405076981,0.735400081,0.999998629,-0.001636569,0.000100909,-0.000236067
1153,120.722000000,fused_map_f2f,1,1,0,0.062115965,0.018314976,0.991624305,0.991624305,0.100000000,0.011080801,0.011080801,0.011080801,0.011080801,1.000000000,0.000000000,0.000000000,0.000000000,0.000000000,0.000000000,0.000000000,0.000000000,0.000000000,1.000000000,0.000000000,0.000000000,0.000000000,1.000000000,70.663681030,17.405282974,0.735490203,0.999998748,-0.001559210,0.000115971,-0.000222795
1154,120.830000000,fused_map_f2f,1,1,0,0.060762619,0.021847726,0.996981301,0.996981301,0.100000000,0.011021917,0.011021917,0.011021917,0.011021917,1.000000000,0.000000000,0.000000000,0.000000000,0.000000000,0.000000000,0.000000000,0.000000000,0.000000000,1.000000000,0.000000000,0.000000000,0.000000000,1.000000000,70.779327393,17.405593872,0.735491455,0.999998868,-0.001492480,0.000102087,-0.000252961
1155,120.928000000,fused_map_f2f,1,1,0,0.061369733,0.018550337,0.994578140,0.994578140,0.100000000,0.011048255,0.011048255,0.011048255,0.011048255,1.000000000,0.000000000,0.000000000,0.000000000,0.000000000,0.000000000,0.000000000,0.000000000,0.000000000,1.000000000,0.000000000,0.000000000,0.000000000,1.000000000,70.854911804,17.405723572,0.735409200,0.999998808,-0.001495402,0.000118703,-0.000262176
1156,121.025000000,fused_map_f2f,1,1,0,0.058247264,0.042275042,1.000000000,1.000000000,0.100000000,0.010989011,0.010989011,0.010989011,0.010989011,1.000000000,0.000000000,0.000000000,0.000000000,0.000000000,0.000000000,0.000000000,0.000000000,0.000000000,1.000000000,0.000000000,0.000000000,0.000000000,1.000000000,70.983139038,17.405307770,0.735785425,0.999998808,-0.001529140,0.000094062,-0.000255060
1157,121.131000000,fused_map_f2f,1,1,0,0.060709942,0.020840845,0.997189814,0.997189814,0.100000000,0.011019638,0.011019638,0.011019638,0.011019638,1.000000000,0.000000000,0.000000000,0.000000000,0.000000000,0.000000000,0.000000000,0.000000000,0.000000000,1.000000000,0.000000000,0.000000000,0.000000000,1.000000000,71.069976807,17.406103134,0.735588312,0.999998748,-0.001544577,0.000104211,-0.000269009
1158,121.229000000,fused_map_f2f,1,1,0,0.059735491,0.013258371,1.000000000,1.000000000,0.100000000,0.010989011,0.010989011,0.010989011,0.010989011,1.000000000,0.000000000,0.000000000,0.000000000,0.000000000,0.000000000,0.000000000,0.000000000,0.000000000,1.000000000,0.000000000,0.000000000,0.000000000,1.000000000,71.186477661,17.405225754,0.735530198,0.999998689,-0.001570258,0.000102143,-0.000272051
1159,121.329000000,fused_map_f2f,1,1,0,0.060326730,0.028745413,0.998706693,0.998706693,0.100000000,0.011003085,0.011003085,0.011003085,0.011003085,1.000000000,0.000000000,0.000000000,0.000000000,0.000000000,0.000000000,0.000000000,0.000000000,0.000000000,1.000000000,0.000000000,0.000000000,0.000000000,1.000000000,71.258796692,17.405740738,0.735976577,0.999998987,-0.001388606,0.000149626,-0.000269925
1160,121.436000000,fused_map_f2f,1,1,0,0.058936762,0.024739356,1.000000000,1.000000000,0.100000000,0.010989011,0.010989011,0.010989011,0.010989011,1.000000000,0.000000000,0.000000000,0.000000000,0.000000000,0.000000000,0.000000000,0.000000000,0.000000000,1.000000000,0.000000000,0.000000000,0.000000000,1.000000000,71.389923096,17.405858994,0.735686898,0.999998927,-0.001433126,0.000101113,-0.000291020
1161,121.518000000,fused_map_f2f,1,1,0,0.059986580,0.016641630,1.000000000,1.000000000,0.100000000,0.010989011,0.010989011,0.010989011,0.010989011,1.000000000,0.000000000,0.000000000,0.000000000,0.000000000,0.000000000,0.000000000,0.000000000,0.000000000,1.000000000,0.000000000,0.000000000,0.000000000,1.000000000,71.448532104,17.405927658,0.735629737,0.999998748,-0.001533029,0.000084947,-0.000293038
1162,121.634000000,fused_map_f2f,1,1,0,0.058636232,0.021025013,1.000000000,1.000000000,0.100000000,0.010989011,0.010989011,0.010989011,0.010989011,1.000000000,0.000000000,0.000000000,0.000000000,0.000000000,0.000000000,0.000000000,0.000000000,0.000000000,1.000000000,0.000000000,0.000000000,0.000000000,1.000000000,71.581970215,17.405651093,0.735728204,0.999998808,-0.001498281,0.000079170,-0.000261366
1163,121.734000000,fused_map_f2f,1,1,0,0.060749263,0.024258060,0.997034168,0.997034168,0.100000000,0.011021339,0.011021339,0.011021339,0.011021339,1.000000000,0.000000000,0.000000000,0.000000000,0.000000000,0.000000000,0.000000000,0.000000000,0.000000000,1.000000000,0.000000000,0.000000000,0.000000000,1.000000000,71.656860352,17.405542374,0.735234141,0.999998629,-0.001621185,0.000092569,-0.000274092
1164,121.834000000,fused_map_f2f,1,1,0,0.059844800,0.018738932,1.000000000,1.000000000,0.100000000,0.010989011,0.010989011,0.010989011,0.010989011,1.000000000,0.000000000,0.000000000,0.000000000,0.000000000,0.000000000,0.000000000,0.000000000,0.000000000,1.000000000,0.000000000,0.000000000,0.000000000,1.000000000,71.789672852,17.405021667,0.735175610,0.999998391,-0.001749818,0.000094777,-0.000281867
1165,121.933000000,fused_map_f2f,1,1,0,0.061458461,0.028815637,0.994226927,0.994226927,0.100000000,0.011052115,0.011052115,0.011052115,0.011052115,1.000000000,0.000000000,0.000000000,0.000000000,0.000000000,0.000000000,0.000000000,0.000000000,0.000000000,1.000000000,0.000000000,0.000000000,0.000000000,1.000000000,71.860115051,17.405382156,0.735260665,0.999998569,-0.001659429,0.000067036,-0.000272100
1166,122.024000000,fused_map_f2f,1,1,0,0.060467327,0.036404983,0.998150164,0.998150164,0.100000000,0.011009152,0.011009152,0.011009152,0.011009152,1.000000000,0.000000000,0.000000000,0.000000000,0.000000000,0.000000000,0.000000000,0.000000000,0.000000000,1.000000000,0.000000000,0.000000000,0.000000000,1.000000000,71.964836121,17.405874252,0.735483587,0.999998868,-0.001481730,0.000083384,-0.000268535
1167,122.127000000,fused_map_f2f,1,1,0,0.059557717,0.016950729,1.000000000,1.000000000,0.100000000,0.010989011,0.010989011,0.010989011,0.010989011,1.000000000,0.000000000,0.000000000,0.000000000,0.000000000,0.000000000,0.000000000,0.000000000,0.000000000,1.000000000,0.000000000,0.000000000,0.000000000,1.000000000,72.039886475,17.405979156,0.735683203,0.999998927,-0.001433594,0.000071766,-0.000236679
1168,122.252000000,fused_map_f2f,1,1,0,0.058381260,0.016104163,1.000000000,1.000000000,0.100000000,0.010989011,0.010989011,0.010989011,0.010989011,1.000000000,0.000000000,0.000000000,0.000000000,0.000000000,0.000000000,0.000000000,0.000000000,0.000000000,1.000000000,0.000000000,0.000000000,0.000000000,1.000000000,72.180335999,17.405931473,0.735192597,0.999998689,-0.001579057,0.000088852,-0.000281173
1169,122.315000000,fused_map_f2f,1,1,0,0.059568485,0.021110335,1.000000000,1.000000000,0.100000000,0.010989011,0.010989011,0.010989011,0.010989011,1.000000000,0.000000000,0.000000000,0.000000000,0.000000000,0.000000000,0.000000000,0.000000000,0.000000000,1.000000000,0.000000000,0.000000000,0.000000000,1.000000000,72.221679688,17.405530930,0.735179961,0.999998569,-0.001664063,0.000081490,-0.000280462
1170,122.414000000,fused_map_f2f,1,1,0,0.057949399,0.026287480,1.000000000,1.000000000,0.100000000,0.010989011,0.010989011,0.010989011,0.010989011,1.000000000,0.000000000,0.000000000,0.000000000,0.000000000,0.000000000,0.000000000,0.000000000,0.000000000,1.000000000,0.000000000,0.000000000,0.000000000,1.000000000,72.385665894,17.405509949,0.735218585,0.999998689,-0.001591336,0.000084141,-0.000298387
1171,122.513000000,fused_map_f2f,1,1,0,0.058802125,0.016982745,1.000000000,1.000000000,0.100000000,0.010989011,0.010989011,0.010989011,0.010989011,1.000000000,0.000000000,0.000000000,0.000000000,0.000000000,0.000000000,0.000000000,0.000000000,0.000000000,1.000000000,0.000000000,0.000000000,0.000000000,1.000000000,72.460273743,17.405673981,0.735459208,0.999998629,-0.001604218,0.000086375,-0.000299648
1172,122.624000000,fused_map_f2f,1,1,0,0.057383548,0.022966353,1.000000000,1.000000000,0.100000000,0.010989011,0.010989011,0.010989011,0.010989011,1.000000000,0.000000000,0.000000000,0.000000000,0.000000000,0.000000000,0.000000000,0.000000000,0.000000000,1.000000000,0.000000000,0.000000000,0.000000000,1.000000000,72.579444885,17.405544281,0.735487282,0.999998689,-0.001593864,0.000080348,-0.000320826
1173,122.736000000,fused_map_f2f,1,1,0,0.058392183,0.020575752,1.000000000,1.000000000,0.100000000,0.010989011,0.010989011,0.010989011,0.010989011,1.000000000,0.000000000,0.000000000,0.000000000,0.000000000,0.000000000,0.000000000,0.000000000,0.000000000,1.000000000,0.000000000,0.000000000,0.000000000,1.000000000,72.665084839,17.406278610,0.735185504,0.999998748,-0.001526115,0.000086164,-0.000312790
1174,122.814000000,fused_map_f2f,1,1,0,0.057409040,0.014772886,1.000000000,1.000000000,0.100000000,0.010989011,0.010989011,0.010989011,0.010989011,1.000000000,0.000000000,0.000000000,0.000000000,0.000000000,0.000000000,0.000000000,0.000000000,0.000000000,1.000000000,0.000000000,0.000000000,0.000000000,1.000000000,72.774185181,17.405607224,0.734980702,0.999998629,-0.001625812,0.000093099,-0.000319254
1175,122.916000000,fused_map_f2f,1,1,0,0.058643209,0.018290168,1.000000000,1.000000000,0.100000000,0.010989011,0.010989011,0.010989011,0.010989011,1.000000000,0.000000000,0.000000000,0.000000000,0.000000000,0.000000000,0.000000000,0.000000000,0.000000000,1.000000000,0.000000000,0.000000000,0.000000000,1.000000000,72.843910217,17.406099319,0.734924734,0.999998450,-0.001728625,0.000100364,-0.000308143
1176,123.019000000,fused_map_f2f,1,1,0,0.058445582,0.020401301,1.000000000,1.000000000,0.100000000,0.010989011,0.010989011,0.010989011,0.010989011,1.000000000,0.000000000,0.000000000,0.000000000,0.000000000,0.000000000,0.000000000,0.000000000,0.000000000,1.000000000,0.000000000,0.000000000,0.000000000,1.000000000,72.948997498,17.406524658,0.735279322,0.999998868,-0.001448187,0.000093059,-0.000288733
1177,123.124000000,fused_map_f2f,1,1,0,0.060755600,0.024277316,0.997009082,0.997009082,0.100000000,0.011021613,0.011021613,0.011021613,0.011021613,1.000000000,0.000000000,0.000000000,0.000000000,0.000000000,0.000000000,0.000000000,0.000000000,0.000000000,1.000000000,0.000000000,0.000000000,0.000000000,1.000000000,73.026939392,17.406137466,0.735179901,0.999998689,-0.001591322,0.000100613,-0.000307094
1178,123.231000000,fused_map_f2f,1,1,0,0.058781701,0.027601977,1.000000000,1.000000000,0.100000000,0.010989011,0.010989011,0.010989011,0.010989011,1.000000000,0.000000000,0.000000000,0.000000000,0.000000000,0.000000000,0.000000000,0.000000000,0.000000000,1.000000000,0.000000000,0.000000000,0.000000000,1.000000000,73.147171021,17.406578064,0.735129297,0.999998808,-0.001495323,0.000095463,-0.000275297
1179,123.329000000,fused_map_f2f,1,1,0,0.059822183,0.021412028,1.000000000,1.000000000,0.100000000,0.010989011,0.010989011,0.010989011,0.010989011,1.000000000,0.000000000,0.000000000,0.000000000,0.000000000,0.000000000,0.000000000,0.000000000,0.000000000,1.000000000,0.000000000,0.000000000,0.000000000,1.000000000,73.221504211,17.406032562,0.735027790,0.999998689,-0.001577570,0.000100599,-0.000294060
1180,123.429000000,fused_map_f2f,1,1,0,0.057627078,0.018176479,1.000000000,1.000000000,0.100000000,0.010989011,0.010989011,0.010989011,0.010989011,1.000000000,0.000000000,0.000000000,0.000000000,0.000000000,0.000000000,0.000000000,0.000000000,0.000000000,1.000000000,0.000000000,0.000000000,0.000000000,1.000000000,73.376487732,17.406169891,0.735631347,0.999998808,-0.001485350,0.000086143,-0.000305297
1181,123.542000000,fused_map_f2f,1,1,0,0.060344134,0.031536138,0.998637802,0.998637802,0.100000000,0.011003836,0.011003836,0.011003836,0.011003836,1.000000000,0.000000000,0.000000000,0.000000000,0.000000000,0.000000000,0.000000000,0.000000000,0.000000000,1.000000000,0.000000000,0.000000000,0.000000000,1.000000000,73.462272644,17.405921936,0.735661685,0.999998808,-0.001500386,0.000048976,-0.000341123
1182,123.616000000,fused_map_f2f,1,1,0,0.057344591,0.013921912,1.000000000,1.000000000,0.100000000,0.010989011,0.010989011,0.010989011,0.010989011,1.000000000,0.000000000,0.000000000,0.000000000,0.000000000,0.000000000,0.000000000,0.000000000,0.000000000,1.000000000,0.000000000,0.000000000,0.000000000,1.000000000,73.599723816,17.406253815,0.735368848,0.999998748,-0.001522613,0.000091966,-0.000317341
1183,123.725000000,fused_map_f2f,1,1,0,0.060572545,0.026302190,0.997733675,0.997733675,0.100000000,0.011013697,0.011013697,0.011013697,0.011013697,1.000000000,0.000000000,0.000000000,0.000000000,0.000000000,0.000000000,0.000000000,0.000000000,0.000000000,1.000000000,0.000000000,0.000000000,0.000000000,1.000000000,73.680503845,17.406343460,0.735389352,0.999998808,-0.001501599,0.000049377,-0.000272298
1184,123.819000000,fused_map_f2f,1,1,0,0.058774513,0.015761901,1.000000000,1.000000000,0.100000000,0.010989011,0.010989011,0.010989011,0.010989011,1.000000000,0.000000000,0.000000000,0.000000000,0.000000000,0.000000000,0.000000000,0.000000000,0.000000000,1.000000000,0.000000000,0.000000000,0.000000000,1.000000000,73.768768311,17.406227112,0.735959589,0.999998808,-0.001485480,0.000093939,-0.000326168
1185,123.929000000,fused_map_f2f,1,1,0,0.060577001,0.020539140,0.997716038,0.997716038,0.100000000,0.011013890,0.011013890,0.011013890,0.011013890,1.000000000,0.000000000,0.000000000,0.000000000,0.000000000,0.000000000,0.000000000,0.000000000,0.000000000,1.000000000,0.000000000,0.000000000,0.000000000,1.000000000,73.854194641,17.406053543,0.734904647,0.999998748,-0.001521369,0.000105039,-0.000308958
1186,124.028000000,fused_map_f2f,1,1,0,0.059361891,0.016333369,1.000000000,1.000000000,0.100000000,0.010989011,0.010989011,0.010989011,0.010989011,1.000000000,0.000000000,0.000000000,0.000000000,0.000000000,0.000000000,0.000000000,0.000000000,0.000000000,1.000000000,0.000000000,0.000000000,0.000000000,1.000000000,73.957817078,17.406019211,0.735451579,0.999998868,-0.001463064,0.000116473,-0.000311585
1187,124.130000000,fused_map_f2f,1,1,0,0.059699038,0.024027091,1.000000000,1.000000000,0.100000000,0.010989011,0.010989011,0.010989011,0.010989011,1.000000000,0.000000000,0.000000000,0.000000000,0.000000000,0.000000000,0.000000000,0.000000000,0.000000000,1.000000000,0.000000000,0.000000000,0.000000000,1.000000000,74.035255432,17.406007767,0.735321641,0.999998808,-0.001506906,0.000108946,-0.000327818
1188,124.232000000,fused_map_f2f,1,1,0,0.058885769,0.023082209,1.000000000,1.000000000,0.100000000,0.010989011,0.010989011,0.010989011,0.010989011,1.000000000,0.000000000,0.000000000,0.000000000,0.000000000,0.000000000,0.000000000,0.000000000,0.000000000,1.000000000,0.000000000,0.000000000,0.000000000,1.000000000,74.144294739,17.405708313,0.735574186,0.999998808,-0.001508984,0.000111217,-0.000302831
1189,124.325000000,fused_map_f2f,1,1,0,0.058400431,0.014595529,1.000000000,1.000000000,0.100000000,0.010989011,0.010989011,0.010989011,0.010989011,1.000000000,0.000000000,0.000000000,0.000000000,0.000000000,0.000000000,0.000000000,0.000000000,0.000000000,1.000000000,0.000000000,0.000000000,0.000000000,1.000000000,74.217781067,17.405273438,0.735106349,0.999998569,-0.001670769,0.000116906,-0.000288672
1190,124.428000000,fused_map_f2f,1,1,0,0.059742648,0.018985276,1.000000000,1.000000000,0.100000000,0.010989011,0.010989011,0.010989011,0.010989011,1.000000000,0.000000000,0.000000000,0.000000000,0.000000000,0.000000000,0.000000000,0.000000000,0.000000000,1.000000000,0.000000000,0.000000000,0.000000000,1.000000000,74.282478333,17.405748367,0.735666573,0.999998868,-0.001471368,0.000120664,-0.000302154
1191,124.527000000,fused_map_f2f,1,1,0,0.058531525,0.014852101,1.000000000,1.000000000,0.100000000,0.010989011,0.010989011,0.010989011,0.010989011,1.000000000,0.000000000,0.000000000,0.000000000,0.000000000,0.000000000,0.000000000,0.000000000,0.000000000,1.000000000,0.000000000,0.000000000,0.000000000,1.000000000,74.352508545,17.406013489,0.735393345,0.999999046,-0.001343619,0.000124824,-0.000287773
1192,124.633000000,fused_map_f2f,1,1,0,0.058293566,0.027902851,1.000000000,1.000000000,0.100000000,0.010989011,0.010989011,0.010989011,0.010989011,1.000000000,0.000000000,0.000000000,0.000000000,0.000000000,0.000000000,0.000000000,0.000000000,0.000000000,1.000000000,0.000000000,0.000000000,0.000000000,1.000000000,74.419479370,17.406766891,0.735614061,0.999999404,-0.001017708,0.000147027,-0.000301607
1193,124.714000000,fused_map_f2f,1,1,0,0.059318457,0.014908615,1.000000000,1.000000000,0.100000000,0.010989011,0.010989011,0.010989011,0.010989011,1.000000000,0.000000000,0.000000000,0.000000000,0.000000000,0.000000000,0.000000000,0.000000000,0.000000000,1.000000000,0.000000000,0.000000000,0.000000000,1.000000000,74.474647522,17.406963348,0.736092508,0.999999464,-0.000978999,0.000105213,-0.000242129
1194,124.821000000,fused_map_f2f,1,1,0,0.057091797,0.019633209,1.000000000,1.000000000,0.100000000,0.010989011,0.010989011,0.010989011,0.010989011,1.000000000,0.000000000,0.000000000,0.000000000,0.000000000,0.000000000,0.000000000,0.000000000,0.000000000,1.000000000,0.000000000,0.000000000,0.000000000,1.000000000,74.577133179,17.405767441,0.735693157,0.999998868,-0.001464499,0.000109594,-0.000283911
1195,124.927000000,fused_map_f2f,1,1,0,0.058519377,0.016035996,1.000000000,1.000000000,0.100000000,0.010989011,0.010989011,0.010989011,0.010989011,1.000000000,0.000000000,0.000000000,0.000000000,0.000000000,0.000000000,0.000000000,0.000000000,0.000000000,1.000000000,0.000000000,0.000000000,0.000000000,1.000000000,74.643356323,17.405672073,0.735424757,0.999998927,-0.001430476,0.000114636,-0.000337878
1196,125.041000000,fused_map_f2f,1,1,0,0.058446717,0.017672312,1.000000000,1.000000000,0.100000000,0.010989011,0.010989011,0.010989011,0.010989011,1.000000000,0.000000000,0.000000000,0.000000000,0.000000000,0.000000000,0.000000000,0.000000000,0.000000000,1.000000000,0.000000000,0.000000000,0.000000000,1.000000000,74.831787109,17.405565262,0.735416532,0.999998748,-0.001550180,0.000105808,-0.000313286
1197,125.136000000,fused_map_f2f,1,1,0,0.059933594,0.019362221,1.000000000,1.000000000,0.100000000,0.010989011,0.010989011,0.010989011,0.010989011,1.000000000,0.000000000,0.000000000,0.000000000,0.000000000,0.000000000,0.000000000,0.000000000,0.000000000,1.000000000,0.000000000,0.000000000,0.000000000,1.000000000,74.892906189,17.405460358,0.735540569,0.999998689,-0.001582312,0.000048241,-0.000283002
1198,125.234000000,fused_map_f2f,1,1,0,0.057691811,0.021672182,1.000000000,1.000000000,0.100000000,0.010989011,0.010989011,0.010989011,0.010989011,1.000000000,0.000000000,0.000000000,0.000000000,0.000000000,0.000000000,0.000000000,0.000000000,0.000000000,1.000000000,0.000000000,0.000000000,0.000000000,1.000000000,74.976387024,17.406068802,0.735216200,0.999998748,-0.001545895,0.000095181,-0.000292548
1199,125.315000000,fused_map_f2f,1,1,0,0.057500777,0.020417327,1.000000000,1.000000000,0.100000000,0.010989011,0.010989011,0.010989011,0.010989011,1.000000000,0.000000000,0.000000000,0.000000000,0.000000000,0.000000000,0.000000000,0.000000000,0.000000000,1.000000000,0.000000000,0.000000000,0.000000000,1.000000000,75.025032043,17.405956268,0.734921992,0.999998987,-0.001351881,0.000163043,-0.000315878
1200,125.427000000,fused_map_f2f,1,1,0,0.060242980,0.022137149,0.999038206,0.999038206,0.100000000,0.010999474,0.010999474,0.010999474,0.010999474,1.000000000,0.000000000,0.000000000,0.000000000,0.000000000,0.000000000,0.000000000,0.000000000,0.000000000,1.000000000,0.000000000,0.000000000,0.000000000,1.000000000,75.092781067,17.406188965,0.734964132,0.999999046,-0.001318475,0.000108289,-0.000288861
1201,125.521000000,fused_map_f2f,1,1,0,0.057434017,0.012595852,1.000000000,1.000000000,0.100000000,0.010989011,0.010989011,0.010989011,0.010989011,1.000000000,0.000000000,0.000000000,0.000000000,0.000000000,0.000000000,0.000000000,0.000000000,0.000000000,1.000000000,0.000000000,0.000000000,0.000000000,1.000000000,75.186576843,17.405662537,0.735265970,0.999998748,-0.001531151,0.000112955,-0.000268419
1202,125.613000000,fused_map_f2f,1,1,0,0.056805844,0.016786267,1.000000000,1.000000000,0.100000000,0.010989011,0.010989011,0.010989011,0.010989011,1.000000000,0.000000000,0.000000000,0.000000000,0.000000000,0.000000000,0.000000000,0.000000000,0.000000000,1.000000000,0.000000000,0.000000000,0.000000000,1.000000000,75.249198914,17.406223297,0.735327899,0.999998808,-0.001505712,0.000113713,-0.000252154
1203,125.724000000,fused_map_f2f,1,1,0,0.057074450,0.019716322,1.000000000,1.000000000,0.100000000,0.010989011,0.010989011,0.010989011,0.010989011,1.000000000,0.000000000,0.000000000,0.000000000,0.000000000,0.000000000,0.000000000,0.000000000,0.000000000,1.000000000,0.000000000,0.000000000,0.000000000,1.000000000,75.354774475,17.405858994,0.734913409,0.999998987,-0.001368435,0.000119038,-0.000272316
1204,125.826000000,fused_map_f2f,1,1,0,0.056209147,0.013806362,1.000000000,1.000000000,0.100000000,0.010989011,0.010989011,0.010989011,0.010989011,1.000000000,0.000000000,0.000000000,0.000000000,0.000000000,0.000000000,0.000000000,0.000000000,0.000000000,1.000000000,0.000000000,0.000000000,0.000000000,1.000000000,75.423362732,17.405950546,0.734565198,0.999999046,-0.001367674,0.000055162,-0.000205371
1205,125.940000000,fused_map_f2f,1,1,0,0.057663499,0.016293594,1.000000000,1.000000000,0.100000000,0.010989011,0.010989011,0.010989011,0.010989011,1.000000000,0.000000000,0.000000000,0.000000000,0.000000000,0.000000000,0.000000000,0.000000000,0.000000000,1.000000000,0.000000000,0.000000000,0.000000000,1.000000000,75.540664673,17.405469894,0.734511197,0.999998987,-0.001367827,0.000118602,-0.000257170
1206,126.015000000,fused_map_f2f,1,1,0,0.055270177,0.028239109,1.000000000,1.000000000,0.100000000,0.010989011,0.010989011,0.010989011,0.010989011,1.000000000,0.000000000,0.000000000,0.000000000,0.000000000,0.000000000,0.000000000,0.000000000,0.000000000,1.000000000,0.000000000,0.000000000,0.000000000,1.000000000,75.610229492,17.405927658,0.734905601,0.999999046,-0.001362924,0.000113386,-0.000246984
1207,126.114000000,fused_map_f2f,1,1,0,0.056514865,0.016195007,1.000000000,1.000000000,0.100000000,0.010989011,0.010989011,0.010989011,0.010989011,1.000000000,0.000000000,0.000000000,0.000000000,0.000000000,0.000000000,0.000000000,0.000000000,0.000000000,1.000000000,0.000000000,0.000000000,0.000000000,1.000000000,75.779174805,17.404842377,0.734342635,0.999998629,-0.001604023,0.000100699,-0.000259467
1208,126.220000000,fused_map_f2f,1,1,0,0.057820072,0.014765341,1.000000000,1.000000000,0.100000000,0.010989011,0.010989011,0.010989011,0.010989011,1.000000000,0.000000000,0.000000000,0.000000000,0.000000000,0.000000000,0.000000000,0.000000000,0.000000000,1.000000000,0.000000000,0.000000000,0.000000000,1.000000000,75.865997314,17.405227661,0.734726369,0.999998748,-0.001540691,0.000039205,-0.000252610
1209,126.329000000,fused_map_f2f,1,1,0,0.056984137,0.019024108,1.000000000,1.000000000,0.100000000,0.010989011,0.010989011,0.010989011,0.010989011,1.000000000,0.000000000,0.000000000,0.000000000,0.000000000,0.000000000,0.000000000,0.000000000,0.000000000,1.000000000,0.000000000,0.000000000,0.000000000,1.000000000,75.991882324,17.405662537,0.734913170,0.999999046,-0.001370888,0.000098668,-0.000248536
1210,126.427000000,fused_map_f2f,1,1,0,0.059170208,0.021526107,1.000000000,1.000000000,0.100000000,0.010989011,0.010989011,0.010989011,0.010989011,1.000000000,0.000000000,0.000000000,0.000000000,0.000000000,0.000000000,0.000000000,0.000000000,0.000000000,1.000000000,0.000000000,0.000000000,0.000000000,1.000000000,76.080505371,17.405565262,0.734901845,0.999999166,-0.001290048,0.000086599,-0.000183602
1211,126.536000000,fused_map_f2f,1,1,0,0.057863015,0.019810262,1.000000000,1.000000000,0.100000000,0.010989011,0.010989011,0.010989011,0.010989011,1.000000000,0.000000000,0.000000000,0.000000000,0.000000000,0.000000000,0.000000000,0.000000000,0.000000000,1.000000000,0.000000000,0.000000000,0.000000000,1.000000000,76.181602478,17.405830383,0.734846354,0.999999225,-0.001209414,0.000057944,-0.000194870
1212,126.618000000,fused_map_f2f,1,1,0,0.058695210,0.018864964,1.000000000,1.000000000,0.100000000,0.010989011,0.010989011,0.010989011,0.010989011,1.000000000,0.000000000,0.000000000,0.000000000,0.000000000,0.000000000,0.000000000,0.000000000,0.000000000,1.000000000,0.000000000,0.000000000,0.000000000,1.000000000,76.250663757,17.405803680,0.734635234,0.999998987,-0.001385483,0.000057202,-0.000160111
1213,126.726000000,fused_map_f2f,1,1,0,0.057561253,0.021145834,1.000000000,1.000000000,0.100000000,0.010989011,0.010989011,0.010989011,0.010989011,1.000000000,0.000000000,0.000000000,0.000000000,0.000000000,0.000000000,0.000000000,0.000000000,0.000000000,1.000000000,0.000000000,0.000000000,0.000000000,1.000000000,76.382896423,17.405799866,0.734578073,0.999998808,-0.001526730,0.000099838,-0.000227456
1214,126.826000000,fused_map_f2f,1,1,0,0.059111262,0.016481483,1.000000000,1.000000000,0.100000000,0.010989011,0.010989011,0.010989011,0.010989011,1.000000000,0.000000000,0.000000000,0.000000000,0.000000000,0.000000000,0.000000000,0.000000000,0.000000000,1.000000000,0.000000000,0.000000000,0.000000000,1.000000000,76.474281311,17.405542374,0.734342039,0.999998748,-0.001544926,0.000082751,-0.000251587
1215,126.932000000,fused_map_f2f,1,1,0,0.058013557,0.019144280,1.000000000,1.000000000,0.100000000,0.010989011,0.010989011,0.010989011,0.010989011,1.000000000,0.000000000,0.000000000,0.000000000,0.000000000,0.000000000,0.000000000,0.000000000,0.000000000,1.000000000,0.000000000,0.000000000,0.000000000,1.000000000,76.600814819,17.404855728,0.734790444,0.999998748,-0.001556787,0.000108695,-0.000196498
1216,127.037000000,fused_map_f2f,1,1,0,0.058259034,0.023125176,1.000000000,1.000000000,0.100000000,0.010989011,0.010989011,0.010989011,0.010989011,1.000000000,0.000000000,0.000000000,0.000000000,0.000000000,0.000000000,0.000000000,0.000000000,0.000000000,1.000000000,0.000000000,0.000000000,0.000000000,1.000000000,76.746536255,17.405513763,0.734602392,0.999998808,-0.001532148,0.000112426,-0.000189494
1217,127.115000000,fused_map_f2f,1,1,0,0.057536174,0.018795446,1.000000000,1.000000000,0.100000000,0.010989011,0.010989011,0.010989011,0.010989011,1.000000000,0.000000000,0.000000000,0.000000000,0.000000000,0.000000000,0.000000000,0.000000000,0.000000000,1.000000000,0.000000000,0.000000000,0.000000000,1.000000000,76.813064575,17.405612946,0.734678090,0.999998987,-0.001381313,0.000141263,-0.000169883
1218,127.222000000,fused_map_f2f,1,1,0,0.056872888,0.015378165,1.000000000,1.000000000,0.100000000,0.010989011,0.010989011,0.010989011,0.010989011,1.000000000,0.000000000,0.000000000,0.000000000,0.000000000,0.000000000,0.000000000,0.000000000,0.000000000,1.000000000,0.000000000,0.000000000,0.000000000,1.000000000,76.986129761,17.405241013,0.733983457,0.999998689,-0.001601281,0.000090396,-0.000187155
1219,127.325000000,fused_map_f2f,1,1,0,0.058673818,0.017189993,1.000000000,1.000000000,0.100000000,0.010989011,0.010989011,0.010989011,0.010989011,1.000000000,0.000000000,0.000000000,0.000000000,0.000000000,0.000000000,0.000000000,0.000000000,0.000000000,1.000000000,0.000000000,0.000000000,0.000000000,1.000000000,77.080162048,17.405099869,0.734110594,0.999998748,-0.001579620,0.000059543,-0.000210725
1220,127.428000000,fused_map_f2f,1,1,0,0.057639178,0.029399240,1.000000000,1.000000000,0.100000000,0.010989011,0.010989011,0.010989011,0.010989011,1.000000000,0.000000000,0.000000000,0.000000000,0.000000000,0.000000000,0.000000000,0.000000000,0.000000000,1.000000000,0.000000000,0.000000000,0.000000000,1.000000000,77.231231689,17.405139923,0.734003365,0.999998808,-0.001509001,0.000094582,-0.000184431
1221,127.528000000,fused_map_f2f,1,1,0,0.058586687,0.024579873,1.000000000,1.000000000,0.100000000,0.010989011,0.010989011,0.010989011,0.010989011,1.000000000,0.000000000,0.000000000,0.000000000,0.000000000,0.000000000,0.000000000,0.000000000,0.000000000,1.000000000,0.000000000,0.000000000,0.000000000,1.000000000,77.370826721,17.405046463,0.734245896,0.999998689,-0.001620862,0.000085222,-0.000182887
1222,127.626000000,fused_map_f2f,1,1,0,0.059431410,0.017989992,1.000000000,1.000000000,0.100000000,0.010989011,0.010989011,0.010989011,0.010989011,1.000000000,0.000000000,0.000000000,0.000000000,0.000000000,0.000000000,0.000000000,0.000000000,0.000000000,1.000000000,0.000000000,0.000000000,0.000000000,1.000000000,77.459243774,17.404539108,0.733863115,0.999998569,-0.001683940,0.000080850,-0.000163903
1223,127.736000000,fused_map_f2f,1,1,0,0.058709164,0.021625380,1.000000000,1.000000000,0.100000000,0.010989011,0.010989011,0.010989011,0.010989011,1.000000000,0.000000000,0.000000000,0.000000000,0.000000000,0.000000000,0.000000000,0.000000000,0.000000000,1.000000000,0.000000000,0.000000000,0.000000000,1.000000000,77.596199036,17.404628754,0.734144509,0.999998748,-0.001560117,0.000087706,-0.000149273
1224,127.813000000,fused_map_f2f,1,1,0,0.059575183,0.023217176,1.000000000,1.000000000,0.100000000,0.010989011,0.010989011,0.010989011,0.010989011,1.000000000,0.000000000,0.000000000,0.000000000,0.000000000,0.000000000,0.000000000,0.000000000,0.000000000,1.000000000,0.000000000,0.000000000,0.000000000,1.000000000,77.660903931,17.404411316,0.734087169,0.999998569,-0.001668501,0.000067122,-0.000141353
1225,127.913000000,fused_map_f2f,1,1,0,0.060461949,0.016460732,0.998171451,0.998171451,0.100000000,0.011008920,0.011008920,0.011008920,0.011008920,1.000000000,0.000000000,0.000000000,0.000000000,0.000000000,0.000000000,0.000000000,0.000000000,0.000000000,1.000000000,0.000000000,0.000000000,0.000000000,1.000000000,77.786788940,17.404785156,0.733803213,0.999998868,-0.001483751,0.000097126,-0.000118655
1226,128.038000000,fused_map_f2f,1,1,0,0.058197635,0.019639924,1.000000000,1.000000000,0.100000000,0.010989011,0.010989011,0.010989011,0.010989011,1.000000000,0.000000000,0.000000000,0.000000000,0.000000000,0.000000000,0.000000000,0.000000000,0.000000000,1.000000000,0.000000000,0.000000000,0.000000000,1.000000000,77.963172913,17.404550552,0.733916283,0.999998868,-0.001492034,0.000092250,-0.000103207
1227,128.133000000,fused_map_f2f,1,1,0,0.059619879,0.020029203,1.000000000,1.000000000,0.100000000,0.010989011,0.010989011,0.010989011,0.010989011,1.000000000,0.000000000,0.000000000,0.000000000,0.000000000,0.000000000,0.000000000,0.000000000,0.000000000,1.000000000,0.000000000,0.000000000,0.000000000,1.000000000,78.043899536,17.404718399,0.734162390,0.999998808,-0.001508387,0.000093767,-0.000094036
1228,128.232000000,fused_map_f2f,1,1,0,0.060306075,0.024558344,0.998788454,0.998788454,0.100000000,0.011002194,0.011002194,0.011002194,0.011002194,1.000000000,0.000000000,0.000000000,0.000000000,0.000000000,0.000000000,0.000000000,0.000000000,0.000000000,1.000000000,0.000000000,0.000000000,0.000000000,1.000000000,78.191452026,17.403896332,0.733642280,0.999998629,-0.001651949,0.000093260,-0.000112944
1229,128.339000000,fused_map_f2f,1,1,0,0.060490877,0.016504968,0.998056944,0.998056944,0.100000000,0.011010169,0.011010169,0.011010169,0.011010169,1.000000000,0.000000000,0.000000000,0.000000000,0.000000000,0.000000000,0.000000000,0.000000000,0.000000000,1.000000000,0.000000000,0.000000000,0.000000000,1.000000000,78.284233093,17.404209137,0.734322190,0.999998629,-0.001652148,0.000004580,-0.000080057
1230,128.418000000,fused_map_f2f,1,1,0,0.060145339,0.025396983,0.999424701,0.999424701,0.100000000,0.010995267,0.010995267,0.010995267,0.010995267,1.000000000,0.000000000,0.000000000,0.000000000,0.000000000,0.000000000,0.000000000,0.000000000,0.000000000,1.000000000,0.000000000,0.000000000,0.000000000,1.000000000,78.425712585,17.404369354,0.733891726,0.999998868,-0.001500694,0.000091529,-0.000115921
1231,128.521000000,fused_map_f2f,1,1,0,0.059639373,0.020799683,1.000000000,1.000000000,0.100000000,0.010989011,0.010989011,0.010989011,0.010989011,1.000000000,0.000000000,0.000000000,0.000000000,0.000000000,0.000000000,0.000000000,0.000000000,0.000000000,1.000000000,0.000000000,0.000000000,0.000000000,1.000000000,78.584930420,17.404405594,0.734576166,0.999998748,-0.001578815,0.000098785,-0.000098223
1232,128.632000000,fused_map_f2f,1,1,0,0.062081404,0.029021305,0.991761109,0.991761109,0.100000000,0.011079289,0.011079289,0.011079289,0.011079289,1.000000000,0.000000000,0.000000000,0.000000000,0.000000000,0.000000000,0.000000000,0.000000000,0.000000000,1.000000000,0.000000000,0.000000000,0.000000000,1.000000000,78.673019409,17.404090881,0.734670043,0.999998569,-0.001675890,0.000056776,-0.000075352
1233,128.713000000,fused_map_f2f,1,1,0,0.059927667,0.021565302,1.000000000,1.000000000,0.100000000,0.010989011,0.010989011,0.010989011,0.010989011,1.000000000,0.000000000,0.000000000,0.000000000,0.000000000,0.000000000,0.000000000,0.000000000,0.000000000,1.000000000,0.000000000,0.000000000,0.000000000,1.000000000,78.775115967,17.404504776,0.734388947,0.999998808,-0.001536660,0.000107246,-0.000104581
1234,128.834000000,fused_map_f2f,1,1,0,0.062934792,0.023870344,0.988383114,0.988383114,0.100000000,0.011116734,0.011116734,0.011116734,0.011116734,1.000000000,0.000000000,0.000000000,0.000000000,0.000000000,0.000000000,0.000000000,0.000000000,0.000000000,1.000000000,0.000000000,0.000000000,0.000000000,1.000000000,78.876655579,17.404304504,0.734474540,0.999998689,-0.001620812,0.000077059,-0.000064882
1235,128.930000000,fused_map_f2f,1,1,0,0.062052381,0.016855076,0.991875992,0.991875992,0.100000000,0.011078020,0.011078020,0.011078020,0.011078020,1.000000000,0.000000000,0.000000000,0.000000000,0.000000000,0.000000000,0.000000000,0.000000000,0.000000000,1.000000000,0.000000000,0.000000000,0.000000000,1.000000000,78.988533020,17.404174805,0.734302342,0.999998808,-0.001529835,0.000108686,-0.000098337
1236,129.030000000,fused_map_f2f,1,1,0,0.062226277,0.028975970,0.991187653,0.991187653,0.100000000,0.011085628,0.011085628,0.011085628,0.011085628,1.000000000,0.000000000,0.000000000,0.000000000,0.000000000,0.000000000,0.000000000,0.000000000,0.000000000,1.000000000,0.000000000,0.000000000,0.000000000,1.000000000,79.062805176,17.404022217,0.734533429,0.999998808,-0.001530789,0.000070758,-0.000110967
1237,129.135000000,fused_map_f2f,1,1,0,0.063399919,0.020004667,0.986541988,0.986541988,0.100000000,0.011137249,0.011137249,0.011137249,0.011137249,1.000000000,0.000000000,0.000000000,0.000000000,0.000000000,0.000000000,0.000000000,0.000000000,0.000000000,1.000000000,0.000000000,0.000000000,0.000000000,1.000000000,79.149002075,17.403669357,0.733742476,0.999998510,-0.001727068,0.000118356,-0.000083552
1238,129.214000000,fused_map_f2f,1,1,0,0.061628063,0.017481865,0.993555586,0.993555586,0.100000000,0.011059500,0.011059500,0.011059500,0.011059500,1.000000000,0.000000000,0.000000000,0.000000000,0.000000000,0.000000000,0.000000000,0.000000000,0.000000000,1.000000000,0.000000000,0.000000000,0.000000000,1.000000000,79.214019775,17.404052734,0.734086096,0.999998629,-0.001633074,0.000110370,-0.000087051
1239,129.337000000,fused_map_f2f,1,1,0,0.063630352,0.026328790,0.985629857,0.985629857,0.100000000,0.011147441,0.011147441,0.011147441,0.011147441,1.000000000,0.000000000,0.000000000,0.000000000,0.000000000,0.000000000,0.000000000,0.000000000,0.000000000,1.000000000,0.000000000,0.000000000,0.000000000,1.000000000,79.418174744,17.403806686,0.734041989,0.999998510,-0.001707441,0.000131291,-0.000110982
1240,129.419000000,fused_map_f2f,1,1,0,0.064125161,0.012853791,0.983671239,0.983671239,0.100000000,0.011169389,0.011169389,0.011169389,0.011169389,1.000000000,0.000000000,0.000000000,0.000000000,0.000000000,0.000000000,0.000000000,0.000000000,0.000000000,1.000000000,0.000000000,0.000000000,0.000000000,1.000000000,79.476425171,17.403516769,0.734101951,0.999998450,-0.001734146,0.000141323,-0.000159744
1241,129.515000000,fused_map_f2f,1,1,0,0.064055062,0.016697783,0.983948711,0.983948711,0.100000000,0.011166274,0.011166274,0.011166274,0.011166274,1.000000000,0.000000000,0.000000000,0.000000000,0.000000000,0.000000000,0.000000000,0.000000000,0.000000000,1.000000000,0.000000000,0.000000000,0.000000000,1.000000000,79.587219238,17.403644562,0.733914316,0.999998152,-0.001899140,0.000127211,-0.000102066
1242,129.615000000,fused_map_f2f,1,1,0,0.064129859,0.016305879,0.983652641,0.983652641,0.100000000,0.011169598,0.011169598,0.011169598,0.011169598,1.000000000,0.000000000,0.000000000,0.000000000,0.000000000,0.000000000,0.000000000,0.000000000,0.000000000,1.000000000,0.000000000,0.000000000,0.000000000,1.000000000,79.657951355,17.403440475,0.734290779,0.999998033,-0.001974027,0.000070661,-0.000083408
1243,129.720000000,fused_map_f2f,1,1,0,0.064324006,0.022621902,0.982884142,0.982884142,0.100000000,0.011178234,0.011178234,0.011178234,0.011178234,1.000000000,0.000000000,0.000000000,0.000000000,0.000000000,0.000000000,0.000000000,0.000000000,0.000000000,1.000000000,0.000000000,0.000000000,0.000000000,1.000000000,79.772865295,17.403692245,0.734227240,0.999998271,-0.001850819,0.000119002,-0.000105677
1244,129.816000000,fused_map_f2f,1,1,0,0.064937158,0.028773784,0.980457084,0.980457084,0.100000000,0.011205594,0.011205594,0.011205594,0.011205594,1.000000000,0.000000000,0.000000000,0.000000000,0.000000000,0.000000000,0.000000000,0.000000000,0.000000000,1.000000000,0.000000000,0.000000000,0.000000000,1.000000000,79.851577759,17.403223038,0.733749866,0.999998152,-0.001914317,0.000102245,-0.000088280
1245,129.943000000,fused_map_f2f,1,1,0,0.063802882,0.034776739,0.984946926,0.984946926,0.100000000,0.011155084,0.011155084,0.011155084,0.011155084,1.000000000,0.000000000,0.000000000,0.000000000,0.000000000,0.000000000,0.000000000,0.000000000,0.000000000,1.000000000,0.000000000,0.000000000,0.000000000,1.000000000,79.996910095,17.402690887,0.733795583,0.999997914,-0.002041024,0.000116985,-0.000074908
1246,130.015000000,fused_map_f2f,1,1,0,0.063983972,0.015360015,0.984230110,0.984230110,0.100000000,0.011163118,0.011163118,0.011163118,0.011163118,1.000000000,0.000000000,0.000000000,0.000000000,0.000000000,0.000000000,0.000000000,0.000000000,0.000000000,1.000000000,0.000000000,0.000000000,0.000000000,1.000000000,80.054000854,17.402450562,0.733947158,0.999997735,-0.002135294,0.000071404,-0.000065262
1247,130.114000000,fused_map_f2f,1,1,0,0.064610989,0.017491777,0.981748169,0.981748169,0.100000000,0.011191023,0.011191023,0.011191023,0.011191023,1.000000000,0.000000000,0.000000000,0.000000000,0.000000000,0.000000000,0.000000000,0.000000000,0.000000000,1.000000000,0.000000000,0.000000000,0.000000000,1.000000000,80.140228271,17.402738571,0.733841717,0.999998093,-0.001933573,0.000118034,-0.000081534
1248,130.216000000,fused_map_f2f,1,1,0,0.064049004,0.017087874,0.983972691,0.983972691,0.100000000,0.011166005,0.011166005,0.011166005,0.011166005,1.000000000,0.000000000,0.000000000,0.000000000,0.000000000,0.000000000,0.000000000,0.000000000,0.000000000,1.000000000,0.000000000,0.000000000,0.000000000,1.000000000,80.217285156,17.401954651,0.733842313,0.999997914,-0.002044105,0.000093706,-0.000084797
1249,130.317000000,fused_map_f2f,1,1,0,0.066555789,0.016256257,0.974050003,0.974050003,0.100000000,0.011278471,0.011278471,0.011278471,0.011278471,1.000000000,0.000000000,0.000000000,0.000000000,0.000000000,0.000000000,0.000000000,0.000000000,0.000000000,1.000000000,0.000000000,0.000000000,0.000000000,1.000000000,80.291114807,17.402250290,0.733735085,0.999997973,-0.001997054,0.000121551,-0.000080686
1250,130.423000000,fused_map_f2f,1,1,0,0.063691859,0.027124568,0.985386391,0.985386391,0.100000000,0.011150165,0.011150165,0.011150165,0.011150165,1.000000000,0.000000000,0.000000000,0.000000000,0.000000000,0.000000000,0.000000000,0.000000000,0.000000000,1.000000000,0.000000000,0.000000000,0.000000000,1.000000000,80.370292664,17.401935577,0.733908355,0.999997854,-0.002068145,0.000110034,-0.000083182
1251,130.521000000,fused_map_f2f,1,1,0,0.062882215,0.019766003,0.988591232,0.988591232,0.100000000,0.011114419,0.011114419,0.011114419,0.011114419,1.000000000,0.000000000,0.000000000,0.000000000,0.000000000,0.000000000,0.000000000,0.000000000,0.000000000,1.000000000,0.000000000,0.000000000,0.000000000,1.000000000,80.433372498,17.401933670,0.734325528,0.999998212,-0.001880823,0.000122447,-0.000083292
1252,130.629000000,fused_map_f2f,1,1,0,0.062900567,0.022544223,0.988518589,0.988518589,0.100000000,0.011115227,0.011115227,0.011115227,0.011115227,1.000000000,0.000000000,0.000000000,0.000000000,0.000000000,0.000000000,0.000000000,0.000000000,0.000000000,1.000000000,0.000000000,0.000000000,0.000000000,1.000000000,80.592361450,17.402505875,0.734568059,0.999998212,-0.001881604,0.000115020,-0.000084619
1253,130.739000000,fused_map_f2f,1,1,0,0.064606978,0.026174003,0.981764047,0.981764047,0.100000000,0.011190844,0.011190844,0.011190844,0.011190844,1.000000000,0.000000000,0.000000000,0.000000000,0.000000000,0.000000000,0.000000000,0.000000000,0.000000000,1.000000000,0.000000000,0.000000000,0.000000000,1.000000000,80.668403625,17.402608871,0.734533072,0.999998212,-0.001895175,0.000064826,-0.000043243
1254,130.816000000,fused_map_f2f,1,1,0,0.062176444,0.025587341,0.991384911,0.991384911,0.100000000,0.011083447,0.011083447,0.011083447,0.011083447,1.000000000,0.000000000,0.000000000,0.000000000,0.000000000,0.000000000,0.000000000,0.000000000,0.000000000,1.000000000,0.000000000,0.000000000,0.000000000,1.000000000,80.781227112,17.402729034,0.734574139,0.999998391,-0.001780378,0.000100356,-0.000079729
1255,130.920000000,fused_map_f2f,1,1,0,0.064124794,0.022666769,0.983672691,0.983672691,0.100000000,0.011169373,0.011169373,0.011169373,0.011169373,1.000000000,0.000000000,0.000000000,0.000000000,0.000000000,0.000000000,0.000000000,0.000000000,0.000000000,1.000000000,0.000000000,0.000000000,0.000000000,1.000000000,80.854667664,17.402526855,0.734708846,0.999998331,-0.001818898,0.000082572,-0.000106255
1256,131.016000000,fused_map_f2f,1,1,0,0.062920641,0.019082089,0.988439129,0.988439129,0.100000000,0.011116111,0.011116111,0.011116111,0.011116111,1.000000000,0.000000000,0.000000000,0.000000000,0.000000000,0.000000000,0.000000000,0.000000000,0.000000000,1.000000000,0.000000000,0.000000000,0.000000000,1.000000000,80.967910767,17.402469635,0.734145701,0.999998331,-0.001820908,0.000104831,-0.000107076
1257,131.115000000,fused_map_f2f,1,1,0,0.062806017,0.021231404,0.988892848,0.988892848,0.100000000,0.011111067,0.011111067,0.011111067,0.011111067,1.000000000,0.000000000,0.000000000,0.000000000,0.000000000,0.000000000,0.000000000,0.000000000,0.000000000,1.000000000,0.000000000,0.000000000,0.000000000,1.000000000,81.033966064,17.402614594,0.734223783,0.999998391,-0.001778741,0.000138242,-0.000107205
1258,131.225000000,fused_map_f2f,1,1,0,0.063256635,0.016866054,0.987109154,0.987109154,0.100000000,0.011130921,0.011130921,0.011130921,0.011130921,1.000000000,0.000000000,0.000000000,0.000000000,0.000000000,0.000000000,0.000000000,0.000000000,0.000000000,1.000000000,0.000000000,0.000000000,0.000000000,1.000000000,81.181495667,17.402639389,0.734113932,0.999998450,-0.001759611,0.000105421,-0.000094851
1259,131.326000000,fused_map_f2f,1,1,0,0.062869978,0.025152005,0.988639670,0.988639670,0.100000000,0.011113881,0.011113881,0.011113881,0.011113881,1.000000000,0.000000000,0.000000000,0.000000000,0.000000000,0.000000000,0.000000000,0.000000000,0.000000000,1.000000000,0.000000000,0.000000000,0.000000000,1.000000000,81.247817993,17.403024673,0.734763682,0.999998510,-0.001706469,0.000088946,-0.000071327
1260,131.425000000,fused_map_f2f,1,1,0,0.062719281,0.017235472,0.989236181,0.989236181,0.100000000,0.011107254,0.011107254,0.011107254,0.011107254,1.000000000,0.000000000,0.000000000,0.000000000,0.000000000,0.000000000,0.000000000,0.000000000,0.000000000,1.000000000,0.000000000,0.000000000,0.000000000,1.000000000,81.341346741,17.402826309,0.734742463,0.999998689,-0.001594464,0.000112814,-0.000098263
1261,131.529000000,fused_map_f2f,1,1,0,0.061783505,0.017092114,0.992940292,0.992940292,0.100000000,0.011066277,0.011066277,0.011066277,0.011066277,1.000000000,0.000000000,0.000000000,0.000000000,0.000000000,0.000000000,0.000000000,0.000000000,0.000000000,1.000000000,0.000000000,0.000000000,0.000000000,1.000000000,81.408134460,17.403192520,0.734852791,0.999998748,-0.001573342,0.000096148,-0.000088080
1262,131.629000000,fused_map_f2f,1,1,0,0.062302266,0.014324266,0.990886862,0.990886862,0.100000000,0.011088956,0.011088956,0.011088956,0.011088956,1.000000000,0.000000000,0.000000000,0.000000000,0.000000000,0.000000000,0.000000000,0.000000000,0.000000000,1.000000000,0.000000000,0.000000000,0.000000000,1.000000000,81.462318420,17.402744293,0.734356701,0.999998748,-0.001565344,0.000105046,-0.000098913
1263,131.727000000,fused_map_f2f,1,1,0,0.062491752,0.021107829,0.990136815,0.990136815,0.100000000,0.011097263,0.011097263,0.011097263,0.011097263,1.000000000,0.000000000,0.000000000,0.000000000,0.000000000,0.000000000,0.000000000,0.000000000,0.000000000,1.000000000,0.000000000,0.000000000,0.000000000,1.000000000,81.537506104,17.402824402,0.734247327,0.999998689,-0.001601318,0.000111997,-0.000102222
1264,131.830000000,fused_map_f2f,1,1,0,0.061899198,0.028736264,0.992482342,0.992482342,0.100000000,0.011071327,0.011071327,0.011071327,0.011071327,1.000000000,0.000000000,0.000000000,0.000000000,0.000000000,0.000000000,0.000000000,0.000000000,0.000000000,1.000000000,0.000000000,0.000000000,0.000000000,1.000000000,81.591949463,17.403089523,0.734447539,0.999998927,-0.001448155,0.000114512,-0.000098482
1265,131.929000000,fused_map_f2f,1,1,0,0.061561967,0.010715127,0.993817212,0.993817212,0.100000000,0.011056621,0.011056621,0.011056621,0.011056621,1.000000000,0.000000000,0.000000000,0.000000000,0.000000000,0.000000000,0.000000000,0.000000000,0.000000000,1.000000000,0.000000000,0.000000000,0.000000000,1.000000000,81.642539978,17.402656555,0.735074341,0.999998808,-0.001508049,0.000098462,-0.000092084
1266,132.024000000,fused_map_f2f,1,1,0,0.060831698,0.018904063,0.996707863,0.996707863,0.100000000,0.011024908,0.011024908,0.011024908,0.011024908,1.000000000,0.000000000,0.000000000,0.000000000,0.000000000,0.000000000,0.000000000,0.000000000,0.000000000,1.000000000,0.000000000,0.000000000,0.000000000,1.000000000,81.784591675,17.402626038,0.734572232,0.999998689,-0.001607141,0.000101726,-0.000104995
1267,132.130000000,fused_map_f2f,1,1,0,0.061716884,0.032437034,0.993204000,0.993204000,0.100000000,0.011063371,0.011063371,0.011063371,0.011063371,1.000000000,0.000000000,0.000000000,0.000000000,0.000000000,0.000000000,0.000000000,0.000000000,0.000000000,1.000000000,0.000000000,0.000000000,0.000000000,1.000000000,81.842041016,17.403150558,0.734523773,0.999998987,-0.001420797,0.000069564,-0.000042653
1268,132.229000000,fused_map_f2f,1,1,0,0.062094895,0.015729332,0.991707707,0.991707707,0.100000000,0.011079879,0.011079879,0.011079879,0.011079879,1.000000000,0.000000000,0.000000000,0.000000000,0.000000000,0.000000000,0.000000000,0.000000000,0.000000000,1.000000000,0.000000000,0.000000000,0.000000000,1.000000000,81.895805359,17.403514862,0.734388053,0.999999106,-0.001336679,0.000085456,-0.000040646
1269,132.334000000,fused_map_f2f,1,1,0,0.060172695,0.024490698,0.999316416,0.999316416,0.100000000,0.010996445,0.010996445,0.010996445,0.010996445,1.000000000,0.000000000,0.000000000,0.000000000,0.000000000,0.000000000,0.000000000,0.000000000,0.000000000,1.000000000,0.000000000,0.000000000,0.000000000,1.000000000,81.995376587,17.403289795,0.735227227,0.999998808,-0.001508509,0.000094839,-0.000090335
1270,132.416000000,fused_map_f2f,1,1,0,0.060389490,0.013068871,0.998458268,0.998458268,0.100000000,0.011005793,0.011005793,0.011005793,0.011005793,1.000000000,0.000000000,0.000000000,0.000000000,0.000000000,0.000000000,0.000000000,0.000000000,0.000000000,1.000000000,0.000000000,0.000000000,0.000000000,1.000000000,82.048614502,17.403415680,0.735013247,0.999998927,-0.001439719,0.000080079,-0.000089000
1271,132.518000000,fused_map_f2f,1,1,0,0.061306178,0.019551285,0.994829711,0.994829711,0.100000000,0.011045492,0.011045492,0.011045492,0.011045492,1.000000000,0.000000000,0.000000000,0.000000000,0.000000000,0.000000000,0.000000000,0.000000000,0.000000000,1.000000000,0.000000000,0.000000000,0.000000000,1.000000000,82.112243652,17.402967453,0.734778881,0.999998808,-0.001511273,0.000089378,-0.000092534
1272,132.623000000,fused_map_f2f,1,1,0,0.058930970,0.013187345,1.000000000,1.000000000,0.100000000,0.010989011,0.010989011,0.010989011,0.010989011,1.000000000,0.000000000,0.000000000,0.000000000,0.000000000,0.000000000,0.000000000,0.000000000,0.000000000,1.000000000,0.000000000,0.000000000,0.000000000,1.000000000,82.183479309,17.403644562,0.735438883,0.999999046,-0.001374478,0.000089607,-0.000089546
1273,132.735000000,fused_map_f2f,1,1,0,0.058231137,0.022585074,1.000000000,1.000000000,0.100000000,0.010989011,0.010989011,0.010989011,0.010989011,1.000000000,0.000000000,0.000000000,0.000000000,0.000000000,0.000000000,0.000000000,0.000000000,0.000000000,1.000000000,0.000000000,0.000000000,0.000000000,1.000000000,82.232994080,17.403362274,0.735048413,0.999998927,-0.001462024,0.000092127,-0.000085408
1274,132.816000000,fused_map_f2f,1,1,0,0.060131071,0.016856062,0.999481176,0.999481176,0.100000000,0.010994653,0.010994653,0.010994653,0.010994653,1.000000000,0.000000000,0.000000000,0.000000000,0.000000000,0.000000000,0.000000000,0.000000000,0.000000000,1.000000000,0.000000000,0.000000000,0.000000000,1.000000000,82.269371033,17.403102875,0.734917581,0.999998808,-0.001532751,0.000080384,-0.000082301
1275,132.933000000,fused_map_f2f,1,1,0,0.059733655,0.021680934,1.000000000,1.000000000,0.100000000,0.010989011,0.010989011,0.010989011,0.010989011,1.000000000,0.000000000,0.000000000,0.000000000,0.000000000,0.000000000,0.000000000,0.000000000,0.000000000,1.000000000,0.000000000,0.000000000,0.000000000,1.000000000,82.365608215,17.403287888,0.735104203,0.999998748,-0.001550968,0.000097752,-0.000121900
1276,133.019000000,fused_map_f2f,1,1,0,0.059030900,0.026808687,1.000000000,1.000000000,0.100000000,0.010989011,0.010989011,0.010989011,0.010989011,1.000000000,0.000000000,0.000000000,0.000000000,0.000000000,0.000000000,0.000000000,0.000000000,0.000000000,1.000000000,0.000000000,0.000000000,0.000000000,1.000000000,82.408813477,17.403123856,0.735119104,0.999998927,-0.001437353,0.000048584,-0.000103985
1277,133.135000000,fused_map_f2f,1,1,0,0.061201819,0.014871990,0.995242800,0.995242800,0.100000000,0.011040958,0.011040958,0.011040958,0.011040958,1.000000000,0.000000000,0.000000000,0.000000000,0.000000000,0.000000000,0.000000000,0.000000000,0.000000000,1.000000000,0.000000000,0.000000000,0.000000000,1.000000000,82.474403381,17.403917313,0.735344112,0.999998987,-0.001393839,0.000096982,-0.000089845
1278,133.233000000,fused_map_f2f,1,1,0,0.059767724,0.015854278,1.000000000,1.000000000,0.100000000,0.010989011,0.010989011,0.010989011,0.010989011,1.000000000,0.000000000,0.000000000,0.000000000,0.000000000,0.000000000,0.000000000,0.000000000,0.000000000,1.000000000,0.000000000,0.000000000,0.000000000,1.000000000,82.556640625,17.403734207,0.735339344,0.999998987,-0.001405305,0.000104487,-0.000096343
1279,133.337000000,fused_map_f2f,1,1,0,0.059715495,0.027465687,1.000000000,1.000000000,0.100000000,0.010989011,0.010989011,0.010989011,0.010989011,1.000000000,0.000000000,0.000000000,0.000000000,0.000000000,0.000000000,0.000000000,0.000000000,0.000000000,1.000000000,0.000000000,0.000000000,0.000000000,1.000000000,82.620460510,17.403747559,0.735590637,0.999999046,-0.001378204,0.000107306,-0.000101354
1280,133.430000000,fused_map_f2f,1,1,0,0.060841701,0.018509542,0.996668266,0.996668266,0.100000000,0.011025341,0.011025341,0.011025341,0.011025341,1.000000000,0.000000000,0.000000000,0.000000000,0.000000000,0.000000000,0.000000000,0.000000000,0.000000000,1.000000000,0.000000000,0.000000000,0.000000000,1.000000000,82.678703308,17.403770447,0.735007465,0.999999046,-0.001364834,0.000096983,-0.000102983
1281,133.531000000,fused_map_f2f,1,1,0,0.060502393,0.022357528,0.998011360,0.998011360,0.100000000,0.011010667,0.011010667,0.011010667,0.011010667,1.000000000,0.000000000,0.000000000,0.000000000,0.000000000,0.000000000,0.000000000,0.000000000,0.000000000,1.000000000,0.000000000,0.000000000,0.000000000,1.000000000,82.748054504,17.403326035,0.734821200,0.999998927,-0.001455020,0.000052391,-0.000076502
1282,133.613000000,fused_map_f2f,1,1,0,0.059811381,0.016031983,1.000000000,1.000000000,0.100000000,0.010989011,0.010989011,0.010989011,0.010989011,1.000000000,0.000000000,0.000000000,0.000000000,0.000000000,0.000000000,0.000000000,0.000000000,0.000000000,1.000000000,0.000000000,0.000000000,0.000000000,1.000000000,82.799369812,17.403102875,0.735296190,0.999998748,-0.001574793,0.000096856,-0.000098098
1283,133.737000000,fused_map_f2f,1,1,0,0.061589260,0.022248579,0.993709178,0.993709178,0.100000000,0.011057809,0.011057809,0.011057809,0.011057809,1.000000000,0.000000000,0.000000000,0.000000000,0.000000000,0.000000000,0.000000000,0.000000000,0.000000000,1.000000000,0.000000000,0.000000000,0.000000000,1.000000000,82.881660461,17.403030396,0.735243320,0.999998927,-0.001462414,0.000094606,-0.000070656
1284,133.833000000,fused_map_f2f,1,1,0,0.060585827,0.014612737,0.997681100,0.997681100,0.100000000,0.011014271,0.011014271,0.011014271,0.011014271,1.000000000,0.000000000,0.000000000,0.000000000,0.000000000,0.000000000,0.000000000,0.000000000,0.000000000,1.000000000,0.000000000,0.000000000,0.000000000,1.000000000,82.966430664,17.403062820,0.734924972,0.999998689,-0.001608433,0.000096341,-0.000099381
1285,133.935000000,fused_map_f2f,1,1,0,0.060056690,0.029088080,0.999775600,0.999775600,0.100000000,0.010991450,0.010991450,0.010991450,0.010991450,1.000000000,0.000000000,0.000000000,0.000000000,0.000000000,0.000000000,0.000000000,0.000000000,0.000000000,1.000000000,0.000000000,0.000000000,0.000000000,1.000000000,83.030723572,17.402526855,0.735150278,0.999998748,-0.001588558,0.000094629,-0.000065350
1286,134.033000000,fused_map_f2f,1,1,0,0.062071043,0.014911431,0.991802123,0.991802123,0.100000000,0.011078836,0.011078836,0.011078836,0.011078836,1.000000000,0.000000000,0.000000000,0.000000000,0.000000000,0.000000000,0.000000000,0.000000000,0.000000000,1.000000000,0.000000000,0.000000000,0.000000000,1.000000000,83.097640991,17.402471542,0.735296667,0.999998808,-0.001529891,0.000115342,-0.000041984
1287,134.141000000,fused_map_f2f,1,1,0,0.060261179,0.018502857,0.998966165,0.998966165,0.100000000,0.011000258,0.011000258,0.011000258,0.011000258,1.000000000,0.000000000,0.000000000,0.000000000,0.000000000,0.000000000,0.000000000,0.000000000,0.000000000,1.000000000,0.000000000,0.000000000,0.000000000,1.000000000,83.175804138,17.402160645,0.735643923,0.999998689,-0.001608922,0.000084765,-0.000115524
1288,134.234000000,fused_map_f2f,1,1,0,0.061018751,0.024834770,0.995967445,0.995967445,0.100000000,0.011033013,0.011033013,0.011033013,0.011033013,1.000000000,0.000000000,0.000000000,0.000000000,0.000000000,0.000000000,0.000000000,0.000000000,0.000000000,1.000000000,0.000000000,0.000000000,0.000000000,1.000000000,83.246582031,17.401803970,0.734834492,0.999998450,-0.001759399,0.000075150,-0.000149445
1289,134.331000000,fused_map_f2f,1,1,0,0.060146368,0.017503606,0.999420625,0.999420625,0.100000000,0.010995311,0.010995311,0.010995311,0.010995311,1.000000000,0.000000000,0.000000000,0.000000000,0.000000000,0.000000000,0.000000000,0.000000000,0.000000000,1.000000000,0.000000000,0.000000000,0.000000000,1.000000000,83.360519409,17.402345657,0.735469699,0.999998569,-0.001673475,0.000074121,-0.000143858
1290,134.422000000,fused_map_f2f,1,1,0,0.060492900,0.024703403,0.998048937,0.998048937,0.100000000,0.011010257,0.011010257,0.011010257,0.011010257,1.000000000,0.000000000,0.000000000,0.000000000,0.000000000,0.000000000,0.000000000,0.000000000,0.000000000,1.000000000,0.000000000,0.000000000,0.000000000,1.000000000,83.408996582,17.402175903,0.735528827,0.999998689,-0.001611562,0.000065420,-0.000167013
1291,134.539000000,fused_map_f2f,1,1,0,0.062367728,0.017587194,0.990627742,0.990627742,0.100000000,0.011091824,0.011091824,0.011091824,0.011091824,1.000000000,0.000000000,0.000000000,0.000000000,0.000000000,0.000000000,0.000000000,0.000000000,0.000000000,1.000000000,0.000000000,0.000000000,0.000000000,1.000000000,83.486129761,17.401939392,0.735556066,0.999998808,-0.001522638,0.000073708,-0.000134790
1292,134.641000000,fused_map_f2f,1,1,0,0.060846101,0.019923731,0.996650852,0.996650852,0.100000000,0.011025531,0.011025531,0.011025531,0.011025531,1.000000000,0.000000000,0.000000000,0.000000000,0.000000000,0.000000000,0.000000000,0.000000000,0.000000000,1.000000000,0.000000000,0.000000000,0.000000000,1.000000000,83.571937561,17.401887894,0.735677481,0.999998868,-0.001498194,0.000079877,-0.000132070
1293,134.734000000,fused_map_f2f,1,1,0,0.060959126,0.025122353,0.996203460,0.996203460,0.100000000,0.011030428,0.011030428,0.011030428,0.011030428,1.000000000,0.000000000,0.000000000,0.000000000,0.000000000,0.000000000,0.000000000,0.000000000,0.000000000,1.000000000,0.000000000,0.000000000,0.000000000,1.000000000,83.622962952,17.401525497,0.735887527,0.999998868,-0.001480226,0.000071933,-0.000131784
1294,134.837000000,fused_map_f2f,1,1,0,0.062715649,0.011800842,0.989250554,0.989250554,0.100000000,0.011107094,0.011107094,0.011107094,0.011107094,1.000000000,0.000000000,0.000000000,0.000000000,0.000000000,0.000000000,0.000000000,0.000000000,0.000000000,1.000000000,0.000000000,0.000000000,0.000000000,1.000000000,83.649795532,17.401130676,0.735309541,0.999998808,-0.001510799,0.000067868,-0.000114389
1295,134.928000000,fused_map_f2f,1,1,0,0.063370906,0.016971149,0.986656829,0.986656829,0.100000000,0.011135967,0.011135967,0.011135967,0.011135967,1.000000000,0.000000000,0.000000000,0.000000000,0.000000000,0.000000000,0.000000000,0.000000000,0.000000000,1.000000000,0.000000000,0.000000000,0.000000000,1.000000000,83.700683594,17.401201248,0.735477030,0.999998927,-0.001429858,0.000064876,-0.000117324
1296,135.029000000,fused_map_f2f,1,1,0,0.062461353,0.015676018,0.990257143,0.990257143,0.100000000,0.011095929,0.011095929,0.011095929,0.011095929,1.000000000,0.000000000,0.000000000,0.000000000,0.000000000,0.000000000,0.000000000,0.000000000,0.000000000,1.000000000,0.000000000,0.000000000,0.000000000,1.000000000,83.760612488,17.400543213,0.735595345,0.999998868,-0.001507642,0.000071479,-0.000141606
1297,135.129000000,fused_map_f2f,1,1,0,0.060152220,0.022313435,0.999397461,0.999397461,0.100000000,0.010995563,0.010995563,0.010995563,0.010995563,1.000000000,0.000000000,0.000000000,0.000000000,0.000000000,0.000000000,0.000000000,0.000000000,0.000000000,1.000000000,0.000000000,0.000000000,0.000000000,1.000000000,83.812507629,17.400188446,0.735863209,0.999998987,-0.001407241,0.000103948,-0.000122923
1298,135.236000000,fused_map_f2f,1,1,0,0.062457986,0.020871248,0.990270473,0.990270473,0.100000000,0.011095781,0.011095781,0.011095781,0.011095781,1.000000000,0.000000000,0.000000000,0.000000000,0.000000000,0.000000000,0.000000000,0.000000000,0.000000000,1.000000000,0.000000000,0.000000000,0.000000000,1.000000000,83.856658936,17.400680542,0.735833704,0.999999106,-0.001335254,0.000063326,-0.000114760
1299,135.318000000,fused_map_f2f,1,1,0,0.063119448,0.013845408,0.987652184,0.987652184,0.100000000,0.011124869,0.011124869,0.011124869,0.011124869,1.000000000,0.000000000,0.000000000,0.000000000,0.000000000,0.000000000,0.000000000,0.000000000,0.000000000,1.000000000,0.000000000,0.000000000,0.000000000,1.000000000,83.897567749,17.400730133,0.735633612,0.999999166,-0.001267756,0.000053744,-0.000113555
1300,135.423000000,fused_map_f2f,1,1,0,0.062915362,0.019539211,0.988460025,0.988460025,0.100000000,0.011115878,0.011115878,0.011115878,0.011115878,1.000000000,0.000000000,0.000000000,0.000000000,0.000000000,0.000000000,0.000000000,0.000000000,0.000000000,1.000000000,0.000000000,0.000000000,0.000000000,1.000000000,83.950698853,17.400363922,0.735631287,0.999999166,-0.001267965,0.000082105,-0.000117845
1301,135.532000000,fused_map_f2f,1,1,0,0.061722217,0.017054140,0.993182892,0.993182892,0.100000000,0.011063604,0.011063604,0.011063604,0.011063604,1.000000000,0.000000000,0.000000000,0.000000000,0.000000000,0.000000000,0.000000000,0.000000000,0.000000000,1.000000000,0.000000000,0.000000000,0.000000000,1.000000000,84.008964539,17.400382996,0.735271037,0.999999106,-0.001322852,0.000063744,-0.000118027
1302,135.626000000,fused_map_f2f,1,1,0,0.062229047,0.016866590,0.991176689,0.991176689,0.100000000,0.011085749,0.011085749,0.011085749,0.011085749,1.000000000,0.000000000,0.000000000,0.000000000,0.000000000,0.000000000,0.000000000,0.000000000,0.000000000,1.000000000,0.000000000,0.000000000,0.000000000,1.000000000,84.048332214,17.400897980,0.735897660,0.999999404,-0.001100660,0.000064029,-0.000099164
1303,135.734000000,fused_map_f2f,1,1,0,0.065329387,0.019006507,0.978904511,0.978904511,0.100000000,0.011223167,0.011223167,0.011223167,0.011223167,1.000000000,0.000000000,0.000000000,0.000000000,0.000000000,0.000000000,0.000000000,0.000000000,0.000000000,1.000000000,0.000000000,0.000000000,0.000000000,1.000000000,84.111900330,17.399848938,0.735393763,0.999998927,-0.001433189,0.000071436,-0.000106220
1304,135.832000000,fused_map_f2f,1,1,0,0.061337438,0.020699080,0.994705973,0.994705973,0.100000000,0.011046851,0.011046851,0.011046851,0.011046851,1.000000000,0.000000000,0.000000000,0.000000000,0.000000000,0.000000000,0.000000000,0.000000000,0.000000000,1.000000000,0.000000000,0.000000000,0.000000000,1.000000000,84.177299500,17.400108337,0.736080348,0.999999166,-0.001284685,0.000056079,-0.000100889
1305,135.922000000,fused_map_f2f,1,1,0,0.062051927,0.017696875,0.991877790,0.991877790,0.100000000,0.011078000,0.011078000,0.011078000,0.011078000,1.000000000,0.000000000,0.000000000,0.000000000,0.000000000,0.000000000,0.000000000,0.000000000,0.000000000,1.000000000,0.000000000,0.000000000,0.000000000,1.000000000,84.218437195,17.399211884,0.735576868,0.999998927,-0.001462101,0.000081100,-0.000137576
1306,136.032000000,fused_map_f2f,1,1,0,0.064431946,0.016046298,0.982456881,0.982456881,0.100000000,0.011183041,0.011183041,0.011183041,0.011183041,1.000000000,0.000000000,0.000000000,0.000000000,0.000000000,0.000000000,0.000000000,0.000000000,0.000000000,1.000000000,0.000000000,0.000000000,0.000000000,1.000000000,84.271224976,17.399475098,0.735512912,0.999998987,-0.001411168,0.000047398,-0.000120380
1307,136.135000000,fused_map_f2f,1,1,0,0.061730754,0.017548412,0.993149098,0.993149098,0.100000000,0.011063976,0.011063976,0.011063976,0.011063976,1.000000000,0.000000000,0.000000000,0.000000000,0.000000000,0.000000000,0.000000000,0.000000000,0.000000000,1.000000000,0.000000000,0.000000000,0.000000000,1.000000000,84.387413025,17.400568008,0.735942304,0.999999285,-0.001153034,0.000065418,-0.000128482
1308,136.229000000,fused_map_f2f,1,1,0,0.062394803,0.016128488,0.990520573,0.990520573,0.100000000,0.011093011,0.011093011,0.011093011,0.011093011,1.000000000,0.000000000,0.000000000,0.000000000,0.000000000,0.000000000,0.000000000,0.000000000,0.000000000,1.000000000,0.000000000,0.000000000,0.000000000,1.000000000,84.433456421,17.400094986,0.736061871,0.999999285,-0.001183466,0.000060618,-0.000102530
1309,136.333000000,fused_map_f2f,1,1,0,0.063968500,0.016619116,0.984291353,0.984291353,0.100000000,0.011162431,0.011162431,0.011162431,0.011162431,1.000000000,0.000000000,0.000000000,0.000000000,0.000000000,0.000000000,0.000000000,0.000000000,0.000000000,1.000000000,0.000000000,0.000000000,0.000000000,1.000000000,84.479927063,17.399896622,0.735361218,0.999999106,-0.001336078,0.000064444,-0.000121584
1310,136.436000000,fused_map_f2f,1,1,0,0.062785212,0.024278056,0.988975203,0.988975203,0.100000000,0.011110152,0.011110152,0.011110152,0.011110152,1.000000000,0.000000000,0.000000000,0.000000000,0.000000000,0.000000000,0.000000000,0.000000000,0.000000000,1.000000000,0.000000000,0.000000000,0.000000000,1.000000000,84.561576843,17.400491714,0.736567140,0.999999344,-0.001127080,0.000042607,-0.000125997
1311,136.527000000,fused_map_f2f,1,1,0,0.063013665,0.017938162,0.988070910,0.988070910,0.100000000,0.011120207,0.011120207,0.011120207,0.011120207,1.000000000,0.000000000,0.000000000,0.000000000,0.000000000,0.000000000,0.000000000,0.000000000,0.000000000,1.000000000,0.000000000,0.000000000,0.000000000,1.000000000,84.599258423,17.400272369,0.736001670,0.999999225,-0.001205803,0.000059474,-0.000137658
1312,136.620000000,fused_map_f2f,1,1,0,0.061886276,0.016353253,0.992533490,0.992533490,0.100000000,0.011070763,0.011070763,0.011070763,0.011070763,1.000000000,0.000000000,0.000000000,0.000000000,0.000000000,0.000000000,0.000000000,0.000000000,0.000000000,1.000000000,0.000000000,0.000000000,0.000000000,1.000000000,84.634216309,17.400186539,0.735218167,0.999999225,-0.001221012,0.000057827,-0.000131011
1313,136.718000000,fused_map_f2f,1,1,0,0.063437320,0.021060453,0.986393941,0.986393941,0.100000000,0.011138902,0.011138902,0.011138902,0.011138902,1.000000000,0.000000000,0.000000000,0.000000000,0.000000000,0.000000000,0.000000000,0.000000000,0.000000000,1.000000000,0.000000000,0.000000000,0.000000000,1.000000000,84.670074463,17.400657654,0.735510945,0.999999344,-0.001145829,0.000055131,-0.000130016
1314,136.813000000,fused_map_f2f,1,1,0,0.064870756,0.015580054,0.980719923,0.980719923,0.100000000,0.011202625,0.011202625,0.011202625,0.011202625,1.000000000,0.000000000,0.000000000,0.000000000,0.000000000,0.000000000,0.000000000,0.000000000,0.000000000,1.000000000,0.000000000,0.000000000,0.000000000,1.000000000,84.736763000,17.400665283,0.735675335,0.999999285,-0.001192025,0.000076558,-0.000139883
1315,136.931000000,fused_map_f2f,1,1,0,0.062915258,0.026963155,0.988460437,0.988460437,0.100000000,0.011115874,0.011115874,0.011115874,0.011115874,1.000000000,0.000000000,0.000000000,0.000000000,0.000000000,0.000000000,0.000000000,0.000000000,0.000000000,1.000000000,0.000000000,0.000000000,0.000000000,1.000000000,84.788803101,17.400197983,0.735323846,0.999999166,-0.001277596,0.000061193,-0.000133744
1316,137.032000000,fused_map_f2f,1,1,0,0.063707623,0.017349384,0.985323993,0.985323993,0.100000000,0.011150863,0.011150863,0.011150863,0.011150863,1.000000000,0.000000000,0.000000000,0.000000000,0.000000000,0.000000000,0.000000000,0.000000000,0.000000000,1.000000000,0.000000000,0.000000000,0.000000000,1.000000000,84.831130981,17.400667191,0.735434175,0.999999404,-0.001087630,0.000063936,-0.000132781
1317,137.122000000,fused_map_f2f,1,1,0,0.065244556,0.022748489,0.979240299,0.979240299,0.100000000,0.011219362,0.011219362,0.011219362,0.011219362,1.000000000,0.000000000,0.000000000,0.000000000,0.000000000,0.000000000,0.000000000,0.000000000,0.000000000,1.000000000,0.000000000,0.000000000,0.000000000,1.000000000,84.870315552,17.400949478,0.735267341,0.999999404,-0.001052194,0.000061726,-0.000154186
1318,137.214000000,fused_map_f2f,1,1,0,0.066646266,0.026222402,0.973691864,0.973691864,0.100000000,0.011282573,0.011282573,0.011282573,0.011282573,1.000000000,0.000000000,0.000000000,0.000000000,0.000000000,0.000000000,0.000000000,0.000000000,0.000000000,1.000000000,0.000000000,0.000000000,0.000000000,1.000000000,84.938827515,17.400390625,0.734580517,0.999999225,-0.001226963,0.000066878,-0.000165934
1319,137.332000000,fused_map_f2f,1,1,0,0.064897273,0.015809654,0.980614961,0.980614961,0.100000000,0.011203811,0.011203811,0.011203811,0.011203811,1.000000000,0.000000000,0.000000000,0.000000000,0.000000000,0.000000000,0.000000000,0.000000000,0.000000000,1.000000000,0.000000000,0.000000000,0.000000000,1.000000000,84.994972229,17.399929047,0.734511614,0.999999344,-0.001121966,0.000085600,-0.000183876
1320,137.432000000,fused_map_f2f,1,1,0,0.066244371,0.014631605,0.975282699,0.975282699,0.100000000,0.011264376,0.011264376,0.011264376,0.011264376,1.000000000,0.000000000,0.000000000,0.000000000,0.000000000,0.000000000,0.000000000,0.000000000,0.000000000,1.000000000,0.000000000,0.000000000,0.000000000,1.000000000,85.038131714,17.400766373,0.735078573,0.999999166,-0.001289146,0.000085163,-0.000192928
1321,137.521000000,fused_map_f2f,1,1,0,0.067041788,0.016130143,0.972126257,0.972126257,0.100000000,0.011300538,0.011300538,0.011300538,0.011300538,1.000000000,0.000000000,0.000000000,0.000000000,0.000000000,0.000000000,0.000000000,0.000000000,0.000000000,1.000000000,0.000000000,0.000000000,0.000000000,1.000000000,85.075386047,17.400562286,0.734612703,0.999999285,-0.001155078,0.000086014,-0.000215849
1322,137.620000000,fused_map_f2f,1,1,0,0.066358475,0.018846264,0.974831037,0.974831037,0.100000000,0.011269537,0.011269537,0.011269537,0.011269537,1.000000000,0.000000000,0.000000000,0.000000000,0.000000000,0.000000000,0.000000000,0.000000000,0.000000000,1.000000000,0.000000000,0.000000000,0.000000000,1.000000000,85.121162415,17.401027679,0.734673679,0.999999285,-0.001148915,0.000074931,-0.000216522
1323,137.714000000,fused_map_f2f,1,1,0,0.065042895,0.014250887,0.980038542,0.980038542,0.100000000,0.011210326,0.011210326,0.011210326,0.011210326,1.000000000,0.000000000,0.000000000,0.000000000,0.000000000,0.000000000,0.000000000,0.000000000,0.000000000,1.000000000,0.000000000,0.000000000,0.000000000,1.000000000,85.165176392,17.400812149,0.734918594,0.999999285,-0.001165135,0.000073595,-0.000211434
1324,137.831000000,fused_map_f2f,1,1,0,0.064534586,0.020141267,0.982050597,0.982050597,0.100000000,0.011187615,0.011187615,0.011187615,0.011187615,1.000000000,0.000000000,0.000000000,0.000000000,0.000000000,0.000000000,0.000000000,0.000000000,0.000000000,1.000000000,0.000000000,0.000000000,0.000000000,1.000000000,85.217605591,17.400192261,0.734834075,0.999999166,-0.001252179,0.000065614,-0.000236982
1325,137.920000000,fused_map_f2f,1,1,0,0.064180529,0.019729432,0.983452073,0.983452073,0.100000000,0.011171850,0.011171850,0.011171850,0.011171850,1.000000000,0.000000000,0.000000000,0.000000000,0.000000000,0.000000000,0.000000000,0.000000000,0.000000000,1.000000000,0.000000000,0.000000000,0.000000000,1.000000000,85.249214172,17.400827408,0.734962642,0.999999344,-0.001114397,0.000070413,-0.000244082
1326,138.020000000,fused_map_f2f,1,1,0,0.066529568,0.023376721,0.974153794,0.974153794,0.100000000,0.011277283,0.011277283,0.011277283,0.011277283,1.000000000,0.000000000,0.000000000,0.000000000,0.000000000,0.000000000,0.000000000,0.000000000,0.000000000,1.000000000,0.000000000,0.000000000,0.000000000,1.000000000,85.290939331,17.400400162,0.734598577,0.999999225,-0.001229017,0.000050005,-0.000240060
1327,138.113000000,fused_map_f2f,1,1,0,0.064483860,0.019054450,0.982251387,0.982251387,0.100000000,0.011185354,0.011185354,0.011185354,0.011185354,1.000000000,0.000000000,0.000000000,0.000000000,0.000000000,0.000000000,0.000000000,0.000000000,0.000000000,1.000000000,0.000000000,0.000000000,0.000000000,1.000000000,85.393951416,17.400360107,0.734414756,0.999999166,-0.001266720,0.000071478,-0.000271471
1328,138.231000000,fused_map_f2f,1,1,0,0.067077119,0.012451113,0.971986403,0.971986403,0.100000000,0.011302145,0.011302145,0.011302145,0.011302145,1.000000000,0.000000000,0.000000000,0.000000000,0.000000000,0.000000000,0.000000000,0.000000000,0.000000000,1.000000000,0.000000000,0.000000000,0.000000000,1.000000000,85.445388794,17.400178909,0.734229565,0.999999046,-0.001354756,0.000071578,-0.000282338
1329,138.323000000,fused_map_f2f,1,1,0,0.067111141,0.014371268,0.971851735,0.971851735,0.100000000,0.011303694,0.011303694,0.011303694,0.011303694,1.000000000,0.000000000,0.000000000,0.000000000,0.000000000,0.000000000,0.000000000,0.000000000,0.000000000,1.000000000,0.000000000,0.000000000,0.000000000,1.000000000,85.481765747,17.399602890,0.734012902,0.999998868,-0.001456278,0.000065169,-0.000315900
1330,138.426000000,fused_map_f2f,1,1,0,0.066407842,0.020233201,0.974635624,0.974635624,0.100000000,0.011271771,0.011271771,0.011271771,0.011271771,1.000000000,0.000000000,0.000000000,0.000000000,0.000000000,0.000000000,0.000000000,0.000000000,0.000000000,1.000000000,0.000000000,0.000000000,0.000000000,1.000000000,85.555732727,17.400358200,0.734791994,0.999999285,-0.001141297,0.000057762,-0.000300176
1331,138.518000000,fused_map_f2f,1,1,0,0.066071898,0.017218234,0.975965403,0.975965403,0.100000000,0.011256585,0.011256585,0.011256585,0.011256585,1.000000000,0.000000000,0.000000000,0.000000000,0.000000000,0.000000000,0.000000000,0.000000000,0.000000000,1.000000000,0.000000000,0.000000000,0.000000000,1.000000000,85.594192505,17.399772644,0.734803736,0.999999225,-0.001194093,0.000066359,-0.000309407
1332,138.627000000,fused_map_f2f,1,1,0,0.065739811,0.014430353,0.977279914,0.977279914,0.100000000,0.011241615,0.011241615,0.011241615,0.011241615,1.000000000,0.000000000,0.000000000,0.000000000,0.000000000,0.000000000,0.000000000,0.000000000,0.000000000,1.000000000,0.000000000,0.000000000,0.000000000,1.000000000,85.638938904,17.399728775,0.734737933,0.999999106,-0.001269172,0.000088704,-0.000295704
1333,138.721000000,fused_map_f2f,1,1,0,0.067420505,0.017218819,0.970627168,0.970627168,0.100000000,0.011317793,0.011317793,0.011317793,0.011317793,1.000000000,0.000000000,0.000000000,0.000000000,0.000000000,0.000000000,0.000000000,0.000000000,0.000000000,1.000000000,0.000000000,0.000000000,0.000000000,1.000000000,85.672340393,17.400014877,0.734569967,0.999999166,-0.001258971,0.000078083,-0.000293758
1334,138.834000000,fused_map_f2f,1,1,0,0.066974791,0.018950459,0.972391453,0.972391453,0.100000000,0.011297491,0.011297491,0.011297491,0.011297491,1.000000000,0.000000000,0.000000000,0.000000000,0.000000000,0.000000000,0.000000000,0.000000000,0.000000000,1.000000000,0.000000000,0.000000000,0.000000000,1.000000000,85.753196716,17.400285721,0.734816670,0.999999344,-0.001067581,0.000066475,-0.000323719
1335,138.931000000,fused_map_f2f,1,1,0,0.065572081,0.017286149,0.977943847,0.977943847,0.100000000,0.011234068,0.011234068,0.011234068,0.011234068,1.000000000,0.000000000,0.000000000,0.000000000,0.000000000,0.000000000,0.000000000,0.000000000,0.000000000,1.000000000,0.000000000,0.000000000,0.000000000,1.000000000,85.790267944,17.399946213,0.734687150,0.999999225,-0.001164778,0.000073117,-0.000325827
1336,139.028000000,fused_map_f2f,1,1,0,0.066303863,0.038978687,0.975047208,0.975047208,0.100000000,0.011267066,0.011267066,0.011267066,0.011267066,1.000000000,0.000000000,0.000000000,0.000000000,0.000000000,0.000000000,0.000000000,0.000000000,0.000000000,1.000000000,0.000000000,0.000000000,0.000000000,1.000000000,85.820724487,17.399877548,0.734238625,0.999999166,-0.001213496,0.000073492,-0.000336868
1337,139.123000000,fused_map_f2f,1,1,0,0.067353168,0.022588704,0.970893708,0.970893708,0.100000000,0.011314722,0.011314722,0.011314722,0.011314722,1.000000000,0.000000000,0.000000000,0.000000000,0.000000000,0.000000000,0.000000000,0.000000000,0.000000000,1.000000000,0.000000000,0.000000000,0.000000000,1.000000000,85.847503662,17.400032043,0.734498024,0.999999166,-0.001217906,0.000069083,-0.000310616
1338,139.226000000,fused_map_f2f,1,1,0,0.069798374,0.024420056,0.961214771,0.961214771,0.100000000,0.011427353,0.011427353,0.011427353,0.011427353,1.000000000,0.000000000,0.000000000,0.000000000,0.000000000,0.000000000,0.000000000,0.000000000,0.000000000,1.000000000,0.000000000,0.000000000,0.000000000,1.000000000,85.871940613,17.399929047,0.734330416,0.999999344,-0.001108508,0.000066062,-0.000337970
1339,139.318000000,fused_map_f2f,1,1,0,0.069404600,0.014208927,0.962773457,0.962773457,0.100000000,0.011409064,0.011409064,0.011409064,0.011409064,1.000000000,0.000000000,0.000000000,0.000000000,0.000000000,0.000000000,0.000000000,0.000000000,0.000000000,1.000000000,0.000000000,0.000000000,0.000000000,1.000000000,85.903694153,17.399152756,0.734212756,0.999999046,-0.001322209,0.000127882,-0.000348461
1340,139.413000000,fused_map_f2f,1,1,0,0.068670150,0.032703923,0.965680656,0.965680656,0.100000000,0.011375107,0.011375107,0.011375107,0.011375107,1.000000000,0.000000000,0.000000000,0.000000000,0.000000000,0.000000000,0.000000000,0.000000000,0.000000000,1.000000000,0.000000000,0.000000000,0.000000000,1.000000000,85.941596985,17.400129318,0.734218776,0.999999285,-0.001096425,0.000087381,-0.000369628
1341,139.540000000,fused_map_f2f,1,1,0,0.067100781,0.015442130,0.971892744,0.971892744,0.100000000,0.011303222,0.011303222,0.011303222,0.011303222,1.000000000,0.000000000,0.000000000,0.000000000,0.000000000,0.000000000,0.000000000,0.000000000,0.000000000,1.000000000,0.000000000,0.000000000,0.000000000,1.000000000,85.995414734,17.399593353,0.734641612,0.999999106,-0.001304340,0.000061578,-0.000352641
1342,139.615000000,fused_map_f2f,1,1,0,0.067020637,0.021634069,0.972209978,0.972209978,0.100000000,0.011299576,0.011299576,0.011299576,0.011299576,1.000000000,0.000000000,0.000000000,0.000000000,0.000000000,0.000000000,0.000000000,0.000000000,0.000000000,1.000000000,0.000000000,0.000000000,0.000000000,1.000000000,86.019523621,17.399509430,0.734304070,0.999999106,-0.001271985,0.000072322,-0.000352358
1343,139.714000000,fused_map_f2f,1,1,0,0.066340016,0.010402191,0.974904105,0.974904105,0.100000000,0.011268701,0.011268701,0.011268701,0.011268701,1.000000000,0.000000000,0.000000000,0.000000000,0.000000000,0.000000000,0.000000000,0.000000000,0.000000000,1.000000000,0.000000000,0.000000000,0.000000000,1.000000000,86.048835754,17.399602890,0.734330952,0.999999404,-0.001031977,0.000070596,-0.000361385
1344,139.826000000,fused_map_f2f,1,1,0,0.068096993,0.012675077,0.967949403,0.967949403,0.100000000,0.011348748,0.011348748,0.011348748,0.011348748,1.000000000,0.000000000,0.000000000,0.000000000,0.000000000,0.000000000,0.000000000,0.000000000,0.000000000,1.000000000,0.000000000,0.000000000,0.000000000,1.000000000,86.092475891,17.399898529,0.733817101,0.999999285,-0.001151473,0.000070081,-0.000355112
1345,139.926000000,fused_map_f2f,1,1,0,0.067419812,0.030247804,0.970629909,0.970629909,0.100000000,0.011317762,0.011317762,0.011317762,0.011317762,1.000000000,0.000000000,0.000000000,0.000000000,0.000000000,0.000000000,0.000000000,0.000000000,0.000000000,1.000000000,0.000000000,0.000000000,0.000000000,1.000000000,86.139518738,17.399885178,0.734269083,0.999999166,-0.001216483,0.000075138,-0.000357079
1346,140.024000000,fused_map_f2f,1,1,0,0.065554769,0.010566107,0.978012372,0.978012372,0.100000000,0.011233290,0.011233290,0.011233290,0.011233290,1.000000000,0.000000000,0.000000000,0.000000000,0.000000000,0.000000000,0.000000000,0.000000000,0.000000000,1.000000000,0.000000000,0.000000000,0.000000000,1.000000000,86.179405212,17.399593353,0.734118998,0.999999106,-0.001265323,0.000085476,-0.000348138
1347,140.118000000,fused_map_f2f,1,1,0,0.066510110,0.017946757,0.974230814,0.974230814,0.100000000,0.011276401,0.011276401,0.011276401,0.011276401,1.000000000,0.000000000,0.000000000,0.000000000,0.000000000,0.000000000,0.000000000,0.000000000,0.000000000,1.000000000,0.000000000,0.000000000,0.000000000,1.000000000,86.219413757,17.399484634,0.734506547,0.999999106,-0.001263796,0.000078376,-0.000355472
1348,140.217000000,fused_map_f2f,1,1,0,0.068102145,0.016631069,0.967929009,0.967929009,0.100000000,0.011348984,0.011348984,0.011348984,0.011348984,1.000000000,0.000000000,0.000000000,0.000000000,0.000000000,0.000000000,0.000000000,0.000000000,0.000000000,1.000000000,0.000000000,0.000000000,0.000000000,1.000000000,86.261032104,17.399362564,0.734264374,0.999999285,-0.001146051,0.000089061,-0.000359030
1349,140.333000000,fused_map_f2f,1,1,0,0.068824053,0.022627253,0.965071458,0.965071458,0.100000000,0.011382206,0.011382206,0.011382206,0.011382206,1.000000000,0.000000000,0.000000000,0.000000000,0.000000000,0.000000000,0.000000000,0.000000000,0.000000000,1.000000000,0.000000000,0.000000000,0.000000000,1.000000000,86.315452576,17.399555206,0.733957708,0.999999344,-0.001098646,0.000086703,-0.000355613
1350,140.428000000,fused_map_f2f,1,1,0,0.068159150,0.017611748,0.967703366,0.967703366,0.100000000,0.011351601,0.011351601,0.011351601,0.011351601,1.000000000,0.000000000,0.000000000,0.000000000,0.000000000,0.000000000,0.000000000,0.000000000,0.000000000,1.000000000,0.000000000,0.000000000,0.000000000,1.000000000,86.358299255,17.399923325,0.733914673,0.999999464,-0.000938880,0.000149255,-0.000368519
1351,140.523000000,fused_map_f2f,1,1,0,0.067441887,0.029781061,0.970542531,0.970542531,0.100000000,0.011318769,0.011318769,0.011318769,0.011318769,1.000000000,0.000000000,0.000000000,0.000000000,0.000000000,0.000000000,0.000000000,0.000000000,0.000000000,1.000000000,0.000000000,0.000000000,0.000000000,1.000000000,86.403244019,17.399045944,0.733905137,0.999999166,-0.001247956,0.000089578,-0.000341390
1352,140.615000000,fused_map_f2f,1,1,0,0.069473357,0.013460536,0.962501295,0.962501295,0.100000000,0.011412253,0.011412253,0.011412253,0.011412253,1.000000000,0.000000000,0.000000000,0.000000000,0.000000000,0.000000000,0.000000000,0.000000000,0.000000000,1.000000000,0.000000000,0.000000000,0.000000000,1.000000000,86.442718506,17.399316788,0.734168053,0.999999344,-0.001106776,0.000088792,-0.000346408
1353,140.720000000,fused_map_f2f,1,1,0,0.070844677,0.013789280,0.957073154,0.957073154,0.100000000,0.011476236,0.011476236,0.011476236,0.011476236,1.000000000,0.000000000,0.000000000,0.000000000,0.000000000,0.000000000,0.000000000,0.000000000,0.000000000,1.000000000,0.000000000,0.000000000,0.000000000,1.000000000,86.505783081,17.399108887,0.733962893,0.999999106,-0.001265008,0.000081378,-0.000341540
1354,140.822000000,fused_map_f2f,1,1,0,0.068392004,0.013591461,0.966781650,0.966781650,0.100000000,0.011362300,0.011362300,0.011362300,0.011362300,1.000000000,0.000000000,0.000000000,0.000000000,0.000000000,0.000000000,0.000000000,0.000000000,0.000000000,1.000000000,0.000000000,0.000000000,0.000000000,1.000000000,86.565246582,17.399366379,0.734568536,0.999999285,-0.001130295,0.000085063,-0.000343267
1355,140.914000000,fused_map_f2f,1,1,0,0.068531162,0.021465089,0.966230815,0.966230815,0.100000000,0.011368704,0.011368704,0.011368704,0.011368704,1.000000000,0.000000000,0.000000000,0.000000000,0.000000000,0.000000000,0.000000000,0.000000000,0.000000000,1.000000000,0.000000000,0.000000000,0.000000000,1.000000000,86.618728638,17.399597168,0.734595001,0.999999225,-0.001162042,0.000085909,-0.000341468
1356,141.013000000,fused_map_f2f,1,1,0,0.069663862,0.017385045,0.961747211,0.961747211,0.100000000,0.011421099,0.011421099,0.011421099,0.011421099,1.000000000,0.000000000,0.000000000,0.000000000,0.000000000,0.000000000,0.000000000,0.000000000,0.000000000,1.000000000,0.000000000,0.000000000,0.000000000,1.000000000,86.674140930,17.399570465,0.734550774,0.999999285,-0.001159427,0.000076086,-0.000325999
1357,141.131000000,fused_map_f2f,1,1,0,0.068943936,0.034248808,0.964596921,0.964596921,0.100000000,0.011387742,0.011387742,0.011387742,0.011387742,1.000000000,0.000000000,0.000000000,0.000000000,0.000000000,0.000000000,0.000000000,0.000000000,0.000000000,1.000000000,0.000000000,0.000000000,0.000000000,1.000000000,86.786521912,17.399587631,0.734514236,0.999999285,-0.001130141,0.000093094,-0.000350704
1358,141.231000000,fused_map_f2f,1,1,0,0.067228277,0.020057159,0.971388072,0.971388072,0.100000000,0.011309028,0.011309028,0.011309028,0.011309028,1.000000000,0.000000000,0.000000000,0.000000000,0.000000000,0.000000000,0.000000000,0.000000000,0.000000000,1.000000000,0.000000000,0.000000000,0.000000000,1.000000000,86.839767456,17.399505615,0.734524608,0.999999225,-0.001166882,0.000102316,-0.000356043
1359,141.326000000,fused_map_f2f,1,1,0,0.069043957,0.028812087,0.964201003,0.964201003,0.100000000,0.011392365,0.011392365,0.011392365,0.011392365,1.000000000,0.000000000,0.000000000,0.000000000,0.000000000,0.000000000,0.000000000,0.000000000,0.000000000,1.000000000,0.000000000,0.000000000,0.000000000,1.000000000,86.872955322,17.399732590,0.734336853,0.999999344,-0.001069541,0.000090280,-0.000340516
1360,141.423000000,fused_map_f2f,1,1,0,0.069297579,0.019084298,0.963197081,0.963197081,0.100000000,0.011404103,0.011404103,0.011404103,0.011404103,1.000000000,0.000000000,0.000000000,0.000000000,0.000000000,0.000000000,0.000000000,0.000000000,0.000000000,1.000000000,0.000000000,0.000000000,0.000000000,1.000000000,86.962768555,17.399990082,0.734814048,0.999999404,-0.001024880,0.000090247,-0.000367198
1361,141.513000000,fused_map_f2f,1,1,0,0.069638420,0.015054076,0.961847921,0.961847921,0.100000000,0.011419917,0.011419917,0.011419917,0.011419917,1.000000000,0.000000000,0.000000000,0.000000000,0.000000000,0.000000000,0.000000000,0.000000000,0.000000000,1.000000000,0.000000000,0.000000000,0.000000000,1.000000000,87.011627197,17.399276733,0.734605193,0.999999166,-0.001201284,0.000086586,-0.000418216
1362,141.635000000,fused_map_f2f,1,1,0,0.069791880,0.018237915,0.961240476,0.961240476,0.100000000,0.011427051,0.011427051,0.011427051,0.011427051,1.000000000,0.000000000,0.000000000,0.000000000,0.000000000,0.000000000,0.000000000,0.000000000,0.000000000,1.000000000,0.000000000,0.000000000,0.000000000,1.000000000,87.072448730,17.399948120,0.734312296,0.999999344,-0.001080269,0.000082009,-0.000326874
1363,141.728000000,fused_map_f2f,1,1,0,0.070453139,0.022215022,0.958622990,0.958622990,0.100000000,0.011457895,0.011457895,0.011457895,0.011457895,1.000000000,0.000000000,0.000000000,0.000000000,0.000000000,0.000000000,0.000000000,0.000000000,0.000000000,1.000000000,0.000000000,0.000000000,0.000000000,1.000000000,87.142364502,17.399505615,0.735136390,0.999999344,-0.001108355,0.000076617,-0.000335946
1364,141.832000000,fused_map_f2f,1,1,0,0.070331337,0.019397018,0.959105124,0.959105124,0.100000000,0.011452201,0.011452201,0.011452201,0.011452201,1.000000000,0.000000000,0.000000000,0.000000000,0.000000000,0.000000000,0.000000000,0.000000000,0.000000000,1.000000000,0.000000000,0.000000000,0.000000000,1.000000000,87.205612183,17.399833679,0.735216558,0.999999344,-0.001086405,0.000077517,-0.000339650
1365,141.924000000,fused_map_f2f,1,1,0,0.071896133,0.026278994,0.952911139,0.952911139,0.100000000,0.011525783,0.011525783,0.011525783,0.011525783,1.000000000,0.000000000,0.000000000,0.000000000,0.000000000,0.000000000,0.000000000,0.000000000,0.000000000,1.000000000,0.000000000,0.000000000,0.000000000,1.000000000,87.233367920,17.399276733,0.734983325,0.999999285,-0.001124492,0.000078862,-0.000335746
1366,142.020000000,fused_map_f2f,1,1,0,0.075039527,0.024118522,0.940468541,0.940468541,0.100000000,0.011676491,0.011676491,0.011676491,0.011676491,1.000000000,0.000000000,0.000000000,0.000000000,0.000000000,0.000000000,0.000000000,0.000000000,0.000000000,1.000000000,0.000000000,0.000000000,0.000000000,1.000000000,87.290023804,17.399801254,0.734880865,0.999999404,-0.001011814,0.000071313,-0.000309722
1367,142.119000000,fused_map_f2f,1,1,0,0.073253142,0.019294539,0.947539647,0.947539647,0.100000000,0.011590364,0.011590364,0.011590364,0.011590364,1.000000000,0.000000000,0.000000000,0.000000000,0.000000000,0.000000000,0.000000000,0.000000000,0.000000000,1.000000000,0.000000000,0.000000000,0.000000000,1.000000000,87.347740173,17.399309158,0.735007048,0.999999344,-0.001078798,0.000083597,-0.000326082
1368,142.214000000,fused_map_f2f,1,1,0,0.071021719,0.016780868,0.956372361,0.956372361,0.100000000,0.011484549,0.011484549,0.011484549,0.011484549,1.000000000,0.000000000,0.000000000,0.000000000,0.000000000,0.000000000,0.000000000,0.000000000,0.000000000,1.000000000,0.000000000,0.000000000,0.000000000,1.000000000,87.399009705,17.399234772,0.735543489,0.999999344,-0.001069900,0.000089478,-0.000331045
1369,142.333000000,fused_map_f2f,1,1,0,0.073216539,0.023357143,0.947684533,0.947684533,0.100000000,0.011588612,0.011588612,0.011588612,0.011588612,1.000000000,0.000000000,0.000000000,0.000000000,0.000000000,0.000000000,0.000000000,0.000000000,0.000000000,1.000000000,0.000000000,0.000000000,0.000000000,1.000000000,87.461326599,17.398866653,0.735045910,0.999999285,-0.001127745,0.000091509,-0.000297606
1370,142.426000000,fused_map_f2f,1,1,0,0.075125192,0.012777830,0.940129449,0.940129449,0.100000000,0.011680653,0.011680653,0.011680653,0.011680653,1.000000000,0.000000000,0.000000000,0.000000000,0.000000000,0.000000000,0.000000000,0.000000000,0.000000000,1.000000000,0.000000000,0.000000000,0.000000000,1.000000000,87.508354187,17.399124146,0.735092163,0.999999285,-0.001115980,0.000084177,-0.000308947
1371,142.520000000,fused_map_f2f,1,1,0,0.072772492,0.011759238,0.949442220,0.949442220,0.100000000,0.011567407,0.011567407,0.011567407,0.011567407,1.000000000,0.000000000,0.000000000,0.000000000,0.000000000,0.000000000,0.000000000,0.000000000,0.000000000,1.000000000,0.000000000,0.000000000,0.000000000,1.000000000,87.556304932,17.399215698,0.734974921,0.999999464,-0.000989858,0.000112731,-0.000308858
1372,142.631000000,fused_map_f2f,1,1,0,0.072197201,0.021943049,0.951719411,0.951719411,0.100000000,0.011540049,0.011540049,0.011540049,0.011540049,1.000000000,0.000000000,0.000000000,0.000000000,0.000000000,0.000000000,0.000000000,0.000000000,0.000000000,1.000000000,0.000000000,0.000000000,0.000000000,1.000000000,87.608436584,17.399238586,0.734904885,0.999999464,-0.000940578,0.000083329,-0.000318740
1373,142.733000000,fused_map_f2f,1,1,0,0.072812571,0.034810476,0.949283575,0.949283575,0.100000000,0.011569318,0.011569318,0.011569318,0.011569318,1.000000000,0.000000000,0.000000000,0.000000000,0.000000000,0.000000000,0.000000000,0.000000000,0.000000000,1.000000000,0.000000000,0.000000000,0.000000000,1.000000000,87.645149231,17.399883270,0.735407889,0.999999464,-0.000945157,0.000083432,-0.000315244
1374,142.821000000,fused_map_f2f,1,1,0,0.073245729,0.043566340,0.947568991,0.947568991,0.100000000,0.011590009,0.011590009,0.011590009,0.011590009,1.000000000,0.000000000,0.000000000,0.000000000,0.000000000,0.000000000,0.000000000,0.000000000,0.000000000,1.000000000,0.000000000,0.000000000,0.000000000,1.000000000,87.683761597,17.399181366,0.734697282,0.999999285,-0.001146848,0.000090167,-0.000311471
1375,142.917000000,fused_map_f2f,1,1,0,0.074028773,0.014882661,0.944469439,0.944469439,0.100000000,0.011627603,0.011627603,0.011627603,0.011627603,1.000000000,0.000000000,0.000000000,0.000000000,0.000000000,0.000000000,0.000000000,0.000000000,0.000000000,1.000000000,0.000000000,0.000000000,0.000000000,1.000000000,87.745056152,17.399026871,0.735268772,0.999999344,-0.001082869,0.000080197,-0.000305882
1376,143.014000000,fused_map_f2f,1,1,0,0.073033454,0.057936690,0.948409244,0.948409244,0.100000000,0.011579860,0.011579860,0.011579860,0.011579860,1.000000000,0.000000000,0.000000000,0.000000000,0.000000000,0.000000000,0.000000000,0.000000000,0.000000000,1.000000000,0.000000000,0.000000000,0.000000000,1.000000000,87.790191650,17.399244308,0.735181093,0.999999285,-0.001122751,0.000078120,-0.000309906
1377,143.134000000,fused_map_f2f,1,1,0,0.074562833,0.019479339,0.942355455,0.942355455,0.100000000,0.011653383,0.011653383,0.011653383,0.011653383,1.000000000,0.000000000,0.000000000,0.000000000,0.000000000,0.000000000,0.000000000,0.000000000,0.000000000,1.000000000,0.000000000,0.000000000,0.000000000,1.000000000,87.844978333,17.399089813,0.734652579,0.999999285,-0.001144778,0.000083725,-0.000314895
1378,143.228000000,fused_map_f2f,1,1,0,0.076605466,0.021644824,0.934270030,0.934270030,0.100000000,0.011753049,0.011753049,0.011753049,0.011753049,1.000000000,0.000000000,0.000000000,0.000000000,0.000000000,0.000000000,0.000000000,0.000000000,0.000000000,1.000000000,0.000000000,0.000000000,0.000000000,1.000000000,87.885978699,17.399068832,0.734632313,0.999999344,-0.001106419,0.000082849,-0.000318358
1379,143.318000000,fused_map_f2f,1,1,0,0.075985151,0.016103218,0.936725442,0.936725442,0.100000000,0.011722602,0.011722602,0.011722602,0.011722602,1.000000000,0.000000000,0.000000000,0.000000000,0.000000000,0.000000000,0.000000000,0.000000000,0.000000000,1.000000000,0.000000000,0.000000000,0.000000000,1.000000000,87.924926758,17.399095535,0.734590411,0.999999404,-0.001034424,0.000063857,-0.000321545
1380,143.422000000,fused_map_f2f,1,1,0,0.074191882,0.018317174,0.943823800,0.943823800,0.100000000,0.011635464,0.011635464,0.011635464,0.011635464,1.000000000,0.000000000,0.000000000,0.000000000,0.000000000,0.000000000,0.000000000,0.000000000,0.000000000,1.000000000,0.000000000,0.000000000,0.000000000,1.000000000,87.979301453,17.399276733,0.734565437,0.999999404,-0.001033259,0.000087691,-0.000303849
1381,143.533000000,fused_map_f2f,1,1,0,0.075023966,0.030586769,0.940530133,0.940530133,0.100000000,0.011675735,0.011675735,0.011675735,0.011675735,1.000000000,0.000000000,0.000000000,0.000000000,0.000000000,0.000000000,0.000000000,0.000000000,0.000000000,1.000000000,0.000000000,0.000000000,0.000000000,1.000000000,88.025459290,17.399101257,0.734868050,0.999999344,-0.001104604,0.000084025,-0.000303149
1382,143.624000000,fused_map_f2f,1,1,0,0.075985413,0.019397592,0.936724408,0.936724408,0.100000000,0.011722615,0.011722615,0.011722615,0.011722615,1.000000000,0.000000000,0.000000000,0.000000000,0.000000000,0.000000000,0.000000000,0.000000000,0.000000000,1.000000000,0.000000000,0.000000000,0.000000000,1.000000000,88.059120178,17.399148941,0.734729409,0.999999464,-0.000986794,0.000083626,-0.000306824
1383,143.713000000,fused_map_f2f,1,1,0,0.077562245,0.019500392,0.930482780,0.930482780,0.100000000,0.011800322,0.011800322,0.011800322,0.011800322,1.000000000,0.000000000,0.000000000,0.000000000,0.000000000,0.000000000,0.000000000,0.000000000,0.000000000,1.000000000,0.000000000,0.000000000,0.000000000,1.000000000,88.074890137,17.399608612,0.734430194,0.999999523,-0.000927154,0.000089976,-0.000293887
1384,143.826000000,fused_map_f2f,1,1,0,0.077489164,0.025085430,0.930772060,0.930772060,0.100000000,0.011796698,0.011796698,0.011796698,0.011796698,1.000000000,0.000000000,0.000000000,0.000000000,0.000000000,0.000000000,0.000000000,0.000000000,0.000000000,1.000000000,0.000000000,0.000000000,0.000000000,1.000000000,88.122306824,17.399614334,0.734200180,0.999999642,-0.000827551,0.000045134,-0.000245301
1385,143.921000000,fused_map_f2f,1,1,0,0.074880188,0.017598305,0.941099256,0.941099256,0.100000000,0.011668757,0.011668757,0.011668757,0.011668757,1.000000000,0.000000000,0.000000000,0.000000000,0.000000000,0.000000000,0.000000000,0.000000000,0.000000000,1.000000000,0.000000000,0.000000000,0.000000000,1.000000000,88.163558960,17.399002075,0.734697104,0.999999404,-0.001042415,0.000081921,-0.000268954
1386,144.014000000,fused_map_f2f,1,1,0,0.075702373,0.043562017,0.937844774,0.937844774,0.100000000,0.011708775,0.011708775,0.011708775,0.011708775,1.000000000,0.000000000,0.000000000,0.000000000,0.000000000,0.000000000,0.000000000,0.000000000,0.000000000,1.000000000,0.000000000,0.000000000,0.000000000,1.000000000,88.196861267,17.399089813,0.735053122,0.999999225,-0.001179122,0.000070232,-0.000274878
1387,144.114000000,fused_map_f2f,1,1,0,0.076826347,0.021364274,0.933395709,0.933395709,0.100000000,0.011763929,0.011763929,0.011763929,0.011763929,1.000000000,0.000000000,0.000000000,0.000000000,0.000000000,0.000000000,0.000000000,0.000000000,0.000000000,1.000000000,0.000000000,0.000000000,0.000000000,1.000000000,88.232925415,17.398742676,0.734579802,0.999999344,-0.001070129,0.000070961,-0.000275148
1388,144.239000000,fused_map_f2f,1,1,0,0.077352552,0.014643793,0.931312817,0.931312817,0.100000000,0.011789929,0.011789929,0.011789929,0.011789929,1.000000000,0.000000000,0.000000000,0.000000000,0.000000000,0.000000000,0.000000000,0.000000000,0.000000000,1.000000000,0.000000000,0.000000000,0.000000000,1.000000000,88.270408630,17.398986816,0.734642982,0.999999285,-0.001155762,0.000082628,-0.000232195
1389,144.328000000,fused_map_f2f,1,1,0,0.079506182,0.020958009,0.922788030,0.922788030,0.100000000,0.011897549,0.011897549,0.011897549,0.011897549,1.000000000,0.000000000,0.000000000,0.000000000,0.000000000,0.000000000,0.000000000,0.000000000,0.000000000,1.000000000,0.000000000,0.000000000,0.000000000,1.000000000,88.311592102,17.399652481,0.734647512,0.999999404,-0.001080193,0.000070079,-0.000231281
1390,144.423000000,fused_map_f2f,1,1,0,0.076748800,0.013124098,0.933702665,0.933702665,0.100000000,0.011760107,0.011760107,0.011760107,0.011760107,1.000000000,0.000000000,0.000000000,0.000000000,0.000000000,0.000000000,0.000000000,0.000000000,0.000000000,1.000000000,0.000000000,0.000000000,0.000000000,1.000000000,88.364448547,17.399518967,0.734642029,0.999999225,-0.001224984,0.000079565,-0.000199674
1391,144.520000000,fused_map_f2f,1,1,0,0.075825524,0.034603819,0.937357301,0.937357301,0.100000000,0.011714793,0.011714793,0.011714793,0.011714793,1.000000000,0.000000000,0.000000000,0.000000000,0.000000000,0.000000000,0.000000000,0.000000000,0.000000000,1.000000000,0.000000000,0.000000000,0.000000000,1.000000000,88.404747009,17.398927689,0.734816253,0.999999046,-0.001376303,0.000076859,-0.000214128
1392,144.618000000,fused_map_f2f,1,1,0,0.076165040,0.014577260,0.936013385,0.936013385,0.100000000,0.011731416,0.011731416,0.011731416,0.011731416,1.000000000,0.000000000,0.000000000,0.000000000,0.000000000,0.000000000,0.000000000,0.000000000,0.000000000,1.000000000,0.000000000,0.000000000,0.000000000,1.000000000,88.429718018,17.399654388,0.734960020,0.999999404,-0.001073984,0.000061774,-0.000217151
1393,144.716000000,fused_map_f2f,1,1,0,0.076666648,0.028893550,0.934027850,0.934027850,0.100000000,0.011756061,0.011756061,0.011756061,0.011756061,1.000000000,0.000000000,0.000000000,0.000000000,0.000000000,0.000000000,0.000000000,0.000000000,0.000000000,1.000000000,0.000000000,0.000000000,0.000000000,1.000000000,88.433830261,17.398883820,0.734595239,0.999999166,-0.001247916,0.000077913,-0.000216724
1394,144.832000000,fused_map_f2f,1,1,0,0.076366539,0.017584820,0.935215783,0.935215783,0.100000000,0.011741303,0.011741303,0.011741303,0.011741303,1.000000000,0.000000000,0.000000000,0.000000000,0.000000000,0.000000000,0.000000000,0.000000000,0.000000000,1.000000000,0.000000000,0.000000000,0.000000000,1.000000000,88.431404114,17.399496078,0.734835207,0.999999225,-0.001205896,0.000068617,-0.000194344
1395,144.932000000,fused_map_f2f,1,1,0,0.077100544,0.013954015,0.932310348,0.932310348,0.100000000,0.011777463,0.011777463,0.011777463,0.011777463,1.000000000,0.000000000,0.000000000,0.000000000,0.000000000,0.000000000,0.000000000,0.000000000,0.000000000,1.000000000,0.000000000,0.000000000,0.000000000,1.000000000,88.433395386,17.399791718,0.734730005,0.999999285,-0.001152384,0.000075269,-0.000179082
1396,145.033000000,fused_map_f2f,1,1,0,0.077719501,0.026322924,0.929860307,0.929860307,0.100000000,0.011808128,0.011808128,0.011808128,0.011808128,1.000000000,0.000000000,0.000000000,0.000000000,0.000000000,0.000000000,0.000000000,0.000000000,0.000000000,1.000000000,0.000000000,0.000000000,0.000000000,1.000000000,88.433593750,17.399587631,0.734119475,0.999999225,-0.001242737,0.000086347,-0.000157690
1397,145.113000000,fused_map_f2f,1,1,0,0.078592047,0.018508684,0.926406482,0.926406482,0.100000000,0.011851629,0.011851629,0.011851629,0.011851629,1.000000000,0.000000000,0.000000000,0.000000000,0.000000000,0.000000000,0.000000000,0.000000000,0.000000000,1.000000000,0.000000000,0.000000000,0.000000000,1.000000000,88.436164856,17.398744583,0.734474778,0.999999106,-0.001324081,0.000083872,-0.000159440
1398,145.223000000,fused_map_f2f,1,1,0,0.077742536,0.015924223,0.929769127,0.929769127,0.100000000,0.011809272,0.011809272,0.011809272,0.011809272,1.000000000,0.000000000,0.000000000,0.000000000,0.000000000,0.000000000,0.000000000,0.000000000,0.000000000,1.000000000,0.000000000,0.000000000,0.000000000,1.000000000,88.399932861,17.400012970,0.734372556,0.999999225,-0.001209695,0.000094627,-0.000145834
1399,145.321000000,fused_map_f2f,1,1,0,0.078547946,0.094855588,0.926581049,0.926581049,0.086202997,0.010231285,0.010231285,0.010231285,0.010231285,1.000000000,0.000000000,0.000000000,0.000000000,0.000000000,0.000000000,0.000000000,0.000000000,0.000000000,1.000000000,0.000000000,0.000000000,0.000000000,1.000000000,88.432701111,17.399358749,0.734275222,0.999999166,-0.001257294,0.000082214,-0.000143234
1400,145.426000000,fused_map_f2f,1,1,0,0.078166175,0.013721809,0.928092222,0.928092222,0.100000000,0.011830357,0.011830357,0.011830357,0.011830357,1.000000000,0.000000000,0.000000000,0.000000000,0.000000000,0.000000000,0.000000000,0.000000000,0.000000000,1.000000000,0.000000000,0.000000000,0.000000000,1.000000000,88.443817139,17.399202347,0.734296501,0.999999106,-0.001332769,0.000073743,-0.000141323
1401,145.518000000,fused_map_f2f,1,1,0,0.079878201,0.036036799,0.921315456,0.921315456,0.100000000,0.011916339,0.011916339,0.011916339,0.011916339,1.000000000,0.000000000,0.000000000,0.000000000,0.000000000,0.000000000,0.000000000,0.000000000,0.000000000,1.000000000,0.000000000,0.000000000,0.000000000,1.000000000,88.385482788,17.399322510,0.734214127,0.999998748,-0.001554683,0.000068977,-0.000139124
1402,145.615000000,fused_map_f2f,1,1,0,0.079820840,0.020897895,0.921542509,0.921542509,0.100000000,0.011913438,0.011913438,0.011913438,0.011913438,1.000000000,0.000000000,0.000000000,0.000000000,0.000000000,0.000000000,0.000000000,0.000000000,0.000000000,1.000000000,0.000000000,0.000000000,0.000000000,1.000000000,88.415992737,17.398767471,0.734161019,0.999999046,-0.001360190,0.000079967,-0.000152007
1403,145.741000000,fused_map_f2f,1,1,0,0.079632996,0.030445638,0.922286057,0.922286057,0.100000000,0.011903948,0.011903948,0.011903948,0.011903948,1.000000000,0.000000000,0.000000000,0.000000000,0.000000000,0.000000000,0.000000000,0.000000000,0.000000000,1.000000000,0.000000000,0.000000000,0.000000000,1.000000000,88.403594971,17.399089813,0.734580159,0.999998808,-0.001512734,0.000082553,-0.000128402
1404,145.830000000,fused_map_f2f,1,1,0,0.079872034,0.013088380,0.921339864,0.921339864,0.100000000,0.011916027,0.011916027,0.011916027,0.011916027,1.000000000,0.000000000,0.000000000,0.000000000,0.000000000,0.000000000,0.000000000,0.000000000,0.000000000,1.000000000,0.000000000,0.000000000,0.000000000,1.000000000,88.407791138,17.399099350,0.734547138,0.999998987,-0.001397030,0.000080595,-0.000135333
1405,145.930000000,fused_map_f2f,1,1,0,0.081024213,0.013026521,0.916779156,0.916779156,0.100000000,0.011974596,0.011974596,0.011974596,0.011974596,1.000000000,0.000000000,0.000000000,0.000000000,0.000000000,0.000000000,0.000000000,0.000000000,0.000000000,1.000000000,0.000000000,0.000000000,0.000000000,1.000000000,88.403305054,17.398757935,0.734424233,0.999998868,-0.001492525,0.000089336,-0.000106319
1406,146.039000000,fused_map_f2f,1,1,0,0.082002223,0.014497655,0.912907867,0.912907867,0.100000000,0.012024765,0.012024765,0.012024765,0.012024765,1.000000000,0.000000000,0.000000000,0.000000000,0.000000000,0.000000000,0.000000000,0.000000000,0.000000000,1.000000000,0.000000000,0.000000000,0.000000000,1.000000000,88.442306519,17.398797989,0.734357774,0.999999046,-0.001364850,0.000073447,-0.000077534
1407,146.114000000,fused_map_f2f,1,1,0,0.080863711,0.049126950,0.917414477,0.917414477,0.100000000,0.011966403,0.011966403,0.011966403,0.011966403,1.000000000,0.000000000,0.000000000,0.000000000,0.000000000,0.000000000,0.000000000,0.000000000,0.000000000,1.000000000,0.000000000,0.000000000,0.000000000,1.000000000,88.439552307,17.399677277,0.734756291,0.999999106,-0.001342459,0.000077558,-0.000079840
1408,146.230000000,fused_map_f2f,1,1,0,0.081920046,0.018966813,0.913233150,0.913233150,0.100000000,0.012020533,0.012020533,0.012020533,0.012020533,1.000000000,0.000000000,0.000000000,0.000000000,0.000000000,0.000000000,0.000000000,0.000000000,0.000000000,1.000000000,0.000000000,0.000000000,0.000000000,1.000000000,88.430099487,17.399368286,0.734548867,0.999998987,-0.001414968,0.000086298,-0.000106212
1409,146.331000000,fused_map_f2f,1,1,0,0.083134213,0.024098542,0.908427072,0.908427072,0.100000000,0.012083360,0.012083360,0.012083360,0.012083360,1.000000000,0.000000000,0.000000000,0.000000000,0.000000000,0.000000000,0.000000000,0.000000000,0.000000000,1.000000000,0.000000000,0.000000000,0.000000000,1.000000000,88.433250427,17.399173737,0.734353423,0.999998748,-0.001575934,0.000103524,-0.000097085
1410,146.419000000,fused_map_f2f,1,1,0,0.081316021,0.026610485,0.915624083,0.915624083,0.100000000,0.011989521,0.011989521,0.011989521,0.011989521,1.000000000,0.000000000,0.000000000,0.000000000,0.000000000,0.000000000,0.000000000,0.000000000,0.000000000,1.000000000,0.000000000,0.000000000,0.000000000,1.000000000,88.418640137,17.399293900,0.734233439,0.999998748,-0.001554050,0.000096767,-0.000097248
1411,146.532000000,fused_map_f2f,1,1,0,0.083296849,0.016599353,0.907783306,0.907783306,0.100000000,0.012091826,0.012091826,0.012091826,0.012091826,1.000000000,0.000000000,0.000000000,0.000000000,0.000000000,0.000000000,0.000000000,0.000000000,0.000000000,1.000000000,0.000000000,0.000000000,0.000000000,1.000000000,88.432235718,17.399139404,0.733997881,0.999998868,-0.001484921,0.000093126,-0.000091838
1412,146.625000000,fused_map_f2f,1,1,0,0.081835156,0.014403443,0.913569174,0.913569174,0.100000000,0.012016165,0.012016165,0.012016165,0.012016165,1.000000000,0.000000000,0.000000000,0.000000000,0.000000000,0.000000000,0.000000000,0.000000000,0.000000000,1.000000000,0.000000000,0.000000000,0.000000000,1.000000000,88.431472778,17.398353577,0.734091341,0.999998629,-0.001632811,0.000098154,-0.000104025
1413,146.722000000,fused_map_f2f,1,1,0,0.084896728,0.024143769,0.901450452,0.901450452,0.100000000,0.012175739,0.012175739,0.012175739,0.012175739,1.000000000,0.000000000,0.000000000,0.000000000,0.000000000,0.000000000,0.000000000,0.000000000,0.000000000,1.000000000,0.000000000,0.000000000,0.000000000,1.000000000,88.415763855,17.398502350,0.733777106,0.999998629,-0.001629756,0.000096509,-0.000115828
1414,146.815000000,fused_map_f2f,1,1,0,0.086438672,0.019304420,0.895346924,0.895346924,0.100000000,0.012257723,0.012257723,0.012257723,0.012257723,1.000000000,0.000000000,0.000000000,0.000000000,0.000000000,0.000000000,0.000000000,0.000000000,0.000000000,1.000000000,0.000000000,0.000000000,0.000000000,1.000000000,88.428764343,17.398878098,0.733886182,0.999998927,-0.001426206,0.000119700,-0.000135092
1415,146.913000000,fused_map_f2f,1,1,0,0.087410840,0.014171214,0.891498759,0.891498759,0.100000000,0.012309982,0.012309982,0.012309982,0.012309982,1.000000000,0.000000000,0.000000000,0.000000000,0.000000000,0.000000000,0.000000000,0.000000000,0.000000000,1.000000000,0.000000000,0.000000000,0.000000000,1.000000000,88.464530945,17.398752213,0.733648837,0.999998808,-0.001508829,0.000113490,-0.000112937
1416,147.029000000,fused_map_f2f,1,1,0,0.084780617,0.023399569,0.901910057,0.901910057,0.100000000,0.012169610,0.012169610,0.012169610,0.012169610,1.000000000,0.000000000,0.000000000,0.000000000,0.000000000,0.000000000,0.000000000,0.000000000,0.000000000,1.000000000,0.000000000,0.000000000,0.000000000,1.000000000,88.535408020,17.398694992,0.734014869,0.999998808,-0.001534219,0.000107513,-0.000111049
1417,147.121000000,fused_map_f2f,1,1,0,0.083833198,0.017081431,0.905660256,0.905660256,0.100000000,0.012119828,0.012119828,0.012119828,0.012119828,1.000000000,0.000000000,0.000000000,0.000000000,0.000000000,0.000000000,0.000000000,0.000000000,0.000000000,1.000000000,0.000000000,0.000000000,0.000000000,1.000000000,88.587234497,17.398088455,0.733857155,0.999998629,-0.001627526,0.000111445,-0.000135781
1418,147.219000000,fused_map_f2f,1,1,0,0.083587425,0.029032364,0.906633108,0.906633108,0.100000000,0.012106980,0.012106980,0.012106980,0.012106980,1.000000000,0.000000000,0.000000000,0.000000000,0.000000000,0.000000000,0.000000000,0.000000000,0.000000000,1.000000000,0.000000000,0.000000000,0.000000000,1.000000000,88.634628296,17.398008347,0.733244240,0.999998510,-0.001723379,0.000123973,-0.000112794
1419,147.325000000,fused_map_f2f,1,1,0,0.088051146,0.015200172,0.888964214,0.888964214,0.100000000,0.012344646,0.012344646,0.012344646,0.012344646,1.000000000,0.000000000,0.000000000,0.000000000,0.000000000,0.000000000,0.000000000,0.000000000,0.000000000,1.000000000,0.000000000,0.000000000,0.000000000,1.000000000,88.664405823,17.397996902,0.733365119,0.999998689,-0.001588282,0.000108991,-0.000117783
1420,147.418000000,fused_map_f2f,1,1,0,0.088159244,0.026259265,0.888536326,0.888536326,0.100000000,0.012350517,0.012350517,0.012350517,0.012350517,1.000000000,0.000000000,0.000000000,0.000000000,0.000000000,0.000000000,0.000000000,0.000000000,0.000000000,1.000000000,0.000000000,0.000000000,0.000000000,1.000000000,88.710739136,17.398834229,0.733084440,0.999998927,-0.001459128,0.000101623,-0.000128011
1421,147.534000000,fused_map_f2f,1,1,0,0.086194383,0.018096806,0.896313900,0.896313900,0.100000000,0.012244660,0.012244660,0.012244660,0.012244660,1.000000000,0.000000000,0.000000000,0.000000000,0.000000000,0.000000000,0.000000000,0.000000000,0.000000000,1.000000000,0.000000000,0.000000000,0.000000000,1.000000000,88.769821167,17.397676468,0.732494235,0.999998450,-0.001759086,0.000116855,-0.000171105
1422,147.630000000,fused_map_f2f,1,1,0,0.085703479,0.027693918,0.898257062,0.898257062,0.100000000,0.012218496,0.012218496,0.012218496,0.012218496,1.000000000,0.000000000,0.000000000,0.000000000,0.000000000,0.000000000,0.000000000,0.000000000,0.000000000,1.000000000,0.000000000,0.000000000,0.000000000,1.000000000,88.822349548,17.397861481,0.732756734,0.999998629,-0.001653411,0.000106363,-0.000171457
1423,147.720000000,fused_map_f2f,1,1,0,0.087330771,0.027801047,0.891815699,0.891815699,0.100000000,0.012305661,0.012305661,0.012305661,0.012305661,1.000000000,0.000000000,0.000000000,0.000000000,0.000000000,0.000000000,0.000000000,0.000000000,0.000000000,1.000000000,0.000000000,0.000000000,0.000000000,1.000000000,88.874488831,17.398527145,0.733873308,0.999998987,-0.001385620,0.000113108,-0.000127101
1424,147.816000000,fused_map_f2f,1,1,0,0.089598933,0.018095816,0.882837558,0.882837558,0.100000000,0.012429250,0.012429250,0.012429250,0.012429250,1.000000000,0.000000000,0.000000000,0.000000000,0.000000000,0.000000000,0.000000000,0.000000000,0.000000000,1.000000000,0.000000000,0.000000000,0.000000000,1.000000000,88.960731506,17.398756027,0.734221995,0.999999106,-0.001304800,0.000098332,-0.000145381
1425,147.935000000,fused_map_f2f,1,1,0,0.090813012,0.020429665,0.878031827,0.878031827,0.100000000,0.012496428,0.012496428,0.012496428,0.012496428,1.000000000,0.000000000,0.000000000,0.000000000,0.000000000,0.000000000,0.000000000,0.000000000,0.000000000,1.000000000,0.000000000,0.000000000,0.000000000,1.000000000,89.045661926,17.397638321,0.733731329,0.999998927,-0.001454933,0.000117499,-0.000156053
1426,148.023000000,fused_map_f2f,1,1,0,0.088985154,0.024423684,0.885267098,0.885267098,0.100000000,0.012395561,0.012395561,0.012395561,0.012395561,1.000000000,0.000000000,0.000000000,0.000000000,0.000000000,0.000000000,0.000000000,0.000000000,0.000000000,1.000000000,0.000000000,0.000000000,0.000000000,1.000000000,89.180465698,17.399141312,0.733984113,0.999999166,-0.001288011,0.000109013,-0.000126008
1427,148.122000000,fused_map_f2f,1,1,0,0.091332508,0.023595298,0.875975490,0.875975490,0.100000000,0.012525396,0.012525396,0.012525396,0.012525396,1.000000000,0.000000000,0.000000000,0.000000000,0.000000000,0.000000000,0.000000000,0.000000000,0.000000000,1.000000000,0.000000000,0.000000000,0.000000000,1.000000000,89.254562378,17.398881912,0.733849347,0.999998927,-0.001433291,0.000111493,-0.000135748
1428,148.219000000,fused_map_f2f,1,1,0,0.090053577,0.018382054,0.881037923,0.881037923,0.100000000,0.012454322,0.012454322,0.012454322,0.012454322,1.000000000,0.000000000,0.000000000,0.000000000,0.000000000,0.000000000,0.000000000,0.000000000,0.000000000,1.000000000,0.000000000,0.000000000,0.000000000,1.000000000,89.369720459,17.398420334,0.733856261,0.999999166,-0.001280908,0.000115672,-0.000117735
1429,148.321000000,fused_map_f2f,1,1,0,0.091707751,0.013397516,0.874490152,0.874490152,0.100000000,0.012546404,0.012546404,0.012546404,0.012546404,1.000000000,0.000000000,0.000000000,0.000000000,0.000000000,0.000000000,0.000000000,0.000000000,0.000000000,1.000000000,0.000000000,0.000000000,0.000000000,1.000000000,89.428085327,17.398384094,0.733170152,0.999999046,-0.001377505,0.000103147,-0.000088124
1430,148.418000000,fused_map_f2f,1,1,0,0.093207030,0.027135307,0.868555507,0.868555507,0.100000000,0.012631048,0.012631048,0.012631048,0.012631048,1.000000000,0.000000000,0.000000000,0.000000000,0.000000000,0.000000000,0.000000000,0.000000000,0.000000000,1.000000000,0.000000000,0.000000000,0.000000000,1.000000000,89.506034851,17.398662567,0.732828557,0.999999106,-0.001310056,0.000102197,-0.000049929
1431,148.536000000,fused_map_f2f,1,1,0,0.090057322,0.040225119,0.881023102,0.881023102,0.100000000,0.012454529,0.012454529,0.012454529,0.012454529,1.000000000,0.000000000,0.000000000,0.000000000,0.000000000,0.000000000,0.000000000,0.000000000,0.000000000,1.000000000,0.000000000,0.000000000,0.000000000,1.000000000,89.586616516,17.398515701,0.733332515,0.999999046,-0.001360890,0.000019499,0.000000699
1432,148.630000000,fused_map_f2f,1,1,0,0.093426402,0.019588442,0.867687160,0.867687160,0.100000000,0.012643529,0.012643529,0.012643529,0.012643529,1.000000000,0.000000000,0.000000000,0.000000000,0.000000000,0.000000000,0.000000000,0.000000000,0.000000000,1.000000000,0.000000000,0.000000000,0.000000000,1.000000000,89.657600403,17.397279739,0.732831895,0.999998987,-0.001392456,0.000087833,-0.000113500
1433,148.721000000,fused_map_f2f,1,1,0,0.093057089,0.022778837,0.869149025,0.869149025,0.100000000,0.012622531,0.012622531,0.012622531,0.012622531,1.000000000,0.000000000,0.000000000,0.000000000,0.000000000,0.000000000,0.000000000,0.000000000,0.000000000,1.000000000,0.000000000,0.000000000,0.000000000,1.000000000,89.775398254,17.396947861,0.733234704,0.999998689,-0.001594392,0.000091066,-0.000103297
1434,148.820000000,fused_map_f2f,1,1,0,0.095681847,0.039855155,0.858759357,0.858759357,0.100000000,0.012773294,0.012773294,0.012773294,0.012773294,1.000000000,0.000000000,0.000000000,0.000000000,0.000000000,0.000000000,0.000000000,0.000000000,0.000000000,1.000000000,0.000000000,0.000000000,0.000000000,1.000000000,89.852783203,17.396802902,0.732736528,0.999998689,-0.001618106,0.000107887,-0.000089195
1435,148.935000000,fused_map_f2f,1,1,0,0.096659265,0.021895805,0.854890409,0.854890409,0.100000000,0.012830360,0.012830360,0.012830360,0.012830360,1.000000000,0.000000000,0.000000000,0.000000000,0.000000000,0.000000000,0.000000000,0.000000000,0.000000000,1.000000000,0.000000000,0.000000000,0.000000000,1.000000000,89.949310303,17.397195816,0.733079076,0.999998808,-0.001511400,0.000116360,-0.000086535
1436,149.022000000,fused_map_f2f,1,1,0,0.094602803,0.031029744,0.863030570,0.863030570,0.100000000,0.012710881,0.012710881,0.012710881,0.012710881,1.000000000,0.000000000,0.000000000,0.000000000,0.000000000,0.000000000,0.000000000,0.000000000,0.000000000,1.000000000,0.000000000,0.000000000,0.000000000,1.000000000,90.015022278,17.397102356,0.733181953,0.999998689,-0.001599279,0.000109359,-0.000103155
1437,149.123000000,fused_map_f2f,1,1,0,0.095373125,0.016255959,0.859981381,0.859981381,0.100000000,0.012755375,0.012755375,0.012755375,0.012755375,1.000000000,0.000000000,0.000000000,0.000000000,0.000000000,0.000000000,0.000000000,0.000000000,0.000000000,1.000000000,0.000000000,0.000000000,0.000000000,1.000000000,90.190315247,17.397724152,0.733744264,0.999999046,-0.001370348,0.000113472,-0.000076818
1438,149.219000000,fused_map_f2f,1,1,0,0.098511357,0.049445575,0.847559210,0.847559210,0.100000000,0.012939904,0.012939904,0.012939904,0.012939904,1.000000000,0.000000000,0.000000000,0.000000000,0.000000000,0.000000000,0.000000000,0.000000000,0.000000000,1.000000000,0.000000000,0.000000000,0.000000000,1.000000000,90.260673523,17.397686005,0.733115435,0.999999106,-0.001313631,0.000107654,-0.000077989
1439,149.335000000,fused_map_f2f,1,1,0,0.098912531,0.034010817,0.845971231,0.845971231,0.100000000,0.012963878,0.012963878,0.012963878,0.012963878,1.000000000,0.000000000,0.000000000,0.000000000,0.000000000,0.000000000,0.000000000,0.000000000,0.000000000,1.000000000,0.000000000,0.000000000,0.000000000,1.000000000,90.396133423,17.397104263,0.732822776,0.999998927,-0.001432227,0.000107561,-0.000095389
1440,149.434000000,fused_map_f2f,1,1,0,0.100093576,0.026263479,0.841296261,0.841296261,0.100000000,0.013034978,0.013034978,0.013034978,0.013034978,1.000000000,0.000000000,0.000000000,0.000000000,0.000000000,0.000000000,0.000000000,0.000000000,0.000000000,1.000000000,0.000000000,0.000000000,0.000000000,1.000000000,90.471916199,17.396905899,0.732954860,0.999999046,-0.001358915,0.000097844,-0.000080511
1441,149.523000000,fused_map_f2f,1,1,0,0.100064968,0.024077628,0.841409501,0.841409501,0.100000000,0.013033246,0.013033246,0.013033246,0.013033246,1.000000000,0.000000000,0.000000000,0.000000000,0.000000000,0.000000000,0.000000000,0.000000000,0.000000000,1.000000000,0.000000000,0.000000000,0.000000000,1.000000000,90.568199158,17.395940781,0.732807159,0.999998987,-0.001418645,0.000108829,-0.000090743
1442,149.613000000,fused_map_f2f,1,1,0,0.099055229,0.031555186,0.845406385,0.845406385,0.100000000,0.012972427,0.012972427,0.012972427,0.012972427,1.000000000,0.000000000,0.000000000,0.000000000,0.000000000,0.000000000,0.000000000,0.000000000,0.000000000,1.000000000,0.000000000,0.000000000,0.000000000,1.000000000,90.628059387,17.396005630,0.733014882,0.999998927,-0.001447548,0.000087866,-0.000117448
1443,149.734000000,fused_map_f2f,1,1,0,0.100406208,0.019843157,0.840058760,0.840058760,0.100000000,0.013053929,0.013053929,0.013053929,0.013053929,1.000000000,0.000000000,0.000000000,0.000000000,0.000000000,0.000000000,0.000000000,0.000000000,0.000000000,1.000000000,0.000000000,0.000000000,0.000000000,1.000000000,90.757217407,17.395715714,0.732518852,0.999998927,-0.001453830,0.000080055,-0.000087781
1444,149.816000000,fused_map_f2f,1,1,0,0.100411628,0.033671494,0.840037306,0.840037306,0.100000000,0.013054258,0.013054258,0.013054258,0.013054258,1.000000000,0.000000000,0.000000000,0.000000000,0.000000000,0.000000000,0.000000000,0.000000000,0.000000000,1.000000000,0.000000000,0.000000000,0.000000000,1.000000000,90.809524536,17.395723343,0.732573271,0.999998748,-0.001564891,0.000038199,-0.000102495
1445,149.933000000,fused_map_f2f,1,1,0,0.102715472,0.013653080,0.830917924,0.830917924,0.100000000,0.013195639,0.013195639,0.013195639,0.013195639,1.000000000,0.000000000,0.000000000,0.000000000,0.000000000,0.000000000,0.000000000,0.000000000,0.000000000,1.000000000,0.000000000,0.000000000,0.000000000,1.000000000,90.890060425,17.396009445,0.732107937,0.999998987,-0.001418974,0.000095081,-0.000060060
1446,150.029000000,fused_map_f2f,1,1,0,0.103039095,0.020854899,0.829636917,0.829636917,0.100000000,0.013215744,0.013215744,0.013215744,0.013215744,1.000000000,0.000000000,0.000000000,0.000000000,0.000000000,0.000000000,0.000000000,0.000000000,0.000000000,1.000000000,0.000000000,0.000000000,0.000000000,1.000000000,90.980934143,17.396028519,0.732371151,0.999998808,-0.001522841,0.000082292,-0.000038652
1447,150.116000000,fused_map_f2f,1,1,0,0.103733963,0.018004276,0.826886397,0.826886397,0.100000000,0.013259122,0.013259122,0.013259122,0.013259122,1.000000000,0.000000000,0.000000000,0.000000000,0.000000000,0.000000000,0.000000000,0.000000000,0.000000000,1.000000000,0.000000000,0.000000000,0.000000000,1.000000000,91.039001465,17.396516800,0.732186973,0.999998987,-0.001414386,0.000062791,0.000000193
1448,150.213000000,fused_map_f2f,1,1,0,0.105188185,0.018674129,0.821130101,0.821130101,0.100000000,0.013350830,0.013350830,0.013350830,0.013350830,1.000000000,0.000000000,0.000000000,0.000000000,0.000000000,0.000000000,0.000000000,0.000000000,0.000000000,1.000000000,0.000000000,0.000000000,0.000000000,1.000000000,91.117889404,17.397203445,0.731970310,0.999999285,-0.001204703,0.000098335,-0.000044292
1449,150.322000000,fused_map_f2f,1,1,0,0.103341316,0.020125692,0.828440626,0.828440626,0.100000000,0.013234576,0.013234576,0.013234576,0.013234576,1.000000000,0.000000000,0.000000000,0.000000000,0.000000000,0.000000000,0.000000000,0.000000000,0.000000000,1.000000000,0.000000000,0.000000000,0.000000000,1.000000000,91.191001892,17.397111893,0.731994510,0.999999225,-0.001214417,0.000091613,-0.000041446
1450,150.420000000,fused_map_f2f,1,1,0,0.107990352,0.032908773,0.810038192,0.810038192,0.100000000,0.013531170,0.013531170,0.013531170,0.013531170,1.000000000,0.000000000,0.000000000,0.000000000,0.000000000,0.000000000,0.000000000,0.000000000,0.000000000,1.000000000,0.000000000,0.000000000,0.000000000,1.000000000,91.250183105,17.397333145,0.732128799,0.999999404,-0.001084566,0.000103504,-0.000024598
1451,150.517000000,fused_map_f2f,1,1,0,0.105606538,0.027609060,0.819474119,0.819474119,0.100000000,0.013377448,0.013377448,0.013377448,0.013377448,1.000000000,0.000000000,0.000000000,0.000000000,0.000000000,0.000000000,0.000000000,0.000000000,0.000000000,1.000000000,0.000000000,0.000000000,0.000000000,1.000000000,91.388488770,17.397186279,0.732430995,0.999999464,-0.001014652,0.000090572,-0.000041621
1452,150.637000000,fused_map_f2f,1,1,0,0.107395152,0.031723989,0.812394191,0.812394191,0.100000000,0.013492459,0.013492459,0.013492459,0.013492459,1.000000000,0.000000000,0.000000000,0.000000000,0.000000000,0.000000000,0.000000000,0.000000000,0.000000000,1.000000000,0.000000000,0.000000000,0.000000000,1.000000000,91.471588135,17.396575928,0.732871592,0.999999702,-0.000739842,0.000058063,-0.000105921
1453,150.732000000,fused_map_f2f,1,1,0,0.105301379,0.018526403,0.820682040,0.820682040,0.100000000,0.013358022,0.013358022,0.013358022,0.013358022,1.000000000,0.000000000,0.000000000,0.000000000,0.000000000,0.000000000,0.000000000,0.000000000,0.000000000,1.000000000,0.000000000,0.000000000,0.000000000,1.000000000,91.597724915,17.396923065,0.732242286,0.999999523,-0.000942417,0.000076825,-0.000072871
1454,150.829000000,fused_map_f2f,1,1,0,0.106584759,0.016060506,0.815601995,0.815601995,0.100000000,0.013440105,0.013440105,0.013440105,0.013440105,1.000000000,0.000000000,0.000000000,0.000000000,0.000000000,0.000000000,0.000000000,0.000000000,0.000000000,1.000000000,0.000000000,0.000000000,0.000000000,1.000000000,91.663894653,17.397171021,0.732346952,0.999999642,-0.000801073,0.000024876,-0.000056101
1455,150.933000000,fused_map_f2f,1,1,0,0.105242940,0.016415384,0.820913364,0.820913364,0.100000000,0.013354308,0.013354308,0.013354308,0.013354308,1.000000000,0.000000000,0.000000000,0.000000000,0.000000000,0.000000000,0.000000000,0.000000000,0.000000000,1.000000000,0.000000000,0.000000000,0.000000000,1.000000000,91.764709473,17.396606445,0.732260227,0.999999344,-0.001126216,0.000081712,-0.000071730
1456,151.015000000,fused_map_f2f,1,1,0,0.104124508,0.029706503,0.825340487,0.825340487,0.100000000,0.013283627,0.013283627,0.013283627,0.013283627,1.000000000,0.000000000,0.000000000,0.000000000,0.000000000,0.000000000,0.000000000,0.000000000,0.000000000,1.000000000,0.000000000,0.000000000,0.000000000,1.000000000,91.809303284,17.396522522,0.732058644,0.999999404,-0.001107353,0.000079253,-0.000088589
1457,151.115000000,fused_map_f2f,1,1,0,0.107724865,0.017743337,0.811089077,0.811089077,0.100000000,0.013513876,0.013513876,0.013513876,0.013513876,1.000000000,0.000000000,0.000000000,0.000000000,0.000000000,0.000000000,0.000000000,0.000000000,0.000000000,1.000000000,0.000000000,0.000000000,0.000000000,1.000000000,91.869308472,17.397199631,0.731947303,0.999999523,-0.000953353,0.000072630,-0.000057164
1458,151.214000000,fused_map_f2f,1,1,0,0.102757260,0.012718777,0.830752514,0.830752514,0.100000000,0.013198232,0.013198232,0.013198232,0.013198232,1.000000000,0.000000000,0.000000000,0.000000000,0.000000000,0.000000000,0.000000000,0.000000000,0.000000000,1.000000000,0.000000000,0.000000000,0.000000000,1.000000000,91.964279175,17.396802902,0.731628299,0.999999583,-0.000895426,0.000061893,-0.000065492
1459,151.333000000,fused_map_f2f,1,1,0,0.103585022,0.026642821,0.827475954,0.827475954,0.100000000,0.013249800,0.013249800,0.013249800,0.013249800,1.000000000,0.000000000,0.000000000,0.000000000,0.000000000,0.000000000,0.000000000,0.000000000,0.000000000,1.000000000,0.000000000,0.000000000,0.000000000,1.000000000,92.035133362,17.396383286,0.732311606,0.999999404,-0.001071251,0.000048258,-0.000094861
1460,151.424000000,fused_map_f2f,1,1,0,0.104374125,0.028505373,0.824352422,0.824352422,0.100000000,0.013299337,0.013299337,0.013299337,0.013299337,1.000000000,0.000000000,0.000000000,0.000000000,0.000000000,0.000000000,0.000000000,0.000000000,0.000000000,1.000000000,0.000000000,0.000000000,0.000000000,1.000000000,92.097305298,17.396907806,0.731864333,0.999999702,-0.000735493,0.000066729,-0.000066376
1461,151.518000000,fused_map_f2f,1,1,0,0.104746581,0.039472630,0.822878115,0.822878115,0.100000000,0.013322847,0.013322847,0.013322847,0.013322847,1.000000000,0.000000000,0.000000000,0.000000000,0.000000000,0.000000000,0.000000000,0.000000000,0.000000000,1.000000000,0.000000000,0.000000000,0.000000000,1.000000000,92.156341553,17.396728516,0.731736362,0.999999642,-0.000823623,0.000022852,-0.000067834
1462,151.613000000,fused_map_f2f,1,1,0,0.100554012,0.020775738,0.839473701,0.839473701,0.100000000,0.013062908,0.013062908,0.013062908,0.013062908,1.000000000,0.000000000,0.000000000,0.000000000,0.000000000,0.000000000,0.000000000,0.000000000,0.000000000,1.000000000,0.000000000,0.000000000,0.000000000,1.000000000,92.214294434,17.396921158,0.731187224,0.999999642,-0.000858081,0.000084235,-0.000050314
1463,151.730000000,fused_map_f2f,1,1,0,0.103729969,0.019364430,0.826902204,0.826902204,0.100000000,0.013258872,0.013258872,0.013258872,0.013258872,1.000000000,0.000000000,0.000000000,0.000000000,0.000000000,0.000000000,0.000000000,0.000000000,0.000000000,1.000000000,0.000000000,0.000000000,0.000000000,1.000000000,92.303291321,17.397409439,0.731595635,0.999999642,-0.000841118,0.000057011,-0.000007206
1464,151.818000000,fused_map_f2f,1,1,0,0.102415606,0.014776550,0.832104891,0.832104891,0.100000000,0.013177064,0.013177064,0.013177064,0.013177064,1.000000000,0.000000000,0.000000000,0.000000000,0.000000000,0.000000000,0.000000000,0.000000000,0.000000000,1.000000000,0.000000000,0.000000000,0.000000000,1.000000000,92.352188110,17.398199081,0.731416047,0.999999881,-0.000516629,0.000090731,0.000029772
1465,151.920000000,fused_map_f2f,1,1,0,0.104088122,0.047876283,0.825484518,0.825484518,0.100000000,0.013281340,0.013281340,0.013281340,0.013281340,1.000000000,0.000000000,0.000000000,0.000000000,0.000000000,0.000000000,0.000000000,0.000000000,0.000000000,1.000000000,0.000000000,0.000000000,0.000000000,1.000000000,92.419303894,17.397144318,0.731959283,0.999999642,-0.000866815,0.000064292,-0.000017951
1466,152.015000000,fused_map_f2f,1,1,0,0.104129473,0.032118668,0.825320837,0.825320837,0.100000000,0.013283939,0.013283939,0.013283939,0.013283939,1.000000000,0.000000000,0.000000000,0.000000000,0.000000000,0.000000000,0.000000000,0.000000000,0.000000000,1.000000000,0.000000000,0.000000000,0.000000000,1.000000000,92.477867126,17.397502899,0.731908321,0.999999821,-0.000593703,0.000087823,-0.000048805
1467,152.129000000,fused_map_f2f,1,1,0,0.104195351,0.017218510,0.825060069,0.825060069,0.100000000,0.013288082,0.013288082,0.013288082,0.013288082,1.000000000,0.000000000,0.000000000,0.000000000,0.000000000,0.000000000,0.000000000,0.000000000,0.000000000,1.000000000,0.000000000,0.000000000,0.000000000,1.000000000,92.589103699,17.396879196,0.731611013,0.999999523,-0.000990317,0.000069013,-0.000032800
1468,152.222000000,fused_map_f2f,1,1,0,0.104744460,0.027481516,0.822886511,0.822886511,0.100000000,0.013322713,0.013322713,0.013322713,0.013322713,1.000000000,0.000000000,0.000000000,0.000000000,0.000000000,0.000000000,0.000000000,0.000000000,0.000000000,1.000000000,0.000000000,0.000000000,0.000000000,1.000000000,92.657638550,17.396795273,0.731214523,0.999999642,-0.000862223,0.000051487,-0.000048802
1469,152.321000000,fused_map_f2f,1,1,0,0.104370211,0.022840614,0.824367915,0.824367915,0.100000000,0.013299090,0.013299090,0.013299090,0.013299090,1.000000000,0.000000000,0.000000000,0.000000000,0.000000000,0.000000000,0.000000000,0.000000000,0.000000000,1.000000000,0.000000000,0.000000000,0.000000000,1.000000000,92.751617432,17.397592545,0.731809318,0.999999702,-0.000758469,0.000052703,-0.000021630
1470,152.433000000,fused_map_f2f,1,1,0,0.105866468,0.021380965,0.818445231,0.818445231,0.100000000,0.013394040,0.013394040,0.013394040,0.013394040,1.000000000,0.000000000,0.000000000,0.000000000,0.000000000,0.000000000,0.000000000,0.000000000,0.000000000,1.000000000,0.000000000,0.000000000,0.000000000,1.000000000,92.832489014,17.397966385,0.732053518,0.999999762,-0.000647328,0.000036642,0.000002815
1471,152.529000000,fused_map_f2f,1,1,0,0.105993332,0.018188816,0.817943061,0.817943061,0.100000000,0.013402153,0.013402153,0.013402153,0.013402153,1.000000000,0.000000000,0.000000000,0.000000000,0.000000000,0.000000000,0.000000000,0.000000000,0.000000000,1.000000000,0.000000000,0.000000000,0.000000000,1.000000000,92.892784119,17.398590088,0.732414007,0.999999881,-0.000527597,0.000024680,0.000038329
1472,152.620000000,fused_map_f2f,1,1,0,0.103415342,0.036967701,0.828147603,0.828147603,0.100000000,0.013239197,0.013239197,0.013239197,0.013239197,1.000000000,0.000000000,0.000000000,0.000000000,0.000000000,0.000000000,0.000000000,0.000000000,0.000000000,1.000000000,0.000000000,0.000000000,0.000000000,1.000000000,92.979782104,17.397544861,0.732011378,0.999999642,-0.000818860,0.000065742,0.000018923
1473,152.731000000,fused_map_f2f,1,1,0,0.107025211,0.019138766,0.813858538,0.813858538,0.100000000,0.013468509,0.013468509,0.013468509,0.013468509,1.000000000,0.000000000,0.000000000,0.000000000,0.000000000,0.000000000,0.000000000,0.000000000,0.000000000,1.000000000,0.000000000,0.000000000,0.000000000,1.000000000,93.052772522,17.398412704,0.731938243,0.999999881,-0.000497860,0.000109587,0.000010787
1474,152.833000000,fused_map_f2f,1,1,0,0.107385869,0.033946518,0.812430933,0.812430933,0.100000000,0.013491857,0.013491857,0.013491857,0.013491857,1.000000000,0.000000000,0.000000000,0.000000000,0.000000000,0.000000000,0.000000000,0.000000000,0.000000000,1.000000000,0.000000000,0.000000000,0.000000000,1.000000000,93.161064148,17.397794724,0.731758356,0.999999881,-0.000470822,0.000067395,-0.000015529
1475,152.921000000,fused_map_f2f,1,1,0,0.106412178,0.017618796,0.816285128,0.816285128,0.100000000,0.013429008,0.013429008,0.013429008,0.013429008,1.000000000,0.000000000,0.000000000,0.000000000,0.000000000,0.000000000,0.000000000,0.000000000,0.000000000,1.000000000,0.000000000,0.000000000,0.000000000,1.000000000,93.218322754,17.398189545,0.731758773,0.999999940,-0.000380138,0.000058827,-0.000003233
1476,153.018000000,fused_map_f2f,1,1,0,0.108243007,0.024592288,0.809038098,0.809038098,0.100000000,0.013547670,0.013547670,0.013547670,0.013547670,1.000000000,0.000000000,0.000000000,0.000000000,0.000000000,0.000000000,0.000000000,0.000000000,0.000000000,1.000000000,0.000000000,0.000000000,0.000000000,1.000000000,93.289916992,17.398412704,0.731782258,0.999999940,-0.000309426,0.000074895,0.000006878
1477,153.115000000,fused_map_f2f,1,1,0,0.108881857,0.025044736,0.806509315,0.806509315,0.100000000,0.013589571,0.013589571,0.013589571,0.013589571,1.000000000,0.000000000,0.000000000,0.000000000,0.000000000,0.000000000,0.000000000,0.000000000,0.000000000,1.000000000,0.000000000,0.000000000,0.000000000,1.000000000,93.379508972,17.397609711,0.732258916,0.999999940,-0.000362012,0.000074997,-0.000021934
1478,153.222000000,fused_map_f2f,1,1,0,0.108802997,0.038148095,0.806821471,0.806821471,0.100000000,0.013584385,0.013584385,0.013584385,0.013584385,1.000000000,0.000000000,0.000000000,0.000000000,0.000000000,0.000000000,0.000000000,0.000000000,0.000000000,1.000000000,0.000000000,0.000000000,0.000000000,1.000000000,93.449180603,17.398891449,0.732741654,0.999999881,-0.000406893,0.000064586,0.000001202
1479,153.316000000,fused_map_f2f,1,1,0,0.110022563,0.030768596,0.801994020,0.801994020,0.100000000,0.013665036,0.013665036,0.013665036,0.013665036,1.000000000,0.000000000,0.000000000,0.000000000,0.000000000,0.000000000,0.000000000,0.000000000,0.000000000,1.000000000,0.000000000,0.000000000,0.000000000,1.000000000,93.526008606,17.399696350,0.731946528,1.000000000,-0.000090419,0.000068512,-0.000008447
1480,153.439000000,fused_map_f2f,1,1,0,0.108173016,0.025987569,0.809315145,0.809315145,0.100000000,0.013543095,0.013543095,0.013543095,0.013543095,1.000000000,0.000000000,0.000000000,0.000000000,0.000000000,0.000000000,0.000000000,0.000000000,0.000000000,1.000000000,0.000000000,0.000000000,0.000000000,1.000000000,93.612617493,17.400894165,0.732675016,1.000000000,-0.000119396,0.000076987,-0.000006783
1481,153.513000000,fused_map_f2f,1,1,0,0.108911115,0.034533629,0.806393502,0.806393502,0.100000000,0.013591497,0.013591497,0.013591497,0.013591497,1.000000000,0.000000000,0.000000000,0.000000000,0.000000000,0.000000000,0.000000000,0.000000000,0.000000000,1.000000000,0.000000000,0.000000000,0.000000000,1.000000000,93.659294128,17.400190353,0.732462883,1.000000000,-0.000163274,0.000072419,-0.000026687
1482,153.624000000,fused_map_f2f,1,1,0,0.110777914,0.016903272,0.799004091,0.799004091,0.100000000,0.013715470,0.013715470,0.013715470,0.013715470,1.000000000,0.000000000,0.000000000,0.000000000,0.000000000,0.000000000,0.000000000,0.000000000,0.000000000,1.000000000,0.000000000,0.000000000,0.000000000,1.000000000,93.790870667,17.401088715,0.732409894,0.999999940,-0.000247591,0.000071271,0.000019586
1483,153.716000000,fused_map_f2f,1,1,0,0.110779162,0.068556737,0.798999150,0.798999150,0.096612958,0.013257161,0.013257161,0.013257161,0.013257161,1.000000000,0.000000000,0.000000000,0.000000000,0.000000000,0.000000000,0.000000000,0.000000000,0.000000000,1.000000000,0.000000000,0.000000000,0.000000000,1.000000000,93.862152100,17.401254654,0.732352972,1.000000000,-0.000108477,0.000072946,0.000014246
1484,153.817000000,fused_map_f2f,1,1,0,0.111926911,0.020791775,0.794455976,0.794455976,0.100000000,0.013792906,0.013792906,0.013792906,0.013792906,1.000000000,0.000000000,0.000000000,0.000000000,0.000000000,0.000000000,0.000000000,0.000000000,0.000000000,1.000000000,0.000000000,0.000000000,0.000000000,1.000000000,93.989791870,17.401309967,0.732906401,1.000000000,-0.000089920,0.000067381,-0.000013576
1485,153.914000000,fused_map_f2f,1,1,0,0.113646296,0.025168592,0.787650078,0.787650078,0.100000000,0.013910429,0.013910429,0.013910429,0.013910429,1.000000000,0.000000000,0.000000000,0.000000000,0.000000000,0.000000000,0.000000000,0.000000000,0.000000000,1.000000000,0.000000000,0.000000000,0.000000000,1.000000000,94.073684692,17.401403427,0.732123137,1.000000000,-0.000085211,0.000061177,-0.000042225
1486,154.032000000,fused_map_f2f,1,1,0,0.113612476,0.024133861,0.787783951,0.787783951,0.100000000,0.013908098,0.013908098,0.013908098,0.013908098,1.000000000,0.000000000,0.000000000,0.000000000,0.000000000,0.000000000,0.000000000,0.000000000,0.000000000,1.000000000,0.000000000,0.000000000,0.000000000,1.000000000,94.175224304,17.400897980,0.732735157,0.999999940,-0.000221246,0.000062522,-0.000047768
1487,154.132000000,fused_map_f2f,1,1,0,0.115252219,0.021006703,0.781293299,0.781293299,0.100000000,0.014022021,0.014022021,0.014022021,0.014022021,1.000000000,0.000000000,0.000000000,0.000000000,0.000000000,0.000000000,0.000000000,0.000000000,0.000000000,1.000000000,0.000000000,0.000000000,0.000000000,1.000000000,94.259674072,17.400979996,0.732567191,1.000000000,-0.000140174,0.000067332,-0.000035884
1488,154.221000000,fused_map_f2f,1,1,0,0.117963958,0.015422762,0.770559334,0.770559334,0.100000000,0.014214572,0.014214572,0.014214572,0.014214572,1.000000000,0.000000000,0.000000000,0.000000000,0.000000000,0.000000000,0.000000000,0.000000000,0.000000000,1.000000000,0.000000000,0.000000000,0.000000000,1.000000000,94.338966370,17.400674820,0.732696950,1.000000000,-0.000183324,0.000072244,-0.000050092
1489,154.313000000,fused_map_f2f,1,1,0,0.116354121,0.030876646,0.776931605,0.776931605,0.100000000,0.014099630,0.014099630,0.014099630,0.014099630,1.000000000,0.000000000,0.000000000,0.000000000,0.000000000,0.000000000,0.000000000,0.000000000,0.000000000,1.000000000,0.000000000,0.000000000,0.000000000,1.000000000,94.415687561,17.400953293,0.732777476,1.000000000,-0.000035242,0.000085343,-0.000061472
1490,154.415000000,fused_map_f2f,1,1,0,0.117863195,0.020042111,0.770958185,0.770958185,0.100000000,0.014207323,0.014207323,0.014207323,0.014207323,1.000000000,0.000000000,0.000000000,0.000000000,0.000000000,0.000000000,0.000000000,0.000000000,0.000000000,1.000000000,0.000000000,0.000000000,0.000000000,1.000000000,94.559844971,17.399923325,0.732241750,1.000000000,-0.000199321,0.000068014,-0.000045148
1491,154.525000000,fused_map_f2f,1,1,0,0.120551161,0.033035462,0.760318321,0.760318321,0.100000000,0.014403276,0.014403276,0.014403276,0.014403276,1.000000000,0.000000000,0.000000000,0.000000000,0.000000000,0.000000000,0.000000000,0.000000000,0.000000000,1.000000000,0.000000000,0.000000000,0.000000000,1.000000000,94.662223816,17.398906708,0.732475460,0.999999940,-0.000214122,0.000065386,-0.000081957
1492,154.617000000,fused_map_f2f,1,1,0,0.118342031,0.017892874,0.769062796,0.769062796,0.100000000,0.014241839,0.014241839,0.014241839,0.014241839,1.000000000,0.000000000,0.000000000,0.000000000,0.000000000,0.000000000,0.000000000,0.000000000,0.000000000,1.000000000,0.000000000,0.000000000,0.000000000,1.000000000,94.744255066,17.398822784,0.733182430,0.999999940,-0.000264013,0.000000765,-0.000064572
1493,154.732000000,fused_map_f2f,1,1,0,0.118251212,0.027707082,0.769422284,0.769422284,0.100000000,0.014235280,0.014235280,0.014235280,0.014235280,1.000000000,0.000000000,0.000000000,0.000000000,0.000000000,0.000000000,0.000000000,0.000000000,0.000000000,1.000000000,0.000000000,0.000000000,0.000000000,1.000000000,94.860023499,17.400224686,0.732377350,1.000000000,-0.000125018,0.000061809,-0.000077148
1494,154.832000000,fused_map_f2f,1,1,0,0.120110328,0.027402846,0.762063285,0.762063285,0.100000000,0.014370770,0.014370770,0.014370770,0.014370770,1.000000000,0.000000000,0.000000000,0.000000000,0.000000000,0.000000000,0.000000000,0.000000000,0.000000000,1.000000000,0.000000000,0.000000000,0.000000000,1.000000000,94.964485168,17.399913788,0.732329547,1.000000000,-0.000023135,0.000069987,-0.000076965
1495,154.930000000,fused_map_f2f,1,1,0,0.120304812,0.022511572,0.761293451,0.761293451,0.100000000,0.014385093,0.014385093,0.014385093,0.014385093,1.000000000,0.000000000,0.000000000,0.000000000,0.000000000,0.000000000,0.000000000,0.000000000,0.000000000,1.000000000,0.000000000,0.000000000,0.000000000,1.000000000,95.068710327,17.399147034,0.732258499,1.000000000,-0.000042592,0.000066260,-0.000105099
1496,155.026000000,fused_map_f2f,1,1,0,0.117708533,0.029748559,0.771570390,0.771570390,0.100000000,0.014196210,0.014196210,0.014196210,0.014196210,1.000000000,0.000000000,0.000000000,0.000000000,0.000000000,0.000000000,0.000000000,0.000000000,0.000000000,1.000000000,0.000000000,0.000000000,0.000000000,1.000000000,95.172180176,17.399091721,0.732233405,1.000000000,-0.000138235,0.000051837,-0.000084488
1497,155.129000000,fused_map_f2f,1,1,0,0.121842081,0.021069095,0.755208428,0.755208428,0.100000000,0.014499319,0.014499319,0.014499319,0.014499319,1.000000000,0.000000000,0.000000000,0.000000000,0.000000000,0.000000000,0.000000000,0.000000000,0.000000000,1.000000000,0.000000000,0.000000000,0.000000000,1.000000000,95.278190613,17.398941040,0.732622266,1.000000000,0.000046167,-0.000007656,-0.000091532
1498,155.222000000,fused_map_f2f,1,1,0,0.121348725,0.042194235,0.757161297,0.757161297,0.100000000,0.014462463,0.014462463,0.014462463,0.014462463,1.000000000,0.000000000,0.000000000,0.000000000,0.000000000,0.000000000,0.000000000,0.000000000,0.000000000,1.000000000,0.000000000,0.000000000,0.000000000,1.000000000,95.378211975,17.399171829,0.733053088,0.999999940,0.000199535,-0.000022031,-0.000109794
1499,155.318000000,fused_map_f2f,1,1,0,0.123130049,0.025135809,0.750110223,0.750110223,0.100000000,0.014596426,0.014596426,0.014596426,0.014596426,1.000000000,0.000000000,0.000000000,0.000000000,0.000000000,0.000000000,0.000000000,0.000000000,0.000000000,1.000000000,0.000000000,0.000000000,0.000000000,1.000000000,95.482513428,17.399734497,0.732205868,0.999999940,-0.000311153,0.000048186,-0.000110332
1500,155.419000000,fused_map_f2f,1,1,0,0.123253622,0.025363316,0.749621078,0.749621078,0.100000000,0.014605812,0.014605812,0.014605812,0.014605812,1.000000000,0.000000000,0.000000000,0.000000000,0.000000000,0.000000000,0.000000000,0.000000000,0.000000000,1.000000000,0.000000000,0.000000000,0.000000000,1.000000000,95.592399597,17.399642944,0.732843459,1.000000000,-0.000100618,0.000048410,-0.000170849
1501,155.516000000,fused_map_f2f,1,1,0,0.124908653,0.023951733,0.743069914,0.743069914,0.100000000,0.014732685,0.014732685,0.014732685,0.014732685,1.000000000,0.000000000,0.000000000,0.000000000,0.000000000,0.000000000,0.000000000,0.000000000,0.000000000,1.000000000,0.000000000,0.000000000,0.000000000,1.000000000,95.690002441,17.400627136,0.732018590,0.999999940,-0.000169040,0.000052448,-0.000127693
1502,155.629000000,fused_map_f2f,1,1,0,0.124735740,0.030254417,0.743754362,0.743754362,0.100000000,0.014719326,0.014719326,0.014719326,0.014719326,1.000000000,0.000000000,0.000000000,0.000000000,0.000000000,0.000000000,0.000000000,0.000000000,0.000000000,1.000000000,0.000000000,0.000000000,0.000000000,1.000000000,95.815231323,17.401620865,0.732129812,0.999999940,-0.000267079,0.000053761,-0.000088979
1503,155.724000000,fused_map_f2f,1,1,0,0.129489703,0.052884279,0.724936593,0.724936593,0.100000000,0.015095640,0.015095640,0.015095640,0.015095640,1.000000000,0.000000000,0.000000000,0.000000000,0.000000000,0.000000000,0.000000000,0.000000000,0.000000000,1.000000000,0.000000000,0.000000000,0.000000000,1.000000000,95.913848877,17.400753021,0.732128203,0.999999940,-0.000162290,0.000062728,-0.000125953
1504,155.820000000,fused_map_f2f,1,1,0,0.127787239,0.019210476,0.731675513,0.731675513,0.100000000,0.014958685,0.014958685,0.014958685,0.014958685,1.000000000,0.000000000,0.000000000,0.000000000,0.000000000,0.000000000,0.000000000,0.000000000,0.000000000,1.000000000,0.000000000,0.000000000,0.000000000,1.000000000,96.009521484,17.400671005,0.732325554,0.999999940,0.000004467,0.000043890,-0.000216014
1505,155.920000000,fused_map_f2f,1,1,0,0.129064529,0.020900991,0.726619573,0.726619573,0.100000000,0.015061202,0.015061202,0.015061202,0.015061202,1.000000000,0.000000000,0.000000000,0.000000000,0.000000000,0.000000000,0.000000000,0.000000000,0.000000000,1.000000000,0.000000000,0.000000000,0.000000000,1.000000000,96.118782043,17.400865555,0.731990635,0.999999940,-0.000308453,0.000065572,-0.000105627
1506,156.014000000,fused_map_f2f,1,1,0,0.128604353,0.023801618,0.728441102,0.728441102,0.100000000,0.015024106,0.015024106,0.015024106,0.015024106,1.000000000,0.000000000,0.000000000,0.000000000,0.000000000,0.000000000,0.000000000,0.000000000,0.000000000,1.000000000,0.000000000,0.000000000,0.000000000,1.000000000,96.212524414,17.399984360,0.731890500,0.999999940,-0.000302632,0.000056895,-0.000098507
1507,156.122000000,fused_map_f2f,1,1,0,0.134349821,0.028719446,0.705698624,0.705698624,0.100000000,0.015500782,0.015500782,0.015500782,0.015500782,1.000000000,0.000000000,0.000000000,0.000000000,0.000000000,0.000000000,0.000000000,0.000000000,0.000000000,1.000000000,0.000000000,0.000000000,0.000000000,1.000000000,96.331916809,17.399843216,0.732239783,1.000000000,-0.000118288,0.000030237,-0.000110710
1508,156.222000000,fused_map_f2f,1,1,0,0.132731167,0.020707320,0.712105799,0.712105799,0.100000000,0.015363456,0.015363456,0.015363456,0.015363456,1.000000000,0.000000000,0.000000000,0.000000000,0.000000000,0.000000000,0.000000000,0.000000000,0.000000000,1.000000000,0.000000000,0.000000000,0.000000000,1.000000000,96.413757324,17.399797440,0.731566072,0.999999881,-0.000463747,0.000059917,-0.000071274
1509,156.316000000,fused_map_f2f,1,1,0,0.133817383,0.020371085,0.707806192,0.707806192,0.100000000,0.015455340,0.015455340,0.015455340,0.015455340,1.000000000,0.000000000,0.000000000,0.000000000,0.000000000,0.000000000,0.000000000,0.000000000,0.000000000,1.000000000,0.000000000,0.000000000,0.000000000,1.000000000,96.515121460,17.399841309,0.731472790,0.999999881,-0.000485350,0.000080165,-0.000080484
1510,156.418000000,fused_map_f2f,1,1,0,0.131482778,0.023977033,0.717047336,0.717047336,0.100000000,0.015259194,0.015259194,0.015259194,0.015259194,1.000000000,0.000000000,0.000000000,0.000000000,0.000000000,0.000000000,0.000000000,0.000000000,0.000000000,1.000000000,0.000000000,0.000000000,0.000000000,1.000000000,96.554405212,17.400583267,0.731554568,0.999999881,-0.000465269,0.000053663,-0.000014016
1511,156.530000000,fused_map_f2f,1,1,0,0.128077293,0.025331900,0.730527380,0.730527380,0.100000000,0.014981843,0.014981843,0.014981843,0.014981843,1.000000000,0.000000000,0.000000000,0.000000000,0.000000000,0.000000000,0.000000000,0.000000000,0.000000000,1.000000000,0.000000000,0.000000000,0.000000000,1.000000000,96.563117981,17.401035309,0.731643796,0.999999881,-0.000431194,0.000055376,0.000032564
1512,156.621000000,fused_map_f2f,1,1,0,0.127227925,0.040420468,0.733889462,0.733889462,0.100000000,0.014914232,0.014914232,0.014914232,0.014914232,1.000000000,0.000000000,0.000000000,0.000000000,0.000000000,0.000000000,0.000000000,0.000000000,0.000000000,1.000000000,0.000000000,0.000000000,0.000000000,1.000000000,96.544898987,17.400392532,0.731174111,0.999999881,-0.000503448,0.000061161,0.000064506
1513,156.725000000,fused_map_f2f,1,1,0,0.125074907,0.018762485,0.742411828,0.742411828,0.100000000,0.014745551,0.014745551,0.014745551,0.014745551,1.000000000,0.000000000,0.000000000,0.000000000,0.000000000,0.000000000,0.000000000,0.000000000,0.000000000,1.000000000,0.000000000,0.000000000,0.000000000,1.000000000,96.552925110,17.400484085,0.731475472,0.999999821,-0.000557379,0.000061477,0.000032912
1514,156.816000000,fused_map_f2f,1,1,0,0.124379060,0.026757448,0.745166223,0.745166223,0.100000000,0.014691847,0.014691847,0.014691847,0.014691847,1.000000000,0.000000000,0.000000000,0.000000000,0.000000000,0.000000000,0.000000000,0.000000000,0.000000000,1.000000000,0.000000000,0.000000000,0.000000000,1.000000000,96.567596436,17.400812149,0.731289148,0.999999881,-0.000487398,0.000052819,0.000004534
1515,156.929000000,fused_map_f2f,1,1,0,0.123699249,0.023035161,0.747857139,0.747857139,0.100000000,0.014639757,0.014639757,0.014639757,0.014639757,1.000000000,0.000000000,0.000000000,0.000000000,0.000000000,0.000000000,0.000000000,0.000000000,0.000000000,1.000000000,0.000000000,0.000000000,0.000000000,1.000000000,96.657089233,17.400997162,0.731645465,0.999999881,-0.000488620,0.000051914,-0.000026412
1516,157.023000000,fused_map_f2f,1,1,0,0.121759636,0.051423923,0.755534776,0.755534776,0.100000000,0.014493146,0.014493146,0.014493146,0.014493146,1.000000000,0.000000000,0.000000000,0.000000000,0.000000000,0.000000000,0.000000000,0.000000000,0.000000000,1.000000000,0.000000000,0.000000000,0.000000000,1.000000000,96.742782593,17.400527954,0.731567025,0.999999881,-0.000521967,0.000055300,-0.000042553
1517,157.121000000,fused_map_f2f,1,1,0,0.122272222,0.029367036,0.753505787,0.753505787,0.100000000,0.014531605,0.014531605,0.014531605,0.014531605,1.000000000,0.000000000,0.000000000,0.000000000,0.000000000,0.000000000,0.000000000,0.000000000,0.000000000,1.000000000,0.000000000,0.000000000,0.000000000,1.000000000,96.829902649,17.400461197,0.731759250,0.999999881,-0.000524020,0.000044512,-0.000070381
1518,157.222000000,fused_map_f2f,1,1,0,0.118971537,0.021901283,0.766570999,0.766570999,0.100000000,0.014287472,0.014287472,0.014287472,0.014287472,1.000000000,0.000000000,0.000000000,0.000000000,0.000000000,0.000000000,0.000000000,0.000000000,0.000000000,1.000000000,0.000000000,0.000000000,0.000000000,1.000000000,96.953994751,17.400062561,0.731503665,0.999999881,-0.000512277,0.000043273,-0.000048337
1519,157.323000000,fused_map_f2f,1,1,0,0.121677003,0.024664538,0.755861864,0.755861864,0.100000000,0.014486966,0.014486966,0.014486966,0.014486966,1.000000000,0.000000000,0.000000000,0.000000000,0.000000000,0.000000000,0.000000000,0.000000000,0.000000000,1.000000000,0.000000000,0.000000000,0.000000000,1.000000000,97.036697388,17.400850296,0.731864870,0.999999881,-0.000484377,0.000053922,-0.000044044
1520,157.430000000,fused_map_f2f,1,1,0,0.117093040,0.018723978,0.774006718,0.774006718,0.100000000,0.014152157,0.014152157,0.014152157,0.014152157,1.000000000,0.000000000,0.000000000,0.000000000,0.000000000,0.000000000,0.000000000,0.000000000,0.000000000,1.000000000,0.000000000,0.000000000,0.000000000,1.000000000,97.140525818,17.400945663,0.731983781,0.999999940,-0.000365306,0.000040006,-0.000049340
1521,157.514000000,fused_map_f2f,1,1,0,0.118558527,0.021173730,0.768205830,0.768205830,0.100000000,0.014257500,0.014257500,0.014257500,0.014257500,1.000000000,0.000000000,0.000000000,0.000000000,0.000000000,0.000000000,0.000000000,0.000000000,0.000000000,1.000000000,0.000000000,0.000000000,0.000000000,1.000000000,97.213737488,17.400796890,0.731951177,0.999999940,-0.000333767,0.000042483,-0.000062571
1522,157.623000000,fused_map_f2f,1,1,0,0.117614046,0.052239890,0.771944403,0.771944403,0.100000000,0.014189430,0.014189430,0.014189430,0.014189430,1.000000000,0.000000000,0.000000000,0.000000000,0.000000000,0.000000000,0.000000000,0.000000000,0.000000000,1.000000000,0.000000000,0.000000000,0.000000000,1.000000000,97.338813782,17.399913788,0.731310010,0.999999881,-0.000454578,0.000036933,-0.000037135
1523,157.717000000,fused_map_f2f,1,1,0,0.116812683,0.027756493,0.775116462,0.775116462,0.100000000,0.014132182,0.014132182,0.014132182,0.014132182,1.000000000,0.000000000,0.000000000,0.000000000,0.000000000,0.000000000,0.000000000,0.000000000,0.000000000,1.000000000,0.000000000,0.000000000,0.000000000,1.000000000,97.417297363,17.400720596,0.731656969,0.999999881,-0.000448354,0.000029461,-0.000031285
1524,157.832000000,fused_map_f2f,1,1,0,0.117569419,0.030610791,0.772121049,0.772121049,0.100000000,0.014186229,0.014186229,0.014186229,0.014186229,1.000000000,0.000000000,0.000000000,0.000000000,0.000000000,0.000000000,0.000000000,0.000000000,0.000000000,1.000000000,0.000000000,0.000000000,0.000000000,1.000000000,97.548751831,17.400318146,0.731183589,0.999999881,-0.000492994,0.000026823,-0.000031637
1525,157.938000000,fused_map_f2f,1,1,0,0.119141419,0.017708130,0.765898552,0.765898552,0.100000000,0.014299836,0.014299836,0.014299836,0.014299836,1.000000000,0.000000000,0.000000000,0.000000000,0.000000000,0.000000000,0.000000000,0.000000000,0.000000000,1.000000000,0.000000000,0.000000000,0.000000000,1.000000000,97.631278992,17.400442123,0.731308103,0.999999881,-0.000476000,0.000022417,-0.000041865
1526,158.033000000,fused_map_f2f,1,1,0,0.117566224,0.021621377,0.772133698,0.772133698,0.100000000,0.014186000,0.014186000,0.014186000,0.014186000,1.000000000,0.000000000,0.000000000,0.000000000,0.000000000,0.000000000,0.000000000,0.000000000,0.000000000,1.000000000,0.000000000,0.000000000,0.000000000,1.000000000,97.720397949,17.400524139,0.730997384,0.999999940,-0.000391339,0.000027112,-0.000044487
1527,158.129000000,fused_map_f2f,1,1,0,0.117370052,0.037044166,0.772910211,0.772910211,0.100000000,0.014171950,0.014171950,0.014171950,0.014171950,1.000000000,0.000000000,0.000000000,0.000000000,0.000000000,0.000000000,0.000000000,0.000000000,0.000000000,1.000000000,0.000000000,0.000000000,0.000000000,1.000000000,97.790016174,17.400491714,0.731608093,0.999999940,-0.000394255,0.000017743,-0.000052532
1528,158.221000000,fused_map_f2f,1,1,0,0.115898002,0.025351256,0.778737074,0.778737074,0.100000000,0.014067401,0.014067401,0.014067401,0.014067401,1.000000000,0.000000000,0.000000000,0.000000000,0.000000000,0.000000000,0.000000000,0.000000000,0.000000000,1.000000000,0.000000000,0.000000000,0.000000000,1.000000000,97.857559204,17.400371552,0.731523633,0.999999881,-0.000486400,0.000022472,-0.000032307
1529,158.316000000,fused_map_f2f,1,1,0,0.114889585,0.024817630,0.782728727,0.782728727,0.100000000,0.013996666,0.013996666,0.013996666,0.013996666,1.000000000,0.000000000,0.000000000,0.000000000,0.000000000,0.000000000,0.000000000,0.000000000,0.000000000,1.000000000,0.000000000,0.000000000,0.000000000,1.000000000,97.951011658,17.400142670,0.731479526,0.999999881,-0.000510887,0.000011159,-0.000065801
1530,158.433000000,fused_map_f2f,1,1,0,0.117765123,0.024537755,0.771346387,0.771346387,0.100000000,0.014200274,0.014200274,0.014200274,0.014200274,1.000000000,0.000000000,0.000000000,0.000000000,0.000000000,0.000000000,0.000000000,0.000000000,0.000000000,1.000000000,0.000000000,0.000000000,0.000000000,1.000000000,98.036720276,17.400613785,0.731814444,0.999999940,-0.000379292,0.000007421,-0.000070129
1531,158.523000000,fused_map_f2f,1,1,0,0.115825532,0.020919918,0.779023938,0.779023938,0.100000000,0.014062294,0.014062294,0.014062294,0.014062294,1.000000000,0.000000000,0.000000000,0.000000000,0.000000000,0.000000000,0.000000000,0.000000000,0.000000000,1.000000000,0.000000000,0.000000000,0.000000000,1.000000000,98.126228333,17.399999619,0.731522620,0.999999881,-0.000467082,0.000020799,-0.000074878
1532,158.627000000,fused_map_f2f,1,1,0,0.114256171,0.045530820,0.785235989,0.785235989,0.100000000,0.013952598,0.013952598,0.013952598,0.013952598,1.000000000,0.000000000,0.000000000,0.000000000,0.000000000,0.000000000,0.000000000,0.000000000,0.000000000,1.000000000,0.000000000,0.000000000,0.000000000,1.000000000,98.212944031,17.400192261,0.732140124,0.999999881,-0.000423406,0.000009797,-0.000072027
1533,158.732000000,fused_map_f2f,1,1,0,0.118668756,0.016712816,0.767769509,0.767769509,0.100000000,0.014265487,0.014265487,0.014265487,0.014265487,1.000000000,0.000000000,0.000000000,0.000000000,0.000000000,0.000000000,0.000000000,0.000000000,0.000000000,1.000000000,0.000000000,0.000000000,0.000000000,1.000000000,98.315071106,17.399782181,0.731652319,0.999999881,-0.000409216,0.000011715,-0.000088088
1534,158.817000000,fused_map_f2f,1,1,0,0.116471083,0.035520587,0.776468630,0.776468630,0.100000000,0.014107919,0.014107919,0.014107919,0.014107919,1.000000000,0.000000000,0.000000000,0.000000000,0.000000000,0.000000000,0.000000000,0.000000000,0.000000000,1.000000000,0.000000000,0.000000000,0.000000000,1.000000000,98.381767273,17.399984360,0.731874645,0.999999940,-0.000313707,-0.000019982,-0.000137528
1535,158.935000000,fused_map_f2f,1,1,0,0.120696598,0.018490276,0.759742632,0.759742632,0.100000000,0.014414033,0.014414033,0.014414033,0.014414033,1.000000000,0.000000000,0.000000000,0.000000000,0.000000000,0.000000000,0.000000000,0.000000000,0.000000000,1.000000000,0.000000000,0.000000000,0.000000000,1.000000000,98.475051880,17.400291443,0.732117653,0.999999940,-0.000220765,-0.000076057,-0.000142699
1536,159.031000000,fused_map_f2f,1,1,0,0.116762592,0.024122401,0.775314738,0.775314738,0.100000000,0.014128619,0.014128619,0.014128619,0.014128619,1.000000000,0.000000000,0.000000000,0.000000000,0.000000000,0.000000000,0.000000000,0.000000000,0.000000000,1.000000000,0.000000000,0.000000000,0.000000000,1.000000000,98.576705933,17.400070190,0.732297778,0.999999940,-0.000212593,-0.000002402,-0.000054886
1537,159.123000000,fused_map_f2f,1,1,0,0.118669348,0.028928356,0.767767163,0.767767163,0.100000000,0.014265530,0.014265530,0.014265530,0.014265530,1.000000000,0.000000000,0.000000000,0.000000000,0.000000000,0.000000000,0.000000000,0.000000000,0.000000000,1.000000000,0.000000000,0.000000000,0.000000000,1.000000000,98.649620056,17.400331497,0.732369602,1.000000000,-0.000193636,0.000003003,-0.000075312
1538,159.219000000,fused_map_f2f,1,1,0,0.115192053,0.016143398,0.781531457,0.781531457,0.100000000,0.014017808,0.014017808,0.014017808,0.014017808,1.000000000,0.000000000,0.000000000,0.000000000,0.000000000,0.000000000,0.000000000,0.000000000,0.000000000,1.000000000,0.000000000,0.000000000,0.000000000,1.000000000,98.766456604,17.400304794,0.732982039,1.000000000,-0.000161406,-0.000003873,-0.000036739
1539,159.320000000,fused_map_f2f,1,1,0,0.113640416,0.016198474,0.787673352,0.787673352,0.100000000,0.013910024,0.013910024,0.013910024,0.013910024,1.000000000,0.000000000,0.000000000,0.000000000,0.000000000,0.000000000,0.000000000,0.000000000,0.000000000,1.000000000,0.000000000,0.000000000,0.000000000,1.000000000,98.842323303,17.400279999,0.732625723,1.000000000,-0.000117719,-0.000013761,-0.000072389
1540,159.414000000,fused_map_f2f,1,1,0,0.117244274,0.018554841,0.773408081,0.773408081,0.100000000,0.014162956,0.014162956,0.014162956,0.014162956,1.000000000,0.000000000,0.000000000,0.000000000,0.000000000,0.000000000,0.000000000,0.000000000,0.000000000,1.000000000,0.000000000,0.000000000,0.000000000,1.000000000,98.922843933,17.399927139,0.732395291,0.999999940,-0.000334083,-0.000019469,-0.000082627
1541,159.539000000,fused_map_f2f,1,1,0,0.114471138,0.019565292,0.784385080,0.784385080,0.100000000,0.013967523,0.013967523,0.013967523,0.013967523,1.000000000,0.000000000,0.000000000,0.000000000,0.000000000,0.000000000,0.000000000,0.000000000,0.000000000,1.000000000,0.000000000,0.000000000,0.000000000,1.000000000,99.018768311,17.400726318,0.732717514,0.999999940,-0.000318442,-0.000008855,-0.000087716
1542,159.617000000,fused_map_f2f,1,1,0,0.116503820,0.015177882,0.776339044,0.776339044,0.100000000,0.014110241,0.014110241,0.014110241,0.014110241,1.000000000,0.000000000,0.000000000,0.000000000,0.000000000,0.000000000,0.000000000,0.000000000,0.000000000,1.000000000,0.000000000,0.000000000,0.000000000,1.000000000,99.074440002,17.400638580,0.732970953,0.999999940,-0.000284340,-0.000043325,-0.000108955
1543,159.713000000,fused_map_f2f,1,1,0,0.112389328,0.016725850,0.792625579,0.792625579,0.100000000,0.013824317,0.013824317,0.013824317,0.013824317,1.000000000,0.000000000,0.000000000,0.000000000,0.000000000,0.000000000,0.000000000,0.000000000,0.000000000,1.000000000,0.000000000,0.000000000,0.000000000,1.000000000,99.142478943,17.400604248,0.733111203,0.999999940,-0.000245779,-0.000077745,-0.000131919
1544,159.823000000,fused_map_f2f,1,1,0,0.112406256,0.020158328,0.792558568,0.792558568,0.100000000,0.013825470,0.013825470,0.013825470,0.013825470,1.000000000,0.000000000,0.000000000,0.000000000,0.000000000,0.000000000,0.000000000,0.000000000,0.000000000,1.000000000,0.000000000,0.000000000,0.000000000,1.000000000,99.234153748,17.400705338,0.732862711,0.999999940,-0.000354659,-0.000011970,-0.000136669
1545,159.918000000,fused_map_f2f,1,1,0,0.113235691,0.026418282,0.789275389,0.789275389,0.100000000,0.013882182,0.013882182,0.013882182,0.013882182,1.000000000,0.000000000,0.000000000,0.000000000,0.000000000,0.000000000,0.000000000,0.000000000,0.000000000,1.000000000,0.000000000,0.000000000,0.000000000,1.000000000,99.340377808,17.401115417,0.732958972,0.999999940,-0.000265177,-0.000023515,-0.000077152
1546,160.022000000,fused_map_f2f,1,1,0,0.113417983,0.018937815,0.788553816,0.788553816,0.100000000,0.013894709,0.013894709,0.013894709,0.013894709,1.000000000,0.000000000,0.000000000,0.000000000,0.000000000,0.000000000,0.000000000,0.000000000,0.000000000,1.000000000,0.000000000,0.000000000,0.000000000,1.000000000,99.425567627,17.401334763,0.732671916,0.999999940,-0.000231967,-0.000026567,-0.000108333
1547,160.117000000,fused_map_f2f,1,1,0,0.111047475,0.017611466,0.797937079,0.797937079,0.100000000,0.013733559,0.013733559,0.013733559,0.013733559,1.000000000,0.000000000,0.000000000,0.000000000,0.000000000,0.000000000,0.000000000,0.000000000,0.000000000,1.000000000,0.000000000,0.000000000,0.000000000,1.000000000,99.536132812,17.400762558,0.732420146,0.999999940,-0.000354147,-0.000018605,-0.000084078
1548,160.221000000,fused_map_f2f,1,1,0,0.109322349,0.023907444,0.804765702,0.804765702,0.100000000,0.013618614,0.013618614,0.013618614,0.013618614,1.000000000,0.000000000,0.000000000,0.000000000,0.000000000,0.000000000,0.000000000,0.000000000,0.000000000,1.000000000,0.000000000,0.000000000,0.000000000,1.000000000,99.617050171,17.401557922,0.732946336,1.000000000,-0.000140190,-0.000020140,-0.000079949
1549,160.316000000,fused_map_f2f,1,1,0,0.114240676,0.031748638,0.785297324,0.785297324,0.100000000,0.013951524,0.013951524,0.013951524,0.013951524,1.000000000,0.000000000,0.000000000,0.000000000,0.000000000,0.000000000,0.000000000,0.000000000,0.000000000,1.000000000,0.000000000,0.000000000,0.000000000,1.000000000,99.683502197,17.401576996,0.732919753,1.000000000,-0.000076856,-0.000031446,-0.000052926
1550,160.431000000,fused_map_f2f,1,1,0,0.111271608,0.020722278,0.797049885,0.797049885,0.100000000,0.013748636,0.013748636,0.013748636,0.013748636,1.000000000,0.000000000,0.000000000,0.000000000,0.000000000,0.000000000,0.000000000,0.000000000,0.000000000,1.000000000,0.000000000,0.000000000,0.000000000,1.000000000,99.788726807,17.401405334,0.732638776,1.000000000,-0.000103844,-0.000018987,-0.000104674
1551,160.523000000,fused_map_f2f,1,1,0,0.112449005,0.015347226,0.792389356,0.792389356,0.100000000,0.013828382,0.013828382,0.013828382,0.013828382,1.000000000,0.000000000,0.000000000,0.000000000,0.000000000,0.000000000,0.000000000,0.000000000,0.000000000,1.000000000,0.000000000,0.000000000,0.000000000,1.000000000,99.846206665,17.401456833,0.732728362,0.999999940,-0.000246750,-0.000053200,-0.000123917
1552,160.615000000,fused_map_f2f,1,1,0,0.112510516,0.019956046,0.792145873,0.792145873,0.100000000,0.013832573,0.013832573,0.013832573,0.013832573,1.000000000,0.000000000,0.000000000,0.000000000,0.000000000,0.000000000,0.000000000,0.000000000,0.000000000,1.000000000,0.000000000,0.000000000,0.000000000,1.000000000,99.951431274,17.401275635,0.732459605,0.999999940,-0.000290217,-0.000034677,-0.000098174
1553,160.724000000,fused_map_f2f,1,1,0,0.111002639,0.019088972,0.798114552,0.798114552,0.100000000,0.013730547,0.013730547,0.013730547,0.013730547,1.000000000,0.000000000,0.000000000,0.000000000,0.000000000,0.000000000,0.000000000,0.000000000,0.000000000,1.000000000,0.000000000,0.000000000,0.000000000,1.000000000,100.023735046,17.401432037,0.732610881,0.999999940,-0.000212105,-0.000053073,-0.000118499
1554,160.823000000,fused_map_f2f,1,1,0,0.114455374,0.017121522,0.784447478,0.784447478,0.100000000,0.013966427,0.013966427,0.013966427,0.013966427,1.000000000,0.000000000,0.000000000,0.000000000,0.000000000,0.000000000,0.000000000,0.000000000,0.000000000,1.000000000,0.000000000,0.000000000,0.000000000,1.000000000,100.087310791,17.401725769,0.732738256,0.999999940,-0.000203563,-0.000069531,-0.000138292
1555,160.917000000,fused_map_f2f,1,1,0,0.112762100,0.014436931,0.791150022,0.791150022,0.100000000,0.013849744,0.013849744,0.013849744,0.013849744,1.000000000,0.000000000,0.000000000,0.000000000,0.000000000,0.000000000,0.000000000,0.000000000,0.000000000,1.000000000,0.000000000,0.000000000,0.000000000,1.000000000,100.170883179,17.401937485,0.732533991,0.999999940,-0.000209749,-0.000031674,-0.000119148
1556,161.088000000,fused_map_f2f,1,1,0,0.114894105,0.022472427,0.782710833,0.782710833,0.100000000,0.013996982,0.013996982,0.013996982,0.013996982,1.000000000,0.000000000,0.000000000,0.000000000,0.000000000,0.000000000,0.000000000,0.000000000,0.000000000,1.000000000,0.000000000,0.000000000,0.000000000,1.000000000,100.295433044,17.401239395,0.732462406,0.999999940,-0.000340372,-0.000085705,-0.000161104
1557,161.116000000,fused_map_f2f,1,1,0,0.114770537,0.019073145,0.783199957,0.783199957,0.100000000,0.013988362,0.013988362,0.013988362,0.013988362,1.000000000,0.000000000,0.000000000,0.000000000,0.000000000,0.000000000,0.000000000,0.000000000,0.000000000,1.000000000,0.000000000,0.000000000,0.000000000,1.000000000,100.342178345,17.400423050,0.731864631,0.999999940,-0.000251103,-0.000027194,-0.000142308
1558,161.236000000,fused_map_f2f,1,1,0,0.113933119,0.018738981,0.786514737,0.786514737,0.100000000,0.013930229,0.013930229,0.013930229,0.013930229,1.000000000,0.000000000,0.000000000,0.000000000,0.000000000,0.000000000,0.000000000,0.000000000,0.000000000,1.000000000,0.000000000,0.000000000,0.000000000,1.000000000,100.424766541,17.400743484,0.732396781,0.999999940,-0.000183210,-0.000006820,-0.000150468
1559,161.321000000,fused_map_f2f,1,1,0,0.118003209,0.023775502,0.770403963,0.770403963,0.100000000,0.014217398,0.014217398,0.014217398,0.014217398,1.000000000,0.000000000,0.000000000,0.000000000,0.000000000,0.000000000,0.000000000,0.000000000,0.000000000,1.000000000,0.000000000,0.000000000,0.000000000,1.000000000,100.490806580,17.401308060,0.732319891,0.999999940,-0.000262310,-0.000029043,-0.000146630
1560,161.419000000,fused_map_f2f,1,1,0,0.117338069,0.014196630,0.773036812,0.773036812,0.100000000,0.014169662,0.014169662,0.014169662,0.014169662,1.000000000,0.000000000,0.000000000,0.000000000,0.000000000,0.000000000,0.000000000,0.000000000,0.000000000,1.000000000,0.000000000,0.000000000,0.000000000,1.000000000,100.574386597,17.400798798,0.732240260,0.999999940,-0.000210634,-0.000033813,-0.000136304
1561,161.520000000,fused_map_f2f,1,1,0,0.117566770,0.024564568,0.772131535,0.772131535,0.100000000,0.014186040,0.014186040,0.014186040,0.014186040,1.000000000,0.000000000,0.000000000,0.000000000,0.000000000,0.000000000,0.000000000,0.000000000,0.000000000,1.000000000,0.000000000,0.000000000,0.000000000,1.000000000,100.656478882,17.400062561,0.731946647,0.999999940,-0.000164474,-0.000041020,-0.000159526
1562,161.617000000,fused_map_f2f,1,1,0,0.118593942,0.017508533,0.768065646,0.768065646,0.100000000,0.014260065,0.014260065,0.014260065,0.014260065,1.000000000,0.000000000,0.000000000,0.000000000,0.000000000,0.000000000,0.000000000,0.000000000,0.000000000,1.000000000,0.000000000,0.000000000,0.000000000,1.000000000,100.746261597,17.399656296,0.732032120,0.999999881,-0.000411552,-0.000023513,-0.000135022
1563,161.725000000,fused_map_f2f,1,1,0,0.116617082,0.018352909,0.775890716,0.775890716,0.100000000,0.014118279,0.014118279,0.014118279,0.014118279,1.000000000,0.000000000,0.000000000,0.000000000,0.000000000,0.000000000,0.000000000,0.000000000,0.000000000,1.000000000,0.000000000,0.000000000,0.000000000,1.000000000,100.834442139,17.400444031,0.731864393,0.999999940,-0.000203876,-0.000023791,-0.000145036
1564,161.831000000,fused_map_f2f,1,1,0,0.117070268,0.020429109,0.774096856,0.774096856,0.100000000,0.014150533,0.014150533,0.014150533,0.014150533,1.000000000,0.000000000,0.000000000,0.000000000,0.000000000,0.000000000,0.000000000,0.000000000,0.000000000,1.000000000,0.000000000,0.000000000,0.000000000,1.000000000,100.946517944,17.399612427,0.731499076,0.999999881,-0.000391872,-0.000016221,-0.000126060
1565,161.931000000,fused_map_f2f,1,1,0,0.118610796,0.022328150,0.767998933,0.767998933,0.100000000,0.014261286,0.014261286,0.014261286,0.014261286,1.000000000,0.000000000,0.000000000,0.000000000,0.000000000,0.000000000,0.000000000,0.000000000,0.000000000,1.000000000,0.000000000,0.000000000,0.000000000,1.000000000,101.032394409,17.399154663,0.731770813,0.999999940,-0.000228921,-0.000011755,-0.000137476
1566,162.026000000,fused_map_f2f,1,1,0,0.120288625,0.015724331,0.761357527,0.761357527,0.100000000,0.014383899,0.014383899,0.014383899,0.014383899,1.000000000,0.000000000,0.000000000,0.000000000,0.000000000,0.000000000,0.000000000,0.000000000,0.000000000,1.000000000,0.000000000,0.000000000,0.000000000,1.000000000,101.125404358,17.398719788,0.731155813,0.999999940,-0.000252258,-0.000025823,-0.000139960
1567,162.118000000,fused_map_f2f,1,1,0,0.119942511,0.017833808,0.762727561,0.762727561,0.100000000,0.014358434,0.014358434,0.014358434,0.014358434,1.000000000,0.000000000,0.000000000,0.000000000,0.000000000,0.000000000,0.000000000,0.000000000,0.000000000,1.000000000,0.000000000,0.000000000,0.000000000,1.000000000,101.204811096,17.398731232,0.731328487,0.999999940,-0.000239784,-0.000033280,-0.000135445
1568,162.236000000,fused_map_f2f,1,1,0,0.123826506,0.019699047,0.747353413,0.747353413,0.100000000,0.014649480,0.014649480,0.014649480,0.014649480,1.000000000,0.000000000,0.000000000,0.000000000,0.000000000,0.000000000,0.000000000,0.000000000,0.000000000,1.000000000,0.000000000,0.000000000,0.000000000,1.000000000,101.326324463,17.398647308,0.730737031,0.999999940,-0.000204377,-0.000014965,-0.000140791
1569,162.392000000,fused_map_f2f,1,1,0,0.124948156,0.025575535,0.742913548,0.742913548,0.100000000,0.014735740,0.014735740,0.014735740,0.014735740,1.000000000,0.000000000,0.000000000,0.000000000,0.000000000,0.000000000,0.000000000,0.000000000,0.000000000,1.000000000,0.000000000,0.000000000,0.000000000,1.000000000,101.479400635,17.398582458,0.730419219,0.999999940,-0.000194395,-0.000019442,-0.000151354
1570,162.422000000,fused_map_f2f,1,1,0,0.123057649,0.013887459,0.750396806,0.750396806,0.100000000,0.014590933,0.014590933,0.014590933,0.014590933,1.000000000,0.000000000,0.000000000,0.000000000,0.000000000,0.000000000,0.000000000,0.000000000,0.000000000,1.000000000,0.000000000,0.000000000,0.000000000,1.000000000,101.523048401,17.398174286,0.730544746,0.999999940,-0.000357912,-0.000011380,-0.000126222
1571,162.513000000,fused_map_f2f,1,1,0,0.123720056,0.026888417,0.747774779,0.747774779,0.100000000,0.014641346,0.014641346,0.014641346,0.014641346,1.000000000,0.000000000,0.000000000,0.000000000,0.000000000,0.000000000,0.000000000,0.000000000,0.000000000,1.000000000,0.000000000,0.000000000,0.000000000,1.000000000,101.610862732,17.398502350,0.731244385,0.999999940,-0.000275972,-0.000034661,-0.000133363
1572,162.631000000,fused_map_f2f,1,1,0,0.124891919,0.070546083,0.743136156,0.743136156,0.095825509,0.014125116,0.014125116,0.014125116,0.014125116,1.000000000,0.000000000,0.000000000,0.000000000,0.000000000,0.000000000,0.000000000,0.000000000,0.000000000,1.000000000,0.000000000,0.000000000,0.000000000,1.000000000,101.679588318,17.367422104,0.744760573,0.999715030,0.007719680,-0.001111520,0.022560686
1573,162.729000000,fused_map_f2f,1,1,0,0.126810932,0.121327754,0.735540059,0.735540059,0.075724431,0.011309606,0.011309606,0.011309606,0.011309606,1.000000000,0.000000000,0.000000000,0.000000000,0.000000000,0.000000000,0.000000000,0.000000000,0.000000000,1.000000000,0.000000000,0.000000000,0.000000000,1.000000000,101.703224182,17.326911926,0.766206205,0.998641074,0.025928147,-0.016569024,0.042062208
1574,162.827000000,fused_map_f2f,1,1,0,0.122031460,0.095667237,0.754458806,0.754458806,0.085881719,0.012490050,0.012490050,0.012490050,0.012490050,1.000000000,0.000000000,0.000000000,0.000000000,0.000000000,0.000000000,0.000000000,0.000000000,0.000000000,1.000000000,0.000000000,0.000000000,0.000000000,1.000000000,101.741287231,17.302377701,0.781155109,0.997315645,0.044017918,-0.040082272,0.042630989
1575,162.913000000,fused_map_f2f,1,1,0,0.123637109,0.083540522,0.748103109,0.748103109,0.090681877,0.013289429,0.013289429,0.013289429,0.013289429,1.000000000,0.000000000,0.000000000,0.000000000,0.000000000,0.000000000,0.000000000,0.000000000,0.000000000,1.000000000,0.000000000,0.000000000,0.000000000,1.000000000,101.804878235,17.301767349,0.784800112,0.996848643,0.049078830,-0.049371470,0.038033016
1576,163.016000000,fused_map_f2f,1,1,0,0.122673286,0.035372531,0.751918241,0.751918241,0.100000000,0.014561840,0.014561840,0.014561840,0.014561840,1.000000000,0.000000000,0.000000000,0.000000000,0.000000000,0.000000000,0.000000000,0.000000000,0.000000000,1.000000000,0.000000000,0.000000000,0.000000000,1.000000000,101.899993896,17.308464050,0.784475148,0.996984720,0.048883613,-0.050276894,0.033228260
1577,163.116000000,fused_map_f2f,1,1,0,0.124265170,0.024201211,0.745617037,0.745617037,0.100000000,0.014683095,0.014683095,0.014683095,0.014683095,1.000000000,0.000000000,0.000000000,0.000000000,0.000000000,0.000000000,0.000000000,0.000000000,0.000000000,1.000000000,0.000000000,0.000000000,0.000000000,1.000000000,101.990066528,17.315900803,0.783767104,0.997091532,0.048793051,-0.050725203,0.029234836
1578,163.225000000,fused_map_f2f,1,1,0,0.122479299,0.019884434,0.752686109,0.752686109,0.100000000,0.014547200,0.014547200,0.014547200,0.014547200,1.000000000,0.000000000,0.000000000,0.000000000,0.000000000,0.000000000,0.000000000,0.000000000,0.000000000,1.000000000,0.000000000,0.000000000,0.000000000,1.000000000,102.088432312,17.322698593,0.782180011,0.997201443,0.048488077,-0.050976958,0.025289806
1579,163.314000000,fused_map_f2f,1,1,0,0.126242079,0.052447018,0.737791772,0.737791772,0.100000000,0.014836518,0.014836518,0.014836518,0.014836518,1.000000000,0.000000000,0.000000000,0.000000000,0.000000000,0.000000000,0.000000000,0.000000000,0.000000000,1.000000000,0.000000000,0.000000000,0.000000000,1.000000000,102.168182373,17.325662613,0.784321129,0.997269332,0.049727708,-0.049122594,0.023831200
1580,163.429000000,fused_map_f2f,1,1,0,0.128612548,0.034952443,0.728408663,0.728408663,0.100000000,0.015024765,0.015024765,0.015024765,0.015024765,1.000000000,0.000000000,0.000000000,0.000000000,0.000000000,0.000000000,0.000000000,0.000000000,0.000000000,1.000000000,0.000000000,0.000000000,0.000000000,1.000000000,102.242340088,17.330177307,0.826492071,0.997608662,0.050041836,-0.043000236,0.020587441
1581,163.514000000,fused_map_f2f,1,1,0,0.126251673,0.045842884,0.737753794,0.737753794,0.100000000,0.014837270,0.014837270,0.014837270,0.014837270,1.000000000,0.000000000,0.000000000,0.000000000,0.000000000,0.000000000,0.000000000,0.000000000,0.000000000,1.000000000,0.000000000,0.000000000,0.000000000,1.000000000,102.314064026,17.334486008,0.835576773,0.997687936,0.048006669,-0.044531517,0.018197307
1582,163.615000000,fused_map_f2f,1,1,0,0.125303083,0.021904995,0.741508630,0.741508630,0.100000000,0.014763247,0.014763247,0.014763247,0.014763247,1.000000000,0.000000000,0.000000000,0.000000000,0.000000000,0.000000000,0.000000000,0.000000000,0.000000000,1.000000000,0.000000000,0.000000000,0.000000000,1.000000000,102.403823853,17.337438583,0.835823655,0.997757554,0.047454316,-0.044291783,0.016315972
1583,163.730000000,fused_map_f2f,1,1,0,0.129612244,0.016748455,0.724451536,0.724451536,0.100000000,0.015105595,0.015105595,0.015105595,0.015105595,1.000000000,0.000000000,0.000000000,0.000000000,0.000000000,0.000000000,0.000000000,0.000000000,0.000000000,1.000000000,0.000000000,0.000000000,0.000000000,1.000000000,102.507987976,17.341096878,0.834971786,0.997796476,0.047238491,-0.044439260,0.013994754
1584,163.833000000,fused_map_f2f,1,1,0,0.132636061,0.019495167,0.712482257,0.712482257,0.100000000,0.015355463,0.015355463,0.015355463,0.015355463,1.000000000,0.000000000,0.000000000,0.000000000,0.000000000,0.000000000,0.000000000,0.000000000,0.000000000,1.000000000,0.000000000,0.000000000,0.000000000,1.000000000,102.601394653,17.344425201,0.833772540,0.997817755,0.047151804,-0.044565514,0.012263854
1585,163.929000000,fused_map_f2f,1,1,0,0.134592661,0.017192371,0.704737385,0.704737385,0.100000000,0.015521596,0.015521596,0.015521596,0.015521596,1.000000000,0.000000000,0.000000000,0.000000000,0.000000000,0.000000000,0.000000000,0.000000000,0.000000000,1.000000000,0.000000000,0.000000000,0.000000000,1.000000000,102.679916382,17.346712112,0.833136320,0.997832596,0.047096528,-0.044642672,0.010913533
1586,164.013000000,fused_map_f2f,1,1,0,0.132796106,0.040763014,0.711848746,0.711848746,0.100000000,0.015368918,0.015368918,0.015368918,0.015368918,1.000000000,0.000000000,0.000000000,0.000000000,0.000000000,0.000000000,0.000000000,0.000000000,0.000000000,1.000000000,0.000000000,0.000000000,0.000000000,1.000000000,102.744789124,17.361722946,0.854944468,0.999055326,0.034825336,-0.025985498,0.000689004
1587,164.113000000,fused_map_f2f,1,1,0,0.136208549,0.032804020,0.698341160,0.698341160,0.100000000,0.015661534,0.015661534,0.015661534,0.015661534,1.000000000,0.000000000,0.000000000,0.000000000,0.000000000,0.000000000,0.000000000,0.000000000,0.000000000,1.000000000,0.000000000,0.000000000,0.000000000,1.000000000,102.824966431,17.373676300,0.870329082,0.999547899,0.026756980,-0.012955966,-0.004489318
1588,164.216000000,fused_map_f2f,1,1,0,0.138024004,0.066301300,0.691154986,0.691154986,0.097505735,0.015433249,0.015433249,0.015433249,0.015433249,1.000000000,0.000000000,0.000000000,0.000000000,0.000000000,0.000000000,0.000000000,0.000000000,0.000000000,1.000000000,0.000000000,0.000000000,0.000000000,1.000000000,102.899116516,17.373468399,0.870384276,0.999577940,0.026174085,-0.011745240,-0.004585738
1589,164.319000000,fused_map_f2f,1,1,0,0.137325721,0.027109886,0.693919022,0.693919022,0.100000000,0.015759768,0.015759768,0.015759768,0.015759768,1.000000000,0.000000000,0.000000000,0.000000000,0.000000000,0.000000000,0.000000000,0.000000000,0.000000000,1.000000000,0.000000000,0.000000000,0.000000000,1.000000000,102.979820251,17.372173309,0.870101690,0.999599695,0.025703851,-0.011089087,-0.004101443
1590,164.426000000,fused_map_f2f,1,1,0,0.136361414,0.016058070,0.697736068,0.697736068,0.100000000,0.015674903,0.015674903,0.015674903,0.015674903,1.000000000,0.000000000,0.000000000,0.000000000,0.000000000,0.000000000,0.000000000,0.000000000,0.000000000,1.000000000,0.000000000,0.000000000,0.000000000,1.000000000,103.050071716,17.371582031,0.869339287,0.999599576,0.025824659,-0.011071797,-0.003344440
1591,164.525000000,fused_map_f2f,1,1,0,0.139596081,0.013085290,0.684932179,0.684932179,0.100000000,0.015963247,0.015963247,0.015963247,0.015963247,1.000000000,0.000000000,0.000000000,0.000000000,0.000000000,0.000000000,0.000000000,0.000000000,0.000000000,1.000000000,0.000000000,0.000000000,0.000000000,1.000000000,103.124893188,17.369358063,0.868591726,0.999608278,0.025573818,-0.011042271,-0.002702218
1592,164.633000000,fused_map_f2f,1,1,0,0.138995596,0.013603788,0.687309100,0.687309100,0.100000000,0.015908920,0.015908920,0.015908920,0.015908920,1.000000000,0.000000000,0.000000000,0.000000000,0.000000000,0.000000000,0.000000000,0.000000000,0.000000000,1.000000000,0.000000000,0.000000000,0.000000000,1.000000000,103.194206238,17.369619370,0.868339777,0.999604821,0.025770616,-0.011033365,-0.002099763
1593,164.718000000,fused_map_f2f,1,1,0,0.139069451,0.011588904,0.687016755,0.687016755,0.100000000,0.015915582,0.015915582,0.015915582,0.015915582,1.000000000,0.000000000,0.000000000,0.000000000,0.000000000,0.000000000,0.000000000,0.000000000,0.000000000,1.000000000,0.000000000,0.000000000,0.000000000,1.000000000,103.245109558,17.369098663,0.867108941,0.999600947,0.025947092,-0.011034458,-0.001725331
1594,164.819000000,fused_map_f2f,1,1,0,0.139705018,0.013408495,0.684500970,0.684500970,0.100000000,0.015973143,0.015973143,0.015973143,0.015973143,1.000000000,0.000000000,0.000000000,0.000000000,0.000000000,0.000000000,0.000000000,0.000000000,0.000000000,1.000000000,0.000000000,0.000000000,0.000000000,1.000000000,103.315132141,17.368406296,0.865704238,0.999602735,0.025906879,-0.011023615,-0.001286725
1595,164.925000000,fused_map_f2f,1,1,0,0.139251504,0.013577038,0.686296130,0.686296130,0.100000000,0.015932027,0.015932027,0.015932027,0.015932027,1.000000000,0.000000000,0.000000000,0.000000000,0.000000000,0.000000000,0.000000000,0.000000000,0.000000000,1.000000000,0.000000000,0.000000000,0.000000000,1.000000000,103.372711182,17.368053436,0.864864647,0.999601424,0.025984252,-0.010986794,-0.001048413
1596,165.023000000,fused_map_f2f,1,1,0,0.140863239,0.012385206,0.679916345,0.679916345,0.100000000,0.016079117,0.016079117,0.016079117,0.016079117,1.000000000,0.000000000,0.000000000,0.000000000,0.000000000,0.000000000,0.000000000,0.000000000,0.000000000,1.000000000,0.000000000,0.000000000,0.000000000,1.000000000,103.430839539,17.368227005,0.864447296,0.999598145,0.026127862,-0.010979233,-0.000638927
1597,165.124000000,fused_map_f2f,1,1,0,0.141016890,0.010079436,0.679308143,0.679308143,0.100000000,0.016093281,0.016093281,0.016093281,0.016093281,1.000000000,0.000000000,0.000000000,0.000000000,0.000000000,0.000000000,0.000000000,0.000000000,0.000000000,1.000000000,0.000000000,0.000000000,0.000000000,1.000000000,103.488006592,17.367773056,0.862805009,0.999596119,0.026210861,-0.010975836,-0.000396125
1598,165.230000000,fused_map_f2f,1,1,0,0.144100217,0.011140584,0.667103309,0.667103309,0.100000000,0.016382888,0.016382888,0.016382888,0.016382888,1.000000000,0.000000000,0.000000000,0.000000000,0.000000000,0.000000000,0.000000000,0.000000000,0.000000000,1.000000000,0.000000000,0.000000000,0.000000000,1.000000000,103.543373108,17.366847992,0.861727178,0.999598801,0.026111104,-0.010974339,-0.000205060
1599,165.318000000,fused_map_f2f,1,1,0,0.144962054,0.013643517,0.663691868,0.663691868,0.100000000,0.016465711,0.016465711,0.016465711,0.016465711,1.000000000,0.000000000,0.000000000,0.000000000,0.000000000,0.000000000,0.000000000,0.000000000,0.000000000,1.000000000,0.000000000,0.000000000,0.000000000,1.000000000,103.595581055,17.367198944,0.861270428,0.999600053,0.026067905,-0.010965958,0.000010536
1600,165.422000000,fused_map_f2f,1,1,0,0.147555242,0.017235723,0.653427169,0.653427169,0.100000000,0.016720047,0.016720047,0.016720047,0.016720047,1.000000000,0.000000000,0.000000000,0.000000000,0.000000000,0.000000000,0.000000000,0.000000000,0.000000000,1.000000000,0.000000000,0.000000000,0.000000000,1.000000000,103.647697449,17.366508484,0.860216260,0.999599516,0.026089769,-0.010962641,0.000162826
1601,165.526000000,fused_map_f2f,1,1,0,0.151990323,0.011182403,0.635871636,0.635871636,0.100000000,0.017173736,0.017173736,0.017173736,0.017173736,1.000000000,0.000000000,0.000000000,0.000000000,0.000000000,0.000000000,0.000000000,0.000000000,0.000000000,1.000000000,0.000000000,0.000000000,0.000000000,1.000000000,103.706329346,17.367151260,0.858860910,0.999595702,0.026231797,-0.010962573,0.000347709
1602,165.621000000,fused_map_f2f,1,1,0,0.154225476,0.011887048,0.627024158,0.627024158,0.100000000,0.017411843,0.017411843,0.017411843,0.017411843,1.000000000,0.000000000,0.000000000,0.000000000,0.000000000,0.000000000,0.000000000,0.000000000,0.000000000,1.000000000,0.000000000,0.000000000,0.000000000,1.000000000,103.762763977,17.366937637,0.858133197,0.999603808,0.025924757,-0.010950830,0.000491192
1603,165.727000000,fused_map_f2f,1,1,0,0.156383623,0.011600228,0.618481491,0.618481491,0.100000000,0.017648097,0.017648097,0.017648097,0.017648097,1.000000000,0.000000000,0.000000000,0.000000000,0.000000000,0.000000000,0.000000000,0.000000000,0.000000000,1.000000000,0.000000000,0.000000000,0.000000000,1.000000000,103.819114685,17.367464066,0.857367158,0.999598861,0.026114693,-0.010943975,0.000603866
1604,165.823000000,fused_map_f2f,1,1,0,0.159251553,0.011496984,0.607129268,0.607129268,0.100000000,0.017972154,0.017972154,0.017972154,0.017972154,1.000000000,0.000000000,0.000000000,0.000000000,0.000000000,0.000000000,0.000000000,0.000000000,0.000000000,1.000000000,0.000000000,0.000000000,0.000000000,1.000000000,103.874015808,17.367515564,0.856169701,0.999592781,0.026344618,-0.010943566,0.000656809
1605,165.925000000,fused_map_f2f,1,1,0,0.164054370,0.013029308,0.588118119,0.588118119,0.100000000,0.018542338,0.018542338,0.018542338,0.018542338,1.000000000,0.000000000,0.000000000,0.000000000,0.000000000,0.000000000,0.000000000,0.000000000,0.000000000,1.000000000,0.000000000,0.000000000,0.000000000,1.000000000,103.940650940,17.367500305,0.855433881,0.999594629,0.026276477,-0.010938871,0.000741681
1606,166.016000000,fused_map_f2f,1,1,0,0.161907013,0.012237483,0.596618074,0.596618074,0.100000000,0.018282997,0.018282997,0.018282997,0.018282997,1.000000000,0.000000000,0.000000000,0.000000000,0.000000000,0.000000000,0.000000000,0.000000000,0.000000000,1.000000000,0.000000000,0.000000000,0.000000000,1.000000000,103.995407104,17.368202209,0.854912758,0.999590695,0.026416134,-0.010954285,0.000829300
1607,166.125000000,fused_map_f2f,1,1,0,0.162395556,0.011641390,0.594684257,0.594684257,0.100000000,0.018341360,0.018341360,0.018341360,0.018341360,1.000000000,0.000000000,0.000000000,0.000000000,0.000000000,0.000000000,0.000000000,0.000000000,0.000000000,1.000000000,0.000000000,0.000000000,0.000000000,1.000000000,104.062461853,17.368234634,0.852874100,0.999587536,0.026540242,-0.010937335,0.000868662
1608,166.213000000,fused_map_f2f,1,1,0,0.168904418,0.012010697,0.568920013,0.568920013,0.100000000,0.019156060,0.019156060,0.019156060,0.019156060,1.000000000,0.000000000,0.000000000,0.000000000,0.000000000,0.000000000,0.000000000,0.000000000,0.000000000,1.000000000,0.000000000,0.000000000,0.000000000,1.000000000,104.120239258,17.367895126,0.852389276,0.999591231,0.026398066,-0.010941358,0.000899178
1609,166.320000000,fused_map_f2f,1,1,0,0.168827199,0.013365414,0.569225669,0.569225669,0.100000000,0.019145971,0.019145971,0.019145971,0.019145971,1.000000000,0.000000000,0.000000000,0.000000000,0.000000000,0.000000000,0.000000000,0.000000000,0.000000000,1.000000000,0.000000000,0.000000000,0.000000000,1.000000000,104.189750671,17.368591309,0.851909280,0.999594033,0.026288148,-0.010941478,0.001002138
1610,166.426000000,fused_map_f2f,1,1,0,0.173954180,0.013885911,0.548931370,0.548931370,0.100000000,0.019839765,0.019839765,0.019839765,0.019839765,1.000000000,0.000000000,0.000000000,0.000000000,0.000000000,0.000000000,0.000000000,0.000000000,0.000000000,1.000000000,0.000000000,0.000000000,0.000000000,1.000000000,104.251373291,17.368484497,0.850535512,0.999593556,0.026309898,-0.010934106,0.001009071
1611,166.521000000,fused_map_f2f,1,1,0,0.180137470,0.013066944,0.524455847,0.524455847,0.100000000,0.020746446,0.020746446,0.020746446,0.020746446,1.000000000,0.000000000,0.000000000,0.000000000,0.000000000,0.000000000,0.000000000,0.000000000,0.000000000,1.000000000,0.000000000,0.000000000,0.000000000,1.000000000,104.305770874,17.368413925,0.849569619,0.999593198,0.026333358,-0.010910619,0.000992146
1612,166.620000000,fused_map_f2f,1,1,0,0.177801774,0.012103694,0.533701310,0.533701310,0.100000000,0.020394379,0.020394379,0.020394379,0.020394379,1.000000000,0.000000000,0.000000000,0.000000000,0.000000000,0.000000000,0.000000000,0.000000000,0.000000000,1.000000000,0.000000000,0.000000000,0.000000000,1.000000000,104.372337341,17.368000031,0.848692358,0.999603331,0.025930732,-0.010939285,0.001047730
1613,166.722000000,fused_map_f2f,1,1,0,0.183519246,0.012318733,0.511069652,0.511069652,0.100000000,0.021278285,0.021278285,0.021278285,0.021278285,1.000000000,0.000000000,0.000000000,0.000000000,0.000000000,0.000000000,0.000000000,0.000000000,0.000000000,1.000000000,0.000000000,0.000000000,0.000000000,1.000000000,104.435394287,17.368717194,0.847943842,0.999596715,0.026183506,-0.010940007,0.001067671
1614,166.829000000,fused_map_f2f,1,1,0,0.187959026,0.012658249,0.493495524,0.493495524,0.100000000,0.022019352,0.022019352,0.022019352,0.022019352,1.000000000,0.000000000,0.000000000,0.000000000,0.000000000,0.000000000,0.000000000,0.000000000,0.000000000,1.000000000,0.000000000,0.000000000,0.000000000,1.000000000,104.498703003,17.368495941,0.846935928,0.999593318,0.026328379,-0.010905227,0.001046959
1615,166.919000000,fused_map_f2f,1,1,0,0.189330340,0.012252558,0.488067405,0.488067405,0.100000000,0.022258793,0.022258793,0.022258793,0.022258793,1.000000000,0.000000000,0.000000000,0.000000000,0.000000000,0.000000000,0.000000000,0.000000000,0.000000000,1.000000000,0.000000000,0.000000000,0.000000000,1.000000000,104.568351746,17.368822098,0.845978260,0.999593318,0.026313299,-0.010939847,0.001078427
1616,167.020000000,fused_map_f2f,1,1,0,0.197637612,0.010976344,0.455184454,0.455184454,0.100000000,0.023828473,0.023828473,0.023828473,0.023828473,1.000000000,0.000000000,0.000000000,0.000000000,0.000000000,0.000000000,0.000000000,0.000000000,0.000000000,1.000000000,0.000000000,0.000000000,0.000000000,1.000000000,104.630126953,17.368494034,0.844863415,0.999594808,0.026246993,-0.010959943,0.001105931
1617,167.114000000,fused_map_f2f,1,1,0,0.198878605,0.011432077,0.450272189,0.450272189,0.100000000,0.024082170,0.024082170,0.024082170,0.024082170,1.000000000,0.000000000,0.000000000,0.000000000,0.000000000,0.000000000,0.000000000,0.000000000,0.000000000,1.000000000,0.000000000,0.000000000,0.000000000,1.000000000,104.688293457,17.368259430,0.843727291,0.999594271,0.026271716,-0.010951216,0.001083779
1618,167.221000000,fused_map_f2f,1,1,0,0.199853306,0.012397637,0.446413999,0.446413999,0.100000000,0.024285249,0.024285249,0.024285249,0.024285249,1.000000000,0.000000000,0.000000000,0.000000000,0.000000000,0.000000000,0.000000000,0.000000000,0.000000000,1.000000000,0.000000000,0.000000000,0.000000000,1.000000000,104.763549805,17.368425369,0.843184769,0.999593019,0.026323406,-0.010945311,0.001045046
1619,167.323000000,fused_map_f2f,1,1,0,0.205704142,0.013039030,0.423254437,0.423254437,0.100000000,0.025580093,0.025580093,0.025580093,0.025580093,1.000000000,0.000000000,0.000000000,0.000000000,0.000000000,0.000000000,0.000000000,0.000000000,0.000000000,1.000000000,0.000000000,0.000000000,0.000000000,1.000000000,104.827507019,17.368566513,0.842237890,0.999588788,0.026482582,-0.010953990,0.001005927
1620,167.431000000,fused_map_f2f,1,1,0,0.210169053,0.014656095,0.405580830,0.405580830,0.100000000,0.026665049,0.026665049,0.026665049,0.026665049,1.000000000,0.000000000,0.000000000,0.000000000,0.000000000,0.000000000,0.000000000,0.000000000,0.000000000,1.000000000,0.000000000,0.000000000,0.000000000,1.000000000,104.897453308,17.368324280,0.841022611,0.999589622,0.026444985,-0.010962927,0.001002775
1621,167.515000000,fused_map_f2f,1,1,0,0.215555309,0.014047647,0.384260236,0.384260236,0.100000000,0.028102975,0.028102975,0.028102975,0.028102975,1.000000000,0.000000000,0.000000000,0.000000000,0.000000000,0.000000000,0.000000000,0.000000000,0.000000000,1.000000000,0.000000000,0.000000000,0.000000000,1.000000000,104.953025818,17.368780136,0.840488076,0.999590158,0.026430057,-0.010953364,0.000992068
1622,167.624000000,fused_map_f2f,1,1,0,0.216648919,0.013452328,0.379931362,0.379931362,0.100000000,0.028414077,0.028414077,0.028414077,0.028414077,1.000000000,0.000000000,0.000000000,0.000000000,0.000000000,0.000000000,0.000000000,0.000000000,0.000000000,1.000000000,0.000000000,0.000000000,0.000000000,1.000000000,105.011436462,17.368539810,0.839238822,0.999586046,0.026587136,-0.010950021,0.000972110
1623,167.728000000,fused_map_f2f,1,1,0,0.221926622,0.012943708,0.359040456,0.359040456,0.100000000,0.030017734,0.030017734,0.030017734,0.030017734,1.000000000,0.000000000,0.000000000,0.000000000,0.000000000,0.000000000,0.000000000,0.000000000,0.000000000,1.000000000,0.000000000,0.000000000,0.000000000,1.000000000,105.066459656,17.368583679,0.838344574,0.999583781,0.026670808,-0.010957617,0.000919805
1624,167.818000000,fused_map_f2f,1,1,0,0.223515599,0.013021597,0.352750754,0.352750754,0.100000000,0.030536619,0.030536619,0.030536619,0.030536619,1.000000000,0.000000000,0.000000000,0.000000000,0.000000000,0.000000000,0.000000000,0.000000000,0.000000000,1.000000000,0.000000000,0.000000000,0.000000000,1.000000000,105.126663208,17.369874954,0.837163568,0.999582708,0.026713850,-0.010947771,0.000949442
1625,167.918000000,fused_map_f2f,1,1,0,0.226783456,0.012911714,0.339815485,0.339815485,0.100000000,0.031662209,0.031662209,0.031662209,0.031662209,1.000000000,0.000000000,0.000000000,0.000000000,0.000000000,0.000000000,0.000000000,0.000000000,0.000000000,1.000000000,0.000000000,0.000000000,0.000000000,1.000000000,105.185241699,17.370197296,0.836315036,0.999584019,0.026665393,-0.010948336,0.000963961
1626,168.023000000,fused_map_f2f,1,1,0,0.231885161,0.014447345,0.319621236,0.319621236,0.100000000,0.033595477,0.033595477,0.033595477,0.033595477,1.000000000,0.000000000,0.000000000,0.000000000,0.000000000,0.000000000,0.000000000,0.000000000,0.000000000,1.000000000,0.000000000,0.000000000,0.000000000,1.000000000,105.245086670,17.369588852,0.835210681,0.999581754,0.026751669,-0.010949438,0.000924998
1627,168.114000000,fused_map_f2f,1,1,0,0.239956758,0.014523466,0.287671166,0.287671166,0.100000000,0.037187986,0.037187986,0.037187986,0.037187986,1.000000000,0.000000000,0.000000000,0.000000000,0.000000000,0.000000000,0.000000000,0.000000000,0.000000000,1.000000000,0.000000000,0.000000000,0.000000000,1.000000000,105.301826477,17.369787216,0.834051609,0.999577105,0.026920730,-0.010957998,0.000898226
1628,168.216000000,fused_map_f2f,1,1,0,0.243214663,0.011534499,0.274775290,0.274775290,0.100000000,0.038865476,0.038865476,0.038865476,0.038865476,1.000000000,0.000000000,0.000000000,0.000000000,0.000000000,0.000000000,0.000000000,0.000000000,0.000000000,1.000000000,0.000000000,0.000000000,0.000000000,1.000000000,105.366188049,17.369775772,0.833165169,0.999577284,0.026907163,-0.010973807,0.000904991
1629,168.321000000,fused_map_f2f,1,1,0,0.255936106,0.012309320,0.224419579,0.224419579,0.100000000,0.047174791,0.047174791,0.047174791,0.047174791,1.000000000,0.000000000,0.000000000,0.000000000,0.000000000,0.000000000,0.000000000,0.000000000,0.000000000,1.000000000,0.000000000,0.000000000,0.000000000,1.000000000,105.429328918,17.369434357,0.832287371,0.999574780,0.027021358,-0.010927738,0.000817833
1630,168.422000000,fused_map_f2f,1,1,0,0.259170992,0.013183570,0.211614822,0.211614822,0.100000000,0.049886921,0.049886921,0.049886921,0.049886921,1.000000000,0.000000000,0.000000000,0.000000000,0.000000000,0.000000000,0.000000000,0.000000000,0.000000000,1.000000000,0.000000000,0.000000000,0.000000000,1.000000000,105.497200012,17.369846344,0.831210911,0.999577880,0.026896089,-0.010957241,0.000786515
1631,168.527000000,fused_map_f2f,1,1,0,0.262158446,0.014525010,0.199789485,0.199789485,0.100000000,0.052684114,0.052684114,0.052684114,0.052684114,1.000000000,0.000000000,0.000000000,0.000000000,0.000000000,0.000000000,0.000000000,0.000000000,0.000000000,1.000000000,0.000000000,0.000000000,0.000000000,1.000000000,105.576469421,17.369932175,0.830325902,0.999584615,0.026646210,-0.010950871,0.000844476
1632,168.619000000,fused_map_f2f,1,1,0,0.273624620,0.013667042,0.154402544,0.154402544,0.100000000,0.067131084,0.067131084,0.067131084,0.067131084,1.000000000,0.000000000,0.000000000,0.000000000,0.000000000,0.000000000,0.000000000,0.000000000,0.000000000,1.000000000,0.000000000,0.000000000,0.000000000,1.000000000,105.638183594,17.370771408,0.829605281,0.999574780,0.027005771,-0.010965941,0.000794203
1633,168.728000000,fused_map_f2f,1,1,0,0.273857775,0.014283208,0.153479641,0.153479641,0.100000000,0.067507506,0.067507506,0.067507506,0.067507506,1.000000000,0.000000000,0.000000000,0.000000000,0.000000000,0.000000000,0.000000000,0.000000000,0.000000000,1.000000000,0.000000000,0.000000000,0.000000000,1.000000000,105.719711304,17.371253967,0.828600526,0.999569178,0.027208818,-0.010975543,0.000822599
1634,168.828000000,fused_map_f2f,1,1,0,0.283930960,0.017503910,0.113606615,0.113606615,0.100000000,0.089090071,0.089090071,0.089090071,0.089090071,1.000000000,0.000000000,0.000000000,0.000000000,0.000000000,0.000000000,0.000000000,0.000000000,0.000000000,1.000000000,0.000000000,0.000000000,0.000000000,1.000000000,105.788955688,17.371433258,0.827942550,0.999568582,0.027230794,-0.010976484,0.000786322
1635,168.930000000,fused_map_f2f,1,1,0,0.298226145,0.013772300,0.057021510,0.057021510,0.100000000,0.163080636,0.163080636,0.163080636,0.163080636,1.000000000,0.000000000,0.000000000,0.000000000,0.000000000,0.000000000,0.000000000,0.000000000,0.000000000,1.000000000,0.000000000,0.000000000,0.000000000,1.000000000,105.859008789,17.371313095,0.826778591,0.999568403,0.027235169,-0.010991034,0.000690056
1636,169.019000000,fused_map_f2f,1,1,1,0.310715453,0.010811502,0.050000000,0.050000000,0.100000000,0.181818182,0.181818182,0.181818182,0.181818182,1.000000000,0.000000000,0.000000000,0.000000000,0.000000000,0.000000000,0.000000000,0.000000000,0.000000000,1.000000000,0.000000000,0.000000000,0.000000000,1.000000000,105.931625366,17.372138977,0.826095879,0.999561787,0.027480535,-0.010974116,0.000784375
1637,169.122000000,fused_map_f2f,1,1,1,0.318101293,0.014358677,0.050000000,0.050000000,0.100000000,0.181818182,0.181818182,0.181818182,0.181818182,1.000000000,0.000000000,0.000000000,0.000000000,0.000000000,0.000000000,0.000000000,0.000000000,0.000000000,1.000000000,0.000000000,0.000000000,0.000000000,1.000000000,106.006797791,17.371923447,0.825181603,0.999560356,0.027537264,-0.010959020,0.000803002
1638,169.228000000,fused_map_f2f,1,1,1,0.336203570,0.014526185,0.050000000,0.050000000,0.100000000,0.181818182,0.181818182,0.181818182,0.181818182,1.000000000,0.000000000,0.000000000,0.000000000,0.000000000,0.000000000,0.000000000,0.000000000,0.000000000,1.000000000,0.000000000,0.000000000,0.000000000,1.000000000,106.083343506,17.372486115,0.824222505,0.999556899,0.027654346,-0.010986736,0.000730931
1639,169.323000000,fused_map_f2f,1,1,1,0.345482563,0.014589200,0.050000000,0.050000000,0.100000000,0.181818182,0.181818182,0.181818182,0.181818182,1.000000000,0.000000000,0.000000000,0.000000000,0.000000000,0.000000000,0.000000000,0.000000000,0.000000000,1.000000000,0.000000000,0.000000000,0.000000000,1.000000000,106.160675049,17.372714996,0.823320925,0.999556720,0.027663374,-0.010980013,0.000696150
1640,169.415000000,fused_map_f2f,1,1,1,0.364938763,0.014118486,0.050000000,0.050000000,0.100000000,0.181818182,0.181818182,0.181818182,0.181818182,1.000000000,0.000000000,0.000000000,0.000000000,0.000000000,0.000000000,0.000000000,0.000000000,0.000000000,1.000000000,0.000000000,0.000000000,0.000000000,1.000000000,106.240058899,17.372526169,0.822291732,0.999557137,0.027642911,-0.010997168,0.000653013
1641,169.513000000,fused_map_f2f,1,1,1,0.373566132,0.014198814,0.050000000,0.050000000,0.100000000,0.181818182,0.181818182,0.181818182,0.181818182,1.000000000,0.000000000,0.000000000,0.000000000,0.000000000,0.000000000,0.000000000,0.000000000,0.000000000,1.000000000,0.000000000,0.000000000,0.000000000,1.000000000,106.337539673,17.372488022,0.821464777,0.999559820,0.027543029,-0.011003052,0.000676493
1642,169.613000000,fused_map_f2f,1,1,1,0.405414606,0.019030401,0.050000000,0.050000000,0.100000000,0.181818182,0.181818182,0.181818182,0.181818182,1.000000000,0.000000000,0.000000000,0.000000000,0.000000000,0.000000000,0.000000000,0.000000000,0.000000000,1.000000000,0.000000000,0.000000000,0.000000000,1.000000000,106.426010132,17.372457504,0.820689678,0.999558151,0.027606335,-0.010999686,0.000598944
1643,169.720000000,fused_map_f2f,1,1,1,0.439384317,0.018109202,0.050000000,0.050000000,0.100000000,0.181818182,0.181818182,0.181818182,0.181818182,1.000000000,0.000000000,0.000000000,0.000000000,0.000000000,0.000000000,0.000000000,0.000000000,0.000000000,1.000000000,0.000000000,0.000000000,0.000000000,1.000000000,106.527694702,17.372688293,0.819868267,0.999559343,0.027567988,-0.010988508,0.000618757
1644,169.820000000,fused_map_f2f,1,1,1,0.467217102,0.017265217,0.050000000,0.050000000,0.100000000,0.181818182,0.181818182,0.181818182,0.181818182,1.000000000,0.000000000,0.000000000,0.000000000,0.000000000,0.000000000,0.000000000,0.000000000,0.000000000,1.000000000,0.000000000,0.000000000,0.000000000,1.000000000,106.613426208,17.372482300,0.818439603,0.999560654,0.027513342,-0.011008343,0.000566237
1645,169.922000000,fused_map_f2f,1,1,1,0.498629204,0.015698139,0.050000000,0.050000000,0.100000000,0.181818182,0.181818182,0.181818182,0.181818182,1.000000000,0.000000000,0.000000000,0.000000000,0.000000000,0.000000000,0.000000000,0.000000000,0.000000000,1.000000000,0.000000000,0.000000000,0.000000000,1.000000000,106.706558228,17.372037888,0.817500174,0.999557555,0.027628044,-0.011002790,0.000573433
1646,170.030000000,fused_map_f2f,1,1,1,0.536956221,0.014857951,0.050000000,0.050000000,0.100000000,0.181818182,0.181818182,0.181818182,0.181818182,1.000000000,0.000000000,0.000000000,0.000000000,0.000000000,0.000000000,0.000000000,0.000000000,0.000000000,1.000000000,0.000000000,0.000000000,0.000000000,1.000000000,106.800529480,17.371805191,0.816357017,0.999563038,0.027424896,-0.011010883,0.000552006
1647,170.114000000,fused_map_f2f,1,1,1,0.581240148,0.014139482,0.050000000,0.050000000,0.100000000,0.181818182,0.181818182,0.181818182,0.181818182,1.000000000,0.000000000,0.000000000,0.000000000,0.000000000,0.000000000,0.000000000,0.000000000,0.000000000,1.000000000,0.000000000,0.000000000,0.000000000,1.000000000,106.867446899,17.371133804,0.815661550,0.999562144,0.027450377,-0.011034760,0.000461647
1648,170.214000000,fused_map_f2f,1,1,1,0.615524073,0.013486371,0.050000000,0.050000000,0.100000000,0.181818182,0.181818182,0.181818182,0.181818182,1.000000000,0.000000000,0.000000000,0.000000000,0.000000000,0.000000000,0.000000000,0.000000000,0.000000000,1.000000000,0.000000000,0.000000000,0.000000000,1.000000000,106.954292297,17.371583939,0.814872622,0.999562204,0.027456963,-0.011011614,0.000511205
1649,170.319000000,fused_map_f2f,1,1,1,0.665844756,0.016780958,0.050000000,0.050000000,0.100000000,0.181818182,0.181818182,0.181818182,0.181818182,1.000000000,0.000000000,0.000000000,0.000000000,0.000000000,0.000000000,0.000000000,0.000000000,0.000000000,1.000000000,0.000000000,0.000000000,0.000000000,1.000000000,107.039306641,17.372093201,0.813737273,0.999565363,0.027352743,-0.010984446,0.000506932
1650,170.424000000,fused_map_f2f,1,1,1,0.724184871,0.014736254,0.050000000,0.050000000,0.100000000,0.181818182,0.181818182,0.181818182,0.181818182,1.000000000,0.000000000,0.000000000,0.000000000,0.000000000,0.000000000,0.000000000,0.000000000,0.000000000,1.000000000,0.000000000,0.000000000,0.000000000,1.000000000,107.124702454,17.372436523,0.812770784,0.999562442,0.027455077,-0.010993805,0.000515806
1651,170.525000000,fused_map_f2f,1,1,1,0.770415050,0.018350461,0.050000000,0.050000000,0.100000000,0.181818182,0.181818182,0.181818182,0.181818182,1.000000000,0.000000000,0.000000000,0.000000000,0.000000000,0.000000000,0.000000000,0.000000000,0.000000000,1.000000000,0.000000000,0.000000000,0.000000000,1.000000000,107.201194763,17.372585297,0.811868250,0.999563992,0.027395271,-0.011001334,0.000493021
1652,170.632000000,fused_map_f2f,1,1,1,0.830019385,0.015602793,0.050000000,0.050000000,0.100000000,0.181818182,0.181818182,0.181818182,0.181818182,1.000000000,0.000000000,0.000000000,0.000000000,0.000000000,0.000000000,0.000000000,0.000000000,0.000000000,1.000000000,0.000000000,0.000000000,0.000000000,1.000000000,107.277267456,17.372180939,0.810864449,0.999564111,0.027396251,-0.010988281,0.000432733
1653,170.714000000,fused_map_f2f,1,1,1,0.897109414,0.011809533,0.050000000,0.050000000,0.100000000,0.181818182,0.181818182,0.181818182,0.181818182,1.000000000,0.000000000,0.000000000,0.000000000,0.000000000,0.000000000,0.000000000,0.000000000,0.000000000,1.000000000,0.000000000,0.000000000,0.000000000,1.000000000,107.343414307,17.372320175,0.809878588,0.999562800,0.027437929,-0.011002396,0.000479793
1654,170.830000000,fused_map_f2f,1,1,1,0.983972978,0.013285743,0.050000000,0.050000000,0.100000000,0.181818182,0.181818182,0.181818182,0.181818182,1.000000000,0.000000000,0.000000000,0.000000000,0.000000000,0.000000000,0.000000000,0.000000000,0.000000000,1.000000000,0.000000000,0.000000000,0.000000000,1.000000000,107.422386169,17.372322083,0.809056461,0.999564409,0.027372241,-0.011025387,0.000446745
1655,170.925000000,fused_map_f2f,1,1,1,1.068763110,0.015642068,0.050000000,0.050000000,0.100000000,0.181818182,0.181818182,0.181818182,0.181818182,1.000000000,0.000000000,0.000000000,0.000000000,0.000000000,0.000000000,0.000000000,0.000000000,0.000000000,1.000000000,0.000000000,0.000000000,0.000000000,1.000000000,107.491424561,17.372583389,0.807594597,0.999563456,0.027408514,-0.011019298,0.000461642
1656,171.023000000,fused_map_f2f,1,1,1,1.135879518,0.013566743,0.050000000,0.050000000,0.100000000,0.181818182,0.181818182,0.181818182,0.181818182,1.000000000,0.000000000,0.000000000,0.000000000,0.000000000,0.000000000,0.000000000,0.000000000,0.000000000,1.000000000,0.000000000,0.000000000,0.000000000,1.000000000,107.559745789,17.372499466,0.806908190,0.999564528,0.027375745,-0.011004342,0.000475041
1657,171.123000000,fused_map_f2f,1,1,1,1.214260994,0.018384297,0.050000000,0.050000000,0.100000000,0.181818182,0.181818182,0.181818182,0.181818182,1.000000000,0.000000000,0.000000000,0.000000000,0.000000000,0.000000000,0.000000000,0.000000000,0.000000000,1.000000000,0.000000000,0.000000000,0.000000000,1.000000000,107.620468140,17.372791290,0.805962622,0.999565244,0.027351141,-0.010997451,0.000508094
1658,171.234000000,fused_map_f2f,1,1,1,1.297120126,0.012268536,0.050000000,0.050000000,0.100000000,0.181818182,0.181818182,0.181818182,0.181818182,1.000000000,0.000000000,0.000000000,0.000000000,0.000000000,0.000000000,0.000000000,0.000000000,0.000000000,1.000000000,0.000000000,0.000000000,0.000000000,1.000000000,107.676147461,17.373031616,0.804586053,0.999562263,0.027464710,-0.010991514,0.000448060
1659,171.323000000,fused_map_f2f,1,1,1,1.371916543,0.010568083,0.050000000,0.050000000,0.100000000,0.181818182,0.181818182,0.181818182,0.181818182,1.000000000,0.000000000,0.000000000,0.000000000,0.000000000,0.000000000,0.000000000,0.000000000,0.000000000,1.000000000,0.000000000,0.000000000,0.000000000,1.000000000,107.721557617,17.372917175,0.803897977,0.999562860,0.027443584,-0.010987259,0.000441005
1660,171.431000000,fused_map_f2f,1,1,1,1.431979112,0.013684647,0.050000000,0.050000000,0.100000000,0.181818182,0.181818182,0.181818182,0.181818182,1.000000000,0.000000000,0.000000000,0.000000000,0.000000000,0.000000000,0.000000000,0.000000000,0.000000000,1.000000000,0.000000000,0.000000000,0.000000000,1.000000000,107.774841309,17.372377396,0.802905262,0.999566793,0.027295817,-0.010996984,0.000420687
1661,171.526000000,fused_map_f2f,1,1,1,1.499628949,0.010229788,0.050000000,0.050000000,0.100000000,0.181818182,0.181818182,0.181818182,0.181818182,1.000000000,0.000000000,0.000000000,0.000000000,0.000000000,0.000000000,0.000000000,0.000000000,0.000000000,1.000000000,0.000000000,0.000000000,0.000000000,1.000000000,107.816040039,17.372255325,0.802063942,0.999566615,0.027300371,-0.011001620,0.000365157
1662,171.627000000,fused_map_f2f,1,1,1,1.572602594,0.011782470,0.050000000,0.050000000,0.100000000,0.181818182,0.181818182,0.181818182,0.181818182,1.000000000,0.000000000,0.000000000,0.000000000,0.000000000,0.000000000,0.000000000,0.000000000,0.000000000,1.000000000,0.000000000,0.000000000,0.000000000,1.000000000,107.863677979,17.372865677,0.801256776,0.999564528,0.027378632,-0.010999636,0.000400579
1663,171.728000000,fused_map_f2f,1,1,1,1.661099485,0.010949097,0.050000000,0.050000000,0.100000000,0.181818182,0.181818182,0.181818182,0.181818182,1.000000000,0.000000000,0.000000000,0.000000000,0.000000000,0.000000000,0.000000000,0.000000000,0.000000000,1.000000000,0.000000000,0.000000000,0.000000000,1.000000000,107.908683777,17.372894287,0.800246239,0.999563754,0.027404578,-0.011004712,0.000392821
1664,171.816000000,fused_map_f2f,1,1,1,1.732440125,0.010598993,0.050000000,0.050000000,0.100000000,0.181818182,0.181818182,0.181818182,0.181818182,1.000000000,0.000000000,0.000000000,0.000000000,0.000000000,0.000000000,0.000000000,0.000000000,0.000000000,1.000000000,0.000000000,0.000000000,0.000000000,1.000000000,107.952491760,17.372861862,0.799381733,0.999567807,0.027260492,-0.010993873,0.000434788
1665,171.915000000,fused_map_f2f,1,1,1,1.801862164,0.009014447,0.050000000,0.050000000,0.100000000,0.181818182,0.181818182,0.181818182,0.181818182,1.000000000,0.000000000,0.000000000,0.000000000,0.000000000,0.000000000,0.000000000,0.000000000,0.000000000,1.000000000,0.000000000,0.000000000,0.000000000,1.000000000,107.992515564,17.372993469,0.798679471,0.999570012,0.027175194,-0.011005306,0.000427402
1666,172.020000000,fused_map_f2f,1,1,1,1.888979305,0.011742836,0.050000000,0.050000000,0.100000000,0.181818182,0.181818182,0.181818182,0.181818182,1.000000000,0.000000000,0.000000000,0.000000000,0.000000000,0.000000000,0.000000000,0.000000000,0.000000000,1.000000000,0.000000000,0.000000000,0.000000000,1.000000000,108.031593323,17.372734070,0.797818124,0.999569118,0.027202731,-0.011020700,0.000395279
1667,172.140000000,fused_map_f2f,1,1,1,1.974096808,0.011467270,0.050000000,0.050000000,0.100000000,0.181818182,0.181818182,0.181818182,0.181818182,1.000000000,0.000000000,0.000000000,0.000000000,0.000000000,0.000000000,0.000000000,0.000000000,0.000000000,1.000000000,0.000000000,0.000000000,0.000000000,1.000000000,108.077133179,17.372806549,0.796760499,0.999568760,0.027221464,-0.011001990,0.000396486
1668,172.235000000,fused_map_f2f,1,1,1,2.016239680,0.012956356,0.050000000,0.050000000,0.100000000,0.181818182,0.181818182,0.181818182,0.181818182,1.000000000,0.000000000,0.000000000,0.000000000,0.000000000,0.000000000,0.000000000,0.000000000,0.000000000,1.000000000,0.000000000,0.000000000,0.000000000,1.000000000,108.110351562,17.372331619,0.795869112,0.999569297,0.027202921,-0.011001195,0.000378512
1669,172.325000000,fused_map_f2f,1,1,1,2.069451448,0.014234421,0.050000000,0.050000000,0.100000000,0.181818182,0.181818182,0.181818182,0.181818182,1.000000000,0.000000000,0.000000000,0.000000000,0.000000000,0.000000000,0.000000000,0.000000000,0.000000000,1.000000000,0.000000000,0.000000000,0.000000000,1.000000000,108.140571594,17.372657776,0.795088768,0.999568999,0.027223075,-0.010982745,0.000320591
1670,172.431000000,fused_map_f2f,1,1,1,2.148370875,0.017756071,0.050000000,0.050000000,0.100000000,0.181818182,0.181818182,0.181818182,0.181818182,1.000000000,0.000000000,0.000000000,0.000000000,0.000000000,0.000000000,0.000000000,0.000000000,0.000000000,1.000000000,0.000000000,0.000000000,0.000000000,1.000000000,108.178115845,17.372081757,0.794548869,0.999569535,0.027219970,-0.010937395,0.000392559
1671,172.520000000,fused_map_f2f,1,1,1,2.173081820,0.009984124,0.050000000,0.050000000,0.100000000,0.181818182,0.181818182,0.181818182,0.181818182,1.000000000,0.000000000,0.000000000,0.000000000,0.000000000,0.000000000,0.000000000,0.000000000,0.000000000,1.000000000,0.000000000,0.000000000,0.000000000,1.000000000,108.213615417,17.372396469,0.793422461,0.999569952,0.027189890,-0.010976234,0.000412971
1672,172.626000000,fused_map_f2f,1,1,1,2.203951714,0.010025290,0.050000000,0.050000000,0.100000000,0.181818182,0.181818182,0.181818182,0.181818182,1.000000000,0.000000000,0.000000000,0.000000000,0.000000000,0.000000000,0.000000000,0.000000000,0.000000000,1.000000000,0.000000000,0.000000000,0.000000000,1.000000000,108.248016357,17.371757507,0.792255998,0.999569714,0.027186183,-0.011002253,0.000428308
1673,172.730000000,fused_map_f2f,1,1,1,2.250406672,0.010024408,0.050000000,0.050000000,0.100000000,0.181818182,0.181818182,0.181818182,0.181818182,1.000000000,0.000000000,0.000000000,0.000000000,0.000000000,0.000000000,0.000000000,0.000000000,0.000000000,1.000000000,0.000000000,0.000000000,0.000000000,1.000000000,108.281784058,17.371902466,0.790842474,0.999567926,0.027257908,-0.010988767,0.000402697
1674,172.839000000,fused_map_f2f,1,1,1,2.312485029,0.012142249,0.050000000,0.050000000,0.100000000,0.181818182,0.181818182,0.181818182,0.181818182,1.000000000,0.000000000,0.000000000,0.000000000,0.000000000,0.000000000,0.000000000,0.000000000,0.000000000,1.000000000,0.000000000,0.000000000,0.000000000,1.000000000,108.321159363,17.371816635,0.789649963,0.999567389,0.027276978,-0.010990577,0.000416297
1675,172.932000000,fused_map_f2f,1,1,1,2.335111432,0.011110002,0.050000000,0.050000000,0.100000000,0.181818182,0.181818182,0.181818182,0.181818182,1.000000000,0.000000000,0.000000000,0.000000000,0.000000000,0.000000000,0.000000000,0.000000000,0.000000000,1.000000000,0.000000000,0.000000000,0.000000000,1.000000000,108.357299805,17.371894836,0.788732767,0.999570847,0.027147127,-0.010997020,0.000420901
1676,173.017000000,fused_map_f2f,1,1,1,2.331745625,0.011933737,0.050000000,0.050000000,0.100000000,0.181818182,0.181818182,0.181818182,0.181818182,1.000000000,0.000000000,0.000000000,0.000000000,0.000000000,0.000000000,0.000000000,0.000000000,0.000000000,1.000000000,0.000000000,0.000000000,0.000000000,1.000000000,108.389976501,17.371301651,0.788063288,0.999573529,0.027049486,-0.010993197,0.000418718
1677,173.123000000,fused_map_f2f,1,1,1,2.339427464,0.011820840,0.050000000,0.050000000,0.100000000,0.181818182,0.181818182,0.181818182,0.181818182,1.000000000,0.000000000,0.000000000,0.000000000,0.000000000,0.000000000,0.000000000,0.000000000,0.000000000,1.000000000,0.000000000,0.000000000,0.000000000,1.000000000,108.429336548,17.372014999,0.787073612,0.999566913,0.027291264,-0.010998586,0.000411662
1678,173.215000000,fused_map_f2f,1,1,1,2.389518201,0.012224060,0.050000000,0.050000000,0.100000000,0.181818182,0.181818182,0.181818182,0.181818182,1.000000000,0.000000000,0.000000000,0.000000000,0.000000000,0.000000000,0.000000000,0.000000000,0.000000000,1.000000000,0.000000000,0.000000000,0.000000000,1.000000000,108.463897705,17.372224808,0.786061943,0.999568582,0.027231010,-0.010995617,0.000399371
1679,173.329000000,fused_map_f2f,1,1,1,2.446254579,0.013896665,0.050000000,0.050000000,0.100000000,0.181818182,0.181818182,0.181818182,0.181818182,1.000000000,0.000000000,0.000000000,0.000000000,0.000000000,0.000000000,0.000000000,0.000000000,0.000000000,1.000000000,0.000000000,0.000000000,0.000000000,1.000000000,108.505813599,17.371690750,0.784934223,0.999568462,0.027229998,-0.011009667,0.000422058
1680,173.432000000,fused_map_f2f,1,1,1,2.443687825,0.012331464,0.050000000,0.050000000,0.100000000,0.181818182,0.181818182,0.181818182,0.181818182,1.000000000,0.000000000,0.000000000,0.000000000,0.000000000,0.000000000,0.000000000,0.000000000,0.000000000,1.000000000,0.000000000,0.000000000,0.000000000,1.000000000,108.546134949,17.371713638,0.783820748,0.999569178,0.027204957,-0.011005386,0.000406178
1681,173.522000000,fused_map_f2f,1,1,1,2.424305656,0.011694186,0.050000000,0.050000000,0.100000000,0.181818182,0.181818182,0.181818182,0.181818182,1.000000000,0.000000000,0.000000000,0.000000000,0.000000000,0.000000000,0.000000000,0.000000000,0.000000000,1.000000000,0.000000000,0.000000000,0.000000000,1.000000000,108.580398560,17.371213913,0.783123970,0.999571383,0.027123341,-0.011006875,0.000398245
1682,173.625000000,fused_map_f2f,1,1,1,2.453386043,0.011064210,0.050000000,0.050000000,0.100000000,0.181818182,0.181818182,0.181818182,0.181818182,1.000000000,0.000000000,0.000000000,0.000000000,0.000000000,0.000000000,0.000000000,0.000000000,0.000000000,1.000000000,0.000000000,0.000000000,0.000000000,1.000000000,108.617645264,17.371301651,0.782149196,0.999568999,0.027211159,-0.011009576,0.000393437
1683,173.737000000,fused_map_f2f,1,1,1,2.534129058,0.013929751,0.050000000,0.050000000,0.100000000,0.181818182,0.181818182,0.181818182,0.181818182,1.000000000,0.000000000,0.000000000,0.000000000,0.000000000,0.000000000,0.000000000,0.000000000,0.000000000,1.000000000,0.000000000,0.000000000,0.000000000,1.000000000,108.657424927,17.371004105,0.781351745,0.999569416,0.027193613,-0.011011754,0.000390576
1684,173.824000000,fused_map_f2f,1,1,1,2.547649658,0.011480004,0.050000000,0.050000000,0.100000000,0.181818182,0.181818182,0.181818182,0.181818182,1.000000000,0.000000000,0.000000000,0.000000000,0.000000000,0.000000000,0.000000000,0.000000000,0.000000000,1.000000000,0.000000000,0.000000000,0.000000000,1.000000000,108.690902710,17.371355057,0.780194223,0.999565721,0.027333219,-0.011005578,0.000366640
1685,173.926000000,fused_map_f2f,1,1,1,2.554137851,0.011679180,0.050000000,0.050000000,0.100000000,0.181818182,0.181818182,0.181818182,0.181818182,1.000000000,0.000000000,0.000000000,0.000000000,0.000000000,0.000000000,0.000000000,0.000000000,0.000000000,1.000000000,0.000000000,0.000000000,0.000000000,1.000000000,108.726974487,17.371040344,0.779340982,0.999566674,0.027297376,-0.011009150,0.000361581
1686,174.013000000,fused_map_f2f,1,1,1,2.537442542,0.012673848,0.050000000,0.050000000,0.100000000,0.181818182,0.181818182,0.181818182,0.181818182,1.000000000,0.000000000,0.000000000,0.000000000,0.000000000,0.000000000,0.000000000,0.000000000,0.000000000,1.000000000,0.000000000,0.000000000,0.000000000,1.000000000,108.765281677,17.371061325,0.778568149,0.999567211,0.027284024,-0.010991408,0.000394535
1687,174.117000000,fused_map_f2f,1,1,1,2.555758462,0.012676029,0.050000000,0.050000000,0.100000000,0.181818182,0.181818182,0.181818182,0.181818182,1.000000000,0.000000000,0.000000000,0.000000000,0.000000000,0.000000000,0.000000000,0.000000000,0.000000000,1.000000000,0.000000000,0.000000000,0.000000000,1.000000000,108.802261353,17.371360779,0.777563274,0.999570072,0.027175261,-0.010997890,0.000391130
1688,174.225000000,fused_map_f2f,1,1,1,2.580069830,0.012297092,0.050000000,0.050000000,0.100000000,0.181818182,0.181818182,0.181818182,0.181818182,1.000000000,0.000000000,0.000000000,0.000000000,0.000000000,0.000000000,0.000000000,0.000000000,0.000000000,1.000000000,0.000000000,0.000000000,0.000000000,1.000000000,108.839492798,17.370887756,0.776688874,0.999570906,0.027140455,-0.011010290,0.000353478
1689,174.326000000,fused_map_f2f,1,1,1,2.645491842,0.013111331,0.050000000,0.050000000,0.100000000,0.181818182,0.181818182,0.181818182,0.181818182,1.000000000,0.000000000,0.000000000,0.000000000,0.000000000,0.000000000,0.000000000,0.000000000,0.000000000,1.000000000,0.000000000,0.000000000,0.000000000,1.000000000,108.875198364,17.371129990,0.775226355,0.999566257,0.027324252,-0.010980705,0.000352849
1690,174.417000000,fused_map_f2f,1,1,1,2.678455142,0.011674886,0.050000000,0.050000000,0.100000000,0.181818182,0.181818182,0.181818182,0.181818182,1.000000000,0.000000000,0.000000000,0.000000000,0.000000000,0.000000000,0.000000000,0.000000000,0.000000000,1.000000000,0.000000000,0.000000000,0.000000000,1.000000000,108.911483765,17.371116638,0.774229765,0.999564588,0.027378133,-0.010993077,0.000391304
1691,174.518000000,fused_map_f2f,1,1,1,2.668071400,0.015019871,0.050000000,0.050000000,0.100000000,0.181818182,0.181818182,0.181818182,0.181818182,1.000000000,0.000000000,0.000000000,0.000000000,0.000000000,0.000000000,0.000000000,0.000000000,0.000000000,1.000000000,0.000000000,0.000000000,0.000000000,1.000000000,108.953414917,17.371225357,0.773111284,0.999567568,0.027271284,-0.010988725,0.000411677
1692,174.632000000,fused_map_f2f,1,1,1,2.708177122,0.015001672,0.050000000,0.050000000,0.100000000,0.181818182,0.181818182,0.181818182,0.181818182,1.000000000,0.000000000,0.000000000,0.000000000,0.000000000,0.000000000,0.000000000,0.000000000,0.000000000,1.000000000,0.000000000,0.000000000,0.000000000,1.000000000,108.994750977,17.370870590,0.772166014,0.999569535,0.027195664,-0.010997036,0.000434230
1693,174.717000000,fused_map_f2f,1,1,1,2.692794498,0.010878040,0.050000000,0.050000000,0.100000000,0.181818182,0.181818182,0.181818182,0.181818182,1.000000000,0.000000000,0.000000000,0.000000000,0.000000000,0.000000000,0.000000000,0.000000000,0.000000000,1.000000000,0.000000000,0.000000000,0.000000000,1.000000000,109.024360657,17.371356964,0.771423280,0.999568701,0.027225222,-0.010995912,0.000456945
1694,174.826000000,fused_map_f2f,1,1,1,2.735003156,0.011800452,0.050000000,0.050000000,0.100000000,0.181818182,0.181818182,0.181818182,0.181818182,1.000000000,0.000000000,0.000000000,0.000000000,0.000000000,0.000000000,0.000000000,0.000000000,0.000000000,1.000000000,0.000000000,0.000000000,0.000000000,1.000000000,109.057220459,17.371286392,0.770427942,0.999568164,0.027255997,-0.010969943,0.000457469
1695,174.933000000,fused_map_f2f,1,1,1,2.762298749,0.014271027,0.050000000,0.050000000,0.100000000,0.181818182,0.181818182,0.181818182,0.181818182,1.000000000,0.000000000,0.000000000,0.000000000,0.000000000,0.000000000,0.000000000,0.000000000,0.000000000,1.000000000,0.000000000,0.000000000,0.000000000,1.000000000,109.088455200,17.371131897,0.769596457,0.999569058,0.027223369,-0.010971087,0.000432270
1696,175.022000000,fused_map_f2f,1,1,1,2.773698634,0.011332938,0.050000000,0.050000000,0.100000000,0.181818182,0.181818182,0.181818182,0.181818182,1.000000000,0.000000000,0.000000000,0.000000000,0.000000000,0.000000000,0.000000000,0.000000000,0.000000000,1.000000000,0.000000000,0.000000000,0.000000000,1.000000000,109.118789673,17.371139526,0.768320918,0.999566853,0.027293878,-0.010998968,0.000422245
1697,175.122000000,fused_map_f2f,1,1,1,2.773890244,0.012658888,0.050000000,0.050000000,0.100000000,0.181818182,0.181818182,0.181818182,0.181818182,1.000000000,0.000000000,0.000000000,0.000000000,0.000000000,0.000000000,0.000000000,0.000000000,0.000000000,1.000000000,0.000000000,0.000000000,0.000000000,1.000000000,109.155212402,17.370754242,0.767099380,0.999570310,0.027170066,-0.010991686,0.000439596
1698,175.222000000,fused_map_f2f,1,1,1,2.812461114,0.011813173,0.050000000,0.050000000,0.100000000,0.181818182,0.181818182,0.181818182,0.181818182,1.000000000,0.000000000,0.000000000,0.000000000,0.000000000,0.000000000,0.000000000,0.000000000,0.000000000,1.000000000,0.000000000,0.000000000,0.000000000,1.000000000,109.185592651,17.370853424,0.766447186,0.999572873,0.027077524,-0.010986800,0.000422689
1699,175.316000000,fused_map_f2f,1,1,1,2.838203292,0.012624404,0.050000000,0.050000000,0.100000000,0.181818182,0.181818182,0.181818182,0.181818182,1.000000000,0.000000000,0.000000000,0.000000000,0.000000000,0.000000000,0.000000000,0.000000000,0.000000000,1.000000000,0.000000000,0.000000000,0.000000000,1.000000000,109.215278625,17.371261597,0.765367985,0.999569952,0.027180115,-0.010997102,0.000437098
1700,175.431000000,fused_map_f2f,1,1,1,2.869575902,0.011369163,0.050000000,0.050000000,0.100000000,0.181818182,0.181818182,0.181818182,0.181818182,1.000000000,0.000000000,0.000000000,0.000000000,0.000000000,0.000000000,0.000000000,0.000000000,0.000000000,1.000000000,0.000000000,0.000000000,0.000000000,1.000000000,109.253784180,17.371852875,0.764042974,0.999568343,0.027232420,-0.011012139,0.000433147
1701,175.515000000,fused_map_f2f,1,1,1,2.905997163,0.013453403,0.050000000,0.050000000,0.100000000,0.181818182,0.181818182,0.181818182,0.181818182,1.000000000,0.000000000,0.000000000,0.000000000,0.000000000,0.000000000,0.000000000,0.000000000,0.000000000,1.000000000,0.000000000,0.000000000,0.000000000,1.000000000,109.280136108,17.371576309,0.763336599,0.999568343,0.027228959,-0.011022665,0.000419570
1702,175.626000000,fused_map_f2f,1,1,1,2.936253195,0.011375824,0.050000000,0.050000000,0.100000000,0.181818182,0.181818182,0.181818182,0.181818182,1.000000000,0.000000000,0.000000000,0.000000000,0.000000000,0.000000000,0.000000000,0.000000000,0.000000000,1.000000000,0.000000000,0.000000000,0.000000000,1.000000000,109.320678711,17.371986389,0.762601793,0.999568045,0.027246777,-0.011006254,0.000432316
1703,175.728000000,fused_map_f2f,1,1,1,2.903149203,0.017950688,0.050000000,0.050000000,0.100000000,0.181818182,0.181818182,0.181818182,0.181818182,1.000000000,0.000000000,0.000000000,0.000000000,0.000000000,0.000000000,0.000000000,0.000000000,0.000000000,1.000000000,0.000000000,0.000000000,0.000000000,1.000000000,109.355125427,17.372270584,0.761518598,0.999570847,0.027147638,-0.010998382,0.000429747
1704,175.831000000,fused_map_f2f,1,1,1,2.936027034,0.011307381,0.050000000,0.050000000,0.100000000,0.181818182,0.181818182,0.181818182,0.181818182,1.000000000,0.000000000,0.000000000,0.000000000,0.000000000,0.000000000,0.000000000,0.000000000,0.000000000,1.000000000,0.000000000,0.000000000,0.000000000,1.000000000,109.388244629,17.371995926,0.760550261,0.999575436,0.026973300,-0.011006366,0.000433251
1705,175.914000000,fused_map_f2f,1,1,1,2.942767379,0.010379013,0.050000000,0.050000000,0.100000000,0.181818182,0.181818182,0.181818182,0.181818182,1.000000000,0.000000000,0.000000000,0.000000000,0.000000000,0.000000000,0.000000000,0.000000000,0.000000000,1.000000000,0.000000000,0.000000000,0.000000000,1.000000000,109.413398743,17.372201920,0.759705424,0.999573231,0.027057515,-0.011001057,0.000406938
1706,176.023000000,fused_map_f2f,1,1,1,2.988867527,0.010218979,0.050000000,0.050000000,0.100000000,0.181818182,0.181818182,0.181818182,0.181818182,1.000000000,0.000000000,0.000000000,0.000000000,0.000000000,0.000000000,0.000000000,0.000000000,0.000000000,1.000000000,0.000000000,0.000000000,0.000000000,1.000000000,109.448226929,17.372220993,0.758723736,0.999574125,0.027027562,-0.010992739,0.000390925
1707,176.120000000,fused_map_f2f,1,1,1,3.032336831,0.012147552,0.050000000,0.050000000,0.100000000,0.181818182,0.181818182,0.181818182,0.181818182,1.000000000,0.000000000,0.000000000,0.000000000,0.000000000,0.000000000,0.000000000,0.000000000,0.000000000,1.000000000,0.000000000,0.000000000,0.000000000,1.000000000,109.479553223,17.372432709,0.758062065,0.999572277,0.027098298,-0.010990247,0.000376746
1708,176.229000000,fused_map_f2f,1,1,1,3.039463987,0.017808928,0.050000000,0.050000000,0.100000000,0.181818182,0.181818182,0.181818182,0.181818182,1.000000000,0.000000000,0.000000000,0.000000000,0.000000000,0.000000000,0.000000000,0.000000000,0.000000000,1.000000000,0.000000000,0.000000000,0.000000000,1.000000000,109.515014648,17.371879578,0.756824732,0.999572217,0.027097652,-0.010997298,0.000399137
1709,176.329000000,fused_map_f2f,1,1,1,3.034495825,0.015475272,0.050000000,0.050000000,0.100000000,0.181818182,0.181818182,0.181818182,0.181818182,1.000000000,0.000000000,0.000000000,0.000000000,0.000000000,0.000000000,0.000000000,0.000000000,0.000000000,1.000000000,0.000000000,0.000000000,0.000000000,1.000000000,109.553939819,17.372406006,0.755978823,0.999575377,0.026978245,-0.010999088,0.000431688
1710,176.425000000,fused_map_f2f,1,1,1,3.056552248,0.012928133,0.050000000,0.050000000,0.100000000,0.181818182,0.181818182,0.181818182,0.181818182,1.000000000,0.000000000,0.000000000,0.000000000,0.000000000,0.000000000,0.000000000,0.000000000,0.000000000,1.000000000,0.000000000,0.000000000,0.000000000,1.000000000,109.586853027,17.372646332,0.755268931,0.999575436,0.026975064,-0.011002680,0.000439268
1711,176.517000000,fused_map_f2f,1,1,1,3.102445922,0.013198340,0.050000000,0.050000000,0.100000000,0.181818182,0.181818182,0.181818182,0.181818182,1.000000000,0.000000000,0.000000000,0.000000000,0.000000000,0.000000000,0.000000000,0.000000000,0.000000000,1.000000000,0.000000000,0.000000000,0.000000000,1.000000000,109.618957520,17.372472763,0.754322648,0.999574482,0.027009562,-0.011006235,0.000439643
1712,176.617000000,fused_map_f2f,1,1,1,3.149163381,0.017883457,0.050000000,0.050000000,0.100000000,0.181818182,0.181818182,0.181818182,0.181818182,1.000000000,0.000000000,0.000000000,0.000000000,0.000000000,0.000000000,0.000000000,0.000000000,0.000000000,1.000000000,0.000000000,0.000000000,0.000000000,1.000000000,109.654327393,17.373252869,0.753255308,0.999579728,0.026910147,-0.010781308,0.000203817
1713,176.723000000,fused_map_f2f,1,1,1,3.144026179,0.024812497,0.050000000,0.050000000,0.100000000,0.181818182,0.181818182,0.181818182,0.181818182,1.000000000,0.000000000,0.000000000,0.000000000,0.000000000,0.000000000,0.000000000,0.000000000,0.000000000,1.000000000,0.000000000,0.000000000,0.000000000,1.000000000,109.693466187,17.373664856,0.752794445,0.999596417,0.026511511,-0.010201447,-0.000305422
1714,176.827000000,fused_map_f2f,1,1,1,3.119359588,0.028734157,0.050000000,0.050000000,0.100000000,0.181818182,0.181818182,0.181818182,0.181818182,1.000000000,0.000000000,0.000000000,0.000000000,0.000000000,0.000000000,0.000000000,0.000000000,0.000000000,1.000000000,0.000000000,0.000000000,0.000000000,1.000000000,109.737091064,17.374244690,0.752723634,0.999613166,0.026093600,-0.009602621,-0.000674231
1715,176.918000000,fused_map_f2f,1,1,1,3.161962103,0.020115695,0.050000000,0.050000000,0.100000000,0.181818182,0.181818182,0.181818182,0.181818182,1.000000000,0.000000000,0.000000000,0.000000000,0.000000000,0.000000000,0.000000000,0.000000000,0.000000000,1.000000000,0.000000000,0.000000000,0.000000000,1.000000000,109.768714905,17.374017715,0.752563357,0.999630630,0.025602320,-0.009063551,-0.000985562
1716,177.032000000,fused_map_f2f,1,1,1,3.227113081,0.028498042,0.050000000,0.050000000,0.100000000,0.181818182,0.181818182,0.181818182,0.181818182,1.000000000,0.000000000,0.000000000,0.000000000,0.000000000,0.000000000,0.000000000,0.000000000,0.000000000,1.000000000,0.000000000,0.000000000,0.000000000,1.000000000,109.806564331,17.374666214,0.752149761,0.999646008,0.025197761,-0.008415617,-0.001458404
1717,177.115000000,fused_map_f2f,1,1,1,3.233577112,0.021332110,0.050000000,0.050000000,0.100000000,0.181818182,0.181818182,0.181818182,0.181818182,1.000000000,0.000000000,0.000000000,0.000000000,0.000000000,0.000000000,0.000000000,0.000000000,0.000000000,1.000000000,0.000000000,0.000000000,0.000000000,1.000000000,109.832923889,17.375232697,0.751721501,0.999658883,0.024814783,-0.007958760,-0.001741572
1718,177.216000000,fused_map_f2f,1,1,1,3.223285041,0.023799052,0.050000000,0.050000000,0.100000000,0.181818182,0.181818182,0.181818182,0.181818182,1.000000000,0.000000000,0.000000000,0.000000000,0.000000000,0.000000000,0.000000000,0.000000000,0.000000000,1.000000000,0.000000000,0.000000000,0.000000000,1.000000000,109.864997864,17.376871109,0.751351357,0.999669373,0.024536902,-0.007414134,-0.002042299
1719,177.326000000,fused_map_f2f,1,1,1,3.264292621,0.025900778,0.050000000,0.050000000,0.100000000,0.181818182,0.181818182,0.181818182,0.181818182,1.000000000,0.000000000,0.000000000,0.000000000,0.000000000,0.000000000,0.000000000,0.000000000,0.000000000,1.000000000,0.000000000,0.000000000,0.000000000,1.000000000,109.904922485,17.377056122,0.751116037,0.999686778,0.023978131,-0.006762373,-0.002365777
1720,177.413000000,fused_map_f2f,1,1,1,3.248563972,0.018602284,0.050000000,0.050000000,0.100000000,0.181818182,0.181818182,0.181818182,0.181818182,1.000000000,0.000000000,0.000000000,0.000000000,0.000000000,0.000000000,0.000000000,0.000000000,0.000000000,1.000000000,0.000000000,0.000000000,0.000000000,1.000000000,109.930580139,17.377231598,0.750496447,0.999697685,0.023618495,-0.006282590,-0.002695198
1721,177.529000000,fused_map_f2f,1,1,1,3.299328668,0.027986543,0.050000000,0.050000000,0.100000000,0.181818182,0.181818182,0.181818182,0.181818182,1.000000000,0.000000000,0.000000000,0.000000000,0.000000000,0.000000000,0.000000000,0.000000000,0.000000000,1.000000000,0.000000000,0.000000000,0.000000000,1.000000000,109.966186523,17.378273010,0.749843597,0.999711156,0.023188993,-0.005586240,-0.002951849
1722,177.633000000,fused_map_f2f,1,1,1,3.336955719,0.028953444,0.050000000,0.050000000,0.100000000,0.181818182,0.181818182,0.181818182,0.181818182,1.000000000,0.000000000,0.000000000,0.000000000,0.000000000,0.000000000,0.000000000,0.000000000,0.000000000,1.000000000,0.000000000,0.000000000,0.000000000,1.000000000,109.996376038,17.378890991,0.749743342,0.999725163,0.022689987,-0.004958806,-0.003177687
1723,177.731000000,fused_map_f2f,1,1,1,3.356559272,0.027059737,0.050000000,0.050000000,0.100000000,0.181818182,0.181818182,0.181818182,0.181818182,1.000000000,0.000000000,0.000000000,0.000000000,0.000000000,0.000000000,0.000000000,0.000000000,0.000000000,1.000000000,0.000000000,0.000000000,0.000000000,1.000000000,110.023445129,17.379915237,0.749376476,0.999734163,0.022389330,-0.004336479,-0.003391647
1724,177.815000000,fused_map_f2f,1,1,1,3.354582344,0.032336889,0.050000000,0.050000000,0.100000000,0.181818182,0.181818182,0.181818182,0.181818182,1.000000000,0.000000000,0.000000000,0.000000000,0.000000000,0.000000000,0.000000000,0.000000000,0.000000000,1.000000000,0.000000000,0.000000000,0.000000000,1.000000000,110.044860840,17.380146027,0.749039531,0.999741733,0.022103203,-0.003817415,-0.003640087
1725,177.924000000,fused_map_f2f,1,1,1,3.339845093,0.032321816,0.050000000,0.050000000,0.100000000,0.181818182,0.181818182,0.181818182,0.181818182,1.000000000,0.000000000,0.000000000,0.000000000,0.000000000,0.000000000,0.000000000,0.000000000,0.000000000,1.000000000,0.000000000,0.000000000,0.000000000,1.000000000,110.075622559,17.380472183,0.749118626,0.999758124,0.021445062,-0.003144093,-0.003743815
1726,178.027000000,fused_map_f2f,1,1,1,3.347833009,0.027681134,0.050000000,0.050000000,0.100000000,0.181818182,0.181818182,0.181818182,0.181818182,1.000000000,0.000000000,0.000000000,0.000000000,0.000000000,0.000000000,0.000000000,0.000000000,0.000000000,1.000000000,0.000000000,0.000000000,0.000000000,1.000000000,110.102905273,17.381347656,0.748934507,0.999764919,0.021177193,-0.002504685,-0.003926108
1727,178.119000000,fused_map_f2f,1,1,1,3.344823289,0.029758410,0.050000000,0.050000000,0.100000000,0.181818182,0.181818182,0.181818182,0.181818182,1.000000000,0.000000000,0.000000000,0.000000000,0.000000000,0.000000000,0.000000000,0.000000000,0.000000000,1.000000000,0.000000000,0.000000000,0.000000000,1.000000000,110.129692078,17.382062912,0.748618186,0.999774933,0.020732209,-0.001947600,-0.004060614
1728,178.226000000,fused_map_f2f,1,1,1,3.348045477,0.026849240,0.050000000,0.050000000,0.100000000,0.181818182,0.181818182,0.181818182,0.181818182,1.000000000,0.000000000,0.000000000,0.000000000,0.000000000,0.000000000,0.000000000,0.000000000,0.000000000,1.000000000,0.000000000,0.000000000,0.000000000,1.000000000,110.157562256,17.383094788,0.748236358,0.999783695,0.020329939,-0.001325521,-0.004191961
1729,178.329000000,fused_map_f2f,1,1,1,3.447997413,0.023664235,0.050000000,0.050000000,0.100000000,0.181818182,0.181818182,0.181818182,0.181818182,1.000000000,0.000000000,0.000000000,0.000000000,0.000000000,0.000000000,0.000000000,0.000000000,0.000000000,1.000000000,0.000000000,0.000000000,0.000000000,1.000000000,110.176940918,17.383630753,0.748145163,0.999787629,0.020130351,-0.000724096,-0.004356212
1730,178.413000000,fused_map_f2f,1,1,1,3.445308013,0.019905097,0.050000000,0.050000000,0.100000000,0.181818182,0.181818182,0.181818182,0.181818182,1.000000000,0.000000000,0.000000000,0.000000000,0.000000000,0.000000000,0.000000000,0.000000000,0.000000000,1.000000000,0.000000000,0.000000000,0.000000000,1.000000000,110.193000793,17.383676529,0.747736692,0.999792814,0.019841569,-0.000292311,-0.004536149
1731,178.529000000,fused_map_f2f,1,1,1,3.438521730,0.015331239,0.050000000,0.050000000,0.100000000,0.181818182,0.181818182,0.181818182,0.181818182,1.000000000,0.000000000,0.000000000,0.000000000,0.000000000,0.000000000,0.000000000,0.000000000,0.000000000,1.000000000,0.000000000,0.000000000,0.000000000,1.000000000,110.213493347,17.385509491,0.747180045,0.999806345,0.019174082,-0.000209230,-0.004429247
1732,178.613000000,fused_map_f2f,1,1,1,3.459847703,0.017878323,0.050000000,0.050000000,0.100000000,0.181818182,0.181818182,0.181818182,0.181818182,1.000000000,0.000000000,0.000000000,0.000000000,0.000000000,0.000000000,0.000000000,0.000000000,0.000000000,1.000000000,0.000000000,0.000000000,0.000000000,1.000000000,110.229087830,17.385993958,0.747137129,0.999815822,0.018693404,-0.000186974,-0.004341396
1733,178.730000000,fused_map_f2f,1,1,1,3.440762316,0.011193825,0.050000000,0.050000000,0.100000000,0.181818182,0.181818182,0.181818182,0.181818182,1.000000000,0.000000000,0.000000000,0.000000000,0.000000000,0.000000000,0.000000000,0.000000000,0.000000000,1.000000000,0.000000000,0.000000000,0.000000000,1.000000000,110.251296997,17.387125015,0.746585965,0.999828458,0.018025011,-0.000181185,-0.004259203
1734,178.816000000,fused_map_f2f,1,1,1,3.388390935,0.019157409,0.050000000,0.050000000,0.100000000,0.181818182,0.181818182,0.181818182,0.181818182,1.000000000,0.000000000,0.000000000,0.000000000,0.000000000,0.000000000,0.000000000,0.000000000,0.000000000,1.000000000,0.000000000,0.000000000,0.000000000,1.000000000,110.265052795,17.387487411,0.746385336,0.999837041,0.017551534,-0.000190371,-0.004218217
1735,178.920000000,fused_map_f2f,1,1,1,3.450380796,0.010852016,0.050000000,0.050000000,0.100000000,0.181818182,0.181818182,0.181818182,0.181818182,1.000000000,0.000000000,0.000000000,0.000000000,0.000000000,0.000000000,0.000000000,0.000000000,0.000000000,1.000000000,0.000000000,0.000000000,0.000000000,1.000000000,110.281639099,17.388233185,0.746138453,0.999847472,0.016940091,-0.000157774,-0.004246682
1736,179.018000000,fused_map_f2f,1,1,1,3.441845723,0.014310641,0.050000000,0.050000000,0.100000000,0.181818182,0.181818182,0.181818182,0.181818182,1.000000000,0.000000000,0.000000000,0.000000000,0.000000000,0.000000000,0.000000000,0.000000000,0.000000000,1.000000000,0.000000000,0.000000000,0.000000000,1.000000000,110.304695129,17.386922836,0.746030569,0.999857664,0.016364291,-0.000159573,-0.004106909
1737,179.127000000,fused_map_f2f,1,1,1,3.510831116,0.012572234,0.050000000,0.050000000,0.100000000,0.181818182,0.181818182,0.181818182,0.181818182,1.000000000,0.000000000,0.000000000,0.000000000,0.000000000,0.000000000,0.000000000,0.000000000,0.000000000,1.000000000,0.000000000,0.000000000,0.000000000,1.000000000,110.326515198,17.386360168,0.745172858,0.999870539,0.015564233,-0.000162124,-0.004072963
1738,179.231000000,fused_map_f2f,1,1,1,3.506819580,0.015208901,0.050000000,0.050000000,0.100000000,0.181818182,0.181818182,0.181818182,0.181818182,1.000000000,0.000000000,0.000000000,0.000000000,0.000000000,0.000000000,0.000000000,0.000000000,0.000000000,1.000000000,0.000000000,0.000000000,0.000000000,1.000000000,110.347290039,17.386772156,0.744654179,0.999881506,0.014850599,-0.000171446,-0.004046245
1739,179.315000000,fused_map_f2f,1,1,1,3.574049308,0.015783769,0.050000000,0.050000000,0.100000000,0.181818182,0.181818182,0.181818182,0.181818182,1.000000000,0.000000000,0.000000000,0.000000000,0.000000000,0.000000000,0.000000000,0.000000000,0.000000000,1.000000000,0.000000000,0.000000000,0.000000000,1.000000000,110.361930847,17.387399673,0.744550884,0.999888599,0.014362986,-0.000172352,-0.004049562
1740,179.417000000,fused_map_f2f,1,1,1,3.503177412,0.014574766,0.050000000,0.050000000,0.100000000,0.181818182,0.181818182,0.181818182,0.181818182,1.000000000,0.000000000,0.000000000,0.000000000,0.000000000,0.000000000,0.000000000,0.000000000,0.000000000,1.000000000,0.000000000,0.000000000,0.000000000,1.000000000,110.378036499,17.387935638,0.744191766,0.999895036,0.013902784,-0.000170550,-0.004065083
1741,179.524000000,fused_map_f2f,1,1,1,3.562540713,0.015926590,0.050000000,0.050000000,0.100000000,0.181818182,0.181818182,0.181818182,0.181818182,1.000000000,0.000000000,0.000000000,0.000000000,0.000000000,0.000000000,0.000000000,0.000000000,0.000000000,1.000000000,0.000000000,0.000000000,0.000000000,1.000000000,110.396850586,17.390367508,0.743928790,0.999902964,0.013315500,-0.000157892,-0.004085768
1742,179.626000000,fused_map_f2f,1,1,1,3.606010666,0.019243185,0.050000000,0.050000000,0.100000000,0.181818182,0.181818182,0.181818182,0.181818182,1.000000000,0.000000000,0.000000000,0.000000000,0.000000000,0.000000000,0.000000000,0.000000000,0.000000000,1.000000000,0.000000000,0.000000000,0.000000000,1.000000000,110.415435791,17.391620636,0.743729115,0.999909997,0.012771920,-0.000152720,-0.004098102
1743,179.714000000,fused_map_f2f,1,1,1,3.624945192,0.015354255,0.050000000,0.050000000,0.100000000,0.181818182,0.181818182,0.181818182,0.181818182,1.000000000,0.000000000,0.000000000,0.000000000,0.000000000,0.000000000,0.000000000,0.000000000,0.000000000,1.000000000,0.000000000,0.000000000,0.000000000,1.000000000,110.429206848,17.392642975,0.743300676,0.999914765,0.012354410,-0.000147804,-0.004215939
1744,179.814000000,fused_map_f2f,1,1,1,3.542937562,0.015756909,0.050000000,0.050000000,0.100000000,0.181818182,0.181818182,0.181818182,0.181818182,1.000000000,0.000000000,0.000000000,0.000000000,0.000000000,0.000000000,0.000000000,0.000000000,0.000000000,1.000000000,0.000000000,0.000000000,0.000000000,1.000000000,110.446533203,17.393281937,0.742937148,0.999922097,0.011763803,-0.000145990,-0.004175331
1745,179.925000000,fused_map_f2f,1,1,1,3.533828681,0.013103003,0.050000000,0.050000000,0.100000000,0.181818182,0.181818182,0.181818182,0.181818182,1.000000000,0.000000000,0.000000000,0.000000000,0.000000000,0.000000000,0.000000000,0.000000000,0.000000000,1.000000000,0.000000000,0.000000000,0.000000000,1.000000000,110.465873718,17.393913269,0.742636681,0.999929547,0.011089778,-0.000148365,-0.004221445
1746,180.021000000,fused_map_f2f,1,1,1,3.553390662,0.017963368,0.050000000,0.050000000,0.100000000,0.181818182,0.181818182,0.181818182,0.181818182,1.000000000,0.000000000,0.000000000,0.000000000,0.000000000,0.000000000,0.000000000,0.000000000,0.000000000,1.000000000,0.000000000,0.000000000,0.000000000,1.000000000,110.481719971,17.395086288,0.742190242,0.999934018,0.010633199,-0.000184969,-0.004334383
1747,180.133000000,fused_map_f2f,1,1,1,3.532639564,0.014451384,0.050000000,0.050000000,0.100000000,0.181818182,0.181818182,0.181818182,0.181818182,1.000000000,0.000000000,0.000000000,0.000000000,0.000000000,0.000000000,0.000000000,0.000000000,0.000000000,1.000000000,0.000000000,0.000000000,0.000000000,1.000000000,110.500534058,17.395868301,0.742067456,0.999939382,0.010094988,-0.000178049,-0.004394446
1748,180.216000000,fused_map_f2f,1,1,1,3.658953934,0.019119222,0.050000000,0.050000000,0.100000000,0.181818182,0.181818182,0.181818182,0.181818182,1.000000000,0.000000000,0.000000000,0.000000000,0.000000000,0.000000000,0.000000000,0.000000000,0.000000000,1.000000000,0.000000000,0.000000000,0.000000000,1.000000000,110.514282227,17.396394730,0.741683960,0.999942899,0.009707456,-0.000176279,-0.004456198
1749,180.317000000,fused_map_f2f,1,1,1,3.641220206,0.014016796,0.050000000,0.050000000,0.100000000,0.181818182,0.181818182,0.181818182,0.181818182,1.000000000,0.000000000,0.000000000,0.000000000,0.000000000,0.000000000,0.000000000,0.000000000,0.000000000,1.000000000,0.000000000,0.000000000,0.000000000,1.000000000,110.545173645,17.396324158,0.740410268,0.999949157,0.009093127,-0.000137912,-0.004347185
1750,180.425000000,fused_map_f2f,1,1,1,3.655220406,0.016065388,0.050000000,0.050000000,0.100000000,0.181818182,0.181818182,0.181818182,0.181818182,1.000000000,0.000000000,0.000000000,0.000000000,0.000000000,0.000000000,0.000000000,0.000000000,0.000000000,1.000000000,0.000000000,0.000000000,0.000000000,1.000000000,110.571899414,17.396354675,0.739722967,0.999956191,0.008269721,-0.000124421,-0.004377188
1751,180.530000000,fused_map_f2f,1,1,1,3.656922353,0.011311450,0.050000000,0.050000000,0.100000000,0.181818182,0.181818182,0.181818182,0.181818182,1.000000000,0.000000000,0.000000000,0.000000000,0.000000000,0.000000000,0.000000000,0.000000000,0.000000000,1.000000000,0.000000000,0.000000000,0.000000000,1.000000000,110.590568542,17.397176743,0.739284992,0.999960363,0.007706106,-0.000140182,-0.004458768
1752,180.639000000,fused_map_f2f,1,1,1,3.699784328,0.015837175,0.050000000,0.050000000,0.100000000,0.181818182,0.181818182,0.181818182,0.181818182,1.000000000,0.000000000,0.000000000,0.000000000,0.000000000,0.000000000,0.000000000,0.000000000,0.000000000,1.000000000,0.000000000,0.000000000,0.000000000,1.000000000,110.622329712,17.396976471,0.739547491,0.999966383,0.006850600,-0.000128173,-0.004502878
1753,180.725000000,fused_map_f2f,1,1,1,3.652982467,0.021473152,0.050000000,0.050000000,0.100000000,0.181818182,0.181818182,0.181818182,0.181818182,1.000000000,0.000000000,0.000000000,0.000000000,0.000000000,0.000000000,0.000000000,0.000000000,0.000000000,1.000000000,0.000000000,0.000000000,0.000000000,1.000000000,110.640480042,17.397006989,0.739194214,0.999970198,0.006233140,-0.000114451,-0.004558138
1754,180.828000000,fused_map_f2f,1,1,1,3.667046399,0.016408342,0.050000000,0.050000000,0.100000000,0.181818182,0.181818182,0.181818182,0.181818182,1.000000000,0.000000000,0.000000000,0.000000000,0.000000000,0.000000000,0.000000000,0.000000000,0.000000000,1.000000000,0.000000000,0.000000000,0.000000000,1.000000000,110.661346436,17.397012711,0.738680065,0.999973893,0.005524611,-0.000118138,-0.004651823
1755,180.927000000,fused_map_f2f,1,1,1,3.653488136,0.019135349,0.050000000,0.050000000,0.100000000,0.181818182,0.181818182,0.181818182,0.181818182,1.000000000,0.000000000,0.000000000,0.000000000,0.000000000,0.000000000,0.000000000,0.000000000,0.000000000,1.000000000,0.000000000,0.000000000,0.000000000,1.000000000,110.676414490,17.397909164,0.738281250,0.999976218,0.004989569,-0.000131346,-0.004764475
1756,181.024000000,fused_map_f2f,1,1,1,3.600137852,0.014021924,0.050000000,0.050000000,0.100000000,0.181818182,0.181818182,0.181818182,0.181818182,1.000000000,0.000000000,0.000000000,0.000000000,0.000000000,0.000000000,0.000000000,0.000000000,0.000000000,1.000000000,0.000000000,0.000000000,0.000000000,1.000000000,110.781204224,17.397430420,0.737586200,0.999979973,0.004151422,-0.000120442,-0.004765998
1757,181.131000000,fused_map_f2f,1,1,1,3.584582902,0.015607326,0.050000000,0.050000000,0.100000000,0.181818182,0.181818182,0.181818182,0.181818182,1.000000000,0.000000000,0.000000000,0.000000000,0.000000000,0.000000000,0.000000000,0.000000000,0.000000000,1.000000000,0.000000000,0.000000000,0.000000000,1.000000000,110.818679810,17.397565842,0.737100601,0.999982357,0.003415152,-0.000117652,-0.004859709
1758,181.221000000,fused_map_f2f,1,1,1,3.572117803,0.015749553,0.050000000,0.050000000,0.100000000,0.181818182,0.181818182,0.181818182,0.181818182,1.000000000,0.000000000,0.000000000,0.000000000,0.000000000,0.000000000,0.000000000,0.000000000,0.000000000,1.000000000,0.000000000,0.000000000,0.000000000,1.000000000,110.846267700,17.397544861,0.736930490,0.999983728,0.002773321,-0.000127679,-0.004978597
1759,181.333000000,fused_map_f2f,1,1,1,3.467002055,0.012653098,0.050000000,0.050000000,0.100000000,0.181818182,0.181818182,0.181818182,0.181818182,1.000000000,0.000000000,0.000000000,0.000000000,0.000000000,0.000000000,0.000000000,0.000000000,0.000000000,1.000000000,0.000000000,0.000000000,0.000000000,1.000000000,111.006652832,17.396322250,0.736029387,0.999985039,0.001996079,-0.000110904,-0.005082800
1760,181.439000000,fused_map_f2f,1,1,1,3.639084224,0.021012473,0.050000000,0.050000000,0.100000000,0.181818182,0.181818182,0.181818182,0.181818182,1.000000000,0.000000000,0.000000000,0.000000000,0.000000000,0.000000000,0.000000000,0.000000000,0.000000000,1.000000000,0.000000000,0.000000000,0.000000000,1.000000000,111.100654602,17.396745682,0.735438168,0.999985576,0.001377072,-0.000113814,-0.005184779
1761,181.527000000,fused_map_f2f,1,1,1,3.541381045,0.014879618,0.050000000,0.050000000,0.100000000,0.181818182,0.181818182,0.181818182,0.181818182,1.000000000,0.000000000,0.000000000,0.000000000,0.000000000,0.000000000,0.000000000,0.000000000,0.000000000,1.000000000,0.000000000,0.000000000,0.000000000,1.000000000,111.216308594,17.397617340,0.735429168,0.999985814,0.000851129,-0.000102134,-0.005251980
1762,181.632000000,fused_map_f2f,1,1,1,3.404508503,0.014687297,0.050000000,0.050000000,0.100000000,0.181818182,0.181818182,0.181818182,0.181818182,1.000000000,0.000000000,0.000000000,0.000000000,0.000000000,0.000000000,0.000000000,0.000000000,0.000000000,1.000000000,0.000000000,0.000000000,0.000000000,1.000000000,111.233917236,17.398052216,0.735180378,0.999985337,0.000260765,-0.000093986,-0.005400192
1763,181.726000000,fused_map_f2f,1,1,1,3.417298842,0.016146389,0.050000000,0.050000000,0.100000000,0.181818182,0.181818182,0.181818182,0.181818182,1.000000000,0.000000000,0.000000000,0.000000000,0.000000000,0.000000000,0.000000000,0.000000000,0.000000000,1.000000000,0.000000000,0.000000000,0.000000000,1.000000000,111.248847961,17.398715973,0.734819591,0.999984503,-0.000139678,-0.000111979,-0.005562646
1764,181.814000000,fused_map_f2f,1,1,1,3.397715142,0.012441467,0.050000000,0.050000000,0.100000000,0.181818182,0.181818182,0.181818182,0.181818182,1.000000000,0.000000000,0.000000000,0.000000000,0.000000000,0.000000000,0.000000000,0.000000000,0.000000000,1.000000000,0.000000000,0.000000000,0.000000000,1.000000000,111.295265198,17.401100159,0.734947741,0.999984443,-0.000367961,-0.000102138,-0.005557134
1765,181.920000000,fused_map_f2f,1,1,1,3.388042564,0.012428576,0.050000000,0.050000000,0.100000000,0.181818182,0.181818182,0.181818182,0.181818182,1.000000000,0.000000000,0.000000000,0.000000000,0.000000000,0.000000000,0.000000000,0.000000000,0.000000000,1.000000000,0.000000000,0.000000000,0.000000000,1.000000000,111.310783386,17.401243210,0.735130787,0.999985158,-0.000369145,-0.000095350,-0.005434253
1766,182.034000000,fused_map_f2f,1,1,1,3.200639886,0.017447484,0.050000000,0.050000000,0.100000000,0.181818182,0.181818182,0.181818182,0.181818182,1.000000000,0.000000000,0.000000000,0.000000000,0.000000000,0.000000000,0.000000000,0.000000000,0.000000000,1.000000000,0.000000000,0.000000000,0.000000000,1.000000000,111.472137451,17.400812149,0.734871984,0.999986172,-0.000242905,-0.000092758,-0.005251803
1767,182.124000000,fused_map_f2f,1,1,1,2.736369427,0.012785465,0.050000000,0.050000000,0.100000000,0.181818182,0.181818182,0.181818182,0.181818182,1.000000000,0.000000000,0.000000000,0.000000000,0.000000000,0.000000000,0.000000000,0.000000000,0.000000000,1.000000000,0.000000000,0.000000000,0.000000000,1.000000000,111.941223145,17.399604797,0.734886169,0.999986708,-0.000410900,-0.000115313,-0.005134384
1768,182.221000000,fused_map_f2f,1,1,1,2.761580190,0.011631143,0.050000000,0.050000000,0.100000000,0.181818182,0.181818182,0.181818182,0.181818182,1.000000000,0.000000000,0.000000000,0.000000000,0.000000000,0.000000000,0.000000000,0.000000000,0.000000000,1.000000000,0.000000000,0.000000000,0.000000000,1.000000000,112.025955200,17.399223328,0.734977484,0.999987245,-0.000436036,-0.000094798,-0.005032152
1769,182.320000000,fused_map_f2f,1,1,1,2.605816529,0.016480964,0.050000000,0.050000000,0.100000000,0.181818182,0.181818182,0.181818182,0.181818182,1.000000000,0.000000000,0.000000000,0.000000000,0.000000000,0.000000000,0.000000000,0.000000000,0.000000000,1.000000000,0.000000000,0.000000000,0.000000000,1.000000000,112.207618713,17.398624420,0.735002518,0.999987781,-0.000471841,-0.000102923,-0.004914595
1770,182.425000000,fused_map_f2f,1,1,1,2.302899081,0.014562819,0.050000000,0.050000000,0.100000000,0.181818182,0.181818182,0.181818182,0.181818182,1.000000000,0.000000000,0.000000000,0.000000000,0.000000000,0.000000000,0.000000000,0.000000000,0.000000000,1.000000000,0.000000000,0.000000000,0.000000000,1.000000000,112.552230835,17.398603439,0.735080123,0.999988437,-0.000542160,-0.000106845,-0.004776067
1771,182.526000000,fused_map_f2f,1,1,1,2.346423429,0.011258888,0.050000000,0.050000000,0.100000000,0.181818182,0.181818182,0.181818182,0.181818182,1.000000000,0.000000000,0.000000000,0.000000000,0.000000000,0.000000000,0.000000000,0.000000000,0.000000000,1.000000000,0.000000000,0.000000000,0.000000000,1.000000000,112.616012573,17.398656845,0.734998345,0.999989033,-0.000482921,-0.000114104,-0.004660608
1772,182.614000000,fused_map_f2f,1,1,1,0.642088996,0.009704740,0.050000000,0.050000000,0.100000000,0.181818182,0.181818182,0.181818182,0.181818182,1.000000000,0.000000000,0.000000000,0.000000000,0.000000000,0.000000000,0.000000000,0.000000000,0.000000000,1.000000000,0.000000000,0.000000000,0.000000000,1.000000000,114.761466980,17.393390656,0.734695256,0.999989450,-0.000353552,-0.000075957,-0.004572704
1773,182.731000000,fused_map_f2f,1,1,1,0.503486065,0.016325233,0.050000000,0.050000000,0.100000000,0.181818182,0.181818182,0.181818182,0.181818182,1.000000000,0.000000000,0.000000000,0.000000000,0.000000000,0.000000000,0.000000000,0.000000000,0.000000000,1.000000000,0.000000000,0.000000000,0.000000000,1.000000000,115.494400024,17.392093658,0.735136628,0.999990106,-0.000290629,-0.000059196,-0.004430200
1774,182.843000000,fused_map_f2f,1,1,0,0.070499294,0.017711492,0.958440296,0.958440296,0.100000000,0.011460054,0.011460054,0.011460054,0.011460054,1.000000000,0.000000000,0.000000000,0.000000000,0.000000000,0.000000000,0.000000000,0.000000000,0.000000000,1.000000000,0.000000000,0.000000000,0.000000000,1.000000000,117.881095886,17.392824173,0.736727118,0.999990761,0.000279845,-0.000105170,-0.004282169
1775,182.929000000,fused_map_f2f,1,1,0,0.071121671,0.011154648,0.955976721,0.955976721,0.100000000,0.011489247,0.011489247,0.011489247,0.011489247,1.000000000,0.000000000,0.000000000,0.000000000,0.000000000,0.000000000,0.000000000,0.000000000,0.000000000,1.000000000,0.000000000,0.000000000,0.000000000,1.000000000,117.926940918,17.392385483,0.736879885,0.999991238,0.000300352,-0.000111398,-0.004165788
1776,183.019000000,fused_map_f2f,1,1,0,0.071734822,0.013610590,0.953549662,0.953549662,0.100000000,0.011518154,0.011518154,0.011518154,0.011518154,1.000000000,0.000000000,0.000000000,0.000000000,0.000000000,0.000000000,0.000000000,0.000000000,0.000000000,1.000000000,0.000000000,0.000000000,0.000000000,1.000000000,117.944198608,17.392147064,0.737020016,0.999991655,0.000304687,-0.000110496,-0.004076184
1777,183.124000000,fused_map_f2f,1,1,0,0.071589182,0.010793882,0.954126153,0.954126153,0.100000000,0.011511275,0.011511275,0.011511275,0.011511275,1.000000000,0.000000000,0.000000000,0.000000000,0.000000000,0.000000000,0.000000000,0.000000000,0.000000000,1.000000000,0.000000000,0.000000000,0.000000000,1.000000000,117.962249756,17.392051697,0.736850739,0.999991834,0.000327974,-0.000110344,-0.004022443
1778,183.230000000,fused_map_f2f,1,1,0,0.070966460,0.009975669,0.956591098,0.956591098,0.100000000,0.011481953,0.011481953,0.011481953,0.011481953,1.000000000,0.000000000,0.000000000,0.000000000,0.000000000,0.000000000,0.000000000,0.000000000,0.000000000,1.000000000,0.000000000,0.000000000,0.000000000,1.000000000,117.977951050,17.392005920,0.736783326,0.999992073,0.000300546,-0.000048265,-0.003970073
1779,183.327000000,fused_map_f2f,1,1,0,0.070249960,0.016946880,0.959427243,0.959427243,0.100000000,0.011448400,0.011448400,0.011448400,0.011448400,1.000000000,0.000000000,0.000000000,0.000000000,0.000000000,0.000000000,0.000000000,0.000000000,0.000000000,1.000000000,0.000000000,0.000000000,0.000000000,1.000000000,117.995254517,17.392499924,0.736970305,0.999992132,0.000325160,-0.000115239,-0.003944809
1780,183.428000000,fused_map_f2f,1,1,0,0.070189539,0.011215470,0.959666408,0.959666408,0.100000000,0.011445579,0.011445579,0.011445579,0.011445579,1.000000000,0.000000000,0.000000000,0.000000000,0.000000000,0.000000000,0.000000000,0.000000000,0.000000000,1.000000000,0.000000000,0.000000000,0.000000000,1.000000000,118.010391235,17.392585754,0.736969531,0.999992192,0.000347058,-0.000135779,-0.003931994
1781,183.517000000,fused_map_f2f,1,1,0,0.069698999,0.011417618,0.961608129,0.961608129,0.100000000,0.011422732,0.011422732,0.011422732,0.011422732,1.000000000,0.000000000,0.000000000,0.000000000,0.000000000,0.000000000,0.000000000,0.000000000,0.000000000,1.000000000,0.000000000,0.000000000,0.000000000,1.000000000,118.025169373,17.392408371,0.737104595,0.999992371,0.000379516,-0.000119295,-0.003888331
1782,183.616000000,fused_map_f2f,1,1,0,0.069969967,0.011409584,0.960535546,0.960535546,0.100000000,0.011435341,0.011435341,0.011435341,0.011435341,1.000000000,0.000000000,0.000000000,0.000000000,0.000000000,0.000000000,0.000000000,0.000000000,0.000000000,1.000000000,0.000000000,0.000000000,0.000000000,1.000000000,118.041221619,17.392349243,0.737213910,0.999992251,0.000371035,-0.000143064,-0.003906155
1783,183.716000000,fused_map_f2f,1,1,0,0.069382382,0.011484972,0.962861406,0.962861406,0.100000000,0.011408034,0.011408034,0.011408034,0.011408034,1.000000000,0.000000000,0.000000000,0.000000000,0.000000000,0.000000000,0.000000000,0.000000000,0.000000000,1.000000000,0.000000000,0.000000000,0.000000000,1.000000000,118.058082581,17.392284393,0.737314999,0.999992192,0.000363701,-0.000119619,-0.003934476
1784,183.826000000,fused_map_f2f,1,1,0,0.069207189,0.012284071,0.963554875,0.963554875,0.100000000,0.011399917,0.011399917,0.011399917,0.011399917,1.000000000,0.000000000,0.000000000,0.000000000,0.000000000,0.000000000,0.000000000,0.000000000,0.000000000,1.000000000,0.000000000,0.000000000,0.000000000,1.000000000,118.059341431,17.392576218,0.737457156,0.999992251,0.000361292,-0.000121095,-0.003914754
1785,183.928000000,fused_map_f2f,1,1,0,0.068595118,0.013403525,0.965977656,0.965977656,0.100000000,0.011371650,0.011371650,0.011371650,0.011371650,1.000000000,0.000000000,0.000000000,0.000000000,0.000000000,0.000000000,0.000000000,0.000000000,0.000000000,1.000000000,0.000000000,0.000000000,0.000000000,1.000000000,118.060073853,17.392297745,0.737352073,0.999992311,0.000351816,-0.000124408,-0.003903676
1786,184.032000000,fused_map_f2f,1,1,0,0.068721176,0.010944279,0.965478680,0.965478680,0.100000000,0.011377460,0.011377460,0.011377460,0.011377460,1.000000000,0.000000000,0.000000000,0.000000000,0.000000000,0.000000000,0.000000000,0.000000000,0.000000000,1.000000000,0.000000000,0.000000000,0.000000000,1.000000000,118.059829712,17.392385483,0.737413168,0.999992311,0.000390260,-0.000123151,-0.003901794
1787,184.126000000,fused_map_f2f,1,1,0,0.069478969,0.010222079,0.962479080,0.962479080,0.100000000,0.011412513,0.011412513,0.011412513,0.011412513,1.000000000,0.000000000,0.000000000,0.000000000,0.000000000,0.000000000,0.000000000,0.000000000,0.000000000,1.000000000,0.000000000,0.000000000,0.000000000,1.000000000,118.059494019,17.392513275,0.737377882,0.999992311,0.000351089,-0.000115552,-0.003900029
1788,184.230000000,fused_map_f2f,1,1,0,0.069794028,0.012212874,0.961231974,0.961231974,0.100000000,0.011427151,0.011427151,0.011427151,0.011427151,1.000000000,0.000000000,0.000000000,0.000000000,0.000000000,0.000000000,0.000000000,0.000000000,0.000000000,1.000000000,0.000000000,0.000000000,0.000000000,1.000000000,118.059883118,17.392305374,0.737262845,0.999992371,0.000376185,-0.000122966,-0.003884920
1789,184.315000000,fused_map_f2f,1,1,0,0.069244349,0.021645831,0.963407783,0.963407783,0.100000000,0.011401637,0.011401637,0.011401637,0.011401637,1.000000000,0.000000000,0.000000000,0.000000000,0.000000000,0.000000000,0.000000000,0.000000000,0.000000000,1.000000000,0.000000000,0.000000000,0.000000000,1.000000000,118.060073853,17.392147064,0.737310708,0.999992430,0.000353557,-0.000112416,-0.003869450
1790,184.418000000,fused_map_f2f,1,1,0,0.069554633,0.007236632,0.962179578,0.962179578,0.100000000,0.011416025,0.011416025,0.011416025,0.011416025,1.000000000,0.000000000,0.000000000,0.000000000,0.000000000,0.000000000,0.000000000,0.000000000,0.000000000,1.000000000,0.000000000,0.000000000,0.000000000,1.000000000,118.060508728,17.392351151,0.737419486,0.999992430,0.000374444,-0.000121420,-0.003868557
1791,184.535000000,fused_map_f2f,1,1,0,0.069371494,0.010739105,0.962904501,0.962904501,0.100000000,0.011407529,0.011407529,0.011407529,0.011407529,1.000000000,0.000000000,0.000000000,0.000000000,0.000000000,0.000000000,0.000000000,0.000000000,0.000000000,1.000000000,0.000000000,0.000000000,0.000000000,1.000000000,118.059959412,17.392240524,0.737684190,0.999992490,0.000326080,-0.000131344,-0.003866144
1792,184.623000000,fused_map_f2f,1,1,0,0.068845051,0.014391057,0.964988338,0.964988338,0.100000000,0.011383175,0.011383175,0.011383175,0.011383175,1.000000000,0.000000000,0.000000000,0.000000000,0.000000000,0.000000000,0.000000000,0.000000000,0.000000000,1.000000000,0.000000000,0.000000000,0.000000000,1.000000000,118.060134888,17.392309189,0.737633049,0.999992490,0.000352599,-0.000127149,-0.003846321
1793,184.736000000,fused_map_f2f,1,1,0,0.072663422,0.014617513,0.949873955,0.949873955,0.100000000,0.011562210,0.011562210,0.011562210,0.011562210,1.000000000,0.000000000,0.000000000,0.000000000,0.000000000,0.000000000,0.000000000,0.000000000,0.000000000,1.000000000,0.000000000,0.000000000,0.000000000,1.000000000,118.060226440,17.392156601,0.737384498,0.999992549,0.000357715,-0.000113392,-0.003845065
1794,184.832000000,fused_map_f2f,1,1,0,0.072535496,0.014491485,0.950380329,0.950380329,0.100000000,0.011556121,0.011556121,0.011556121,0.011556121,1.000000000,0.000000000,0.000000000,0.000000000,0.000000000,0.000000000,0.000000000,0.000000000,0.000000000,1.000000000,0.000000000,0.000000000,0.000000000,1.000000000,118.059783936,17.392349243,0.737288892,0.999992549,0.000398893,-0.000130353,-0.003834628
1795,184.921000000,fused_map_f2f,1,1,0,0.072716128,0.010730948,0.949665327,0.949665327,0.100000000,0.011564721,0.011564721,0.011564721,0.011564721,1.000000000,0.000000000,0.000000000,0.000000000,0.000000000,0.000000000,0.000000000,0.000000000,0.000000000,1.000000000,0.000000000,0.000000000,0.000000000,1.000000000,118.060264587,17.392307281,0.737505198,0.999992609,0.000349309,-0.000130234,-0.003829750
1796,185.014000000,fused_map_f2f,1,1,0,0.072507386,0.015291874,0.950491597,0.950491597,0.100000000,0.011554784,0.011554784,0.011554784,0.011554784,1.000000000,0.000000000,0.000000000,0.000000000,0.000000000,0.000000000,0.000000000,0.000000000,0.000000000,1.000000000,0.000000000,0.000000000,0.000000000,1.000000000,118.060043335,17.392339706,0.737337053,0.999992609,0.000378267,-0.000124470,-0.003821727
1797,185.128000000,fused_map_f2f,1,1,0,0.072150556,0.013906215,0.951904050,0.951904050,0.100000000,0.011537836,0.011537836,0.011537836,0.011537836,1.000000000,0.000000000,0.000000000,0.000000000,0.000000000,0.000000000,0.000000000,0.000000000,0.000000000,1.000000000,0.000000000,0.000000000,0.000000000,1.000000000,118.059577942,17.392333984,0.737382829,0.999992609,0.000352139,-0.000126919,-0.003818604
1798,185.223000000,fused_map_f2f,1,1,0,0.071679839,0.021233667,0.953767305,0.953767305,0.100000000,0.011515556,0.011515556,0.011515556,0.011515556,1.000000000,0.000000000,0.000000000,0.000000000,0.000000000,0.000000000,0.000000000,0.000000000,0.000000000,1.000000000,0.000000000,0.000000000,0.000000000,1.000000000,118.060020447,17.392185211,0.737361014,0.999992669,0.000355621,-0.000131629,-0.003813991
1799,185.327000000,fused_map_f2f,1,1,0,0.072270059,0.014198404,0.951431018,0.951431018,0.100000000,0.011543506,0.011543506,0.011543506,0.011543506,1.000000000,0.000000000,0.000000000,0.000000000,0.000000000,0.000000000,0.000000000,0.000000000,0.000000000,1.000000000,0.000000000,0.000000000,0.000000000,1.000000000,118.060050964,17.392169952,0.737381101,0.999992669,0.000358177,-0.000134012,-0.003807515
1800,185.435000000,fused_map_f2f,1,1,0,0.072948534,0.019170101,0.948745388,0.948745388,0.100000000,0.011575804,0.011575804,0.011575804,0.011575804,1.000000000,0.000000000,0.000000000,0.000000000,0.000000000,0.000000000,0.000000000,0.000000000,0.000000000,1.000000000,0.000000000,0.000000000,0.000000000,1.000000000,118.059661865,17.392091751,0.737320244,0.999992728,0.000371563,-0.000128541,-0.003794220
1801,185.517000000,fused_map_f2f,1,1,0,0.072542508,0.027159994,0.950352571,0.950352571,0.100000000,0.011556454,0.011556454,0.011556454,0.011556454,1.000000000,0.000000000,0.000000000,0.000000000,0.000000000,0.000000000,0.000000000,0.000000000,0.000000000,1.000000000,0.000000000,0.000000000,0.000000000,1.000000000,118.059425354,17.392070770,0.737197340,0.999992669,0.000373969,-0.000120745,-0.003803119
1802,185.616000000,fused_map_f2f,1,1,0,0.072542248,0.018409569,0.950353604,0.950353604,0.100000000,0.011556442,0.011556442,0.011556442,0.011556442,1.000000000,0.000000000,0.000000000,0.000000000,0.000000000,0.000000000,0.000000000,0.000000000,0.000000000,1.000000000,0.000000000,0.000000000,0.000000000,1.000000000,118.059951782,17.392011642,0.737281322,0.999992788,0.000361795,-0.000120927,-0.003780317
1803,185.718000000,fused_map_f2f,1,1,0,0.072052756,0.013604553,0.952291175,0.952291175,0.100000000,0.011533200,0.011533200,0.011533200,0.011533200,1.000000000,0.000000000,0.000000000,0.000000000,0.000000000,0.000000000,0.000000000,0.000000000,0.000000000,1.000000000,0.000000000,0.000000000,0.000000000,1.000000000,118.059806824,17.392221451,0.737153053,0.999992728,0.000387359,-0.000129236,-0.003786791
1804,185.830000000,fused_map_f2f,1,1,0,0.072464779,0.009851678,0.950660248,0.950660248,0.100000000,0.011552757,0.011552757,0.011552757,0.011552757,1.000000000,0.000000000,0.000000000,0.000000000,0.000000000,0.000000000,0.000000000,0.000000000,0.000000000,1.000000000,0.000000000,0.000000000,0.000000000,1.000000000,118.060173035,17.392118454,0.737452447,0.999992788,0.000370523,-0.000126643,-0.003767238
1805,185.920000000,fused_map_f2f,1,1,0,0.072121397,0.017414094,0.952019472,0.952019472,0.100000000,0.011536453,0.011536453,0.011536453,0.011536453,1.000000000,0.000000000,0.000000000,0.000000000,0.000000000,0.000000000,0.000000000,0.000000000,0.000000000,1.000000000,0.000000000,0.000000000,0.000000000,1.000000000,118.060211182,17.392229080,0.737207294,0.999992847,0.000378837,-0.000127815,-0.003762516
1806,186.034000000,fused_map_f2f,1,1,0,0.072760779,0.021697717,0.949488584,0.949488584,0.100000000,0.011566848,0.011566848,0.011566848,0.011566848,1.000000000,0.000000000,0.000000000,0.000000000,0.000000000,0.000000000,0.000000000,0.000000000,0.000000000,1.000000000,0.000000000,0.000000000,0.000000000,1.000000000,118.060150146,17.392103195,0.737265348,0.999992847,0.000372561,-0.000127748,-0.003753694
1807,186.115000000,fused_map_f2f,1,1,0,0.072909847,0.014675134,0.948898522,0.948898522,0.100000000,0.011573958,0.011573958,0.011573958,0.011573958,1.000000000,0.000000000,0.000000000,0.000000000,0.000000000,0.000000000,0.000000000,0.000000000,0.000000000,1.000000000,0.000000000,0.000000000,0.000000000,1.000000000,118.059860229,17.392141342,0.737287104,0.999992847,0.000365820,-0.000133424,-0.003760915
1808,186.229000000,fused_map_f2f,1,1,0,0.072728180,0.007357103,0.949617621,0.949617621,0.100000000,0.011565295,0.011565295,0.011565295,0.011565295,1.000000000,0.000000000,0.000000000,0.000000000,0.000000000,0.000000000,0.000000000,0.000000000,0.000000000,1.000000000,0.000000000,0.000000000,0.000000000,1.000000000,118.060035706,17.391963959,0.737232685,0.999992907,0.000384312,-0.000136240,-0.003745399
1809,186.329000000,fused_map_f2f,1,1,0,0.073159511,0.005811167,0.947910269,0.947910269,0.100000000,0.011585885,0.011585885,0.011585885,0.011585885,1.000000000,0.000000000,0.000000000,0.000000000,0.000000000,0.000000000,0.000000000,0.000000000,0.000000000,1.000000000,0.000000000,0.000000000,0.000000000,1.000000000,118.059936523,17.392084122,0.737196207,0.999992907,0.000397098,-0.000132051,-0.003744114
1810,186.415000000,fused_map_f2f,1,1,0,0.072318548,0.025210585,0.951239081,0.951239081,0.100000000,0.011545809,0.011545809,0.011545809,0.011545809,1.000000000,0.000000000,0.000000000,0.000000000,0.000000000,0.000000000,0.000000000,0.000000000,0.000000000,1.000000000,0.000000000,0.000000000,0.000000000,1.000000000,118.060417175,17.391977310,0.737203419,0.999992967,0.000380521,-0.000142386,-0.003732029
1811,186.524000000,fused_map_f2f,1,1,0,0.072907243,0.011047912,0.948908830,0.948908830,0.100000000,0.011573834,0.011573834,0.011573834,0.011573834,1.000000000,0.000000000,0.000000000,0.000000000,0.000000000,0.000000000,0.000000000,0.000000000,0.000000000,1.000000000,0.000000000,0.000000000,0.000000000,1.000000000,118.060340881,17.391931534,0.737331569,0.999992967,0.000368496,-0.000134127,-0.003728649
1812,186.631000000,fused_map_f2f,1,1,0,0.071715145,0.011023628,0.953627551,0.953627551,0.100000000,0.011517224,0.011517224,0.011517224,0.011517224,1.000000000,0.000000000,0.000000000,0.000000000,0.000000000,0.000000000,0.000000000,0.000000000,0.000000000,1.000000000,0.000000000,0.000000000,0.000000000,1.000000000,118.060073853,17.392202377,0.737052083,0.999992907,0.000394140,-0.000142578,-0.003740946
1813,186.722000000,fused_map_f2f,1,1,0,0.073144425,0.022515155,0.947969986,0.947969986,0.100000000,0.011585163,0.011585163,0.011585163,0.011585163,1.000000000,0.000000000,0.000000000,0.000000000,0.000000000,0.000000000,0.000000000,0.000000000,0.000000000,1.000000000,0.000000000,0.000000000,0.000000000,1.000000000,118.059684753,17.392034531,0.737227380,0.999992967,0.000382893,-0.000126412,-0.003727718
1814,186.825000000,fused_map_f2f,1,1,0,0.071543475,0.013068348,0.954307078,0.954307078,0.100000000,0.011509117,0.011509117,0.011509117,0.011509117,1.000000000,0.000000000,0.000000000,0.000000000,0.000000000,0.000000000,0.000000000,0.000000000,0.000000000,1.000000000,0.000000000,0.000000000,0.000000000,1.000000000,118.059768677,17.391998291,0.737218857,0.999993086,0.000374127,-0.000136818,-0.003701065
1815,186.927000000,fused_map_f2f,1,1,0,0.071848341,0.019168472,0.953100318,0.953100318,0.100000000,0.011523521,0.011523521,0.011523521,0.011523521,1.000000000,0.000000000,0.000000000,0.000000000,0.000000000,0.000000000,0.000000000,0.000000000,0.000000000,1.000000000,0.000000000,0.000000000,0.000000000,1.000000000,118.060417175,17.391927719,0.737327158,0.999993086,0.000367502,-0.000139224,-0.003693927
1816,187.022000000,fused_map_f2f,1,1,0,0.071776032,0.011448593,0.953386539,0.953386539,0.100000000,0.011520102,0.011520102,0.011520102,0.011520102,1.000000000,0.000000000,0.000000000,0.000000000,0.000000000,0.000000000,0.000000000,0.000000000,0.000000000,1.000000000,0.000000000,0.000000000,0.000000000,1.000000000,118.060226440,17.392173767,0.737231970,0.999993026,0.000396070,-0.000147927,-0.003713008
1817,187.126000000,fused_map_f2f,1,1,0,0.073190846,0.017975747,0.947786233,0.947786233,0.100000000,0.011587383,0.011587383,0.011587383,0.011587383,1.000000000,0.000000000,0.000000000,0.000000000,0.000000000,0.000000000,0.000000000,0.000000000,0.000000000,1.000000000,0.000000000,0.000000000,0.000000000,1.000000000,118.059974670,17.391952515,0.737097025,0.999993086,0.000400455,-0.000131766,-0.003695506
1818,187.229000000,fused_map_f2f,1,1,0,0.072848073,0.020007794,0.949143045,0.949143045,0.100000000,0.011571011,0.011571011,0.011571011,0.011571011,1.000000000,0.000000000,0.000000000,0.000000000,0.000000000,0.000000000,0.000000000,0.000000000,0.000000000,1.000000000,0.000000000,0.000000000,0.000000000,1.000000000,118.059509277,17.392293930,0.737022996,0.999992967,0.000410273,-0.000168211,-0.003715001
1819,187.318000000,fused_map_f2f,1,1,0,0.071992568,0.023063476,0.952529419,0.952529419,0.100000000,0.011530348,0.011530348,0.011530348,0.011530348,1.000000000,0.000000000,0.000000000,0.000000000,0.000000000,0.000000000,0.000000000,0.000000000,0.000000000,1.000000000,0.000000000,0.000000000,0.000000000,1.000000000,118.060028076,17.391950607,0.737108290,0.999993205,0.000387833,-0.000128645,-0.003661754
1820,187.434000000,fused_map_f2f,1,1,0,0.072519166,0.015676185,0.950444969,0.950444969,0.100000000,0.011555344,0.011555344,0.011555344,0.011555344,1.000000000,0.000000000,0.000000000,0.000000000,0.000000000,0.000000000,0.000000000,0.000000000,0.000000000,1.000000000,0.000000000,0.000000000,0.000000000,1.000000000,118.059707642,17.391866684,0.737158000,0.999993205,0.000380055,-0.000136031,-0.003668451
1821,187.533000000,fused_map_f2f,1,1,0,0.072083050,0.016702485,0.952171259,0.952171259,0.100000000,0.011534636,0.011534636,0.011534636,0.011534636,1.000000000,0.000000000,0.000000000,0.000000000,0.000000000,0.000000000,0.000000000,0.000000000,0.000000000,1.000000000,0.000000000,0.000000000,0.000000000,1.000000000,118.059577942,17.391927719,0.737276495,0.999993205,0.000381554,-0.000151929,-0.003657246
1822,187.621000000,fused_map_f2f,1,1,0,0.072106551,0.019103975,0.952078235,0.952078235,0.100000000,0.011535750,0.011535750,0.011535750,0.011535750,1.000000000,0.000000000,0.000000000,0.000000000,0.000000000,0.000000000,0.000000000,0.000000000,0.000000000,1.000000000,0.000000000,0.000000000,0.000000000,1.000000000,118.059249878,17.392164230,0.737183571,0.999993145,0.000394106,-0.000107036,-0.003673555
1823,187.727000000,fused_map_f2f,1,1,0,0.072112739,0.012916626,0.952053743,0.952053743,0.100000000,0.011536043,0.011536043,0.011536043,0.011536043,1.000000000,0.000000000,0.000000000,0.000000000,0.000000000,0.000000000,0.000000000,0.000000000,0.000000000,1.000000000,0.000000000,0.000000000,0.000000000,1.000000000,118.059646606,17.391988754,0.737158716,0.999993265,0.000408839,-0.000138320,-0.003641155
1824,187.828000000,fused_map_f2f,1,1,0,0.072048591,0.016514901,0.952307661,0.952307661,0.100000000,0.011533003,0.011533003,0.011533003,0.011533003,1.000000000,0.000000000,0.000000000,0.000000000,0.000000000,0.000000000,0.000000000,0.000000000,0.000000000,1.000000000,0.000000000,0.000000000,0.000000000,1.000000000,118.060020447,17.391933441,0.737171054,0.999993265,0.000404265,-0.000129291,-0.003639308
1825,187.931000000,fused_map_f2f,1,1,0,0.072016573,0.020804538,0.952434399,0.952434399,0.100000000,0.011531486,0.011531486,0.011531486,0.011531486,1.000000000,0.000000000,0.000000000,0.000000000,0.000000000,0.000000000,0.000000000,0.000000000,0.000000000,1.000000000,0.000000000,0.000000000,0.000000000,1.000000000,118.060188293,17.391975403,0.737199545,0.999993265,0.000388234,-0.000140524,-0.003638223
