seq,stamp,pose_source,f2f_init_used,map_converged,map_degenerate,map_score,f2f_init_score,map_conf_raw,map_conf,f2f_conf,w_f2f_t,w_f2f_r,w_f2f_ax,w_f2f_nonax,prior_mult,prior_hit_ratio,prior_avg_conf,prior_core_hit_ratio,prior_band_hit_ratio,prior_inner_hit_ratio,wall_ratio_inner,wall_relief_inner,wall_r,wall_r_axial_scale,inc_unknown_ratio,inc_stable_ratio,r_inc_static,inc_static_axial_scale,px,py,pz,qw,qx,qy,qz
0,0.896000000,map_only,0,1,0,0.007007829,nan,1.000000000,1.000000000,0.000000000,0.000000000,0.000000000,0.000000000,0.000000000,1.000000000,0.000000000,0.000000000,0.000000000,0.000000000,0.000000000,0.903225806,0.515208486,0.748018878,1.000000000,0.895027624,0.000000000,0.000000000,1.000000000,-0.164933443,0.027654301,0.750757873,0.999996841,-0.000027430,0.000025417,0.002520991
1,1.020000000,fused_map_f2f,1,1,0,0.006816187,0.004963291,1.000000000,1.000000000,0.100000000,0.010989011,0.010989011,0.035714286,0.002770083,1.000000000,0.000000000,0.000000000,0.000000000,0.000000000,0.000000000,0.903225806,0.406273917,0.704445051,1.000000000,0.891566265,0.000000000,0.000000000,1.000000000,-0.165008456,0.027305197,0.750912428,0.999996781,-0.000077549,0.000026018,0.002542388
2,1.096000000,fused_map_f2f,1,1,0,0.006820421,0.005198013,1.000000000,1.000000000,0.100000000,0.010989011,0.010989011,0.035714286,0.002770083,1.000000000,0.000000000,0.000000000,0.000000000,0.000000000,0.000000000,0.903225806,0.456028090,0.724346720,1.000000000,0.891402715,0.000000000,0.000000000,1.000000000,-0.164988309,0.027298169,0.750818431,0.999996722,-0.000074979,0.000029693,0.002558568
3,1.219000000,fused_map_f2f,1,1,0,0.006863554,0.005594117,1.000000000,1.000000000,0.100000000,0.010989011,0.010989011,0.035714286,0.002770083,1.000000000,0.000000000,0.000000000,0.000000000,0.000000000,0.000000000,0.903225806,0.412922620,0.707104532,1.000000000,0.896638234,0.000000000,0.000000000,1.000000000,-0.165073499,0.027385997,0.750784278,0.999996662,-0.000051903,0.000030154,0.002577374
4,1.321000000,fused_map_f2f,1,1,0,0.006894494,0.004634038,1.000000000,1.000000000,0.100000000,0.010989011,0.010989011,0.035714286,0.002770083,1.000000000,0.000000000,0.000000000,0.000000000,0.000000000,0.000000000,0.933333333,0.431264767,0.732505907,1.000000000,0.891566265,0.000000000,0.000000000,1.000000000,-0.164976448,0.027841037,0.750795126,0.999996603,-0.000003647,0.000046535,0.002611756
5,1.399000000,fused_map_f2f,1,1,0,0.006867747,0.005179842,1.000000000,1.000000000,0.100000000,0.010989011,0.010989011,0.035714286,0.002770083,1.000000000,0.000000000,0.000000000,0.000000000,0.000000000,0.000000000,0.903225806,0.497151735,0.740796178,1.000000000,0.892516323,0.000000000,0.000000000,1.000000000,-0.165406555,0.027479241,0.750771165,0.999996603,-0.000068957,0.000034509,0.002613512
6,1.515000000,fused_map_f2f,1,1,0,0.006809858,0.004479206,1.000000000,1.000000000,0.100000000,0.010989011,0.010989011,0.035714286,0.002770083,1.000000000,0.000000000,0.000000000,0.000000000,0.000000000,0.000000000,0.903225806,0.472528964,0.730947070,1.000000000,0.897384306,0.000000000,0.000000000,1.000000000,-0.165929273,0.027322061,0.750888169,0.999996603,-0.000063827,0.000028674,0.002596702
7,1.626000000,fused_map_f2f,1,1,0,0.006845190,0.005057201,1.000000000,1.000000000,0.100000000,0.010989011,0.010989011,0.035714286,0.002770083,1.000000000,0.000000000,0.000000000,0.000000000,0.000000000,0.000000000,0.903225806,0.438407766,0.717298590,1.000000000,0.892964824,0.000000000,0.000000000,1.000000000,-0.165699586,0.027327424,0.750847936,0.999996543,-0.000055016,0.000027190,0.002616673
8,1.703000000,fused_map_f2f,1,1,0,0.006819834,0.005096399,1.000000000,1.000000000,0.100000000,0.010989011,0.010989011,0.035714286,0.002770083,1.000000000,0.000000000,0.000000000,0.000000000,0.000000000,0.000000000,0.903225806,0.468448129,0.729314735,1.000000000,0.892408245,0.000000000,0.000000000,1.000000000,-0.166223764,0.027141448,0.750803947,0.999996543,-0.000078277,0.000031256,0.002629746
9,1.822000000,fused_map_f2f,1,1,0,0.006779852,0.005070145,1.000000000,1.000000000,0.100000000,0.010989011,0.010989011,0.035714286,0.002770083,1.000000000,0.000000000,0.000000000,0.000000000,0.000000000,0.000000000,0.903225806,0.465069240,0.727963180,1.000000000,0.894974874,0.000000000,0.000000000,1.000000000,-0.166281641,0.027055794,0.750700653,0.999996603,-0.000057252,0.000035012,0.002611630
10,1.900000000,fused_map_f2f,1,1,0,0.006757534,0.005478972,1.000000000,1.000000000,0.100000000,0.010989011,0.010989011,0.035714286,0.002770083,1.000000000,0.000000000,0.000000000,0.000000000,0.000000000,0.000000000,0.903225806,0.431226012,0.714425888,1.000000000,0.896188566,0.000000000,0.000000000,1.000000000,-0.166128621,0.027208213,0.750589907,0.999996603,-0.000078188,0.000039328,0.002598507
11,2.010000000,fused_map_f2f,1,1,0,0.006772748,0.005540353,1.000000000,1.000000000,0.100000000,0.010989011,0.010989011,0.035714286,0.002770083,1.000000000,0.000000000,0.000000000,0.000000000,0.000000000,0.000000000,0.903225806,0.520467834,0.750122617,1.000000000,0.892964824,0.000000000,0.000000000,1.000000000,-0.166687608,0.027448777,0.750695527,0.999996543,-0.000020811,0.000039247,0.002616961
12,2.122000000,fused_map_f2f,1,1,0,0.006809662,0.005600582,1.000000000,1.000000000,0.100000000,0.010989011,0.010989011,0.035714286,0.002770083,1.000000000,0.000000000,0.000000000,0.000000000,0.000000000,0.000000000,0.903225806,0.478237886,0.733230638,1.000000000,0.896084337,0.000000000,0.000000000,1.000000000,-0.166666910,0.027031807,0.750881076,0.999996424,-0.000100346,0.000020848,0.002671886
13,2.200000000,fused_map_f2f,1,1,0,0.006801357,0.005513047,1.000000000,1.000000000,0.100000000,0.010989011,0.010989011,0.035714286,0.002770083,1.000000000,0.000000000,0.000000000,0.000000000,0.000000000,0.000000000,0.870967742,0.376009011,0.672984250,1.000000000,0.896534405,0.000000000,0.000000000,1.000000000,-0.167312413,0.026848782,0.750891924,0.999996424,-0.000098341,0.000015060,0.002675146
14,2.309000000,fused_map_f2f,1,1,0,0.006816880,0.005118009,1.000000000,1.000000000,0.100000000,0.010989011,0.010989011,0.036214316,0.002770083,1.000000000,0.000000000,0.000000000,0.000000000,0.000000000,0.000000000,0.903225806,0.472071268,0.730763991,1.000000000,0.895875252,0.765517241,0.685807951,1.014526932,-0.167666912,0.026899772,0.750845075,0.999996364,-0.000035108,0.000037263,0.002701648
15,2.409000000,fused_map_f2f,1,1,0,0.006806700,0.005324683,1.000000000,1.000000000,0.100000000,0.010989011,0.010989011,0.036226257,0.002770083,1.000000000,0.000000000,0.000000000,0.000000000,0.000000000,0.000000000,0.903225806,0.454299171,0.723655152,1.000000000,0.896933132,0.776223776,0.696220823,1.014874027,-0.167364463,0.026800007,0.750856519,0.999996305,-0.000089040,0.000025761,0.002704664
16,2.518000000,fused_map_f2f,1,1,0,0.006820183,0.005104156,1.000000000,1.000000000,0.100000000,0.010989011,0.010989011,0.036234905,0.002770083,1.000000000,0.000000000,0.000000000,0.000000000,0.000000000,0.000000000,0.903225806,0.453145535,0.723193698,1.000000000,0.896829391,0.784722222,0.703761953,1.015125398,-0.167521432,0.027234221,0.750512779,0.999996305,-0.000061282,0.000034951,0.002725662
17,2.596000000,fused_map_f2f,1,1,0,0.006810686,0.005636365,1.000000000,1.000000000,0.100000000,0.010989011,0.010989011,0.036213506,0.002770083,1.000000000,0.000000000,0.000000000,0.000000000,0.000000000,0.000000000,0.903225806,0.435061012,0.715959889,1.000000000,0.891238671,0.768707483,0.685101835,1.014503395,-0.167057008,0.027122617,0.750885844,0.999996245,-0.000025672,0.000030387,0.002742122
18,2.709000000,fused_map_f2f,1,1,0,0.006838185,0.005579961,1.000000000,1.000000000,0.100000000,0.010989011,0.010989011,0.036217244,0.002770083,1.000000000,0.000000000,0.000000000,0.000000000,0.000000000,0.000000000,0.903225806,0.373803457,0.691456866,1.000000000,0.894869215,0.769230769,0.688360935,1.014612031,-0.167381003,0.026968252,0.750824094,0.999996126,-0.000046544,0.000037582,0.002786619
19,2.803000000,fused_map_f2f,1,1,0,0.006830141,0.004815335,1.000000000,1.000000000,0.100000000,0.010989011,0.010989011,0.036200246,0.002770083,1.000000000,0.000000000,0.000000000,0.000000000,0.000000000,0.000000000,0.933333333,0.361989588,0.704795835,1.000000000,0.893969849,0.753424658,0.673538928,1.014117964,-0.167288885,0.027163381,0.750870526,0.999996126,-0.000068359,0.000027139,0.002780431
20,2.915000000,fused_map_f2f,1,1,0,0.006891410,0.005832550,1.000000000,1.000000000,0.100000000,0.010989011,0.010989011,0.036239561,0.002770083,1.000000000,0.000000000,0.000000000,0.000000000,0.000000000,0.000000000,0.870967742,0.483092253,0.715817546,1.000000000,0.892749245,0.792857143,0.707822615,1.015260754,-0.166874990,0.027589172,0.750710130,0.999996006,-0.000009251,0.000039084,0.002814157
21,2.999000000,fused_map_f2f,1,1,0,0.006883597,0.005248409,1.000000000,1.000000000,0.100000000,0.010989011,0.010989011,0.036222327,0.002770083,1.000000000,0.000000000,0.000000000,0.000000000,0.000000000,0.000000000,0.903225806,0.472885395,0.731089642,1.000000000,0.890735146,0.777777778,0.692794002,1.014759800,-0.167108223,0.026863812,0.750838697,0.999995947,-0.000109495,0.000036906,0.002851405
22,3.112000000,fused_map_f2f,1,1,0,0.006872920,0.003303827,1.000000000,1.000000000,0.100000000,0.010989011,0.010989011,0.036239169,0.002770083,1.000000000,0.000000000,0.000000000,0.000000000,0.000000000,0.000000000,0.903225806,0.459600816,0.725775810,1.000000000,0.896984925,0.788732394,0.707481067,1.015249369,-0.167074665,0.027215678,0.750777841,0.999995887,-0.000086833,0.000034342,0.002858271
23,3.225000000,fused_map_f2f,1,1,0,0.006902202,0.005312730,1.000000000,1.000000000,0.100000000,0.010989011,0.010989011,0.036231976,0.002770083,1.000000000,0.000000000,0.000000000,0.000000000,0.000000000,0.000000000,0.903225806,0.348169620,0.681203332,1.000000000,0.893574297,0.784722222,0.701207608,1.015040254,-0.167148501,0.027241463,0.750710726,0.999995887,-0.000053490,0.000031620,0.002874986
24,3.315000000,fused_map_f2f,1,1,0,0.007071700,0.003322314,1.000000000,1.000000000,0.100000000,0.010989011,0.010989011,0.036199217,0.002770083,1.000000000,0.000000000,0.000000000,0.000000000,0.000000000,0.000000000,0.903225806,0.459504345,0.725737222,1.000000000,0.890954774,0.754966887,0.672641352,1.014088045,-0.160812333,0.027190110,0.750740051,0.999995947,-0.000057786,0.000036616,0.002840453
25,3.439000000,fused_map_f2f,1,1,0,0.008112204,0.003759858,1.000000000,1.000000000,0.100000000,0.010989011,0.010989011,0.036248954,0.002770083,1.000000000,0.000000000,0.000000000,0.000000000,0.000000000,0.000000000,0.903225806,0.442162600,0.718800524,1.000000000,0.887096774,0.807142857,0.716013825,1.015533794,-0.134212971,0.027466753,0.750741124,0.999996126,-0.000046647,0.000047544,0.002782450
26,3.524000000,fused_map_f2f,1,1,0,0.008765270,0.005426703,1.000000000,1.000000000,0.100000000,0.010989011,0.010989011,0.036218823,0.002770083,1.000000000,0.000000000,0.000000000,0.000000000,0.000000000,0.000000000,0.903225806,0.482287659,0.734850548,1.000000000,0.892964824,0.772413793,0.689738347,1.014657945,-0.108474314,0.027611205,0.750581086,0.999996305,0.000000457,0.000033448,0.002722985
27,3.609000000,fused_map_f2f,1,1,0,0.008489593,0.003860187,1.000000000,1.000000000,0.100000000,0.010989011,0.010989011,0.036205990,0.002770083,1.000000000,0.000000000,0.000000000,0.000000000,0.000000000,0.000000000,0.903225806,0.573689228,0.771411175,1.000000000,0.896430367,0.756944444,0.678547986,1.014284933,-0.081549302,0.028026560,0.750411689,0.999996662,0.000010374,0.000042079,0.002576769
28,3.728000000,fused_map_f2f,1,1,0,0.006766235,0.005320565,1.000000000,1.000000000,0.100000000,0.010989011,0.010989011,0.036171228,0.002770083,1.000000000,0.000000000,0.000000000,0.000000000,0.000000000,0.000000000,0.903225806,0.465323845,0.728065022,1.000000000,0.892068273,0.726666667,0.648236278,1.013274543,-0.033407267,0.029419104,0.750118554,0.999996543,0.000057947,0.000038437,0.002619586
29,3.806000000,fused_map_f2f,1,1,0,0.006238322,0.006342074,1.000000000,1.000000000,0.100000000,0.010989011,0.010989011,0.036210607,0.002770083,1.000000000,0.000000000,0.000000000,0.000000000,0.000000000,0.000000000,0.903225806,0.514531903,0.747748245,1.000000000,0.889224572,0.767605634,0.682573791,1.014419126,0.003057125,0.028829040,0.750365257,0.999996662,-0.000051583,0.000028302,0.002590877
30,3.915000000,fused_map_f2f,1,1,0,0.007591547,0.007222164,1.000000000,1.000000000,0.100000000,0.010989011,0.010989011,0.036178456,0.002770083,1.000000000,0.000000000,0.000000000,0.000000000,0.000000000,0.000000000,0.903225806,0.503350618,0.743275731,1.000000000,0.890899950,0.734693878,0.654538739,1.013484625,0.057450846,0.029059613,0.750335157,0.999996781,-0.000036147,0.000046775,0.002537773
31,4.021000000,fused_map_f2f,1,1,0,0.008526705,0.006847104,1.000000000,1.000000000,0.100000000,0.010989011,0.010989011,0.036181338,0.002770083,1.000000000,0.000000000,0.000000000,0.000000000,0.000000000,0.000000000,0.903225806,0.459218886,0.725623038,1.000000000,0.894842263,0.734265734,0.657052012,1.013568400,0.119799770,0.029930005,0.750019133,0.999996960,0.000008372,0.000033040,0.002468629
32,4.100000000,fused_map_f2f,1,1,0,0.006473786,0.006844086,1.000000000,1.000000000,0.100000000,0.010989011,0.010989011,0.036181716,0.002770083,1.000000000,0.000000000,0.000000000,0.000000000,0.000000000,0.000000000,0.903225806,0.376825953,0.692665865,1.000000000,0.895290581,0.734265734,0.657381196,1.013579373,0.168241590,0.030071914,0.750220180,0.999997079,0.000001057,0.000039395,0.002415545
33,4.211000000,fused_map_f2f,1,1,0,0.006714784,0.009976178,1.000000000,1.000000000,0.100000000,0.010989011,0.010989011,0.036178377,0.002770083,1.000000000,0.000000000,0.000000000,0.000000000,0.000000000,0.000000000,0.903225806,0.390570603,0.698163725,1.000000000,0.891326022,0.734265734,0.654470156,1.013482339,0.242056206,0.030000204,0.750372291,0.999997318,-0.000035937,0.000043453,0.002321288
34,4.323000000,fused_map_f2f,1,1,0,0.008159390,0.009324867,1.000000000,1.000000000,0.100000000,0.010989011,0.010989011,0.036238338,0.002770083,1.000000000,0.000000000,0.000000000,0.000000000,0.000000000,0.000000000,0.903225806,0.475005284,0.731937597,1.000000000,0.893446723,0.791044776,0.706756363,1.015225212,0.324534178,0.030195413,0.750568986,0.999997497,-0.000042448,0.000066780,0.002221353
35,4.410000000,fused_map_f2f,1,1,0,0.005908921,0.009802122,1.000000000,1.000000000,0.100000000,0.010989011,0.010989011,0.036203159,0.002770083,1.000000000,0.000000000,0.000000000,0.000000000,0.000000000,0.000000000,0.935483871,0.486390514,0.755846528,1.000000000,0.895000000,0.755395683,0.676079137,1.014202638,0.392348498,0.030592946,0.750630200,0.999997616,-0.000022371,0.000077940,0.002167286
36,4.536000000,fused_map_f2f,1,1,0,0.008710223,0.011531444,1.000000000,1.000000000,0.100000000,0.010989011,0.010989011,0.036146315,0.002770083,1.000000000,0.000000000,0.000000000,0.000000000,0.000000000,0.000000000,0.903225806,0.491013509,0.738340888,1.000000000,0.897602398,0.697986577,0.626514425,1.012550481,0.492715061,0.031300642,0.750387251,0.999997914,0.000046893,0.000032094,0.002046164
37,4.619000000,fused_map_f2f,1,1,0,0.006541324,0.008721135,1.000000000,1.000000000,0.100000000,0.010989011,0.010989011,0.036192215,0.002770083,1.000000000,0.000000000,0.000000000,0.000000000,0.000000000,0.000000000,0.903225806,0.401304511,0.702457288,1.000000000,0.899500000,0.741007194,0.666535971,1.013884532,0.558610141,0.031398680,0.750481308,0.999998033,0.000012478,0.000050233,0.001980202
38,4.729000000,fused_map_f2f,1,1,0,0.006664370,0.010262917,1.000000000,1.000000000,0.100000000,0.010989011,0.010989011,0.036147870,0.002770083,1.000000000,0.000000000,0.000000000,0.000000000,0.000000000,0.000000000,0.903225806,0.411992349,0.706732423,1.000000000,0.898715415,0.698630137,0.627869674,1.012595656,0.646706104,0.030772533,0.750412881,0.999998212,-0.000010720,0.000026301,0.001893124
39,4.806000000,fused_map_f2f,1,1,0,0.008604307,0.008140752,1.000000000,1.000000000,0.100000000,0.010989011,0.010989011,0.036120779,0.002770083,1.000000000,0.000000000,0.000000000,0.000000000,0.000000000,0.000000000,0.903225806,0.594711672,0.779820153,1.000000000,0.897219464,0.673469388,0.604249843,1.011808328,0.708574951,0.031204998,0.750351667,0.999998212,0.000036244,0.000027745,0.001892052
40,4.926000000,fused_map_f2f,1,1,0,0.005723250,0.011568635,1.000000000,1.000000000,0.100000000,0.010989011,0.010989011,0.036120679,0.002770083,1.000000000,0.000000000,0.000000000,0.000000000,0.000000000,0.000000000,0.903225806,0.427708622,0.713018933,1.000000000,0.903193613,0.668918919,0.604163295,1.011805443,0.803236902,0.031171728,0.750490069,0.999998331,0.000013947,0.000051874,0.001816725
41,5.011000000,fused_map_f2f,1,1,0,0.007902600,0.008433295,1.000000000,1.000000000,0.100000000,0.010989011,0.010989011,0.036153992,0.002770083,1.000000000,0.000000000,0.000000000,0.000000000,0.000000000,0.000000000,0.935483871,0.429974308,0.733280046,1.000000000,0.900148295,0.703448276,0.633207766,1.012773592,0.873885930,0.030799968,0.750281811,0.999998510,0.000006454,0.000042061,0.001735004
42,5.119000000,fused_map_f2f,1,1,0,0.006312240,0.010304410,1.000000000,1.000000000,0.100000000,0.010989011,0.010989011,0.036136551,0.002770083,1.000000000,0.000000000,0.000000000,0.000000000,0.000000000,0.000000000,0.903225806,0.428809909,0.713459447,1.000000000,0.908461158,0.680272109,0.618000788,1.012266693,0.960152149,0.031562489,0.750679612,0.999998450,0.000109787,0.000040188,0.001738663
43,5.202000000,fused_map_f2f,1,1,0,0.005958263,0.008719786,1.000000000,1.000000000,0.100000000,0.010989011,0.010989011,0.036113989,0.002770083,1.000000000,0.000000000,0.000000000,0.000000000,0.000000000,0.000000000,0.935483871,0.545003029,0.779291534,1.000000000,0.903478687,0.662251656,0.598330256,1.011611009,1.026879668,0.031722944,0.750687718,0.999998569,0.000092510,0.000049126,0.001689705
44,5.313000000,fused_map_f2f,1,1,0,0.008196064,0.011511852,1.000000000,1.000000000,0.100000000,0.010989011,0.010989011,0.036106216,0.002770083,1.000000000,0.000000000,0.000000000,0.000000000,0.000000000,0.000000000,0.903225806,0.479497669,0.733734552,1.000000000,0.899653979,0.657534247,0.591553301,1.011385110,1.119569778,0.032230183,0.750208616,0.999998450,0.000084976,0.000047768,0.001752346
45,5.430000000,fused_map_f2f,1,1,0,0.005637076,0.011443031,1.000000000,1.000000000,0.100000000,0.010989011,0.010989011,0.036106023,0.002770083,1.000000000,0.000000000,0.000000000,0.000000000,0.000000000,0.000000000,0.935483871,0.448839741,0.740826219,1.000000000,0.905558288,0.653061224,0.591385005,1.011379500,1.212303996,0.031326558,0.750906289,0.999998689,0.000015059,0.000027261,0.001611796
46,5.504000000,fused_map_f2f,1,1,0,0.007822201,0.008382880,1.000000000,1.000000000,0.100000000,0.010989011,0.010989011,0.036122592,0.002770083,1.000000000,0.000000000,0.000000000,0.000000000,0.000000000,0.000000000,0.935483871,0.489103736,0.756931817,1.000000000,0.905623472,0.668965517,0.605830874,1.011861029,1.274332047,0.031604234,0.750993669,0.999998689,0.000036078,0.000028688,0.001620763
47,5.618000000,fused_map_f2f,1,1,0,0.005969941,0.010474176,1.000000000,1.000000000,0.100000000,0.010989011,0.010989011,0.036140712,0.002770083,1.000000000,0.000000000,0.000000000,0.000000000,0.000000000,0.000000000,0.967741935,0.509254552,0.784346982,1.000000000,0.906542056,0.685714286,0.621628838,1.012387628,1.365695715,0.031637967,0.751316547,0.999998808,0.000031656,0.000041213,0.001543688
48,5.701000000,fused_map_f2f,1,1,0,0.005904280,0.008314158,1.000000000,1.000000000,0.100000000,0.010989011,0.010989011,0.036110748,0.002770083,1.000000000,0.000000000,0.000000000,0.000000000,0.000000000,0.000000000,0.903225806,0.624291813,0.791652209,1.000000000,0.911866076,0.653061224,0.595504376,1.011516813,1.430858135,0.031046158,0.751485467,0.999998868,0.000054264,0.000004452,0.001518181
49,5.814000000,fused_map_f2f,1,1,0,0.007843889,0.011127575,1.000000000,1.000000000,0.100000000,0.010989011,0.010989011,0.036157540,0.002770083,1.000000000,0.000000000,0.000000000,0.000000000,0.000000000,0.000000000,0.935483871,0.508314425,0.764616093,1.000000000,0.909001476,0.700000000,0.636301033,1.012876701,1.523275375,0.032230888,0.752141178,0.999998927,0.000013730,-0.000014588,0.001457680
50,5.927000000,fused_map_f2f,1,1,0,0.005498580,0.010319694,1.000000000,1.000000000,0.100000000,0.010989011,0.010989011,0.036128263,0.002770083,1.000000000,0.000000000,0.000000000,0.000000000,0.000000000,0.000000000,0.935483871,0.373559007,0.710713925,1.000000000,0.909800098,0.671328671,0.610774891,1.012025830,1.614104271,0.031762693,0.751955271,0.999999046,-0.000007680,-0.000002949,0.001386152
51,6.001000000,fused_map_f2f,1,1,0,0.007609060,0.007635423,1.000000000,1.000000000,0.100000000,0.010989011,0.010989011,0.036107355,0.002770083,1.000000000,0.000000000,0.000000000,0.000000000,0.000000000,0.000000000,0.967741935,0.477508195,0.771648439,1.000000000,0.910200098,0.651006711,0.592546372,1.011418212,1.671897411,0.031880103,0.752025962,0.999999106,0.000019091,0.000006858,0.001339442
52,6.107000000,fused_map_f2f,1,1,0,0.005854680,0.009100578,1.000000000,1.000000000,0.100000000,0.010989011,0.010989011,0.036184286,0.002770083,1.000000000,0.000000000,0.000000000,0.000000000,0.000000000,0.000000000,0.967741935,0.527995379,0.791843313,1.000000000,0.912810521,0.722627737,0.659622201,1.013654073,1.762015820,0.031366084,0.752800703,0.999999106,0.000008639,-0.000010422,0.001323321
53,6.233000000,fused_map_f2f,1,1,0,0.007041760,0.012375428,1.000000000,1.000000000,0.100000000,0.010989011,0.010989011,0.036181940,0.002770083,1.000000000,0.000000000,0.000000000,0.000000000,0.000000000,0.000000000,0.967741935,0.520055718,0.788667448,1.000000000,0.909002904,0.723404255,0.657576569,1.013585886,1.863764048,0.031703077,0.752908349,0.999999166,0.000010339,0.000009658,0.001280698
54,6.317000000,fused_map_f2f,1,1,0,0.006994744,0.007018735,1.000000000,1.000000000,0.100000000,0.010989011,0.010989011,0.036157309,0.002770083,1.000000000,0.000000000,0.000000000,0.000000000,0.000000000,0.000000000,0.967741935,0.538333893,0.795978718,1.000000000,0.913213067,0.696551724,0.636100136,1.012870005,1.936284900,0.032911837,0.752858758,0.999999106,0.000086697,-0.000005375,0.001343872
55,6.420000000,fused_map_f2f,1,1,0,0.005496040,0.010253462,1.000000000,1.000000000,0.100000000,0.010989011,0.010989011,0.036146541,0.002770083,1.000000000,0.000000000,0.000000000,0.000000000,0.000000000,0.000000000,0.935483871,0.517110922,0.768134691,1.000000000,0.910992218,0.687943262,0.626710958,1.012557032,2.017464161,0.032661345,0.753003895,0.999999166,0.000024221,-0.000002114,0.001292405
56,6.497000000,fused_map_f2f,1,1,0,0.007808276,0.008043593,1.000000000,1.000000000,0.100000000,0.010989011,0.010989011,0.036169868,0.002770083,1.000000000,0.000000000,0.000000000,0.000000000,0.000000000,0.000000000,0.935483871,0.543664898,0.778756282,1.000000000,0.912340842,0.709219858,0.647050243,1.013235008,2.078683138,0.032564443,0.752883792,0.999999225,0.000053061,0.000009006,0.001248532
57,6.617000000,fused_map_f2f,1,1,0,0.005332215,0.010666816,1.000000000,1.000000000,0.100000000,0.010989011,0.010989011,0.036165130,0.002770083,1.000000000,0.000000000,0.000000000,0.000000000,0.000000000,0.000000000,0.967741935,0.567907911,0.807808326,1.000000000,0.909179213,0.707142857,0.642919586,1.013097320,2.179730177,0.032803766,0.752804160,0.999999285,0.000044123,-0.000005692,0.001206536
58,6.701000000,fused_map_f2f,1,1,0,0.006142480,0.008993560,1.000000000,1.000000000,0.100000000,0.010989011,0.010989011,0.036149391,0.002770083,1.000000000,0.000000000,0.000000000,0.000000000,0.000000000,0.000000000,0.967741935,0.484693394,0.774522519,1.000000000,0.914604561,0.687943262,0.629196045,1.012639868,2.246661901,0.033102855,0.753035367,0.999999285,0.000074761,-0.000006385,0.001185925
59,6.814000000,fused_map_f2f,1,1,0,0.006746684,0.011734525,1.000000000,1.000000000,0.100000000,0.010989011,0.010989011,0.036162916,0.002770083,1.000000000,0.000000000,0.000000000,0.000000000,0.000000000,0.000000000,0.967741935,0.588204466,0.815926948,1.000000000,0.915697674,0.700000000,0.640988372,1.013032946,2.341575861,0.034189332,0.752255738,0.999999166,0.000071448,-0.000004478,0.001274735
60,6.896000000,fused_map_f2f,1,1,0,0.005293376,0.007163822,1.000000000,1.000000000,0.100000000,0.010989011,0.010989011,0.036174421,0.002770083,1.000000000,0.000000000,0.000000000,0.000000000,0.000000000,0.000000000,0.906250000,0.480588273,0.735985309,1.000000000,0.912771084,0.713235294,0.651020553,1.013367352,2.406739950,0.033632867,0.752366900,0.999999285,0.000098783,0.000005321,0.001182798
61,7.009000000,fused_map_f2f,1,1,0,0.008546160,0.011239478,1.000000000,1.000000000,0.100000000,0.010989011,0.010989011,0.036129819,0.002770083,1.000000000,0.000000000,0.000000000,0.000000000,0.000000000,0.000000000,0.967741935,0.544769759,0.798553065,1.000000000,0.914975845,0.669014085,0.612131728,1.012071058,2.504997015,0.034879934,0.752236903,0.999998927,0.000019174,-0.000017381,0.001456599
62,7.117000000,fused_map_f2f,1,1,0,0.005353564,0.008663564,1.000000000,1.000000000,0.100000000,0.010989011,0.010989011,0.036128564,0.002770083,1.000000000,0.000000000,0.000000000,0.000000000,0.000000000,0.000000000,0.906250000,0.536060084,0.758174034,1.000000000,0.913339825,0.669014085,0.611037207,1.012034574,2.588647842,0.032761969,0.752066493,0.999999285,0.000056068,-0.000003940,0.001199087
63,7.237000000,fused_map_f2f,1,1,0,0.008023974,0.011417240,1.000000000,1.000000000,0.100000000,0.010989011,0.010989011,0.036153702,0.002770083,1.000000000,0.000000000,0.000000000,0.000000000,0.000000000,0.000000000,0.937500000,0.444193154,0.740177262,1.000000000,0.916465476,0.690647482,0.632954573,1.012765152,2.685594559,0.032978103,0.752131701,0.999999285,0.000084366,0.000002371,0.001168181
64,7.323000000,fused_map_f2f,1,1,0,0.005912375,0.007543252,1.000000000,1.000000000,0.100000000,0.010989011,0.010989011,0.036164179,0.002770083,1.000000000,0.000000000,0.000000000,0.000000000,0.000000000,0.000000000,0.937500000,0.555840050,0.784836020,1.000000000,0.917271408,0.700000000,0.642089985,1.013069666,2.762120247,0.034431092,0.752141237,0.999999166,0.000152913,-0.000018584,0.001273684
65,7.429000000,fused_map_f2f,1,1,0,0.006270652,0.010673087,1.000000000,1.000000000,0.100000000,0.010989011,0.010989011,0.036190972,0.002770083,1.000000000,0.000000000,0.000000000,0.000000000,0.000000000,0.000000000,0.937500000,0.639263915,0.818205566,1.000000000,0.919284679,0.723880597,0.665452342,1.013848411,2.846322775,0.034298297,0.752082169,0.999999225,0.000166819,-0.000018863,0.001214204
66,7.501000000,fused_map_f2f,1,1,0,0.008432407,0.008027677,1.000000000,1.000000000,0.100000000,0.010989011,0.010989011,0.036152960,0.002770083,1.000000000,0.000000000,0.000000000,0.000000000,0.000000000,0.000000000,0.937500000,0.565268975,0.788607590,1.000000000,0.919128329,0.687943262,0.632308141,1.012743605,2.906026363,0.035187814,0.751844645,0.999999166,0.000139438,-0.000031488,0.001258889
67,7.617000000,fused_map_f2f,1,1,0,0.005161437,0.010394375,1.000000000,1.000000000,0.100000000,0.010989011,0.010989011,0.036155656,0.002770083,1.000000000,0.000000000,0.000000000,0.000000000,0.000000000,0.000000000,0.968750000,0.549711922,0.801134769,1.000000000,0.910318226,0.697183099,0.634658481,1.012821949,3.000323534,0.033844613,0.751496136,0.999999404,0.000164974,-0.000033170,0.001072453
68,7.729000000,fused_map_f2f,1,1,0,0.008110204,0.011397353,1.000000000,1.000000000,0.100000000,0.010989011,0.010989011,0.036150243,0.002770083,1.000000000,0.000000000,0.000000000,0.000000000,0.000000000,0.000000000,0.937500000,0.644032300,0.820112920,1.000000000,0.919711538,0.684931507,0.629939410,1.012664647,3.090008736,0.034264922,0.751688063,0.999999404,0.000204428,-0.000030643,0.001077301
69,7.824000000,fused_map_f2f,1,1,0,0.005653411,0.009750428,1.000000000,1.000000000,0.100000000,0.010989011,0.010989011,0.036170799,0.002770083,1.000000000,0.000000000,0.000000000,0.000000000,0.000000000,0.000000000,0.937500000,0.539729722,0.778391889,1.000000000,0.918905950,0.705035971,0.647861749,1.013262058,3.170506716,0.035111878,0.751416147,0.999999285,0.000239406,-0.000024117,0.001171712
70,7.902000000,fused_map_f2f,1,1,0,0.005913399,0.008063268,1.000000000,1.000000000,0.100000000,0.010989011,0.010989011,0.036171658,0.002770083,1.000000000,0.000000000,0.000000000,0.000000000,0.000000000,0.000000000,0.937500000,0.581662519,0.795165008,1.000000000,0.917228104,0.707142857,0.648611302,1.013287043,3.234054565,0.035805777,0.751124680,0.999999225,0.000174472,-0.000022794,0.001210213
71,8.017000000,fused_map_f2f,1,1,0,0.007477591,0.009760283,1.000000000,1.000000000,0.100000000,0.010989011,0.010989011,0.036195802,0.002770083,1.000000000,0.000000000,0.000000000,0.000000000,0.000000000,0.000000000,0.968750000,0.627382192,0.832202877,1.000000000,0.919942474,0.727941176,0.669664007,1.013988800,3.329632282,0.036690224,0.750744581,0.999999106,0.000263494,-0.000009889,0.001318637
72,8.127000000,fused_map_f2f,1,1,0,0.005697559,0.011311037,1.000000000,1.000000000,0.100000000,0.010989011,0.010989011,0.036192234,0.002770083,1.000000000,0.000000000,0.000000000,0.000000000,0.000000000,0.000000000,0.968750000,0.495694579,0.779527832,1.000000000,0.915668424,0.727941176,0.666552750,1.013885092,3.417596579,0.036450770,0.750994265,0.999999166,0.000318099,-0.000014113,0.001244335
73,8.205000000,fused_map_f2f,1,1,0,0.007937981,0.006531168,1.000000000,1.000000000,0.100000000,0.010989011,0.010989011,0.036185940,0.002770083,1.000000000,0.000000000,0.000000000,0.000000000,0.000000000,0.000000000,0.937500000,0.529052066,0.774120827,1.000000000,0.918879768,0.719424460,0.661064581,1.013702153,3.480621815,0.036413025,0.750759900,0.999999166,0.000309669,-0.000019352,0.001256402
74,8.323000000,fused_map_f2f,1,1,0,0.005577744,0.010019778,1.000000000,1.000000000,0.100000000,0.010989011,0.010989011,0.036208281,0.002770083,1.000000000,0.000000000,0.000000000,0.000000000,0.000000000,0.000000000,0.968750000,0.694533876,0.859063550,1.000000000,0.921141751,0.738805970,0.680545025,1.014351501,3.575586796,0.036200430,0.750946462,0.999999225,0.000387023,-0.000004038,0.001188931
75,8.397000000,fused_map_f2f,1,1,0,0.005940973,0.008542275,1.000000000,1.000000000,0.100000000,0.010989011,0.010989011,0.036225230,0.002770083,1.000000000,0.000000000,0.000000000,0.000000000,0.000000000,0.000000000,0.937500000,0.473799689,0.752019876,1.000000000,0.924783028,0.751879699,0.695325585,1.014844186,3.634864330,0.036246452,0.750914574,0.999999225,0.000378882,-0.000001832,0.001170195
76,8.508000000,fused_map_f2f,1,1,0,0.007334628,0.009381589,1.000000000,1.000000000,0.100000000,0.010989011,0.010989011,0.036205392,0.002770083,1.000000000,0.000000000,0.000000000,0.000000000,0.000000000,0.000000000,0.968750000,0.615079963,0.827281985,1.000000000,0.922115385,0.735294118,0.678026018,1.014267534,3.732188702,0.037919354,0.750480771,0.999999046,0.000424957,-0.000008947,0.001311065
77,8.621000000,fused_map_f2f,1,1,0,0.005880065,0.011460662,1.000000000,1.000000000,0.100000000,0.010989011,0.010989011,0.036213672,0.002770083,1.000000000,0.000000000,0.000000000,0.000000000,0.000000000,0.000000000,0.968750000,0.635665642,0.835516257,1.000000000,0.922707633,0.742647059,0.685246110,1.014508204,3.824471712,0.037416633,0.750591755,0.999999046,0.000395002,-0.000001704,0.001298752
78,8.726000000,fused_map_f2f,1,1,0,0.008259891,0.009725045,1.000000000,1.000000000,0.100000000,0.010989011,0.010989011,0.036252663,0.002770083,1.000000000,0.000000000,0.000000000,0.000000000,0.000000000,0.000000000,0.968750000,0.497396465,0.780208586,1.000000000,0.923741007,0.778625954,0.719248723,1.015641624,3.908588648,0.037036758,0.750593007,0.999999166,0.000408076,0.000002981,0.001202315
79,8.812000000,fused_map_f2f,1,1,0,0.005602600,0.009129117,1.000000000,1.000000000,0.100000000,0.010989011,0.010989011,0.036223918,0.002770083,1.000000000,0.000000000,0.000000000,0.000000000,0.000000000,0.000000000,0.968750000,0.559758004,0.805153202,1.000000000,0.923261391,0.751879699,0.694181497,1.014806050,3.981159687,0.038047962,0.750424206,0.999999046,0.000474567,-0.000016436,0.001271727
80,8.918000000,fused_map_f2f,1,1,0,0.007236504,0.011335990,1.000000000,1.000000000,0.100000000,0.010989011,0.010989011,0.036251843,0.002770083,1.000000000,0.000000000,0.000000000,0.000000000,0.000000000,0.000000000,0.968750000,0.544793811,0.799167524,1.000000000,0.924844423,0.776923077,0.718532975,1.015617766,4.067109585,0.037876647,0.750364840,0.999999106,0.000466206,-0.000009602,0.001261341
81,9.016000000,fused_map_f2f,1,1,0,0.006638777,0.010097756,1.000000000,1.000000000,0.100000000,0.010989011,0.010989011,0.036200552,0.002770083,1.000000000,0.000000000,0.000000000,0.000000000,0.000000000,0.000000000,0.968750000,0.590243469,0.817347388,1.000000000,0.923113658,0.729927007,0.673805590,1.014126853,4.147879124,0.038339939,0.750403404,0.999999046,0.000509125,-0.000011739,0.001268798
82,9.098000000,fused_map_f2f,1,1,0,0.005694057,0.008536410,1.000000000,1.000000000,0.100000000,0.010989011,0.010989011,0.036227193,0.002770083,1.000000000,0.000000000,0.000000000,0.000000000,0.000000000,0.000000000,0.968750000,0.538703154,0.796731262,1.000000000,0.922744722,0.755395683,0.697037380,1.014901246,4.212728977,0.038576137,0.750287533,0.999999106,0.000468332,-0.000002238,0.001234850
83,9.205000000,fused_map_f2f,1,1,0,0.008499521,0.008950045,1.000000000,1.000000000,0.100000000,0.010989011,0.010989011,0.036223479,0.002770083,1.000000000,0.000000000,0.000000000,0.000000000,0.000000000,0.000000000,0.968750000,0.581099297,0.813689719,1.000000000,0.922818792,0.751824818,0.693798070,1.014793269,4.301841259,0.038704075,0.750017285,0.999999046,0.000558650,-0.000002387,0.001262370
84,9.326000000,fused_map_f2f,1,1,0,0.005540880,0.012094628,1.000000000,1.000000000,0.100000000,0.010989011,0.010989011,0.036221359,0.002770083,1.000000000,0.000000000,0.000000000,0.000000000,0.000000000,0.000000000,0.968750000,0.557563267,0.804275307,1.000000000,0.922599140,0.750000000,0.691949355,1.014731645,4.399211407,0.038967177,0.750231028,0.999999106,0.000525909,-0.000000431,0.001244058
85,9.397000000,fused_map_f2f,1,1,0,0.006647644,0.006521848,1.000000000,1.000000000,0.100000000,0.010989011,0.010989011,0.036218038,0.002770083,1.000000000,0.000000000,0.000000000,0.000000000,0.000000000,0.000000000,0.939393939,0.579921921,0.795605132,1.000000000,0.918738050,0.750000000,0.689053537,1.014635118,4.455801010,0.038916890,0.750272393,0.999999166,0.000503982,0.000010387,0.001158828
86,9.523000000,fused_map_f2f,1,1,0,0.006046793,0.012620293,1.000000000,1.000000000,0.100000000,0.010989011,0.010989011,0.036219302,0.002770083,1.000000000,0.000000000,0.000000000,0.000000000,0.000000000,0.000000000,0.939393939,0.542875373,0.780786513,1.000000000,0.924808429,0.746268657,0.690155544,1.014671851,4.562385559,0.038344592,0.750703275,0.999999106,0.000462816,-0.000003550,0.001241046
87,9.599000000,fused_map_f2f,1,1,0,0.005780695,0.008203849,1.000000000,1.000000000,0.100000000,0.010989011,0.010989011,0.036262111,0.002770083,1.000000000,0.000000000,0.000000000,0.000000000,0.000000000,0.000000000,0.939393939,0.546115390,0.782082520,1.000000000,0.925251557,0.786259542,0.727487866,1.015916262,4.622395515,0.038742267,0.750753403,0.999999106,0.000572962,-0.000025083,0.001221224
88,9.711000000,fused_map_f2f,1,1,0,0.007959970,0.009312007,1.000000000,1.000000000,0.100000000,0.010989011,0.010989011,0.036244967,0.002770083,1.000000000,0.000000000,0.000000000,0.000000000,0.000000000,0.000000000,0.969696970,0.485506535,0.776020796,1.000000000,0.929691211,0.766423358,0.712537060,1.015417902,4.714318752,0.038260732,0.750660598,0.999999166,0.000432551,-0.000019084,0.001177381
89,9.825000000,fused_map_f2f,1,1,0,0.005501138,0.011839253,1.000000000,1.000000000,0.100000000,0.010989011,0.010989011,0.036219040,0.002770083,1.000000000,0.000000000,0.000000000,0.000000000,0.000000000,0.000000000,0.939393939,0.614373028,0.809385575,1.000000000,0.926666667,0.744525547,0.689927007,1.014664234,4.807765961,0.038849480,0.750775337,0.999999166,0.000457895,-0.000027693,0.001194607
90,9.900000000,fused_map_f2f,1,1,0,0.007278807,0.008437803,1.000000000,1.000000000,0.100000000,0.010989011,0.010989011,0.036210862,0.002770083,1.000000000,0.000000000,0.000000000,0.000000000,0.000000000,0.000000000,0.939393939,0.583938019,0.797211571,1.000000000,0.925714286,0.737588652,0.682796353,1.014426545,4.867847919,0.038719233,0.750862539,0.999999166,0.000435953,-0.000022391,0.001181834
91,10.017000000,fused_map_f2f,1,1,0,0.005917121,0.010219697,1.000000000,1.000000000,0.100000000,0.010989011,0.010989011,0.036179870,0.002770083,1.000000000,0.000000000,0.000000000,0.000000000,0.000000000,0.000000000,0.969696970,0.509897693,0.785777259,1.000000000,0.928469242,0.706293706,0.655771982,1.013525733,4.964243412,0.038956799,0.750768363,0.999999166,0.000367679,-0.000029211,0.001206211
92,10.124000000,fused_map_f2f,1,1,0,0.006388376,0.010905016,1.000000000,1.000000000,0.100000000,0.010989011,0.010989011,0.036188018,0.002770083,1.000000000,0.000000000,0.000000000,0.000000000,0.000000000,0.000000000,0.969696970,0.523153137,0.791079437,1.000000000,0.928026692,0.714285714,0.662876209,1.013762540,5.049885750,0.037938099,0.750540555,0.999999285,0.000382542,-0.000036065,0.001145535
93,10.201000000,fused_map_f2f,1,1,0,0.007990449,0.008370200,1.000000000,1.000000000,0.100000000,0.010989011,0.010989011,0.036203968,0.002770083,1.000000000,0.000000000,0.000000000,0.000000000,0.000000000,0.000000000,0.969696970,0.566901745,0.808578880,1.000000000,0.924715909,0.731884058,0.676784832,1.014226161,5.111244202,0.038157322,0.750739217,0.999999285,0.000370557,-0.000030788,0.001140901
94,10.310000000,fused_map_f2f,1,1,0,0.005503668,0.009638506,1.000000000,1.000000000,0.100000000,0.010989011,0.010989011,0.036239680,0.002770083,1.000000000,0.000000000,0.000000000,0.000000000,0.000000000,0.000000000,0.969696970,0.575347979,0.811957373,1.000000000,0.925749643,0.764705882,0.707926198,1.015264207,5.200963974,0.039754204,0.750945330,0.999999225,0.000384941,-0.000014885,0.001183274
95,10.420000000,fused_map_f2f,1,1,0,0.008158635,0.011576153,1.000000000,1.000000000,0.100000000,0.010989011,0.010989011,0.036220897,0.002770083,1.000000000,0.000000000,0.000000000,0.000000000,0.000000000,0.000000000,0.969696970,0.546019005,0.800225784,1.000000000,0.924278277,0.748201439,0.691546337,1.014718211,5.289376259,0.039850462,0.750930309,0.999999225,0.000370748,-0.000007282,0.001186627
96,10.497000000,fused_map_f2f,1,1,0,0.006260588,0.007741696,1.000000000,1.000000000,0.100000000,0.010989011,0.010989011,0.036235491,0.002770083,1.000000000,0.000000000,0.000000000,0.000000000,0.000000000,0.000000000,0.969696970,0.588848591,0.817357618,1.000000000,0.923076923,0.762962963,0.704273504,1.015142450,5.354012489,0.040304199,0.751080096,0.999999166,0.000344060,-0.000019482,0.001259761
97,10.605000000,fused_map_f2f,1,1,0,0.005956122,0.009984556,1.000000000,1.000000000,0.100000000,0.010989011,0.010989011,0.036237883,0.002770083,1.000000000,0.000000000,0.000000000,0.000000000,0.000000000,0.000000000,0.941176471,0.541851323,0.781446412,1.000000000,0.927962085,0.761194030,0.706359199,1.015211973,5.437661171,0.038411845,0.750988245,0.999999344,0.000387594,-0.000035923,0.001048113
98,10.711000000,fused_map_f2f,1,1,0,0.007275483,0.011013069,1.000000000,1.000000000,0.100000000,0.010989011,0.010989011,0.036219467,0.002770083,1.000000000,0.000000000,0.000000000,0.000000000,0.000000000,0.000000000,0.941176471,0.539602542,0.780546899,1.000000000,0.922677982,0.748148148,0.690299824,1.014676661,5.525289536,0.039222434,0.751366913,0.999999285,0.000436659,-0.000026047,0.001096528
99,10.829000000,fused_map_f2f,1,1,0,0.005518119,0.013284746,1.000000000,1.000000000,0.100000000,0.010989011,0.010989011,0.036191373,0.002770083,1.000000000,0.000000000,0.000000000,0.000000000,0.000000000,0.000000000,0.941176471,0.761761772,0.869410591,1.000000000,0.922893860,0.721428571,0.665801999,1.013860067,5.622966290,0.039266795,0.751623929,0.999999285,0.000426793,-0.000024345,0.001084671
100,10.904000000,fused_map_f2f,1,1,0,0.007780873,0.008420972,1.000000000,1.000000000,0.100000000,0.010989011,0.010989011,0.036214608,0.002770083,1.000000000,0.000000000,0.000000000,0.000000000,0.000000000,0.000000000,0.970588235,0.574363640,0.812098397,1.000000000,0.921475875,0.744525547,0.686062330,1.014535411,5.682856083,0.039714493,0.751613677,0.999999285,0.000407570,-0.000025892,0.001099242
101,11.021000000,fused_map_f2f,1,1,0,0.005674861,0.010488443,1.000000000,1.000000000,0.100000000,0.010989011,0.010989011,0.036211653,0.002770083,1.000000000,0.000000000,0.000000000,0.000000000,0.000000000,0.000000000,0.970588235,0.582716986,0.815439736,1.000000000,0.924715909,0.739130435,0.683485672,1.014449522,5.782341480,0.040581819,0.751354694,0.999999225,0.000354161,-0.000019942,0.001185919
102,11.101000000,fused_map_f2f,1,1,0,0.006357509,0.008992510,1.000000000,1.000000000,0.100000000,0.010989011,0.010989011,0.036246891,0.002770083,1.000000000,0.000000000,0.000000000,0.000000000,0.000000000,0.000000000,0.970588235,0.603678778,0.823824453,1.000000000,0.922238028,0.774436090,0.714214412,1.015473814,5.846517563,0.040748008,0.751224756,0.999999225,0.000332592,-0.000019601,0.001187222
103,11.217000000,fused_map_f2f,1,1,0,0.006816528,0.009881833,1.000000000,1.000000000,0.100000000,0.010989011,0.010989011,0.036236216,0.002770083,1.000000000,0.000000000,0.000000000,0.000000000,0.000000000,0.000000000,0.970588235,0.661115578,0.846799172,1.000000000,0.917061611,0.768656716,0.704905567,1.015163519,5.945138931,0.043297339,0.750883043,0.999998987,0.000312012,-0.000014605,0.001371212
104,11.330000000,fused_map_f2f,1,1,0,0.006325005,0.011913830,1.000000000,1.000000000,0.100000000,0.010989011,0.010989011,0.036228398,0.002770083,1.000000000,0.000000000,0.000000000,0.000000000,0.000000000,0.000000000,0.970588235,0.537606854,0.797395683,1.000000000,0.921475875,0.757575758,0.698087784,1.014936259,6.036120415,0.043300897,0.751035690,0.999999046,0.000320991,-0.000021843,0.001342304
105,11.403000000,fused_map_f2f,1,1,0,0.008357129,0.006608049,1.000000000,1.000000000,0.100000000,0.010989011,0.010989011,0.036235705,0.002770083,1.000000000,0.000000000,0.000000000,0.000000000,0.000000000,0.000000000,0.970588235,0.575043916,0.812370508,1.000000000,0.920679887,0.765151515,0.704459610,1.015148654,6.095957756,0.042441171,0.751103222,0.999999106,0.000282872,-0.000022033,0.001305792
106,11.510000000,fused_map_f2f,1,1,0,0.005860717,0.011288519,1.000000000,1.000000000,0.100000000,0.010989011,0.010989011,0.036212675,0.002770083,1.000000000,0.000000000,0.000000000,0.000000000,0.000000000,0.000000000,0.942857143,0.564053469,0.791335673,1.000000000,0.919415646,0.744360902,0.684377060,1.014479235,6.186710835,0.043581732,0.751429081,0.999998987,0.000157644,-0.000024439,0.001411358
107,11.596000000,fused_map_f2f,1,1,0,0.006842810,0.008486102,1.000000000,1.000000000,0.100000000,0.010989011,0.010989011,0.036216874,0.002770083,1.000000000,0.000000000,0.000000000,0.000000000,0.000000000,0.000000000,0.942857143,0.670965327,0.834100417,1.000000000,0.924334423,0.744360902,0.688038405,1.014601280,6.255625248,0.043399185,0.751480341,0.999999046,0.000206262,-0.000018662,0.001363575
108,11.704000000,fused_map_f2f,1,1,0,0.006882440,0.011641877,1.000000000,1.000000000,0.100000000,0.010989011,0.010989011,0.036227421,0.002770083,1.000000000,0.000000000,0.000000000,0.000000000,0.000000000,0.000000000,0.942857143,0.547532952,0.784727466,1.000000000,0.922605002,0.755725191,0.697235841,1.014907861,6.345233440,0.044477988,0.751239777,0.999998868,0.000162583,-0.000043598,0.001502444
109,11.819000000,fused_map_f2f,1,1,0,0.006350045,0.011737414,1.000000000,1.000000000,0.100000000,0.010989011,0.010989011,0.036213739,0.002770083,1.000000000,0.000000000,0.000000000,0.000000000,0.000000000,0.000000000,0.971428571,0.636084366,0.837290889,1.000000000,0.922787194,0.742647059,0.685305196,1.014510173,6.436510563,0.043644536,0.751073182,0.999999046,0.000037683,-0.000013104,0.001393011
110,11.924000000,fused_map_f2f,1,1,0,0.007727563,0.010926399,1.000000000,1.000000000,0.100000000,0.010989011,0.010989011,0.036232013,0.002770083,1.000000000,0.000000000,0.000000000,0.000000000,0.000000000,0.000000000,0.971428571,0.612283970,0.827770731,1.000000000,0.921237693,0.761194030,0.701240632,1.015041354,6.526267052,0.046572458,0.750974238,0.999998808,-0.000007170,-0.000009923,0.001557578
111,12.002000000,fused_map_f2f,1,1,0,0.006049574,0.009102417,1.000000000,1.000000000,0.100000000,0.010989011,0.010989011,0.036240533,0.002770083,1.000000000,0.000000000,0.000000000,0.000000000,0.000000000,0.000000000,0.971428571,0.575710748,0.813141442,1.000000000,0.924050633,0.766917293,0.708670410,1.015289014,6.588620186,0.046341706,0.751095057,0.999998868,0.000005146,-0.000022949,0.001517555
112,12.124000000,fused_map_f2f,1,1,0,0.008399298,0.011469704,1.000000000,1.000000000,0.100000000,0.010989011,0.010989011,0.036236094,0.002770083,1.000000000,0.000000000,0.000000000,0.000000000,0.000000000,0.000000000,0.971428571,0.644543066,0.840674369,1.000000000,0.928101504,0.759398496,0.704798886,1.015159963,6.687084198,0.046040241,0.751112401,0.999998987,-0.000025823,-0.000005720,0.001431396
113,12.200000000,fused_map_f2f,1,1,0,0.006488851,0.009471259,1.000000000,1.000000000,0.100000000,0.010989011,0.010989011,0.036244896,0.002770083,1.000000000,0.000000000,0.000000000,0.000000000,0.000000000,0.000000000,0.944444444,0.632160826,0.819530997,1.000000000,0.922825070,0.772058824,0.712475238,1.015415841,6.751789093,0.043656874,0.751181185,0.999998987,-0.000211016,-0.000028899,0.001385657
114,12.314000000,fused_map_f2f,1,1,0,0.006236200,0.010879449,1.000000000,1.000000000,0.100000000,0.010989011,0.010989011,0.036236737,0.002770083,1.000000000,0.000000000,0.000000000,0.000000000,0.000000000,0.000000000,0.944444444,0.590241643,0.802763324,1.000000000,0.922393642,0.764705882,0.705359844,1.015178661,6.841911793,0.040791094,0.750574470,0.999999285,-0.000272347,-0.000026449,0.001158805
115,12.420000000,fused_map_f2f,1,1,0,0.007095312,0.010956049,1.000000000,1.000000000,0.100000000,0.010989011,0.010989011,0.036260311,0.002770083,1.000000000,0.000000000,0.000000000,0.000000000,0.000000000,0.000000000,0.972222222,0.589319791,0.819061250,1.000000000,0.928337237,0.781954887,0.725917839,1.015863928,6.927378654,0.041042887,0.750613451,0.999999285,-0.000232389,-0.000017660,0.001135758
116,12.529000000,fused_map_f2f,1,1,0,0.005575036,0.010308941,1.000000000,1.000000000,0.100000000,0.010989011,0.010989011,0.036257124,0.002770083,1.000000000,0.000000000,0.000000000,0.000000000,0.000000000,0.000000000,0.972222222,0.690728684,0.859624807,1.000000000,0.922862454,0.783582090,0.723138490,1.015771283,7.015546799,0.040857714,0.750745237,0.999999344,-0.000233234,-0.000001714,0.001087692
117,12.607000000,fused_map_f2f,1,1,0,0.007542358,0.009030613,1.000000000,1.000000000,0.100000000,0.010989011,0.010989011,0.036248216,0.002770083,1.000000000,0.000000000,0.000000000,0.000000000,0.000000000,0.000000000,0.972222222,0.562065799,0.808159653,1.000000000,0.917833800,0.779411765,0.715370462,1.015512349,7.079992294,0.039541453,0.750852525,0.999999404,-0.000218061,-0.000010397,0.001043630
118,12.715000000,fused_map_f2f,1,1,0,0.005684334,0.010892609,1.000000000,1.000000000,0.100000000,0.010989011,0.010989011,0.036267565,0.002770083,1.000000000,0.000000000,0.000000000,0.000000000,0.000000000,0.000000000,0.945945946,0.616736297,0.814262087,1.000000000,0.927509294,0.789473684,0.732244179,1.016074806,7.166850090,0.039704125,0.751016021,0.999999464,-0.000154151,0.000000728,0.000998322
119,12.796000000,fused_map_f2f,1,1,0,0.005655720,0.009616878,1.000000000,1.000000000,0.100000000,0.010989011,0.010989011,0.036231646,0.002770083,1.000000000,0.000000000,0.000000000,0.000000000,0.000000000,0.000000000,0.945945946,0.557768231,0.790674860,1.000000000,0.923327138,0.759124088,0.700919871,1.015030662,7.231521606,0.039313525,0.751006305,0.999999464,-0.000248271,-0.000003661,0.000957782
120,12.906000000,fused_map_f2f,1,1,0,0.007087189,0.010139707,1.000000000,1.000000000,0.100000000,0.010989011,0.010989011,0.036236343,0.002770083,1.000000000,0.000000000,0.000000000,0.000000000,0.000000000,0.000000000,0.972972973,0.601766473,0.824490373,1.000000000,0.924502084,0.762589928,0.705015978,1.015167199,7.322425365,0.039177652,0.751048923,0.999999523,-0.000313530,-0.000043341,0.000915794
121,13.019000000,fused_map_f2f,1,1,0,0.005298670,0.012094909,1.000000000,1.000000000,0.100000000,0.010989011,0.010989011,0.036245552,0.002770083,1.000000000,0.000000000,0.000000000,0.000000000,0.000000000,0.000000000,0.972972973,0.584463998,0.817569383,1.000000000,0.928307123,0.768115942,0.713047500,1.015434917,7.412969589,0.039139554,0.751039028,0.999999523,-0.000323220,-0.000027416,0.000883405
122,13.124000000,fused_map_f2f,1,1,0,0.007850150,0.009706184,1.000000000,1.000000000,0.100000000,0.010989011,0.010989011,0.036229401,0.002770083,1.000000000,0.000000000,0.000000000,0.000000000,0.000000000,0.000000000,0.972972973,0.615477164,0.829974649,1.000000000,0.929752066,0.751773050,0.698962546,1.014965418,7.498693466,0.039137837,0.750854254,0.999999583,-0.000292364,-0.000014309,0.000860466
123,13.228000000,fused_map_f2f,1,1,0,0.005388332,0.011882673,1.000000000,1.000000000,0.100000000,0.010989011,0.010989011,0.036202961,0.002770083,1.000000000,0.000000000,0.000000000,0.000000000,0.000000000,0.000000000,0.947368421,0.578981402,0.800013613,1.000000000,0.924588665,0.731034483,0.675906197,1.014196873,7.588651657,0.041269928,0.750914335,0.999999464,-0.000307533,-0.000040739,0.000973266
124,13.329000000,fused_map_f2f,1,1,0,0.007087682,0.011130440,1.000000000,1.000000000,0.100000000,0.010989011,0.010989011,0.036247840,0.002770083,1.000000000,0.000000000,0.000000000,0.000000000,0.000000000,0.000000000,1.000000000,0.647812860,0.859125144,1.000000000,0.926907264,0.771428571,0.715042746,1.015501425,7.670108318,0.041219119,0.750950456,0.999999523,-0.000316356,-0.000035532,0.000940389
125,13.403000000,fused_map_f2f,1,1,0,0.006786005,0.008553574,1.000000000,1.000000000,0.100000000,0.010989011,0.010989011,0.036273471,0.002770083,1.000000000,0.000000000,0.000000000,0.000000000,0.000000000,0.000000000,0.973684211,0.602529649,0.825222386,1.000000000,0.928571429,0.794117647,0.737394958,1.016246499,7.729480743,0.040852189,0.750841200,0.999999523,-0.000298655,-0.000029336,0.000898109
126,13.510000000,fused_map_f2f,1,1,0,0.005280230,0.010614863,1.000000000,1.000000000,0.100000000,0.010989011,0.010989011,0.036252624,0.002770083,1.000000000,0.000000000,0.000000000,0.000000000,0.000000000,0.000000000,0.947368421,0.629866771,0.820367761,1.000000000,0.930359581,0.773049645,0.719214144,1.015640471,7.815682411,0.038823340,0.750863433,0.999999583,-0.000433241,-0.000053316,0.000750715
127,13.622000000,fused_map_f2f,1,1,0,0.007671574,0.057257333,1.000000000,1.000000000,0.100000000,0.010989011,0.010989011,0.036190317,0.002770083,1.000000000,0.000000000,0.000000000,0.000000000,0.000000000,0.000000000,0.902439024,0.691446742,0.818042112,1.000000000,0.927173418,0.717105263,0.664880938,1.013829365,7.908605576,0.040439174,0.750315487,0.999999642,-0.000302121,-0.000035201,0.000817139
128,13.696000000,fused_map_f2f,1,1,0,0.005487221,0.011800475,1.000000000,1.000000000,0.100000000,0.010989011,0.010989011,0.036208585,0.002770083,1.000000000,0.000000000,0.000000000,0.000000000,0.000000000,0.000000000,0.880952381,0.643973664,0.786160894,1.000000000,0.928378378,0.733333333,0.680810811,1.014360360,7.965762138,0.036831100,0.750905037,0.999999702,-0.000448875,-0.000045819,0.000611875
129,13.806000000,fused_map_f2f,1,1,0,0.006026583,0.012130964,1.000000000,1.000000000,0.100000000,0.010989011,0.010989011,0.036185772,0.002770083,1.000000000,0.000000000,0.000000000,0.000000000,0.000000000,0.000000000,0.818181818,0.641773197,0.747618370,1.000000000,0.930180180,0.710526316,0.660917496,1.013697250,8.051115990,0.034698408,0.750659704,0.999999702,-0.000543188,-0.000057773,0.000501919
130,13.917000000,fused_map_f2f,1,1,0,0.006184413,0.012214948,1.000000000,1.000000000,0.100000000,0.010989011,0.010989011,0.036189880,0.002770083,1.000000000,0.000000000,0.000000000,0.000000000,0.000000000,0.000000000,0.863636364,0.826916920,0.848948586,1.000000000,0.926642664,0.717105263,0.664500332,1.013816678,8.139559746,0.034010991,0.750740409,0.999999762,-0.000563103,-0.000049133,0.000431418
131,14.023000000,fused_map_f2f,1,1,0,0.005301295,0.014062404,1.000000000,1.000000000,0.100000000,0.010989011,0.010989011,0.036198569,0.002770083,1.000000000,0.000000000,0.000000000,0.000000000,0.000000000,0.000000000,0.837209302,0.663396041,0.767683998,1.000000000,0.924876293,0.726666667,0.672076773,1.014069226,8.223172188,0.032812081,0.751095176,0.999999762,-0.000607175,-0.000046207,0.000353346
132,14.100000000,fused_map_f2f,1,1,0,0.007245177,0.010416137,1.000000000,1.000000000,0.100000000,0.010989011,0.010989011,0.036182050,0.002770083,1.000000000,0.000000000,0.000000000,0.000000000,0.000000000,0.000000000,0.822222222,0.632494996,0.746331332,1.000000000,0.926720286,0.709677419,0.657672461,1.013589082,8.284236908,0.032482620,0.751177549,0.999999762,-0.000551246,-0.000050765,0.000341141
133,14.205000000,fused_map_f2f,1,1,0,0.005322913,0.010691143,1.000000000,1.000000000,0.100000000,0.010989011,0.010989011,0.036198576,0.002770083,1.000000000,0.000000000,0.000000000,0.000000000,0.000000000,0.000000000,0.826086957,0.650919317,0.756019901,1.000000000,0.932438479,0.720779221,0.672082280,1.014069409,8.370366096,0.032261003,0.751303136,0.999999762,-0.000589768,-0.000046198,0.000325875
134,14.314000000,fused_map_f2f,1,1,0,0.006086116,0.012007123,1.000000000,1.000000000,0.100000000,0.010989011,0.010989011,0.036205522,0.002770083,1.000000000,0.000000000,0.000000000,0.000000000,0.000000000,0.000000000,0.826086957,0.539678256,0.711523476,1.000000000,0.930191196,0.729032258,0.678139388,1.014271313,8.456212997,0.031194787,0.751394153,0.999999762,-0.000625687,-0.000051678,0.000264385
135,14.425000000,fused_map_f2f,1,1,0,0.005934630,0.012561868,1.000000000,1.000000000,0.100000000,0.010989011,0.010989011,0.036205938,0.002770083,1.000000000,0.000000000,0.000000000,0.000000000,0.000000000,0.000000000,0.826086957,0.713805537,0.781174389,1.000000000,0.928476821,0.730769231,0.678502292,1.014283410,8.544605255,0.030936558,0.751621425,0.999999702,-0.000708818,-0.000076052,0.000220579
136,14.505000000,fused_map_f2f,1,1,0,0.004929147,0.010731331,1.000000000,1.000000000,0.100000000,0.010989011,0.010989011,0.036212169,0.002770083,1.000000000,0.000000000,0.000000000,0.000000000,0.000000000,0.000000000,0.847826087,0.642440986,0.765672047,1.000000000,0.931567329,0.734177215,0.683935507,1.014464517,8.606468201,0.030099444,0.751621962,0.999999762,-0.000664564,-0.000075524,0.000171376
137,14.610000000,fused_map_f2f,1,1,0,0.007380258,0.011943982,1.000000000,1.000000000,0.100000000,0.010989011,0.010989011,0.036175121,0.002770083,1.000000000,0.000000000,0.000000000,0.000000000,0.000000000,0.000000000,0.891304348,0.727157556,0.825645631,1.000000000,0.931718062,0.699386503,0.651631037,1.013387701,8.690981865,0.029088145,0.751336277,0.999999762,-0.000638831,-0.000076564,0.000112541
138,14.737000000,fused_map_f2f,1,1,0,0.004875763,0.014644823,1.000000000,1.000000000,0.100000000,0.010989011,0.010989011,0.036184811,0.002770083,1.000000000,0.000000000,0.000000000,0.000000000,0.000000000,0.000000000,0.891304348,0.864757196,0.880685487,1.000000000,0.932218310,0.708074534,0.660080045,1.013669335,8.789669037,0.027174886,0.751047969,0.999999821,-0.000605744,-0.000080043,-0.000005863
139,14.815000000,fused_map_f2f,1,1,0,0.005735943,0.010960728,1.000000000,1.000000000,0.100000000,0.010989011,0.010989011,0.036179438,0.002770083,1.000000000,0.000000000,0.000000000,0.000000000,0.000000000,0.000000000,0.872340426,0.937671574,0.898472885,1.000000000,0.931351115,0.703703704,0.655395229,1.013513174,8.850337029,0.026864180,0.751179159,0.999999821,-0.000600923,-0.000077681,-0.000016839
140,14.896000000,fused_map_f2f,1,1,0,0.007104015,0.010687478,1.000000000,1.000000000,0.100000000,0.010989011,0.010989011,0.036186653,0.002770083,1.000000000,0.000000000,0.000000000,0.000000000,0.000000000,0.000000000,0.893617021,0.697642231,0.815227105,1.000000000,0.932114883,0.709876543,0.661686491,1.013722883,8.913574219,0.025560927,0.751734674,0.999999762,-0.000681390,-0.000098898,-0.000084192
141,15.005000000,fused_map_f2f,1,1,0,0.005474112,0.009972446,1.000000000,1.000000000,0.100000000,0.010989011,0.010989011,0.036181231,0.002770083,1.000000000,0.000000000,0.000000000,0.000000000,0.000000000,0.000000000,0.893617021,0.680506936,0.808372987,1.000000000,0.935329861,0.702380952,0.656957879,1.013565263,8.997237206,0.025091389,0.751409411,0.999999762,-0.000652559,-0.000085395,-0.000135616
142,15.111000000,fused_map_f2f,1,1,0,0.007934590,0.013608691,1.000000000,1.000000000,0.100000000,0.010989011,0.010989011,0.036176726,0.002770083,1.000000000,0.000000000,0.000000000,0.000000000,0.000000000,0.000000000,0.875000000,0.894857648,0.882943059,1.000000000,0.932900433,0.700000000,0.653030303,1.013434343,9.080287933,0.024253178,0.751498520,0.999999702,-0.000701914,-0.000082163,-0.000155499
143,15.198000000,fused_map_f2f,1,1,0,0.007004554,0.011156110,1.000000000,1.000000000,0.100000000,0.010989011,0.010989011,0.036167976,0.002770083,1.000000000,0.000000000,0.000000000,0.000000000,0.000000000,0.000000000,0.937500000,1.000000000,0.962500000,1.000000000,0.935831180,0.689655172,0.645400814,1.013180027,9.148925781,0.024457484,0.751240969,0.999999702,-0.000735733,-0.000102323,-0.000124827
144,15.300000000,fused_map_f2f,1,1,0,0.006951163,0.011884668,1.000000000,1.000000000,0.100000000,0.010989011,0.010989011,0.036209240,0.002770083,1.000000000,0.000000000,0.000000000,0.000000000,0.000000000,0.000000000,0.914893617,0.821260597,0.877440409,1.000000000,0.937580715,0.726744186,0.681381333,1.014379378,9.223861694,0.022514092,0.751791537,0.999999642,-0.000770466,-0.000118829,-0.000261951
145,15.416000000,fused_map_f2f,1,1,0,0.009398203,0.014544098,1.000000000,1.000000000,0.100000000,0.010989011,0.010989011,0.036193619,0.002770083,1.000000000,0.000000000,0.000000000,0.000000000,0.000000000,0.000000000,0.897959184,0.943917735,0.916342604,1.000000000,0.937017995,0.712643678,0.667759950,1.013925332,9.311940193,0.020631839,0.751503706,0.999999583,-0.000802124,-0.000105986,-0.000336435
146,15.524000000,fused_map_f2f,1,1,0,0.007794136,0.013260761,1.000000000,1.000000000,0.100000000,0.010989011,0.010989011,0.036188804,0.002770083,1.000000000,0.000000000,0.000000000,0.000000000,0.000000000,0.000000000,0.937500000,0.815882329,0.888852932,1.000000000,0.932145886,0.711864407,0.663561478,1.013785383,9.396239281,0.022158239,0.751621187,0.999999642,-0.000738692,-0.000110521,-0.000288094
147,15.598000000,fused_map_f2f,1,1,0,0.009659982,0.010854118,1.000000000,1.000000000,0.100000000,0.010989011,0.010989011,0.036220148,0.002770083,1.000000000,0.000000000,0.000000000,0.000000000,0.000000000,0.000000000,0.875000000,0.724496155,0.814798462,1.000000000,0.933786078,0.739884393,0.690893746,1.014696458,9.451548576,0.019732604,0.751380742,0.999999583,-0.000802725,-0.000102061,-0.000383997
148,15.703000000,fused_map_f2f,1,1,0,0.011184787,0.012410534,1.000000000,1.000000000,0.100000000,0.010989011,0.010989011,0.036215789,0.002770083,1.000000000,0.000000000,0.000000000,0.000000000,0.000000000,0.000000000,0.877551020,0.740295776,0.822648922,1.000000000,0.936944562,0.733333333,0.687092679,1.014569756,9.536793709,0.022350583,0.752023160,0.999999583,-0.000852718,-0.000100448,-0.000229887
149,15.810000000,fused_map_f2f,1,1,0,0.010867066,0.012700153,1.000000000,1.000000000,0.100000000,0.010989011,0.010989011,0.036235330,0.002770083,1.000000000,0.000000000,0.000000000,0.000000000,0.000000000,0.000000000,0.918367347,0.713065122,0.836246457,1.000000000,0.938844369,0.750000000,0.704133277,1.015137776,9.616512299,0.020836031,0.752105296,0.999999523,-0.000904675,-0.000117765,-0.000334090
150,15.925000000,fused_map_f2f,1,1,0,0.014959574,0.014378780,1.000000000,1.000000000,0.100000000,0.010989011,0.010989011,0.036238895,0.002770083,1.000000000,0.000000000,0.000000000,0.000000000,0.000000000,0.000000000,0.897959184,0.616583487,0.785408905,1.000000000,0.937630808,0.754285714,0.707241524,1.015241384,9.703260422,0.018810213,0.752113640,0.999999523,-0.000903685,-0.000116449,-0.000400439
151,16.000000000,fused_map_f2f,1,1,0,0.013230837,0.010768558,1.000000000,1.000000000,0.100000000,0.010989011,0.010989011,0.036246578,0.002770083,1.000000000,0.000000000,0.000000000,0.000000000,0.000000000,0.000000000,0.918367347,0.584682231,0.784893300,1.000000000,0.939673230,0.759776536,0.713941672,1.015464722,9.759571075,0.018806562,0.752136052,0.999999523,-0.000880795,-0.000118964,-0.000402486
152,16.111000000,fused_map_f2f,1,1,0,0.014891295,0.012355184,1.000000000,1.000000000,0.100000000,0.010989011,0.010989011,0.036210067,0.002770083,1.000000000,0.000000000,0.000000000,0.000000000,0.000000000,0.000000000,0.918367347,0.548643967,0.770477995,1.000000000,0.937890788,0.727272727,0.682102391,1.014403413,9.843795776,0.017840840,0.752638280,0.999999404,-0.000955064,-0.000134971,-0.000425062
153,16.202000000,fused_map_f2f,1,1,0,0.016761625,0.011085008,1.000000000,1.000000000,0.100000000,0.010989011,0.010989011,0.036224733,0.002770083,1.000000000,0.000000000,0.000000000,0.000000000,0.000000000,0.000000000,0.918367347,0.626239073,0.801516037,1.000000000,0.938622129,0.740331492,0.694891521,1.014829717,9.912358284,0.018276772,0.752600253,0.999999464,-0.000968492,-0.000136234,-0.000418162
154,16.309000000,fused_map_f2f,1,1,0,0.015758562,0.014201508,1.000000000,1.000000000,0.100000000,0.010989011,0.010989011,0.036238044,0.002770083,1.000000000,0.000000000,0.000000000,0.000000000,0.000000000,0.000000000,0.918367347,0.670707257,0.819303311,1.000000000,0.940267335,0.751381215,0.706499213,1.015216640,9.992348671,0.017799089,0.752820969,0.999999404,-0.000997297,-0.000140553,-0.000453244
155,16.411000000,fused_map_f2f,1,1,0,0.018015882,0.013236509,1.000000000,1.000000000,0.100000000,0.010989011,0.010989011,0.036240700,0.002770083,1.000000000,0.000000000,0.000000000,0.000000000,0.000000000,0.000000000,0.897959184,0.728775739,0.830285806,1.000000000,0.941639073,0.752747253,0.708816225,1.015293874,10.067785263,0.017163431,0.752763391,0.999999344,-0.001017910,-0.000128771,-0.000472327
156,16.499000000,fused_map_f2f,1,1,0,0.019453891,0.012104382,1.000000000,1.000000000,0.100000000,0.010989011,0.010989011,0.036240396,0.002770083,1.000000000,0.000000000,0.000000000,0.000000000,0.000000000,0.000000000,0.897959184,0.625886990,0.789130306,1.000000000,0.943035343,0.751351351,0.708550879,1.015285029,10.137989044,0.018074688,0.752371609,0.999999404,-0.001011981,-0.000116418,-0.000417455
157,16.628000000,fused_map_f2f,1,1,0,0.018651553,0.015068308,1.000000000,1.000000000,0.100000000,0.010989011,0.010989011,0.036254111,0.002770083,1.000000000,0.000000000,0.000000000,0.000000000,0.000000000,0.000000000,0.938775510,0.767882320,0.870418234,1.000000000,0.946957237,0.760869565,0.720510941,1.015683698,10.233122826,0.017745450,0.752745271,0.999999344,-0.001064783,-0.000137552,-0.000412319
158,16.699000000,fused_map_f2f,1,1,0,0.021349413,0.010843013,1.000000000,1.000000000,0.100000000,0.010989011,0.010989011,0.036261653,0.002770083,1.000000000,0.000000000,0.000000000,0.000000000,0.000000000,0.000000000,0.877551020,0.693998927,0.804130183,1.000000000,0.943667763,0.770491803,0.727088277,1.015902943,10.285871506,0.017774066,0.752554357,0.999999344,-0.001081030,-0.000123767,-0.000398612
159,16.815000000,fused_map_f2f,1,1,0,0.019358821,0.014472474,1.000000000,1.000000000,0.100000000,0.010989011,0.010989011,0.036233064,0.002770083,1.000000000,0.000000000,0.000000000,0.000000000,0.000000000,0.000000000,0.897959184,0.627039881,0.789591462,1.000000000,0.944628099,0.743315508,0.702156715,1.015071891,10.376409531,0.018944347,0.753114283,0.999999344,-0.001077083,-0.000146351,-0.000363268
160,16.916000000,fused_map_f2f,1,1,0,0.020852379,0.012433259,1.000000000,1.000000000,0.100000000,0.010989011,0.010989011,0.036257244,0.002770083,1.000000000,0.000000000,0.000000000,0.000000000,0.000000000,0.000000000,0.938775510,0.753649765,0.864725212,1.000000000,0.947346939,0.763440860,0.723243362,1.015774779,10.451570511,0.018658007,0.752443969,0.999999344,-0.001080483,-0.000161687,-0.000338422
161,17.006000000,fused_map_f2f,1,1,0,0.021648710,0.013239537,1.000000000,1.000000000,0.100000000,0.010989011,0.010989011,0.036267005,0.002770083,1.000000000,0.000000000,0.000000000,0.000000000,0.000000000,0.000000000,0.895833333,0.740658816,0.833763526,1.000000000,0.948190789,0.771739130,0.731755935,1.016058531,10.517032623,0.018258564,0.752389014,0.999999344,-0.001089880,-0.000160449,-0.000369572
162,17.111000000,fused_map_f2f,1,1,0,0.019346574,0.013169086,1.000000000,1.000000000,0.100000000,0.010989011,0.010989011,0.036277520,0.002770083,1.000000000,0.000000000,0.000000000,0.000000000,0.000000000,0.000000000,0.897959184,0.828083571,0.870008938,1.000000000,0.950430152,0.779569892,0.740926731,1.016364224,10.594941139,0.018015919,0.753106594,0.999999285,-0.001124977,-0.000179976,-0.000400216
163,17.220000000,fused_map_f2f,1,1,0,0.022096092,0.015767376,1.000000000,1.000000000,0.100000000,0.010989011,0.010989011,0.036307542,0.002770083,1.000000000,0.000000000,0.000000000,0.000000000,0.000000000,0.000000000,0.937500000,0.695330383,0.840632153,1.000000000,0.947303922,0.809782609,0.767110241,1.017237008,10.673912048,0.017632404,0.753142953,0.999999285,-0.001086349,-0.000184875,-0.000413135
164,17.395000000,fused_map_f2f,1,1,0,0.021626824,0.018427866,1.000000000,1.000000000,0.100000000,0.010989011,0.010989011,0.036324106,0.002770083,1.000000000,0.000000000,0.000000000,0.000000000,0.000000000,0.000000000,0.978723404,0.780504314,0.899435768,1.000000000,0.948289902,0.824175824,0.781557612,1.017718587,10.802329063,0.017413188,0.753101349,0.999999285,-0.001107241,-0.000164492,-0.000419548
165,17.431000000,fused_map_f2f,1,1,0,0.021696271,0.009808382,1.000000000,1.000000000,0.100000000,0.010989011,0.010989011,0.036302556,0.002770083,1.000000000,0.000000000,0.000000000,0.000000000,0.000000000,0.000000000,0.957446809,0.937876649,0.949618745,1.000000000,0.945824847,0.806451613,0.762761974,1.017092066,10.828326225,0.017802097,0.753182113,0.999999225,-0.001125750,-0.000170567,-0.000407485
166,17.501000000,fused_map_f2f,1,1,0,0.022740121,0.011734994,1.000000000,1.000000000,0.100000000,0.010989011,0.010989011,0.036329285,0.002770083,1.000000000,0.000000000,0.000000000,0.000000000,0.000000000,0.000000000,0.958333333,0.831389566,0.907555826,1.000000000,0.945344130,0.831521739,0.786074195,1.017869140,10.885354996,0.019581780,0.754117489,0.999999225,-0.001153996,-0.000231682,-0.000344945
167,17.608000000,fused_map_f2f,1,1,0,0.022279516,0.013780493,1.000000000,1.000000000,0.100000000,0.010989011,0.010989011,0.036324406,0.002770083,1.000000000,0.000000000,0.000000000,0.000000000,0.000000000,0.000000000,0.957446809,0.652093536,0.835305499,1.000000000,0.949351702,0.823529412,0.781819049,1.017727302,10.964949608,0.019245576,0.754396498,0.999999285,-0.001140597,-0.000232692,-0.000354472
168,17.718000000,fused_map_f2f,1,1,0,0.021784789,0.014221186,1.000000000,1.000000000,0.100000000,0.010989011,0.010989011,0.036346122,0.002770083,1.000000000,0.000000000,0.000000000,0.000000000,0.000000000,0.000000000,0.914893617,0.917693332,0.916013503,1.000000000,0.943571141,0.848648649,0.800760373,1.018358679,11.044089317,0.018910829,0.754310846,0.999999225,-0.001175219,-0.000225783,-0.000371948
169,17.822000000,fused_map_f2f,1,1,0,0.022958924,0.013151691,1.000000000,1.000000000,0.100000000,0.010989011,0.010989011,0.036351220,0.002770083,1.000000000,0.000000000,0.000000000,0.000000000,0.000000000,0.000000000,0.914893617,0.785974196,0.863325849,1.000000000,0.948810963,0.848648649,0.805207142,1.018506905,11.118385315,0.017663062,0.754442096,0.999999166,-0.001192755,-0.000242180,-0.000413126
170,17.921000000,fused_map_f2f,1,1,0,0.022072866,0.013330024,1.000000000,1.000000000,0.100000000,0.010989011,0.010989011,0.036346665,0.002770083,1.000000000,0.000000000,0.000000000,0.000000000,0.000000000,0.000000000,0.957446809,0.751108773,0.874911594,1.000000000,0.946457327,0.846560847,0.801233716,1.018374457,11.188622475,0.017138856,0.754489601,0.999999166,-0.001188440,-0.000233382,-0.000441692
171,18.027000000,fused_map_f2f,1,1,0,0.023143959,0.012976851,1.000000000,1.000000000,0.100000000,0.010989011,0.010989011,0.036355280,0.002770083,1.000000000,0.000000000,0.000000000,0.000000000,0.000000000,0.000000000,0.957446809,0.877524747,0.925477984,1.000000000,0.944377267,0.856382979,0.808748617,1.018624954,11.263883591,0.016693799,0.754655838,0.999999106,-0.001217190,-0.000232648,-0.000454432
172,18.099000000,fused_map_f2f,1,1,0,0.024316059,0.012165274,1.000000000,1.000000000,0.100000000,0.010989011,0.010989011,0.036370449,0.002770083,1.000000000,0.000000000,0.000000000,0.000000000,0.000000000,0.000000000,0.936170213,0.908279214,0.925013813,1.000000000,0.949617090,0.865591398,0.821980384,1.019066013,11.319044113,0.017252123,0.755446434,0.999999166,-0.001183580,-0.000273088,-0.000452730
173,18.204000000,fused_map_f2f,1,1,0,0.021537887,0.014169919,1.000000000,1.000000000,0.100000000,0.010989011,0.010989011,0.036373753,0.002770083,1.000000000,0.000000000,0.000000000,0.000000000,0.000000000,0.000000000,0.916666667,1.000000000,0.950000000,1.000000000,0.946314103,0.871657754,0.824862025,1.019162068,11.393619537,0.017310023,0.755517364,0.999999166,-0.001189345,-0.000272351,-0.000461331
174,18.304000000,fused_map_f2f,1,1,0,0.022468688,0.013131083,1.000000000,1.000000000,0.100000000,0.010989011,0.010989011,0.036343088,0.002770083,1.000000000,0.000000000,0.000000000,0.000000000,0.000000000,0.000000000,0.877551020,1.000000000,0.926530612,1.000000000,0.951787867,0.838541667,0.798113784,1.018270459,11.463638306,0.016984230,0.755619943,0.999999225,-0.001195091,-0.000274976,-0.000115089
175,18.421000000,fused_map_f2f,1,1,0,0.023338159,0.013791348,1.000000000,1.000000000,0.100000000,0.010989011,0.010989011,0.036368486,0.002770083,1.000000000,0.000000000,0.000000000,0.000000000,0.000000000,0.000000000,0.895833333,0.974517757,0.927307103,1.000000000,0.949240608,0.864130435,0.820267699,1.019008923,11.544619560,0.017872704,0.756624937,0.999996483,-0.001243514,-0.000313715,0.002331000
176,18.525000000,fused_map_f2f,1,1,0,0.025452006,0.016866544,1.000000000,1.000000000,0.100000000,0.010989011,0.010989011,0.036365601,0.002770083,1.000000000,0.000000000,0.000000000,0.000000000,0.000000000,0.000000000,0.895833333,0.632495497,0.790498199,1.000000000,0.951471758,0.859459459,0.817751403,1.018925047,11.612031937,0.016437454,0.756538868,0.999977410,-0.001244896,-0.000316708,0.006594032
177,18.619000000,fused_map_f2f,1,1,0,0.024516562,0.015561808,1.000000000,1.000000000,0.100000000,0.010989011,0.010989011,0.036329778,0.002770083,1.000000000,0.000000000,0.000000000,0.000000000,0.000000000,0.000000000,0.875000000,1.000000000,0.925000000,1.000000000,0.950774117,0.827225131,0.786504243,1.017883475,11.668734550,0.015404353,0.756548107,0.999930441,-0.001259002,-0.000308503,0.011723456
178,18.701000000,fused_map_f2f,1,1,0,0.024329009,0.014900790,1.000000000,1.000000000,0.100000000,0.010989011,0.010989011,0.036329346,0.002770083,1.000000000,0.000000000,0.000000000,0.000000000,0.000000000,0.000000000,0.795918367,1.000000000,0.877551020,1.000000000,0.949286846,0.828125000,0.786128170,1.017870939,11.715927124,0.015870575,0.756509781,0.999853492,-0.001210962,-0.000287786,0.017071597
179,18.808000000,fused_map_f2f,1,1,0,0.026206071,0.015270359,1.000000000,1.000000000,0.100000000,0.010989011,0.010989011,0.036338684,0.002770083,1.000000000,0.000000000,0.000000000,0.000000000,0.000000000,0.000000000,0.875000000,1.000000000,0.925000000,1.000000000,0.951104101,0.835106383,0.794273106,1.018142437,11.778885841,0.017027725,0.756681561,0.999684274,-0.001258236,-0.000289685,0.025093609
180,18.915000000,fused_map_f2f,1,1,0,0.023732931,0.014852684,1.000000000,1.000000000,0.100000000,0.010989011,0.010989011,0.036357463,0.002770083,1.000000000,0.000000000,0.000000000,0.000000000,0.000000000,0.000000000,0.816326531,0.933759446,0.863299697,1.000000000,0.954312722,0.849462366,0.810652742,1.018688425,11.838006973,0.017494580,0.756816089,0.999419570,-0.001250367,-0.000287164,0.034042243
181,19.019000000,fused_map_f2f,1,1,0,0.024997208,0.013805685,1.000000000,1.000000000,0.100000000,0.010989011,0.010989011,0.036361934,0.002770083,1.000000000,0.000000000,0.000000000,0.000000000,0.000000000,0.000000000,0.795918367,1.000000000,0.877551020,1.000000000,0.954635108,0.853260870,0.814552783,1.018818426,11.893750191,0.017667664,0.756873965,0.999056637,-0.001242449,-0.000288715,0.043407347
182,19.121000000,fused_map_f2f,1,1,0,0.025792587,0.013123489,1.000000000,1.000000000,0.100000000,0.010989011,0.010989011,0.036368752,0.002770083,1.000000000,0.000000000,0.000000000,0.000000000,0.000000000,0.000000000,0.836734694,1.000000000,0.902040816,1.000000000,0.951152794,0.862637363,0.820499938,1.019016665,11.945599556,0.015348008,0.757288098,0.998580456,-0.001254938,-0.000299799,0.053248022
183,19.223000000,fused_map_f2f,1,1,0,0.025891901,0.015037572,1.000000000,1.000000000,0.100000000,0.010989011,0.010989011,0.036346736,0.002770083,1.000000000,0.000000000,0.000000000,0.000000000,0.000000000,0.000000000,0.857142857,1.000000000,0.914285714,1.000000000,0.950254602,0.843243243,0.801295773,1.018376526,11.999469757,0.019703388,0.758079350,0.997959197,-0.001311012,-0.000289561,0.063841142
184,19.327000000,fused_map_f2f,1,1,0,0.025626051,0.013149710,1.000000000,1.000000000,0.100000000,0.010989011,0.010989011,0.036347190,0.002770083,1.000000000,0.000000000,0.000000000,0.000000000,0.000000000,0.000000000,0.854166667,1.000000000,0.912500000,1.000000000,0.954881369,0.839572193,0.801691845,1.018389728,12.051818848,0.020975560,0.758203804,0.997171938,-0.001345188,-0.000277674,0.075141333
185,19.401000000,fused_map_f2f,1,1,0,0.025749499,0.012298570,1.000000000,1.000000000,0.100000000,0.010989011,0.010989011,0.036362995,0.002770083,1.000000000,0.000000000,0.000000000,0.000000000,0.000000000,0.000000000,0.854166667,1.000000000,0.912500000,1.000000000,0.950525906,0.857923497,0.815478509,1.018849284,12.088131905,0.025186736,0.758413792,0.996504724,-0.001263153,-0.000266318,0.083526857
186,19.518000000,fused_map_f2f,1,1,0,0.025652336,0.013230222,1.000000000,1.000000000,0.100000000,0.010989011,0.010989011,0.036375153,0.002770083,1.000000000,0.000000000,0.000000000,0.000000000,0.000000000,0.000000000,0.877551020,1.000000000,0.926530612,1.000000000,0.953173375,0.866666667,0.826083591,1.019202786,12.145179749,0.027341532,0.759231925,0.995278060,-0.001385105,-0.000262148,0.097054556
187,19.622000000,fused_map_f2f,1,1,0,0.025887351,0.012718443,1.000000000,1.000000000,0.100000000,0.010989011,0.010989011,0.036371074,0.002770083,1.000000000,0.000000000,0.000000000,0.000000000,0.000000000,0.000000000,0.857142857,1.000000000,0.914285714,1.000000000,0.949884348,0.865921788,0.822525553,1.019084185,12.196389198,0.032246530,0.758316994,0.994022906,-0.001261639,-0.000244107,0.109164022
188,19.711000000,fused_map_f2f,1,1,0,0.025205616,0.014198336,1.000000000,1.000000000,0.100000000,0.010989011,0.010989011,0.036365462,0.002770083,1.000000000,0.000000000,0.000000000,0.000000000,0.000000000,0.000000000,0.857142857,1.000000000,0.914285714,1.000000000,0.950362734,0.860335196,0.817630508,1.018921017,12.237446785,0.037137095,0.759081423,0.992826641,-0.001316901,-0.000240111,0.119555242
189,19.812000000,fused_map_f2f,1,1,0,0.025849914,0.012798586,1.000000000,1.000000000,0.100000000,0.010989011,0.010989011,0.036397944,0.002770083,1.000000000,0.000000000,0.000000000,0.000000000,0.000000000,0.000000000,0.875000000,1.000000000,0.925000000,1.000000000,0.948342328,0.892045455,0.845964463,1.019865482,12.285541534,0.045681141,0.757845879,0.991338730,-0.001246155,-0.000195863,0.131324008
190,19.919000000,fused_map_f2f,1,1,0,0.026065711,0.012526251,1.000000000,1.000000000,0.100000000,0.010989011,0.010989011,0.036383029,0.002770083,1.000000000,0.000000000,0.000000000,0.000000000,0.000000000,0.000000000,0.895833333,1.000000000,0.937500000,1.000000000,0.949673454,0.877094972,0.832953811,1.019431794,12.334675789,0.053935893,0.758606076,0.989620388,-0.001294614,-0.000190324,0.143700078
191,20.004000000,fused_map_f2f,1,1,0,0.026713434,0.012893455,1.000000000,1.000000000,0.100000000,0.010989011,0.010989011,0.036396016,0.002770083,1.000000000,0.000000000,0.000000000,0.000000000,0.000000000,0.000000000,0.895833333,1.000000000,0.937500000,1.000000000,0.951834862,0.887005650,0.844282901,1.019809430,12.373126030,0.060442477,0.758720160,0.988167822,-0.001314091,-0.000154917,0.153370723
192,20.111000000,fused_map_f2f,1,1,0,0.027474136,0.013493874,1.000000000,1.000000000,0.100000000,0.010989011,0.010989011,0.036396530,0.002770083,1.000000000,0.000000000,0.000000000,0.000000000,0.000000000,0.000000000,0.895833333,1.000000000,0.937500000,1.000000000,0.953728489,0.885714286,0.844730948,1.019824365,12.420097351,0.070311613,0.758582950,0.986225426,-0.001352659,-0.000178659,0.165401131
193,20.220000000,fused_map_f2f,1,1,0,0.027449453,0.014775825,1.000000000,1.000000000,0.100000000,0.010989011,0.010989011,0.036361731,0.002770083,1.000000000,0.000000000,0.000000000,0.000000000,0.000000000,0.000000000,0.875000000,1.000000000,0.925000000,1.000000000,0.946579554,0.860335196,0.814375706,1.018812524,12.468241692,0.080778413,0.758999348,0.984116673,-0.001403411,-0.000165052,0.177517265
194,20.312000000,fused_map_f2f,1,1,0,0.026051602,0.013641039,1.000000000,1.000000000,0.100000000,0.010989011,0.010989011,0.036361676,0.002770083,1.000000000,0.000000000,0.000000000,0.000000000,0.000000000,0.000000000,0.854166667,1.000000000,0.912500000,1.000000000,0.946524064,0.860335196,0.814327966,1.018810932,12.508249283,0.090753958,0.759181738,0.982250035,-0.001437401,-0.000161186,0.187570870
195,20.416000000,fused_map_f2f,1,1,0,0.026768585,0.014369627,1.000000000,1.000000000,0.100000000,0.010989011,0.010989011,0.036367060,0.002770083,1.000000000,0.000000000,0.000000000,0.000000000,0.000000000,0.000000000,0.916666667,1.000000000,0.950000000,1.000000000,0.952851711,0.859550562,0.819024224,1.018967474,12.555472374,0.106534801,0.758966982,0.980052233,-0.001326643,-0.000162999,0.198735654
196,20.527000000,fused_map_f2f,1,1,0,0.026803885,0.013070739,1.000000000,1.000000000,0.100000000,0.010989011,0.010989011,0.036364386,0.002770083,1.000000000,0.000000000,0.000000000,0.000000000,0.000000000,0.000000000,0.895833333,1.000000000,0.937500000,1.000000000,0.956388676,0.853932584,0.816691454,1.018889715,12.602342606,0.122518174,0.758662224,0.977591217,-0.001292272,-0.000142971,0.210508332
197,20.612000000,fused_map_f2f,1,1,0,0.026938935,0.012934813,1.000000000,1.000000000,0.100000000,0.010989011,0.010989011,0.036366543,0.002770083,1.000000000,0.000000000,0.000000000,0.000000000,0.000000000,0.000000000,0.857142857,1.000000000,0.914285714,1.000000000,0.956773447,0.855555556,0.818572838,1.018952428,12.635010719,0.131135419,0.758753836,0.975698352,-0.001359611,-0.000115196,0.219113797
198,20.724000000,fused_map_f2f,1,1,0,0.028030986,0.014880820,1.000000000,1.000000000,0.100000000,0.010989011,0.010989011,0.036380829,0.002770083,1.000000000,0.000000000,0.000000000,0.000000000,0.000000000,0.000000000,0.875000000,1.000000000,0.925000000,1.000000000,0.955150133,0.870056497,0.831034579,1.019367819,12.681447029,0.148851559,0.758850336,0.973096192,-0.001398837,-0.000101434,0.230395064
199,20.810000000,fused_map_f2f,1,1,0,0.028688412,0.012893087,1.000000000,1.000000000,0.100000000,0.010989011,0.010989011,0.036366494,0.002770083,1.000000000,0.000000000,0.000000000,0.000000000,0.000000000,0.000000000,0.895833333,1.000000000,0.937500000,1.000000000,0.955832390,0.856353591,0.818530499,1.018951017,12.714885712,0.161120027,0.759639084,0.971089900,-0.001396469,-0.000122610,0.238709971
200,20.921000000,fused_map_f2f,1,1,0,0.026835572,0.015211390,1.000000000,1.000000000,0.100000000,0.010989011,0.010989011,0.036377918,0.002770083,1.000000000,0.000000000,0.000000000,0.000000000,0.000000000,0.000000000,0.854166667,1.000000000,0.912500000,1.000000000,0.950645406,0.871508380,0.828495438,1.019283181,12.759825706,0.181011811,0.759252012,0.968389213,-0.001372407,-0.000114374,0.249440327
201,20.997000000,fused_map_f2f,1,1,0,0.028051577,0.012561172,1.000000000,1.000000000,0.100000000,0.010989011,0.010989011,0.036375963,0.002770083,1.000000000,0.000000000,0.000000000,0.000000000,0.000000000,0.000000000,0.877551020,1.000000000,0.926530612,1.000000000,0.953178531,0.867403315,0.826790217,1.019226341,12.788580894,0.193185762,0.759202123,0.966556609,-0.001370215,-0.000043410,0.256449699
202,21.116000000,fused_map_f2f,1,1,0,0.027186955,0.014537260,1.000000000,1.000000000,0.100000000,0.010989011,0.010989011,0.036391483,0.002770083,1.000000000,0.000000000,0.000000000,0.000000000,0.000000000,0.000000000,0.916666667,1.000000000,0.950000000,1.000000000,0.958081571,0.877094972,0.840328529,1.019677618,12.834189415,0.213850319,0.759204209,0.963621616,-0.001396612,-0.000042587,0.267266572
203,21.229000000,fused_map_f2f,1,1,0,0.027380349,0.012501054,1.000000000,1.000000000,0.100000000,0.010989011,0.010989011,0.036404167,0.002770083,1.000000000,0.000000000,0.000000000,0.000000000,0.000000000,0.000000000,0.875000000,1.000000000,0.925000000,1.000000000,0.960546282,0.886363636,0.851393296,1.020046443,12.877608299,0.236925676,0.759004653,0.960785806,-0.001352039,-0.000069184,0.277288318
204,21.307000000,fused_map_f2f,1,1,0,0.028599873,0.012354330,1.000000000,1.000000000,0.100000000,0.010989011,0.010989011,0.036403328,0.002770083,1.000000000,0.000000000,0.000000000,0.000000000,0.000000000,0.000000000,0.916666667,1.000000000,0.950000000,1.000000000,0.954268293,0.891428571,0.850662021,1.020022067,12.905394554,0.250468552,0.758825421,0.958852828,-0.001373186,-0.000066442,0.283900291
205,21.419000000,fused_map_f2f,1,1,0,0.026985347,0.013782649,1.000000000,1.000000000,0.100000000,0.010989011,0.010989011,0.036399979,0.002770083,1.000000000,0.000000000,0.000000000,0.000000000,0.000000000,0.000000000,0.895833333,1.000000000,0.937500000,1.000000000,0.955732123,0.887005650,0.847739792,1.019924660,12.947088242,0.272504389,0.758790851,0.956054866,-0.001326050,-0.000055821,0.293184876
206,21.502000000,fused_map_f2f,1,1,0,0.028242271,0.011727858,1.000000000,1.000000000,0.100000000,0.010989011,0.010989011,0.036398366,0.002770083,1.000000000,0.000000000,0.000000000,0.000000000,0.000000000,0.000000000,0.936170213,1.000000000,0.961702128,1.000000000,0.954145969,0.887005650,0.846332865,1.019877762,12.975422859,0.286786854,0.758304715,0.953985870,-0.001311945,-0.000031625,0.299848676
207,21.620000000,fused_map_f2f,1,1,0,0.028242153,0.013310152,1.000000000,1.000000000,0.100000000,0.010989011,0.010989011,0.036397936,0.002770083,1.000000000,0.000000000,0.000000000,0.000000000,0.000000000,0.000000000,0.877551020,1.000000000,0.926530612,1.000000000,0.957687949,0.883333333,0.845957688,1.019865256,13.016125679,0.311218232,0.758461952,0.951041520,-0.001334314,-0.000003967,0.309060305
208,21.700000000,fused_map_f2f,1,1,0,0.026345450,0.011788123,1.000000000,1.000000000,0.100000000,0.010989011,0.010989011,0.036421364,0.002770083,1.000000000,0.000000000,0.000000000,0.000000000,0.000000000,0.000000000,0.914893617,1.000000000,0.948936170,1.000000000,0.959028832,0.903409091,0.866395365,1.020546512,13.042870522,0.327899367,0.758429646,0.949066043,-0.001338302,0.000020380,0.315074414
209,21.816000000,fused_map_f2f,1,1,0,0.027938924,0.012814092,1.000000000,1.000000000,0.100000000,0.010989011,0.010989011,0.036406708,0.002770083,1.000000000,0.000000000,0.000000000,0.000000000,0.000000000,0.000000000,0.895833333,1.000000000,0.937500000,1.000000000,0.950857143,0.897727273,0.853610390,1.020120346,13.081290245,0.352011114,0.758670926,0.946215212,-0.001363362,0.000013449,0.323534936
210,21.901000000,fused_map_f2f,1,1,0,0.026953487,0.012132445,1.000000000,1.000000000,0.100000000,0.010989011,0.010989011,0.036403817,0.002770083,1.000000000,0.000000000,0.000000000,0.000000000,0.000000000,0.000000000,0.916666667,1.000000000,0.950000000,1.000000000,0.958143075,0.888268156,0.851087982,1.020036266,13.111133575,0.374208450,0.758972585,0.944105744,-0.001338259,-0.000007495,0.329640001
211,22.011000000,fused_map_f2f,1,1,0,0.029525954,0.014292697,1.000000000,1.000000000,0.100000000,0.010989011,0.010989011,0.036389084,0.002770083,1.000000000,0.000000000,0.000000000,0.000000000,0.000000000,0.000000000,0.812500000,1.000000000,0.887500000,1.000000000,0.954218691,0.878453039,0.838236309,1.019607877,13.144320488,0.393748730,0.759208560,0.941474736,-0.001441950,0.000006983,0.337080479
212,22.128000000,fused_map_f2f,1,1,0,0.029019932,0.013752266,1.000000000,1.000000000,0.100000000,0.010989011,0.010989011,0.036401679,0.002770083,1.000000000,0.000000000,0.000000000,0.000000000,0.000000000,0.000000000,0.895833333,1.000000000,0.937500000,1.000000000,0.956043956,0.888268156,0.849223402,1.019974113,13.182786942,0.422709554,0.759468436,0.938643396,-0.001467748,0.000020993,0.344886124
213,22.206000000,fused_map_f2f,1,1,0,0.028467072,0.013351836,1.000000000,1.000000000,0.100000000,0.010989011,0.010989011,0.036405106,0.002770083,1.000000000,0.000000000,0.000000000,0.000000000,0.000000000,0.000000000,0.854166667,1.000000000,0.912500000,1.000000000,0.954048964,0.893258427,0.852212277,1.020073743,13.203335762,0.437652797,0.759005070,0.936829209,-0.001361585,-0.000006926,0.349784493
214,22.328000000,fused_map_f2f,1,1,0,0.028576682,0.013433867,1.000000000,1.000000000,0.100000000,0.010989011,0.010989011,0.036391569,0.002770083,1.000000000,0.000000000,0.000000000,0.000000000,0.000000000,0.000000000,0.875000000,1.000000000,0.925000000,1.000000000,0.956685499,0.878453039,0.840403284,1.019680109,13.240521431,0.464142323,0.758987069,0.933996439,-0.001361374,0.000005511,0.357279748
215,22.411000000,fused_map_f2f,1,1,0,0.027883029,0.012916205,1.000000000,1.000000000,0.100000000,0.010989011,0.010989011,0.036398725,0.002770083,1.000000000,0.000000000,0.000000000,0.000000000,0.000000000,0.000000000,0.895833333,1.000000000,0.937500000,1.000000000,0.953816794,0.887640449,0.846646368,1.019888212,13.263376236,0.483391434,0.758799553,0.932102740,-0.001342447,0.000015820,0.362191558
216,22.534000000,fused_map_f2f,1,1,0,0.029301543,0.013493615,1.000000000,1.000000000,0.100000000,0.010989011,0.010989011,0.036411060,0.002770083,1.000000000,0.000000000,0.000000000,0.000000000,0.000000000,0.000000000,0.875000000,1.000000000,0.925000000,1.000000000,0.955708286,0.897142857,0.857406862,1.020246895,13.300540924,0.514771521,0.759349167,0.929314792,-0.001362117,0.000005603,0.369286090
217,22.643000000,fused_map_f2f,1,1,0,0.029041288,0.015128489,1.000000000,1.000000000,0.100000000,0.010989011,0.010989011,0.036387752,0.002770083,1.000000000,0.000000000,0.000000000,0.000000000,0.000000000,0.000000000,0.875000000,1.000000000,0.925000000,1.000000000,0.954371166,0.877094972,0.837074151,1.019569138,13.329739571,0.541243434,0.759396791,0.926909506,-0.001399702,0.000012801,0.375282258
218,22.701000000,fused_map_f2f,1,1,0,0.029305445,0.009929973,1.000000000,1.000000000,0.100000000,0.010989011,0.010989011,0.036422604,0.002770083,1.000000000,0.000000000,0.000000000,0.000000000,0.000000000,0.000000000,0.854166667,1.000000000,0.912500000,1.000000000,0.960813866,0.902857143,0.867477662,1.020582589,13.345266342,0.554083049,0.759361982,0.925657868,-0.001439314,0.000037029,0.378358930
219,22.822000000,fused_map_f2f,1,1,0,0.030857265,0.015249485,1.000000000,1.000000000,0.100000000,0.010989011,0.010989011,0.036398308,0.002770083,1.000000000,0.000000000,0.000000000,0.000000000,0.000000000,0.000000000,0.895833333,1.000000000,0.937500000,1.000000000,0.958762887,0.882681564,0.846282324,1.019876077,13.376066208,0.574879169,0.759323180,0.918964326,-0.001468326,0.000091742,0.394337952
220,22.906000000,fused_map_f2f,1,1,0,0.030126722,0.013436603,1.000000000,1.000000000,0.100000000,0.010989011,0.010989011,0.036411631,0.002770083,1.000000000,0.000000000,0.000000000,0.000000000,0.000000000,0.000000000,0.869565217,1.000000000,0.921739130,1.000000000,0.955640535,0.897727273,0.857904572,1.020263486,13.391736984,0.584232628,0.759003162,0.914304912,-0.001373211,0.000072522,0.405024201
221,23.039000000,fused_map_f2f,1,1,0,0.030012075,0.013690972,1.000000000,1.000000000,0.100000000,0.010989011,0.010989011,0.036386804,0.002770083,1.000000000,0.000000000,0.000000000,0.000000000,0.000000000,0.000000000,0.875000000,1.000000000,0.925000000,1.000000000,0.957213177,0.873626374,0.836246676,1.019541556,13.415851593,0.602272570,0.758899629,0.907415807,-0.001401187,0.000094935,0.420231581
222,23.121000000,fused_map_f2f,1,1,0,0.029975342,0.012620752,1.000000000,1.000000000,0.100000000,0.010989011,0.010989011,0.036393712,0.002770083,1.000000000,0.000000000,0.000000000,0.000000000,0.000000000,0.000000000,0.812500000,1.000000000,0.887500000,1.000000000,0.958814473,0.878453039,0.842273487,1.019742450,13.429184914,0.612473428,0.759055972,0.903495550,-0.001432887,0.000071987,0.428595036
223,23.207000000,fused_map_f2f,1,1,0,0.029513452,0.013186968,1.000000000,1.000000000,0.100000000,0.010989011,0.010989011,0.036404549,0.002770083,1.000000000,0.000000000,0.000000000,0.000000000,0.000000000,0.000000000,0.891304348,1.000000000,0.934782609,1.000000000,0.958861976,0.888268156,0.851726560,1.020057552,13.445571899,0.627656341,0.759207249,0.899681568,-0.001432694,0.000082263,0.436544418
224,23.322000000,fused_map_f2f,1,1,0,0.029018184,0.013498339,1.000000000,1.000000000,0.100000000,0.010989011,0.010989011,0.036418833,0.002770083,1.000000000,0.000000000,0.000000000,0.000000000,0.000000000,0.000000000,0.808510638,1.000000000,0.885106383,1.000000000,0.957170172,0.902857143,0.864187927,1.020472931,13.468811035,0.652391255,0.759324312,0.894937515,-0.001449443,0.000089497,0.446189135
225,23.427000000,fused_map_f2f,1,1,0,0.030946743,0.013213859,1.000000000,1.000000000,0.100000000,0.010989011,0.010989011,0.036402600,0.002770083,1.000000000,0.000000000,0.000000000,0.000000000,0.000000000,0.000000000,0.869565217,1.000000000,0.921739130,1.000000000,0.959003831,0.886363636,0.850026123,1.020000871,13.487987518,0.672591269,0.759147704,0.891026199,-0.001453673,0.000100021,0.453949571
226,23.499000000,fused_map_f2f,1,1,0,0.030177837,0.011979086,1.000000000,1.000000000,0.100000000,0.010989011,0.010989011,0.036380921,0.002770083,1.000000000,0.000000000,0.000000000,0.000000000,0.000000000,0.000000000,0.891304348,1.000000000,0.934782609,1.000000000,0.951407636,0.873563218,0.831114716,1.019370491,13.501656532,0.686984479,0.758975804,0.888525128,-0.001439284,0.000121957,0.458825707
227,23.616000000,fused_map_f2f,1,1,0,0.031023632,0.012813751,1.000000000,1.000000000,0.100000000,0.010989011,0.010989011,0.036356776,0.002770083,1.000000000,0.000000000,0.000000000,0.000000000,0.000000000,0.000000000,0.888888889,1.000000000,0.933333333,1.000000000,0.960262346,0.843575419,0.810053711,1.018668457,13.522722244,0.712348878,0.758904874,0.884764671,-0.001414482,0.000131458,0.466035873
228,23.718000000,fused_map_f2f,1,1,0,0.030933837,0.012957573,1.000000000,1.000000000,0.100000000,0.010989011,0.010989011,0.036357274,0.002770083,1.000000000,0.000000000,0.000000000,0.000000000,0.000000000,0.000000000,0.866666667,1.000000000,0.920000000,1.000000000,0.954456223,0.849162011,0.810487966,1.018682932,13.540901184,0.735338688,0.758937299,0.881757557,-0.001465012,0.000141452,0.471700609
229,23.821000000,fused_map_f2f,1,1,0,0.031609451,0.011972114,1.000000000,1.000000000,0.100000000,0.010989011,0.010989011,0.036355123,0.002770083,1.000000000,0.000000000,0.000000000,0.000000000,0.000000000,0.000000000,0.866666667,1.000000000,0.920000000,1.000000000,0.953198128,0.848314607,0.808611895,1.018620397,13.559804916,0.759183705,0.758743048,0.878953636,-0.001427433,0.000122477,0.476905048
230,24.012000000,fused_map_f2f,1,1,0,0.030783839,0.012854606,1.000000000,1.000000000,0.100000000,0.010989011,0.010989011,0.036348319,0.002770083,1.000000000,0.000000000,0.000000000,0.000000000,0.000000000,0.000000000,0.863636364,1.000000000,0.918181818,1.000000000,0.952509653,0.842696629,0.802676673,1.018422556,13.592885017,0.806451142,0.758874953,0.874353349,-0.001447321,0.000114905,0.485287637
231,24.199000000,fused_map_f2f,1,1,0,0.031805309,0.012522791,1.000000000,1.000000000,0.100000000,0.010989011,0.010989011,0.036358956,0.002770083,1.000000000,0.000000000,0.000000000,0.000000000,0.000000000,0.000000000,0.818181818,1.000000000,0.890909091,1.000000000,0.958107060,0.847457627,0.811955135,1.018731838,13.628775597,0.858777344,0.759123564,0.870402753,-0.001488209,0.000139386,0.492338091
232,24.422000000,fused_map_f2f,1,1,0,0.032163912,0.011546566,1.000000000,1.000000000,0.100000000,0.010989011,0.010989011,0.036340396,0.002770083,1.000000000,0.000000000,0.000000000,0.000000000,0.000000000,0.000000000,0.840909091,1.000000000,0.904545455,1.000000000,0.950646298,0.837078652,0.795765722,1.018192191,13.666754723,0.918349922,0.759272099,0.866360664,-0.001490718,0.000144570,0.499416590
233,24.671000000,fused_map_f2f,1,1,0,0.032347713,0.013062880,1.000000000,1.000000000,0.100000000,0.010989011,0.010989011,0.036354848,0.002770083,1.000000000,0.000000000,0.000000000,0.000000000,0.000000000,0.000000000,0.837209302,1.000000000,0.902325581,1.000000000,0.960280374,0.841807910,0.808371614,1.018612387,13.709772110,0.990170121,0.759058356,0.862496078,-0.001529463,0.000164497,0.506061494
234,24.885000000,fused_map_f2f,1,1,0,0.032907781,0.012083555,1.000000000,1.000000000,0.100000000,0.010989011,0.010989011,0.036344990,0.002770083,1.000000000,0.000000000,0.000000000,0.000000000,0.000000000,0.000000000,0.813953488,1.000000000,0.888372093,1.000000000,0.955433933,0.837078652,0.799773348,1.018325778,13.748168945,1.057048917,0.758889914,0.859480441,-0.001459613,0.000146350,0.511166573
235,25.093000000,fused_map_f2f,1,1,0,0.033644032,0.012778477,1.000000000,1.000000000,0.100000000,0.010989011,0.010989011,0.036349698,0.002770083,1.000000000,0.000000000,0.000000000,0.000000000,0.000000000,0.000000000,0.860465116,1.000000000,0.916279070,1.000000000,0.953937008,0.842696629,0.803879501,1.018462650,13.786145210,1.121906519,0.758900821,0.856877267,-0.001535765,0.000158835,0.515518188
236,25.272000000,fused_map_f2f,1,1,0,0.032826323,0.012171088,1.000000000,1.000000000,0.100000000,0.010989011,0.010989011,0.036364833,0.002770083,1.000000000,0.000000000,0.000000000,0.000000000,0.000000000,0.000000000,0.857142857,1.000000000,0.914285714,1.000000000,0.956845822,0.853932584,0.817081825,1.018902728,13.817464828,1.180757761,0.758252144,0.854799926,-0.001488558,0.000179812,0.518955529
237,25.453000000,fused_map_f2f,1,1,0,0.032513039,0.011872868,1.000000000,1.000000000,0.100000000,0.010989011,0.010989011,0.036369501,0.002770083,1.000000000,0.000000000,0.000000000,0.000000000,0.000000000,0.000000000,0.809523810,1.000000000,0.885714286,1.000000000,0.961613788,0.853932584,0.821153347,1.019038445,13.847611427,1.239290714,0.757889330,0.852849364,-0.001413180,0.000153638,0.522155106
238,25.637000000,fused_map_f2f,1,1,0,0.031392788,0.011777700,1.000000000,1.000000000,0.100000000,0.010989011,0.010989011,0.036354237,0.002770083,1.000000000,0.000000000,0.000000000,0.000000000,0.000000000,0.000000000,0.833333333,1.000000000,0.900000000,1.000000000,0.957637000,0.843575419,0.807839033,1.018594634,13.879529953,1.300831199,0.757951319,0.850976467,-0.001395229,0.000160666,0.525201917
239,25.805000000,fused_map_f2f,1,1,0,0.031959614,0.012594732,1.000000000,1.000000000,0.100000000,0.010989011,0.010989011,0.036367635,0.002770083,1.000000000,0.000000000,0.000000000,0.000000000,0.000000000,0.000000000,0.880952381,1.000000000,0.928571429,1.000000000,0.952566096,0.860335196,0.819526139,1.018984205,13.908225060,1.358666182,0.758000255,0.849357247,-0.001395967,0.000159220,0.527816594
240,25.989000000,fused_map_f2f,1,1,0,0.032892153,0.045151446,1.000000000,1.000000000,0.100000000,0.010989011,0.010989011,0.036370419,0.002770083,1.000000000,0.000000000,0.000000000,0.000000000,0.000000000,0.000000000,0.833333333,1.000000000,0.900000000,1.000000000,0.954527789,0.861111111,0.821954485,1.019065149,13.939233780,1.422323823,0.757944584,0.847680211,-0.001378969,0.000155670,0.530505717
241,26.212000000,fused_map_f2f,1,1,0,0.032910196,0.013363220,1.000000000,1.000000000,0.100000000,0.010989011,0.010989011,0.036363555,0.002770083,1.000000000,0.000000000,0.000000000,0.000000000,0.000000000,0.000000000,0.809523810,1.000000000,0.885714286,1.000000000,0.963367108,0.846994536,0.815966676,1.018865556,13.978143692,1.503687739,0.757763505,0.845733702,-0.001416725,0.000150559,0.533603311
242,26.314000000,fused_map_f2f,1,1,0,0.031934987,0.009467430,1.000000000,1.000000000,0.100000000,0.010989011,0.010989011,0.036364797,0.002770083,1.000000000,0.000000000,0.000000000,0.000000000,0.000000000,0.000000000,0.857142857,1.000000000,0.914285714,1.000000000,0.959375000,0.851648352,0.817050137,1.018901671,13.995341301,1.540294170,0.757917941,0.844864011,-0.001442781,0.000165208,0.534979224
243,26.418000000,fused_map_f2f,1,1,0,0.032685572,0.008193320,1.000000000,1.000000000,0.100000000,0.010989011,0.010989011,0.036381436,0.002770083,1.000000000,0.000000000,0.000000000,0.000000000,0.000000000,0.000000000,0.833333333,1.000000000,0.900000000,1.000000000,0.962005484,0.864406780,0.831564062,1.019385469,14.012065887,1.575940132,0.758326173,0.844031155,-0.001509129,0.000155442,0.536292017
244,26.530000000,fused_map_f2f,1,1,0,0.033523345,0.009119865,1.000000000,1.000000000,0.100000000,0.010989011,0.010989011,0.036367441,0.002770083,1.000000000,0.000000000,0.000000000,0.000000000,0.000000000,0.000000000,0.829268293,1.000000000,0.897560976,1.000000000,0.958593750,0.854748603,0.819356669,1.018978556,14.030261040,1.615837097,0.758170009,0.843115628,-0.001499926,0.000150981,0.537730217
245,26.616000000,fused_map_f2f,1,1,0,0.033412209,0.008170019,1.000000000,1.000000000,0.100000000,0.010989011,0.010989011,0.036358425,0.002770083,1.000000000,0.000000000,0.000000000,0.000000000,0.000000000,0.000000000,0.829268293,1.000000000,0.897560976,1.000000000,0.960000000,0.845303867,0.811491713,1.018716390,14.044709206,1.647363424,0.757939875,0.842421710,-0.001514326,0.000163116,0.538816631
246,26.716000000,fused_map_f2f,1,1,0,0.032048297,0.008972372,1.000000000,1.000000000,0.100000000,0.010989011,0.010989011,0.036339801,0.002770083,1.000000000,0.000000000,0.000000000,0.000000000,0.000000000,0.000000000,0.829268293,1.000000000,0.897560976,1.000000000,0.955329154,0.832432432,0.795246971,1.018174899,14.061573029,1.683970094,0.758118212,0.841634274,-0.001537863,0.000178532,0.540045679
247,26.824000000,fused_map_f2f,1,1,0,0.036289607,0.008608146,1.000000000,1.000000000,0.100000000,0.010989011,0.010989011,0.036374687,0.002770083,1.000000000,0.000000000,0.000000000,0.000000000,0.000000000,0.000000000,0.829268293,1.000000000,0.897560976,1.000000000,0.959715640,0.860335196,0.825677143,1.019189238,14.079728127,1.723732352,0.757429421,0.840851367,-0.001505096,0.000165269,0.541263998
248,26.915000000,fused_map_f2f,1,1,0,0.032372990,0.007985282,1.000000000,1.000000000,0.100000000,0.010989011,0.010989011,0.036355670,0.002770083,1.000000000,0.000000000,0.000000000,0.000000000,0.000000000,0.000000000,0.829268293,1.000000000,0.897560976,1.000000000,0.956195738,0.846153846,0.809088701,1.018636290,14.094809532,1.757345080,0.757480145,0.840135038,-0.001520167,0.000154747,0.542375147
249,27.129000000,fused_map_f2f,1,1,0,0.032862737,0.013551203,1.000000000,1.000000000,0.100000000,0.010989011,0.010989011,0.036368853,0.002770083,1.000000000,0.000000000,0.000000000,0.000000000,0.000000000,0.000000000,0.853658537,1.000000000,0.912195122,1.000000000,0.962613144,0.852459016,0.820588254,1.019019608,14.130663872,1.837981343,0.757759333,0.838545978,-0.001549037,0.000143965,0.544828653
250,27.297000000,fused_map_f2f,1,1,0,0.032205622,0.010597816,1.000000000,1.000000000,0.100000000,0.010989011,0.010989011,0.036351678,0.002770083,1.000000000,0.000000000,0.000000000,0.000000000,0.000000000,0.000000000,0.853658537,1.000000000,0.912195122,1.000000000,0.959544383,0.839572193,0.805606782,1.018520226,14.158595085,1.901924968,0.757720411,0.837325931,-0.001538012,0.000158084,0.546701908
251,27.461000000,fused_map_f2f,1,1,0,0.032517065,0.011155935,1.000000000,1.000000000,0.100000000,0.010989011,0.010989011,0.036400308,0.002770083,1.000000000,0.000000000,0.000000000,0.000000000,0.000000000,0.000000000,0.853658537,1.000000000,0.912195122,1.000000000,0.960031044,0.883333333,0.848027422,1.019934247,14.186228752,1.965703011,0.757651150,0.836146533,-0.001529411,0.000145239,0.548504055
252,27.635000000,fused_map_f2f,1,1,0,0.033645913,0.011171169,1.000000000,1.000000000,0.100000000,0.010989011,0.010989011,0.036399900,0.002770083,1.000000000,0.000000000,0.000000000,0.000000000,0.000000000,0.000000000,0.809523810,1.000000000,0.885714286,1.000000000,0.961054288,0.882022472,0.847671479,1.019922383,14.217963219,2.038773060,0.757234752,0.834840655,-0.001473608,0.000132077,0.550489724
253,27.812000000,fused_map_f2f,1,1,0,0.031958850,0.011759879,1.000000000,1.000000000,0.100000000,0.010989011,0.010989011,0.036375611,0.002770083,1.000000000,0.000000000,0.000000000,0.000000000,0.000000000,0.000000000,0.833333333,1.000000000,0.900000000,1.000000000,0.958088523,0.862637363,0.826482957,1.019216099,14.247814178,2.108722210,0.757042706,0.833618760,-0.001482957,0.000148497,0.552338243
254,27.980000000,fused_map_f2f,1,1,0,0.034639681,0.011344348,1.000000000,1.000000000,0.100000000,0.010989011,0.010989011,0.036366068,0.002770083,1.000000000,0.000000000,0.000000000,0.000000000,0.000000000,0.000000000,0.804878049,1.000000000,0.882926829,1.000000000,0.959763314,0.852459016,0.818158890,1.018938630,14.276691437,2.176744223,0.756612360,0.832480431,-0.001487740,0.000120814,0.554052413
255,28.147000000,fused_map_f2f,1,1,0,0.032351599,0.010828790,1.000000000,1.000000000,0.100000000,0.010989011,0.010989011,0.036364076,0.002770083,1.000000000,0.000000000,0.000000000,0.000000000,0.000000000,0.000000000,0.785714286,1.000000000,0.871428571,1.000000000,0.962025316,0.848648649,0.816421485,1.018880716,14.303270340,2.242791891,0.756051838,0.831429839,-0.001495191,0.000149465,0.555627763
256,28.311000000,fused_map_f2f,1,1,0,0.032359749,0.011507197,1.000000000,1.000000000,0.100000000,0.010989011,0.010989011,0.036382376,0.002770083,1.000000000,0.000000000,0.000000000,0.000000000,0.000000000,0.000000000,0.809523810,1.000000000,0.885714286,1.000000000,0.960443038,0.866666667,0.832383966,1.019412799,14.331609726,2.311516047,0.756198764,0.830348134,-0.001511234,0.000139209,0.557242870
257,28.481000000,fused_map_f2f,1,1,0,0.032323523,0.011965292,1.000000000,1.000000000,0.100000000,0.010989011,0.010989011,0.036361588,0.002770083,1.000000000,0.000000000,0.000000000,0.000000000,0.000000000,0.000000000,0.833333333,1.000000000,0.900000000,1.000000000,0.964654488,0.844086022,0.814251369,1.018808379,14.358826637,2.382421494,0.755477786,0.829288661,-0.001454798,0.000147063,0.558818519
258,28.651000000,fused_map_f2f,1,1,0,0.033715948,0.011788057,1.000000000,1.000000000,0.100000000,0.010989011,0.010989011,0.036365610,0.002770083,1.000000000,0.000000000,0.000000000,0.000000000,0.000000000,0.000000000,0.813953488,1.000000000,0.888372093,1.000000000,0.956624606,0.854838710,0.817759744,1.018925325,14.387522697,2.454436064,0.754895389,0.828243434,-0.001381511,0.000127853,0.560366750
259,28.817000000,fused_map_f2f,1,1,0,0.033293442,0.011441212,1.000000000,1.000000000,0.100000000,0.010989011,0.010989011,0.036367865,0.002770083,1.000000000,0.000000000,0.000000000,0.000000000,0.000000000,0.000000000,0.837209302,1.000000000,0.902325581,1.000000000,0.955476753,0.857923497,0.819725958,1.018990865,14.415242195,2.525958300,0.755080044,0.827296317,-0.001435929,0.000138359,0.561763942
260,29.013000000,fused_map_f2f,1,1,0,0.034562580,0.013207768,1.000000000,1.000000000,0.100000000,0.010989011,0.010989011,0.036352330,0.002770083,1.000000000,0.000000000,0.000000000,0.000000000,0.000000000,0.000000000,0.857142857,1.000000000,0.914285714,1.000000000,0.958283671,0.841269841,0.806175152,1.018539172,14.447804451,2.609728813,0.754603684,0.826139212,-0.001374381,0.000125020,0.563464344
261,29.177000000,fused_map_f2f,1,1,0,0.033563985,0.012657047,1.000000000,1.000000000,0.100000000,0.010989011,0.010989011,0.036368219,0.002770083,1.000000000,0.000000000,0.000000000,0.000000000,0.000000000,0.000000000,0.860465116,1.000000000,0.916279070,1.000000000,0.954128440,0.859459459,0.820034714,1.019001157,14.474911690,2.682100534,0.754147887,0.825173378,-0.001377764,0.000118157,0.564877868
262,29.341000000,fused_map_f2f,1,1,0,0.035201226,0.038839264,1.000000000,1.000000000,0.100000000,0.010989011,0.010989011,0.036383443,0.002770083,1.000000000,0.000000000,0.000000000,0.000000000,0.000000000,0.000000000,0.837209302,1.000000000,0.902325581,1.000000000,0.963521015,0.864864865,0.833315472,1.019443849,14.502769470,2.753505230,0.753803730,0.824234068,-0.001339216,0.000103326,0.566247642
263,29.523000000,fused_map_f2f,1,1,0,0.036801171,0.012005690,1.000000000,1.000000000,0.100000000,0.010989011,0.010989011,0.036366543,0.002770083,1.000000000,0.000000000,0.000000000,0.000000000,0.000000000,0.000000000,0.880952381,1.000000000,0.928571429,1.000000000,0.963636364,0.849462366,0.818572825,1.018952428,14.533131599,2.833906174,0.753652155,0.823216975,-0.001306589,0.000123897,0.567725360
264,29.729000000,fused_map_f2f,1,1,0,0.037972854,0.012618345,1.000000000,1.000000000,0.100000000,0.010989011,0.010989011,0.036375399,0.002770083,1.000000000,0.000000000,0.000000000,0.000000000,0.000000000,0.000000000,0.813953488,1.000000000,0.888372093,1.000000000,0.958717435,0.861878453,0.826297900,1.019209930,14.569391251,2.927299261,0.752400696,0.821952999,-0.001281534,0.000128158,0.569553912
265,29.939000000,fused_map_f2f,1,1,0,0.037853589,0.013196569,1.000000000,1.000000000,0.100000000,0.010989011,0.010989011,0.036363694,0.002770083,1.000000000,0.000000000,0.000000000,0.000000000,0.000000000,0.000000000,0.818181818,1.000000000,0.890909091,1.000000000,0.957334417,0.852459016,0.816088355,1.018869612,14.604695320,3.022426367,0.752407849,0.820843995,-0.001254351,0.000131138,0.571151078
266,30.103000000,fused_map_f2f,1,1,0,0.036570850,0.012011242,1.000000000,1.000000000,0.100000000,0.010989011,0.010989011,0.036367862,0.002770083,1.000000000,0.000000000,0.000000000,0.000000000,0.000000000,0.000000000,0.777777778,0.988337203,0.862001548,1.000000000,0.956344349,0.857142857,0.819723728,1.018990791,14.631515503,3.097050190,0.752229512,0.820023835,-0.001252720,0.000139190,0.572327971
267,30.284000000,fused_map_f2f,1,1,0,0.036377909,0.012347478,1.000000000,1.000000000,0.100000000,0.010989011,0.010989011,0.036361029,0.002770083,1.000000000,0.000000000,0.000000000,0.000000000,0.000000000,0.000000000,0.777777778,1.000000000,0.866666667,1.000000000,0.958892959,0.848648649,0.813763214,1.018792107,14.663698196,3.184745550,0.751634002,0.819060087,-0.001242705,0.000114806,0.573706388
268,30.460000000,fused_map_f2f,1,1,0,0.035798820,0.013909883,1.000000000,1.000000000,0.100000000,0.010989011,0.010989011,0.036367684,0.002770083,1.000000000,0.000000000,0.000000000,0.000000000,0.000000000,0.000000000,0.818181818,1.000000000,0.890909091,1.000000000,0.959620931,0.854054054,0.819568147,1.018985605,14.693582535,3.264571905,0.751290262,0.818210840,-0.001280126,0.000128471,0.574916780
269,30.635000000,fused_map_f2f,1,1,0,0.038353810,0.013107517,1.000000000,1.000000000,0.100000000,0.010989011,0.010989011,0.036365652,0.002770083,1.000000000,0.000000000,0.000000000,0.000000000,0.000000000,0.000000000,0.760869565,0.859274654,0.800231601,1.000000000,0.961809880,0.850267380,0.817795566,1.018926519,14.721369743,3.346411467,0.750584662,0.817377031,-0.001219583,0.000110950,0.576101840
270,30.819000000,fused_map_f2f,1,1,0,0.037124650,0.012452335,1.000000000,1.000000000,0.100000000,0.010989011,0.010989011,0.036365411,0.002770083,1.000000000,0.000000000,0.000000000,0.000000000,0.000000000,0.000000000,0.782608696,0.812797393,0.794684175,1.000000000,0.959090909,0.852459016,0.817585693,1.018919523,14.750865936,3.432443857,0.750339329,0.816572428,-0.001231491,0.000106281,0.577241719
271,30.988000000,fused_map_f2f,1,1,0,0.038427056,0.010817079,1.000000000,1.000000000,0.100000000,0.010989011,0.010989011,0.036372346,0.002770083,1.000000000,0.000000000,0.000000000,0.000000000,0.000000000,0.000000000,0.800000000,0.805581535,0.802232614,1.000000000,0.960033306,0.857923497,0.823635131,1.019121171,14.778104782,3.512773991,0.750289500,0.815844357,-0.001256608,0.000133147,0.578270257
272,31.169000000,fused_map_f2f,1,1,0,0.039231619,0.012187703,1.000000000,1.000000000,0.100000000,0.010989011,0.010989011,0.036360940,0.002770083,1.000000000,0.000000000,0.000000000,0.000000000,0.000000000,0.000000000,0.755555556,0.673769026,0.722840944,1.000000000,0.959731544,0.847826087,0.813685439,1.018789515,14.808075905,3.601860762,0.750011384,0.815104783,-0.001154083,0.000119772,0.579312384
273,31.339000000,fused_map_f2f,1,1,0,0.040417345,0.011602947,1.000000000,1.000000000,0.100000000,0.010989011,0.010989011,0.036397543,0.002770083,1.000000000,0.000000000,0.000000000,0.000000000,0.000000000,0.000000000,0.777777778,0.863910083,0.812230700,1.000000000,0.959448161,0.881355932,0.845615328,1.019853844,14.836818695,3.686526775,0.749252915,0.814401329,-0.001052229,0.000118049,0.580301106
274,31.553000000,fused_map_f2f,1,1,0,0.040247689,0.013182565,1.000000000,1.000000000,0.100000000,0.010989011,0.010989011,0.036397751,0.002770083,1.000000000,0.000000000,0.000000000,0.000000000,0.000000000,0.000000000,0.777777778,0.806668621,0.789334115,1.000000000,0.961132235,0.880000000,0.845796367,1.019859879,14.871350288,3.792876244,0.749183536,0.813562691,-0.001015417,0.000104204,0.581476390
275,31.736000000,fused_map_f2f,1,1,0,0.043392199,0.012459527,1.000000000,1.000000000,0.100000000,0.010989011,0.010989011,0.036372427,0.002770083,1.000000000,0.000000000,0.000000000,0.000000000,0.000000000,0.000000000,0.760869565,0.673462046,0.725906557,1.000000000,0.959183673,0.858757062,0.823705753,1.019123525,14.901228905,3.883241892,0.749201238,0.812874377,-0.001084012,0.000111570,0.582438111
276,31.913000000,fused_map_f2f,1,1,0,0.043810660,0.012564678,1.000000000,1.000000000,0.100000000,0.010989011,0.010989011,0.036404985,0.002770083,1.000000000,0.000000000,0.000000000,0.000000000,0.000000000,0.000000000,0.818181818,1.000000000,0.890909091,1.000000000,0.965721540,0.882352941,0.852107242,1.020070241,14.930707932,3.971817493,0.749363065,0.812205791,-0.001100661,0.000119028,0.583369970
277,32.094000000,fused_map_f2f,1,1,0,0.041448366,0.012284349,1.000000000,1.000000000,0.100000000,0.010989011,0.010989011,0.036362748,0.002770083,1.000000000,0.000000000,0.000000000,0.000000000,0.000000000,0.000000000,0.739130435,0.686495418,0.718076428,1.000000000,0.959459459,0.849710983,0.815263240,1.018842108,14.960838318,4.063446999,0.749395907,0.811545253,-0.001059919,0.000151637,0.584288597
278,32.259000000,fused_map_f2f,1,1,0,0.041335964,0.013998409,1.000000000,1.000000000,0.100000000,0.010989011,0.010989011,0.036367605,0.002770083,1.000000000,0.000000000,0.000000000,0.000000000,0.000000000,0.000000000,0.717391304,0.643660752,0.687899083,1.000000000,0.960792580,0.852941176,0.819499554,1.018983318,14.990672112,4.149859428,0.749660134,0.810925901,-0.001116645,0.000073021,0.585147798
279,32.433000000,fused_map_f2f,1,1,0,0.040404530,0.012581697,1.000000000,1.000000000,0.100000000,0.010989011,0.010989011,0.036371938,0.002770083,1.000000000,0.000000000,0.000000000,0.000000000,0.000000000,0.000000000,0.739130435,1.000000000,0.843478261,1.000000000,0.960492778,0.857142857,0.823279524,1.019109317,15.021154404,4.239737988,0.749111056,0.810307562,-0.001093601,0.000073474,0.586003900
280,32.609000000,fused_map_f2f,1,1,0,0.042022839,0.012668280,1.000000000,1.000000000,0.100000000,0.010989011,0.010989011,0.036398347,0.002770083,1.000000000,0.000000000,0.000000000,0.000000000,0.000000000,0.000000000,0.782608696,0.956282801,0.852078338,1.000000000,0.963860544,0.878048780,0.846316575,1.019877219,15.049253464,4.330658436,0.749304891,0.809745908,-0.001175828,0.000058562,0.586779535
281,32.715000000,fused_map_f2f,1,1,0,0.040066268,0.009708541,1.000000000,1.000000000,0.100000000,0.010989011,0.010989011,0.036410324,0.002770083,1.000000000,0.000000000,0.000000000,0.000000000,0.000000000,0.000000000,0.804347826,1.000000000,0.882608696,1.000000000,0.963860544,0.888888889,0.856764928,1.020225498,15.066220284,4.385933876,0.749198496,0.809410632,-0.001151048,0.000110369,0.587241948
282,32.825000000,fused_map_f2f,1,1,0,0.039838045,0.008505973,1.000000000,1.000000000,0.100000000,0.010989011,0.010989011,0.036391378,0.002770083,1.000000000,0.000000000,0.000000000,0.000000000,0.000000000,0.000000000,0.760869565,1.000000000,0.856521739,1.000000000,0.963628584,0.871951220,0.840237119,1.019674571,15.086194992,4.447187901,0.749344468,0.809054554,-0.001247434,0.000072617,0.587732255
283,32.916000000,fused_map_f2f,1,1,0,0.040473461,0.007988704,1.000000000,1.000000000,0.100000000,0.010989011,0.010989011,0.036382077,0.002770083,1.000000000,0.000000000,0.000000000,0.000000000,0.000000000,0.000000000,0.760869565,0.943934328,0.834095470,1.000000000,0.961044521,0.865853659,0.832123914,1.019404130,15.099967957,4.492990017,0.749197721,0.808811903,-0.001227136,0.000049945,0.588066161
284,33.018000000,fused_map_f2f,1,1,0,0.038618788,0.007946718,1.000000000,1.000000000,0.100000000,0.010989011,0.010989011,0.036407552,0.002770083,1.000000000,0.000000000,0.000000000,0.000000000,0.000000000,0.000000000,0.782608696,0.981187516,0.862040224,1.000000000,0.965782720,0.884615385,0.854346253,1.020144875,15.116411209,4.546452999,0.748981774,0.808506310,-0.001264546,0.000068545,0.588486195
285,33.188000000,fused_map_f2f,1,1,0,0.040042944,0.011549910,1.000000000,1.000000000,0.100000000,0.010989011,0.010989011,0.036408534,0.002770083,1.000000000,0.000000000,0.000000000,0.000000000,0.000000000,0.000000000,0.760869565,0.691688243,0.733197037,1.000000000,0.961323593,0.889610390,0.855203456,1.020173449,15.144474030,4.636910915,0.749070466,0.808039844,-0.001202371,-0.000004659,0.589126647
286,33.231000000,fused_map_f2f,1,1,0,0.040691833,0.006169113,1.000000000,1.000000000,0.100000000,0.010989011,0.010989011,0.036393594,0.002770083,1.000000000,0.000000000,0.000000000,0.000000000,0.000000000,0.000000000,0.723404255,0.819644728,0.761900444,1.000000000,0.964224138,0.873417722,0.842170450,1.019739015,15.152376175,4.660097122,0.748654485,0.807882786,-0.001208735,-0.000021019,0.589341998
287,33.325000000,fused_map_f2f,1,1,0,0.041551175,0.010118862,1.000000000,1.000000000,0.100000000,0.010989011,0.010989011,0.036375644,0.002770083,1.000000000,0.000000000,0.000000000,0.000000000,0.000000000,0.000000000,0.744680851,1.000000000,0.846808511,1.000000000,0.959236774,0.861635220,0.826512189,1.019217073,15.167931557,4.710875034,0.748471439,0.807640195,-0.001225352,0.000004909,0.589674354
288,33.413000000,fused_map_f2f,1,1,0,0.041256735,0.009418746,1.000000000,1.000000000,0.100000000,0.010989011,0.010989011,0.036408720,0.002770083,1.000000000,0.000000000,0.000000000,0.000000000,0.000000000,0.000000000,0.765957447,1.000000000,0.859574468,1.000000000,0.961505190,0.889610390,0.855365007,1.020178834,15.182951927,4.759980679,0.748665512,0.807382286,-0.001152145,-0.000012804,0.590027630
289,33.515000000,fused_map_f2f,1,1,0,0.039501524,0.008213601,1.000000000,1.000000000,0.100000000,0.010989011,0.010989011,0.036407803,0.002770083,1.000000000,0.000000000,0.000000000,0.000000000,0.000000000,0.000000000,0.777777778,0.789034184,0.782280340,1.000000000,0.960606061,0.889610390,0.854565132,1.020152171,15.199669838,4.814517975,0.748788416,0.807106137,-0.001161716,-0.000001686,0.590405226
290,33.622000000,fused_map_f2f,1,1,0,0.040699208,0.008747950,1.000000000,1.000000000,0.100000000,0.010989011,0.010989011,0.036396048,0.002770083,1.000000000,0.000000000,0.000000000,0.000000000,0.000000000,0.000000000,0.765957447,0.965294167,0.845692135,1.000000000,0.961405030,0.878205128,0.844310828,1.019810361,15.216976166,4.871715546,0.748912334,0.806832612,-0.001174163,0.000018033,0.590779006
291,33.712000000,fused_map_f2f,1,1,0,0.040343031,0.008301179,1.000000000,1.000000000,0.100000000,0.010989011,0.010989011,0.036374837,0.002770083,1.000000000,0.000000000,0.000000000,0.000000000,0.000000000,0.000000000,0.739130435,0.807878896,0.766629819,1.000000000,0.961388286,0.858974359,0.825807887,1.019193596,15.233405113,4.922588825,0.749248803,0.806590736,-0.001206065,0.000019040,0.591109097
292,33.819000000,fused_map_f2f,1,1,0,0.040273467,0.008817614,1.000000000,1.000000000,0.100000000,0.010989011,0.010989011,0.036413837,0.002770083,1.000000000,0.000000000,0.000000000,0.000000000,0.000000000,0.000000000,0.777777778,1.000000000,0.866666667,1.000000000,0.963267070,0.892617450,0.859828995,1.020327633,15.250693321,4.980403423,0.749304652,0.806324244,-0.001168340,0.000058142,0.591472626
293,33.927000000,fused_map_f2f,1,1,0,0.041338698,0.009306590,1.000000000,1.000000000,0.100000000,0.010989011,0.010989011,0.036437770,0.002770083,1.000000000,0.000000000,0.000000000,0.000000000,0.000000000,0.000000000,0.733333333,1.000000000,0.840000000,1.000000000,0.965517241,0.912162162,0.880708295,1.021023610,15.267877579,5.039271832,0.749349535,0.806069851,-0.001165863,0.000055531,0.591819286
294,34.015000000,fused_map_f2f,1,1,0,0.042715345,0.008205788,1.000000000,1.000000000,0.100000000,0.010989011,0.010989011,0.036400701,0.002770083,1.000000000,0.000000000,0.000000000,0.000000000,0.000000000,0.000000000,0.795454545,0.965077478,0.863303718,1.000000000,0.962330267,0.881578947,0.848370104,1.019945670,15.284034729,5.090566635,0.748853803,0.805864751,-0.001198452,-0.000021412,0.592098415
295,34.119000000,fused_map_f2f,1,1,0,0.043424202,0.008894884,1.000000000,1.000000000,0.100000000,0.010989011,0.010989011,0.036398776,0.002770083,1.000000000,0.000000000,0.000000000,0.000000000,0.000000000,0.000000000,0.880952381,0.978441973,0.919948218,1.000000000,0.963924329,0.878378378,0.846690289,1.019889676,15.301201820,5.147856712,0.749002576,0.805631578,-0.001249942,-0.000003706,0.592415631
296,34.210000000,fused_map_f2f,1,1,0,0.043583163,0.008260222,1.000000000,1.000000000,0.100000000,0.010989011,0.010989011,0.036403177,0.002770083,1.000000000,0.000000000,0.000000000,0.000000000,0.000000000,0.000000000,0.837209302,0.952007503,0.883128582,1.000000000,0.960903562,0.885135135,0.850529504,1.020017650,15.316132545,5.198427200,0.749048769,0.805417895,-0.001258908,-0.000012509,0.592706025
297,34.323000000,fused_map_f2f,1,1,0,0.040886170,0.009533760,1.000000000,1.000000000,0.100000000,0.010989011,0.010989011,0.036406395,0.002770083,1.000000000,0.000000000,0.000000000,0.000000000,0.000000000,0.000000000,0.813953488,1.000000000,0.888372093,1.000000000,0.964927663,0.884353741,0.853337389,1.020111246,15.334619522,5.260485649,0.749588251,0.805172682,-0.001250590,-0.000040589,0.593039155
298,34.410000000,fused_map_f2f,1,1,0,0.041882243,0.007734036,1.000000000,1.000000000,0.100000000,0.010989011,0.010989011,0.036388706,0.002770083,1.000000000,0.000000000,0.000000000,0.000000000,0.000000000,0.000000000,0.880952381,1.000000000,0.928571429,1.000000000,0.961318681,0.871621622,0.837906148,1.019596872,15.349423409,5.309272289,0.749154627,0.804990947,-0.001141158,-0.000019122,0.593285978
299,34.515000000,fused_map_f2f,1,1,0,0.041763740,0.008635402,1.000000000,1.000000000,0.100000000,0.010989011,0.010989011,0.036426703,0.002770083,1.000000000,0.000000000,0.000000000,0.000000000,0.000000000,0.000000000,0.857142857,0.882853030,0.867426926,1.000000000,0.964143426,0.903448276,0.871053716,1.020701791,15.367447853,5.368840218,0.749221742,0.804772139,-0.001186558,-0.000011858,0.593582749
300,34.621000000,fused_map_f2f,1,1,0,0.042401171,0.008784125,1.000000000,1.000000000,0.100000000,0.010989011,0.010989011,0.036425547,0.002770083,1.000000000,0.000000000,0.000000000,0.000000000,0.000000000,0.000000000,0.853658537,0.853264006,0.853500724,1.000000000,0.962322695,0.904109589,0.870045176,1.020668173,15.385043144,5.428058147,0.749237001,0.804553688,-0.001178560,-0.000020364,0.593878806
301,34.722000000,fused_map_f2f,1,1,0,0.043454838,0.008063141,1.000000000,1.000000000,0.100000000,0.010989011,0.010989011,0.036438671,0.002770083,1.000000000,0.000000000,0.000000000,0.000000000,0.000000000,0.000000000,0.853658537,1.000000000,0.912195122,1.000000000,0.962863535,0.915492958,0.881494785,1.021049826,15.401608467,5.484776974,0.749290228,0.804343104,-0.001123734,0.000005638,0.594164014
302,34.819000000,fused_map_f2f,1,1,0,0.045230576,0.008200517,1.000000000,1.000000000,0.100000000,0.010989011,0.010989011,0.036411034,0.002770083,1.000000000,0.000000000,0.000000000,0.000000000,0.000000000,0.000000000,0.853658537,1.000000000,0.912195122,1.000000000,0.963725929,0.889655172,0.857383758,1.020246125,15.419527054,5.541906357,0.749122024,0.804153562,-0.001107024,-0.000056527,0.594420552
303,34.927000000,fused_map_f2f,1,1,0,0.045862014,0.008516144,1.000000000,1.000000000,0.100000000,0.010989011,0.010989011,0.036423015,0.002770083,1.000000000,0.000000000,0.000000000,0.000000000,0.000000000,0.000000000,0.850000000,1.000000000,0.910000000,1.000000000,0.962019660,0.902097902,0.867835917,1.020594531,15.437559128,5.603837013,0.748956323,0.803933442,-0.001204881,-0.000068473,0.594718039
304,35.012000000,fused_map_f2f,1,1,0,0.047517170,0.008326811,1.000000000,1.000000000,0.100000000,0.010989011,0.010989011,0.036426407,0.002770083,1.000000000,0.000000000,0.000000000,0.000000000,0.000000000,0.000000000,0.825000000,1.000000000,0.895000000,1.000000000,0.965299685,0.902097902,0.870794820,1.020693161,15.451693535,5.651969433,0.748840392,0.803781211,-0.001178159,-0.000045354,0.594923854
305,35.122000000,fused_map_f2f,1,1,0,0.046409015,0.009218037,1.000000000,1.000000000,0.100000000,0.010989011,0.010989011,0.036401162,0.002770083,1.000000000,0.000000000,0.000000000,0.000000000,0.000000000,0.000000000,0.825000000,1.000000000,0.895000000,1.000000000,0.967205750,0.877551020,0.848772393,1.019959080,15.471331596,5.715297699,0.748724103,0.803547084,-0.001096756,-0.000064687,0.595240176
306,35.219000000,fused_map_f2f,1,1,0,0.046681481,0.008118002,1.000000000,1.000000000,0.100000000,0.010989011,0.010989011,0.036424245,0.002770083,1.000000000,0.000000000,0.000000000,0.000000000,0.000000000,0.000000000,0.871794872,1.000000000,0.923076923,1.000000000,0.970733904,0.895104895,0.868908669,1.020630289,15.487109184,5.770379066,0.748721600,0.803386211,-0.001078439,-0.000072842,0.595457315
307,35.342000000,fused_map_f2f,1,1,0,0.046628926,0.009278167,1.000000000,1.000000000,0.100000000,0.010989011,0.010989011,0.036429969,0.002770083,1.000000000,0.000000000,0.000000000,0.000000000,0.000000000,0.000000000,0.846153846,1.000000000,0.907692308,1.000000000,0.970238095,0.900709220,0.873902398,1.020796747,15.508628845,5.843076229,0.748218119,0.803179741,-0.001089554,-0.000069759,0.595735788
308,35.425000000,fused_map_f2f,1,1,0,0.048614534,0.007495642,1.000000000,1.000000000,0.100000000,0.010989011,0.010989011,0.036427993,0.002770083,1.000000000,0.000000000,0.000000000,0.000000000,0.000000000,0.000000000,0.871794872,0.878977430,0.874667895,1.000000000,0.969863014,0.899280576,0.872178969,1.020739299,15.521981239,5.889910698,0.748162568,0.802997231,-0.000994902,-0.000010434,0.595981956
309,35.514000000,fused_map_f2f,1,1,0,0.048004578,0.008679208,1.000000000,1.000000000,0.100000000,0.010989011,0.010989011,0.036412913,0.002770083,1.000000000,0.000000000,0.000000000,0.000000000,0.000000000,0.000000000,0.871794872,1.000000000,0.923076923,1.000000000,0.968978102,0.886524823,0.859023140,1.020300771,15.537475586,5.942313671,0.748139322,0.802879572,-0.001100415,-0.000056314,0.596140206
310,35.624000000,fused_map_f2f,1,1,0,0.047340556,0.008683130,1.000000000,1.000000000,0.100000000,0.010989011,0.010989011,0.036435517,0.002770083,1.000000000,0.000000000,0.000000000,0.000000000,0.000000000,0.000000000,0.868421053,0.872375018,0.870002639,1.000000000,0.969406393,0.906474820,0.878742485,1.020958083,15.555299759,6.004858017,0.748459220,0.802717686,-0.001128753,-0.000093740,0.596358180
311,35.713000000,fused_map_f2f,1,1,0,0.048713431,0.007977095,1.000000000,1.000000000,0.100000000,0.010989011,0.010989011,0.036425904,0.002770083,1.000000000,0.000000000,0.000000000,0.000000000,0.000000000,0.000000000,0.868421053,0.941181288,0.897525147,1.000000000,0.967063129,0.900000000,0.870356816,1.020678561,15.570145607,6.055695057,0.748494148,0.802568078,-0.001163502,-0.000121222,0.596559346
312,35.815000000,fused_map_f2f,1,1,0,0.051252769,0.008749621,1.000000000,1.000000000,0.100000000,0.010989011,0.010989011,0.036410969,0.002770083,1.000000000,0.000000000,0.000000000,0.000000000,0.000000000,0.000000000,0.842105263,1.000000000,0.905263158,1.000000000,0.966194609,0.887323944,0.857327611,1.020244254,15.586784363,6.113956451,0.748451829,0.802423477,-0.001224115,-0.000162367,0.596753836
313,35.920000000,fused_map_f2f,1,1,0,0.048696003,0.008317316,1.000000000,1.000000000,0.100000000,0.010989011,0.010989011,0.036433238,0.002770083,1.000000000,0.000000000,0.000000000,0.000000000,0.000000000,0.000000000,0.842105263,0.968727994,0.892754356,1.000000000,0.967213115,0.906474820,0.876754334,1.020891811,15.604457855,6.174127102,0.748625219,0.802281439,-0.001232194,-0.000143775,0.596944690
314,36.025000000,fused_map_f2f,1,1,0,0.048057245,0.008080907,1.000000000,1.000000000,0.100000000,0.010989011,0.010989011,0.036421553,0.002770083,1.000000000,0.000000000,0.000000000,0.000000000,0.000000000,0.000000000,0.842105263,1.000000000,0.905263158,1.000000000,0.970547630,0.892857143,0.866560384,1.020552013,15.621959686,6.236471653,0.748445690,0.802121758,-0.001112524,-0.000113549,0.597159445
315,36.119000000,fused_map_f2f,1,1,0,0.051503944,0.008660792,1.000000000,1.000000000,0.100000000,0.010989011,0.010989011,0.036413248,0.002770083,1.000000000,0.000000000,0.000000000,0.000000000,0.000000000,0.000000000,0.894736842,0.857480263,0.879834210,1.000000000,0.969308291,0.886524823,0.859315861,1.020310529,15.637958527,6.290405273,0.748331964,0.801970482,-0.001077637,-0.000041246,0.597362757
316,36.266000000,fused_map_f2f,1,1,0,0.049651764,0.010370540,1.000000000,1.000000000,0.100000000,0.010989011,0.010989011,0.036436328,0.002770083,1.000000000,0.000000000,0.000000000,0.000000000,0.000000000,0.000000000,0.918918919,1.000000000,0.951351351,1.000000000,0.971650663,0.905109489,0.879450235,1.020981675,15.662585258,6.376980782,0.748334706,0.801782668,-0.001167161,-0.000062955,0.597614527
317,36.310000000,fused_map_f2f,1,1,0,0.047670997,0.006016922,1.000000000,1.000000000,0.100000000,0.010989011,0.010989011,0.036430305,0.002770083,1.000000000,0.000000000,0.000000000,0.000000000,0.000000000,0.000000000,0.891891892,1.000000000,0.935135135,1.000000000,0.966590389,0.904411765,0.874195719,1.020806524,15.669939995,6.402043343,0.748268485,0.801722407,-0.001169258,-0.000077688,0.597695410
318,36.421000000,fused_map_f2f,1,1,0,0.050482512,0.008330758,1.000000000,1.000000000,0.100000000,0.010989011,0.010989011,0.036416624,0.002770083,1.000000000,0.000000000,0.000000000,0.000000000,0.000000000,0.000000000,0.842105263,1.000000000,0.905263158,1.000000000,0.969152855,0.889705882,0.862260996,1.020408700,15.688736916,6.467293262,0.748363078,0.801554918,-0.001122144,-0.000058893,0.597920120
319,36.527000000,fused_map_f2f,1,1,0,0.050495446,0.008549938,1.000000000,1.000000000,0.100000000,0.010989011,0.010989011,0.036419312,0.002770083,1.000000000,0.000000000,0.000000000,0.000000000,0.000000000,0.000000000,0.815789474,0.921686674,0.858148354,1.000000000,0.970909091,0.890510949,0.864605176,1.020486839,15.706524849,6.529140472,0.748028576,0.801385939,-0.001242889,-0.000100877,0.598146379
320,36.609000000,fused_map_f2f,1,1,0,0.049937145,0.007307863,1.000000000,1.000000000,0.100000000,0.010989011,0.010989011,0.036411899,0.002770083,1.000000000,0.000000000,0.000000000,0.000000000,0.000000000,0.000000000,0.864864865,1.000000000,0.918918919,1.000000000,0.971611722,0.883211679,0.858138820,1.020271294,15.720072746,6.576540470,0.747884512,0.801311314,-0.001278133,-0.000129741,0.598246157
321,36.718000000,fused_map_f2f,1,1,0,0.049963143,0.008803944,1.000000000,1.000000000,0.100000000,0.010989011,0.010989011,0.036411902,0.002770083,1.000000000,0.000000000,0.000000000,0.000000000,0.000000000,0.000000000,0.891891892,1.000000000,0.935135135,1.000000000,0.970684039,0.884057971,0.858140962,1.020271365,15.737801552,6.639654160,0.747970283,0.801169574,-0.001247426,-0.000103001,0.598436117
322,36.836000000,fused_map_f2f,1,1,0,0.051683950,0.008971562,1.000000000,1.000000000,0.100000000,0.010989011,0.010989011,0.036406744,0.002770083,1.000000000,0.000000000,0.000000000,0.000000000,0.000000000,0.000000000,0.864864865,1.000000000,0.918918919,1.000000000,0.973574409,0.876811594,0.853641330,1.020121378,15.757437706,6.707853317,0.747866571,0.801032603,-0.001268847,-0.000107729,0.598619401
323,36.913000000,fused_map_f2f,1,1,0,0.049756021,0.007603273,1.000000000,1.000000000,0.100000000,0.010989011,0.010989011,0.036445518,0.002770083,1.000000000,0.000000000,0.000000000,0.000000000,0.000000000,0.000000000,0.864864865,1.000000000,0.918918919,1.000000000,0.974050046,0.911111111,0.887467820,1.021248927,15.769849777,6.752093792,0.747735381,0.800962090,-0.001253839,-0.000095522,0.598713756
324,37.020000000,fused_map_f2f,1,1,0,0.049146584,0.008117042,1.000000000,1.000000000,0.100000000,0.010989011,0.010989011,0.036438334,0.002770083,1.000000000,0.000000000,0.000000000,0.000000000,0.000000000,0.000000000,0.864864865,0.962286877,0.903833670,1.000000000,0.974335044,0.904411765,0.881200077,1.021040003,15.787554741,6.815944195,0.747441471,0.800824881,-0.001142164,-0.000063385,0.598897517
325,37.117000000,fused_map_f2f,1,1,0,0.050417829,0.007278343,1.000000000,1.000000000,0.100000000,0.010989011,0.010989011,0.036423804,0.002770083,1.000000000,0.000000000,0.000000000,0.000000000,0.000000000,0.000000000,0.864864865,0.954206391,0.900601475,1.000000000,0.974442379,0.891304348,0.868524729,1.020617491,15.804339409,6.872928619,0.747425258,0.800723255,-0.001107197,-0.000089175,0.599033475
326,37.214000000,fused_map_f2f,1,1,0,0.053085704,0.007944804,1.000000000,1.000000000,0.100000000,0.010989011,0.010989011,0.036423902,0.002770083,1.000000000,0.000000000,0.000000000,0.000000000,0.000000000,0.000000000,0.837837838,0.955489748,0.884898602,1.000000000,0.975406032,0.890510949,0.868609752,1.020620325,15.818991661,6.927509308,0.747688293,0.800637782,-0.001098134,-0.000042364,0.599147737
327,37.318000000,fused_map_f2f,1,1,0,0.051036716,0.008149453,1.000000000,1.000000000,0.100000000,0.010989011,0.010989011,0.036448516,0.002770083,1.000000000,0.000000000,0.000000000,0.000000000,0.000000000,0.000000000,0.837837838,1.000000000,0.902702703,1.000000000,0.977632805,0.910447761,0.890083599,1.021336120,15.835991859,6.988208294,0.747513771,0.800529182,-0.001104674,-0.000051285,0.599292755
328,37.421000000,fused_map_f2f,1,1,0,0.052496543,0.007979183,1.000000000,1.000000000,0.100000000,0.010989011,0.010989011,0.036434461,0.002770083,1.000000000,0.000000000,0.000000000,0.000000000,0.000000000,0.000000000,0.861111111,0.988447302,0.912045587,1.000000000,0.978554779,0.897058824,0.877821198,1.020927373,15.852674484,7.047986984,0.747348905,0.800426126,-0.001101676,-0.000064709,0.599430442
329,37.522000000,fused_map_f2f,1,1,0,0.054023826,0.008266926,1.000000000,1.000000000,0.100000000,0.010989011,0.010989011,0.036426640,0.002770083,1.000000000,0.000000000,0.000000000,0.000000000,0.000000000,0.000000000,0.888888889,0.937371178,0.908281805,1.000000000,0.978088578,0.890510949,0.870998588,1.020699953,15.869891167,7.109065533,0.746838152,0.800300717,-0.001022174,-0.000001793,0.599597991
330,37.624000000,fused_map_f2f,1,1,0,0.052564147,0.007923691,1.000000000,1.000000000,0.100000000,0.010989011,0.010989011,0.036449810,0.002770083,1.000000000,0.000000000,0.000000000,0.000000000,0.000000000,0.000000000,0.888888889,0.910845432,0.897671506,1.000000000,0.978159851,0.911111111,0.891212309,1.021373744,15.887550354,7.170117378,0.746709049,0.800219178,-0.000982834,-0.000004759,0.599706888
331,37.724000000,fused_map_f2f,1,1,0,0.054798202,0.008110164,1.000000000,1.000000000,0.100000000,0.010989011,0.010989011,0.036458779,0.002770083,1.000000000,0.000000000,0.000000000,0.000000000,0.000000000,0.000000000,0.888888889,1.000000000,0.933333333,1.000000000,0.979439252,0.917910448,0.899037523,1.021634584,15.903699875,7.228193283,0.746499956,0.800137043,-0.001048524,-0.000090214,0.599816322
332,37.824000000,fused_map_f2f,1,1,0,0.056231241,0.007935455,1.000000000,1.000000000,0.100000000,0.010989011,0.010989011,0.036454862,0.002770083,1.000000000,0.000000000,0.000000000,0.000000000,0.000000000,0.000000000,0.833333333,0.928546569,0.871418628,1.000000000,0.982292637,0.911764706,0.895619758,1.021520659,15.920812607,7.288492203,0.746611834,0.800023198,-0.000952266,-0.000034154,0.599968314
333,37.916000000,fused_map_f2f,1,1,0,0.053570530,0.007200736,1.000000000,1.000000000,0.100000000,0.010989011,0.010989011,0.036476174,0.002770083,1.000000000,0.000000000,0.000000000,0.000000000,0.000000000,0.000000000,0.861111111,0.997065556,0.915492889,1.000000000,0.980037140,0.932835821,0.914213750,1.022140458,15.936082840,7.341172218,0.746557593,0.799977064,-0.000910638,0.000000433,0.600029886
334,38.022000000,fused_map_f2f,1,1,0,0.054259510,0.007908693,1.000000000,1.000000000,0.100000000,0.010989011,0.010989011,0.036461946,0.002770083,1.000000000,0.000000000,0.000000000,0.000000000,0.000000000,0.000000000,0.944444444,1.000000000,0.966666667,1.000000000,0.981158738,0.919117647,0.901800310,1.021726677,15.953283310,7.404753685,0.746718764,0.799910605,-0.000866127,0.000051578,0.600118577
335,38.128000000,fused_map_f2f,1,1,0,0.053172398,0.008895124,1.000000000,1.000000000,0.100000000,0.010989011,0.010989011,0.036459753,0.002770083,1.000000000,0.000000000,0.000000000,0.000000000,0.000000000,0.000000000,0.888888889,1.000000000,0.933333333,1.000000000,0.980364656,0.917910448,0.899886961,1.021662899,15.970028877,7.466680527,0.746779084,0.799807072,-0.000859399,0.000044964,0.600256562
336,38.225000000,fused_map_f2f,1,1,0,0.052940330,0.007653299,1.000000000,1.000000000,0.100000000,0.010989011,0.010989011,0.036453171,0.002770083,1.000000000,0.000000000,0.000000000,0.000000000,0.000000000,0.000000000,0.916666667,1.000000000,0.950000000,1.000000000,0.981378026,0.911111111,0.894144424,1.021471481,15.986946106,7.526764393,0.746270061,0.799757540,-0.000902589,0.000016531,0.600322545
337,38.326000000,fused_map_f2f,1,1,0,0.050271438,0.008716715,1.000000000,1.000000000,0.100000000,0.010989011,0.010989011,0.036445946,0.002770083,1.000000000,0.000000000,0.000000000,0.000000000,0.000000000,0.000000000,0.916666667,1.000000000,0.950000000,1.000000000,0.980921359,0.905109489,0.887841230,1.021261374,16.002868652,7.585673332,0.746403754,0.799679339,-0.000885409,0.000016922,0.600426733
338,38.426000000,fused_map_f2f,1,1,0,0.053878164,0.008158773,1.000000000,1.000000000,0.100000000,0.010989011,0.010989011,0.036448408,0.002770083,1.000000000,0.000000000,0.000000000,0.000000000,0.000000000,0.000000000,0.942857143,1.000000000,0.965714286,1.000000000,0.983294664,0.905109489,0.889989331,1.021332978,16.019680023,7.646073818,0.745701432,0.799560666,-0.000828459,0.000113654,0.600584745
339,38.523000000,fused_map_f2f,1,1,0,0.053494134,0.008004884,1.000000000,1.000000000,0.100000000,0.010989011,0.010989011,0.036427445,0.002770083,1.000000000,0.000000000,0.000000000,0.000000000,0.000000000,0.000000000,0.914285714,1.000000000,0.948571429,1.000000000,0.984178688,0.885714286,0.871701123,1.020723371,16.035234451,7.702514172,0.745731294,0.799486697,-0.000812937,0.000116504,0.600683212
340,38.623000000,fused_map_f2f,1,1,0,0.051708816,0.007875440,1.000000000,1.000000000,0.100000000,0.010989011,0.010989011,0.036448740,0.002770083,1.000000000,0.000000000,0.000000000,0.000000000,0.000000000,0.000000000,0.914285714,1.000000000,0.948571429,1.000000000,0.983614232,0.905109489,0.890278575,1.021342619,16.051382065,7.760867596,0.745724976,0.799418390,-0.000808115,0.000105220,0.600774169
341,38.720000000,fused_map_f2f,1,1,0,0.053862706,0.009068219,1.000000000,1.000000000,0.100000000,0.010989011,0.010989011,0.036441194,0.002770083,1.000000000,0.000000000,0.000000000,0.000000000,0.000000000,0.000000000,0.971428571,1.000000000,0.982857143,1.000000000,0.982669789,0.899280576,0.883695854,1.021123195,16.067897797,7.818240166,0.745417655,0.799336255,-0.000848357,0.000058462,0.600883424
342,38.820000000,fused_map_f2f,1,1,0,0.052146879,0.008023856,1.000000000,1.000000000,0.100000000,0.010989011,0.010989011,0.036458023,0.002770083,1.000000000,0.000000000,0.000000000,0.000000000,0.000000000,0.000000000,0.971428571,1.000000000,0.982857143,1.000000000,0.984622554,0.912408759,0.898378242,1.021612608,16.083641052,7.877123356,0.745104909,0.799244940,-0.000939044,0.000019191,0.601004660
343,38.924000000,fused_map_f2f,1,1,0,0.050499177,0.008586395,1.000000000,1.000000000,0.100000000,0.010989011,0.010989011,0.036449578,0.002770083,1.000000000,0.000000000,0.000000000,0.000000000,0.000000000,0.000000000,0.942857143,1.000000000,0.965714286,1.000000000,0.983675373,0.905797101,0.891010302,1.021367010,16.100429535,7.938234329,0.745174110,0.799178064,-0.000893141,0.000060562,0.601093650
344,39.012000000,fused_map_f2f,1,1,0,0.051585697,0.011438734,1.000000000,1.000000000,0.100000000,0.010989011,0.010989011,0.036449784,0.002770083,1.000000000,0.000000000,0.000000000,0.000000000,0.000000000,0.000000000,0.942857143,1.000000000,0.965714286,1.000000000,0.983138173,0.906474820,0.891189999,1.021373000,16.114490509,7.989539146,0.745227695,0.799124897,-0.000879261,0.000070220,0.601164401
345,39.114000000,fused_map_f2f,1,1,0,0.054171509,0.008600742,1.000000000,1.000000000,0.100000000,0.010989011,0.010989011,0.036460756,0.002770083,1.000000000,0.000000000,0.000000000,0.000000000,0.000000000,0.000000000,0.885714286,1.000000000,0.931428571,1.000000000,0.986549165,0.913043478,0.900762281,1.021692076,16.131526947,8.051815987,0.745709717,0.799054027,-0.000906671,0.000060168,0.601258576
346,39.212000000,fused_map_f2f,1,1,0,0.051375277,0.008025816,1.000000000,1.000000000,0.100000000,0.010989011,0.010989011,0.036461905,0.002770083,1.000000000,0.000000000,0.000000000,0.000000000,0.000000000,0.000000000,0.888888889,1.000000000,0.933333333,1.000000000,0.986970684,0.913669065,0.901764582,1.021725486,16.149198532,8.110587120,0.745564282,0.799025357,-0.000841830,0.000092575,0.601296782
347,39.321000000,fused_map_f2f,1,1,0,0.052927005,0.008377170,1.000000000,1.000000000,0.100000000,0.010989011,0.010989011,0.036471969,0.002770083,1.000000000,0.000000000,0.000000000,0.000000000,0.000000000,0.000000000,0.888888889,1.000000000,0.933333333,1.000000000,0.988795518,0.920863309,0.910545513,1.022018184,16.167215347,8.176084518,0.745485485,0.798951983,-0.000850185,0.000099833,0.601394236
348,39.415000000,fused_map_f2f,1,1,0,0.054895409,0.008140352,1.000000000,1.000000000,0.100000000,0.010989011,0.010989011,0.036464515,0.002770083,1.000000000,0.000000000,0.000000000,0.000000000,0.000000000,0.000000000,0.888888889,1.000000000,0.933333333,1.000000000,0.988795518,0.914285714,0.904041617,1.021801387,16.182226181,8.230963707,0.745575547,0.798901558,-0.000824991,0.000127997,0.601461291
349,39.509000000,fused_map_f2f,1,1,0,0.054764693,0.007733966,1.000000000,1.000000000,0.100000000,0.010989011,0.010989011,0.036479960,0.002770083,1.000000000,0.000000000,0.000000000,0.000000000,0.000000000,0.000000000,0.914285714,1.000000000,0.948571429,1.000000000,0.989762680,0.927007299,0.917517229,1.022250574,16.197278976,8.286538124,0.745267272,0.798882246,-0.000958183,0.000012585,0.601486683
350,39.656000000,fused_map_f2f,1,1,0,0.055319877,0.010319806,1.000000000,1.000000000,0.100000000,0.010989011,0.010989011,0.036472660,0.002770083,1.000000000,0.000000000,0.000000000,0.000000000,0.000000000,0.000000000,0.971428571,1.000000000,0.982857143,1.000000000,0.990693346,0.919708029,0.911148625,1.022038287,16.222122192,8.375556946,0.745563447,0.798805118,-0.000854487,0.000046117,0.601589322
351,39.726000000,fused_map_f2f,1,1,0,0.056642018,0.006972149,1.000000000,1.000000000,0.100000000,0.010989011,0.010989011,0.036463843,0.002770083,1.000000000,0.000000000,0.000000000,0.000000000,0.000000000,0.000000000,0.942857143,1.000000000,0.965714286,1.000000000,0.988821612,0.913669065,0.903455717,1.021781857,16.233472824,8.416261673,0.745259941,0.798765004,-0.000853411,0.000013385,0.601642489
352,39.813000000,fused_map_f2f,1,1,0,0.055348235,0.007549192,1.000000000,1.000000000,0.100000000,0.010989011,0.010989011,0.036462990,0.002770083,1.000000000,0.000000000,0.000000000,0.000000000,0.000000000,0.000000000,0.914285714,1.000000000,0.948571429,1.000000000,0.988007380,0.913669065,0.902711779,1.021757059,16.247684479,8.467610359,0.745240688,0.798722684,-0.000757016,0.000081768,0.601698875
353,39.922000000,fused_map_f2f,1,1,0,0.055222805,0.008172032,1.000000000,1.000000000,0.100000000,0.010989011,0.010989011,0.036454809,0.002770083,1.000000000,0.000000000,0.000000000,0.000000000,0.000000000,0.000000000,0.942857143,1.000000000,0.965714286,1.000000000,0.987974098,0.906474820,0.895573643,1.021519121,16.265073776,8.531468391,0.745095670,0.798688591,-0.000796809,0.000086592,0.601744056
354,40.018000000,fused_map_f2f,1,1,0,0.058147519,0.007594294,1.000000000,1.000000000,0.100000000,0.010989011,0.010989011,0.036446940,0.002770083,1.000000000,0.000000000,0.000000000,0.000000000,0.000000000,0.000000000,0.914285714,1.000000000,0.948571429,1.000000000,0.987453532,0.900000000,0.888708178,1.021290273,16.280448914,8.586627007,0.745076835,0.798639059,-0.000813000,0.000105291,0.601809740
355,40.120000000,fused_map_f2f,1,1,0,0.056952956,0.007971722,1.000000000,1.000000000,0.100000000,0.010989011,0.010989011,0.036434941,0.002770083,1.000000000,0.000000000,0.000000000,0.000000000,0.000000000,0.000000000,0.942857143,1.000000000,0.965714286,1.000000000,0.989762680,0.887323944,0.878240125,1.020941337,16.297046661,8.646301270,0.744713008,0.798604846,-0.000903033,0.000037746,0.601855099
356,40.216000000,fused_map_f2f,1,1,0,0.056923219,0.007972511,1.000000000,1.000000000,0.100000000,0.010989011,0.010989011,0.036436447,0.002770083,1.000000000,0.000000000,0.000000000,0.000000000,0.000000000,0.000000000,0.942857143,1.000000000,0.965714286,1.000000000,0.992136910,0.886524823,0.879553998,1.020985133,16.313491821,8.705417633,0.745287955,0.798519135,-0.000892593,0.000031960,0.601968765
357,40.316000000,fused_map_f2f,1,1,0,0.057718651,0.008587011,1.000000000,1.000000000,0.100000000,0.010989011,0.010989011,0.036424213,0.002770083,1.000000000,0.000000000,0.000000000,0.000000000,0.000000000,0.000000000,0.942857143,1.000000000,0.965714286,1.000000000,0.988001846,0.879432624,0.868881056,1.020629369,16.329721451,8.765775681,0.745190680,0.798487425,-0.000860531,0.000053902,0.602010846
358,40.414000000,fused_map_f2f,1,1,0,0.057874074,0.008720030,1.000000000,1.000000000,0.100000000,0.010989011,0.010989011,0.036428396,0.002770083,1.000000000,0.000000000,0.000000000,0.000000000,0.000000000,0.000000000,0.914285714,1.000000000,0.948571429,1.000000000,0.992151431,0.879432624,0.872530337,1.020751011,16.345535278,8.823515892,0.745182931,0.798445582,-0.000939529,-0.000005963,0.602066278
359,40.512000000,fused_map_f2f,1,1,0,0.055893019,0.008257885,1.000000000,1.000000000,0.100000000,0.010989011,0.010989011,0.036427485,0.002770083,1.000000000,0.000000000,0.000000000,0.000000000,0.000000000,0.000000000,0.942857143,1.000000000,0.965714286,1.000000000,0.991248273,0.879432624,0.871736070,1.020724536,16.361347198,8.881213188,0.745255888,0.798391759,-0.000889428,0.000000619,0.602137685
360,40.615000000,fused_map_f2f,1,1,0,0.056298442,0.008519290,1.000000000,1.000000000,0.100000000,0.010989011,0.010989011,0.036442771,0.002770083,1.000000000,0.000000000,0.000000000,0.000000000,0.000000000,0.000000000,0.914285714,1.000000000,0.948571429,1.000000000,0.991280404,0.892857143,0.885071789,1.021169060,16.377683640,8.941984177,0.745047033,0.798367858,-0.000816572,0.000067852,0.602169573
361,40.710000000,fused_map_f2f,1,1,0,0.059223319,0.007878747,1.000000000,1.000000000,0.100000000,0.010989011,0.010989011,0.036446994,0.002770083,1.000000000,0.000000000,0.000000000,0.000000000,0.000000000,0.000000000,0.914285714,1.000000000,0.948571429,1.000000000,0.995406523,0.892857143,0.888755824,1.021291861,16.393125534,8.997788429,0.744845569,0.798348844,-0.000812838,0.000074533,0.602194786
362,40.821000000,fused_map_f2f,1,1,0,0.055708645,0.008467447,1.000000000,1.000000000,0.100000000,0.010989011,0.010989011,0.036449721,0.002770083,1.000000000,0.000000000,0.000000000,0.000000000,0.000000000,0.000000000,0.942857143,1.000000000,0.965714286,1.000000000,0.991746905,0.898550725,0.891134900,1.021371163,16.412288666,9.065202713,0.744562149,0.798270702,-0.000731078,0.000091659,0.602298379
363,40.916000000,fused_map_f2f,1,1,0,0.056821423,0.007918347,1.000000000,1.000000000,0.100000000,0.010989011,0.010989011,0.036436955,0.002770083,1.000000000,0.000000000,0.000000000,0.000000000,0.000000000,0.000000000,0.888888889,1.000000000,0.933333333,1.000000000,0.993545413,0.885714286,0.879997365,1.020999912,16.427516937,9.123085976,0.744841039,0.798246384,-0.000713968,0.000089644,0.602330625
364,41.010000000,fused_map_f2f,1,1,0,0.056984567,0.007960734,1.000000000,1.000000000,0.100000000,0.010989011,0.010989011,0.036437886,0.002770083,1.000000000,0.000000000,0.000000000,0.000000000,0.000000000,0.000000000,0.916666667,1.000000000,0.950000000,1.000000000,0.994462390,0.885714286,0.880809546,1.021026985,16.443246841,9.178677559,0.744280100,0.798235714,-0.000725028,0.000122946,0.602344751
365,41.123000000,fused_map_f2f,1,1,0,0.054167983,0.009225497,1.000000000,1.000000000,0.100000000,0.010989011,0.010989011,0.036421852,0.002770083,1.000000000,0.000000000,0.000000000,0.000000000,0.000000000,0.000000000,0.888888889,1.000000000,0.933333333,1.000000000,0.992650436,0.873239437,0.866821508,1.020560717,16.461343765,9.245422363,0.744490385,0.798181593,-0.000719281,0.000061038,0.602416515
366,41.223000000,fused_map_f2f,1,1,0,0.056175607,0.008324384,1.000000000,1.000000000,0.100000000,0.010989011,0.010989011,0.036430307,0.002770083,1.000000000,0.000000000,0.000000000,0.000000000,0.000000000,0.000000000,0.916666667,1.000000000,0.950000000,1.000000000,0.994047619,0.879432624,0.874197906,1.020806597,16.477716446,9.304191589,0.744511068,0.798182368,-0.000684102,0.000063279,0.602415502
367,41.320000000,fused_map_f2f,1,1,0,0.057668420,0.007704502,1.000000000,1.000000000,0.100000000,0.010989011,0.010989011,0.036464509,0.002770083,1.000000000,0.000000000,0.000000000,0.000000000,0.000000000,0.000000000,0.942857143,1.000000000,0.965714286,1.000000000,0.995852535,0.907801418,0.904036343,1.021801211,16.493522644,9.361392975,0.744369149,0.798163056,-0.000686398,0.000062498,0.602441072
368,41.414000000,fused_map_f2f,1,1,0,0.057435043,0.007753926,1.000000000,1.000000000,0.100000000,0.010989011,0.010989011,0.036471207,0.002770083,1.000000000,0.000000000,0.000000000,0.000000000,0.000000000,0.000000000,0.971428571,1.000000000,0.982857143,1.000000000,0.994520548,0.914893617,0.909880501,1.021996017,16.508769989,9.417305946,0.744292915,0.798131287,-0.000708979,0.000035131,0.602483153
369,41.529000000,fused_map_f2f,1,1,0,0.058588399,0.008523643,1.000000000,1.000000000,0.100000000,0.010989011,0.010989011,0.036472360,0.002770083,1.000000000,0.000000000,0.000000000,0.000000000,0.000000000,0.000000000,0.942857143,1.000000000,0.965714286,1.000000000,0.994967978,0.915492958,0.910886177,1.022029539,16.527643204,9.486768723,0.744417667,0.798049688,-0.000775031,-0.000003677,0.602591217
370,41.626000000,fused_map_f2f,1,1,0,0.057668404,0.007394317,1.000000000,1.000000000,0.100000000,0.010989011,0.010989011,0.036465546,0.002770083,1.000000000,0.000000000,0.000000000,0.000000000,0.000000000,0.000000000,0.942857143,1.000000000,0.965714286,1.000000000,0.995435874,0.909090909,0.904941704,1.021831390,16.543207169,9.545276642,0.744270086,0.798033178,-0.000687314,0.000097208,0.602613091
371,41.725000000,fused_map_f2f,1,1,0,0.059565316,0.008593018,1.000000000,1.000000000,0.100000000,0.010989011,0.010989011,0.036458673,0.002770083,1.000000000,0.000000000,0.000000000,0.000000000,0.000000000,0.000000000,0.942857143,1.000000000,0.965714286,1.000000000,0.995015859,0.903448276,0.898945362,1.021631512,16.559551239,9.603430748,0.744217277,0.798014641,-0.000702525,0.000069329,0.602637649
372,41.817000000,fused_map_f2f,1,1,0,0.059320329,0.007612301,1.000000000,1.000000000,0.100000000,0.010989011,0.010989011,0.036451625,0.002770083,1.000000000,0.000000000,0.000000000,0.000000000,0.000000000,0.000000000,0.971428571,1.000000000,0.982857143,1.000000000,0.995024876,0.897260274,0.892796293,1.021426543,16.574714661,9.657732010,0.744263053,0.798015535,-0.000680678,0.000058443,0.602636456
373,41.919000000,fused_map_f2f,1,1,0,0.058434204,0.008032752,1.000000000,1.000000000,0.100000000,0.010989011,0.010989011,0.036486892,0.002770083,1.000000000,0.000000000,0.000000000,0.000000000,0.000000000,0.000000000,0.942857143,1.000000000,0.965714286,1.000000000,0.994066636,0.929078014,0.923565456,1.022452182,16.592393875,9.720706940,0.744340062,0.797973216,-0.000618434,0.000066013,0.602692604
374,42.022000000,fused_map_f2f,1,1,0,0.059530902,0.008057328,1.000000000,1.000000000,0.100000000,0.010989011,0.010989011,0.036465845,0.002770083,1.000000000,0.000000000,0.000000000,0.000000000,0.000000000,0.000000000,0.942857143,1.000000000,0.965714286,1.000000000,0.995031617,0.909722222,0.905202374,1.021840079,16.609876633,9.784220695,0.744134963,0.797978699,-0.000604687,0.000076799,0.602685392
375,42.126000000,fused_map_f2f,1,1,0,0.059978550,0.008024393,1.000000000,1.000000000,0.100000000,0.010989011,0.010989011,0.036439151,0.002770083,1.000000000,0.000000000,0.000000000,0.000000000,0.000000000,0.000000000,0.916666667,1.000000000,0.950000000,1.000000000,0.996360328,0.885135135,0.881913533,1.021063784,16.627037048,9.846638680,0.744103789,0.797936857,-0.000674829,0.000047833,0.602740705
376,42.221000000,fused_map_f2f,1,1,0,0.058102482,0.008679607,1.000000000,1.000000000,0.100000000,0.010989011,0.010989011,0.036445653,0.002770083,1.000000000,0.000000000,0.000000000,0.000000000,0.000000000,0.000000000,0.916666667,1.000000000,0.950000000,1.000000000,0.996826836,0.890410959,0.887585539,1.021252851,16.642654419,9.902816772,0.744192779,0.797930896,-0.000672318,0.000040065,0.602748632
377,42.314000000,fused_map_f2f,1,1,0,0.059575921,0.007408679,1.000000000,1.000000000,0.100000000,0.010989011,0.010989011,0.036439131,0.002770083,1.000000000,0.000000000,0.000000000,0.000000000,0.000000000,0.000000000,0.944444444,1.000000000,0.966666667,1.000000000,0.995473065,0.885906040,0.881895601,1.021063187,16.657054901,9.960183144,0.743681550,0.797885299,-0.000734938,0.000025217,0.602808833
378,42.412000000,fused_map_f2f,1,1,0,0.058112255,0.007916447,1.000000000,1.000000000,0.100000000,0.010989011,0.010989011,0.036461596,0.002770083,1.000000000,0.000000000,0.000000000,0.000000000,0.000000000,0.000000000,0.916666667,1.000000000,0.950000000,1.000000000,0.996389892,0.904761905,0.901495616,1.021716521,16.672618866,10.016606331,0.743829489,0.797856092,-0.000804286,-0.000028745,0.602847397
379,42.512000000,fused_map_f2f,1,1,0,0.058579586,0.008033856,1.000000000,1.000000000,0.100000000,0.010989011,0.010989011,0.036447723,0.002770083,1.000000000,0.000000000,0.000000000,0.000000000,0.000000000,0.000000000,0.916666667,1.000000000,0.950000000,1.000000000,0.996386631,0.892617450,0.889392093,1.021313070,16.688732147,10.075111389,0.743737221,0.797803104,-0.000777670,-0.000010003,0.602917612
380,42.610000000,fused_map_f2f,1,1,0,0.059729062,0.007675033,1.000000000,1.000000000,0.100000000,0.010989011,0.010989011,0.036455078,0.002770083,1.000000000,0.000000000,0.000000000,0.000000000,0.000000000,0.000000000,0.944444444,1.000000000,0.966666667,1.000000000,0.996839729,0.898648649,0.895808675,1.021526956,16.703939438,10.132678032,0.743717313,0.797777832,-0.000804629,-0.000021376,0.602950990
381,42.710000000,fused_map_f2f,1,1,0,0.056425525,0.008753419,1.000000000,1.000000000,0.100000000,0.010989011,0.010989011,0.036440533,0.002770083,1.000000000,0.000000000,0.000000000,0.000000000,0.000000000,0.000000000,0.916666667,1.000000000,0.950000000,1.000000000,0.996853933,0.885906040,0.883118920,1.021103964,16.721557617,10.194596291,0.743655503,0.797784865,-0.000796443,-0.000014650,0.602941751
382,42.817000000,fused_map_f2f,1,1,0,0.055110593,0.008276502,1.000000000,1.000000000,0.100000000,0.010989011,0.010989011,0.036415851,0.002770083,1.000000000,0.000000000,0.000000000,0.000000000,0.000000000,0.000000000,0.916666667,1.000000000,0.950000000,1.000000000,0.998656516,0.862745098,0.861586014,1.020386200,16.738821030,10.257748604,0.743797123,0.797765672,-0.000799831,-0.000031740,0.602967083
383,42.925000000,fused_map_f2f,1,1,0,0.057031483,0.008528305,1.000000000,1.000000000,0.100000000,0.010989011,0.010989011,0.036449579,0.002770083,1.000000000,0.000000000,0.000000000,0.000000000,0.000000000,0.000000000,0.916666667,1.000000000,0.950000000,1.000000000,0.998199820,0.892617450,0.891010578,1.021367019,16.756587982,10.324507713,0.743374467,0.797756314,-0.000831452,-0.000031644,0.602979481
384,43.018000000,fused_map_f2f,1,1,0,0.057837844,0.007442504,1.000000000,1.000000000,0.100000000,0.010989011,0.010989011,0.036409164,0.002770083,1.000000000,0.000000000,0.000000000,0.000000000,0.000000000,0.000000000,0.888888889,1.000000000,0.933333333,1.000000000,0.997305793,0.858064516,0.855752712,1.020191757,16.773704529,10.381704330,0.743470371,0.797761679,-0.000816688,-0.000026138,0.602972329
385,43.174000000,fused_map_f2f,1,1,0,0.056892500,0.012188748,1.000000000,1.000000000,0.100000000,0.010989011,0.010989011,0.036422905,0.002770083,1.000000000,0.000000000,0.000000000,0.000000000,0.000000000,0.000000000,0.891891892,1.000000000,0.935135135,1.000000000,0.998227736,0.869281046,0.867740450,1.020591348,16.799337387,10.474835396,0.743533671,0.797715485,-0.000821709,-0.000011230,0.603033483
386,43.214000000,fused_map_f2f,1,1,0,0.056633596,0.005527630,1.000000000,1.000000000,0.100000000,0.010989011,0.010989011,0.036436974,0.002770083,1.000000000,0.000000000,0.000000000,0.000000000,0.000000000,0.000000000,0.864864865,1.000000000,0.918918919,1.000000000,0.998224589,0.881578947,0.880013783,1.021000459,16.804813385,10.498882294,0.743126690,0.797746241,-0.000811592,0.000013938,0.602992773
387,43.311000000,fused_map_f2f,1,1,0,0.059160383,0.008133849,1.000000000,1.000000000,0.100000000,0.010989011,0.010989011,0.036411557,0.002770083,1.000000000,0.000000000,0.000000000,0.000000000,0.000000000,0.000000000,0.891891892,1.000000000,0.935135135,1.000000000,0.998680158,0.858974359,0.857840649,1.020261355,16.820734024,10.555999756,0.743094027,0.797723293,-0.000836656,-0.000001666,0.603023112
388,43.422000000,fused_map_f2f,1,1,0,0.060244185,0.008818897,0.999033436,0.999033436,0.100000000,0.010999526,0.010999526,0.036456444,0.002772756,1.000000000,0.000000000,0.000000000,0.000000000,0.000000000,0.000000000,0.918918919,1.000000000,0.951351351,1.000000000,0.997810858,0.869281046,0.867378066,1.020579269,16.838424683,10.620840073,0.743037879,0.797673047,-0.000846824,-0.000033962,0.603089571
389,43.516000000,fused_map_f2f,1,1,0,0.057661152,0.007953065,1.000000000,1.000000000,0.100000000,0.010989011,0.010989011,0.036429903,0.002770083,1.000000000,0.000000000,0.000000000,0.000000000,0.000000000,0.000000000,0.916666667,1.000000000,0.950000000,1.000000000,0.998680158,0.875000000,0.873845139,1.020794838,16.852895737,10.676169395,0.742829621,0.797638893,-0.000822559,-0.000047822,0.603134811
390,43.617000000,fused_map_f2f,1,1,0,0.059002158,0.008658383,1.000000000,1.000000000,0.100000000,0.010989011,0.010989011,0.036437444,0.002770083,1.000000000,0.000000000,0.000000000,0.000000000,0.000000000,0.000000000,0.918918919,1.000000000,0.951351351,1.000000000,0.998689956,0.881578947,0.880424040,1.021014135,16.868965149,10.736121178,0.742758214,0.797614515,-0.000845801,-0.000043002,0.603166997
391,43.710000000,fused_map_f2f,1,1,0,0.059294179,0.008815509,1.000000000,1.000000000,0.100000000,0.010989011,0.010989011,0.036412002,0.002770083,1.000000000,0.000000000,0.000000000,0.000000000,0.000000000,0.000000000,0.894736842,1.000000000,0.936842105,1.000000000,0.999131190,0.858974359,0.858228074,1.020274269,16.883686066,10.791162491,0.742745101,0.797594368,-0.000851258,-0.000030644,0.603193641
392,43.822000000,fused_map_f2f,1,1,0,0.057801252,0.009452024,1.000000000,1.000000000,0.100000000,0.010989011,0.010989011,0.036419776,0.002770083,1.000000000,0.000000000,0.000000000,0.000000000,0.000000000,0.000000000,0.918918919,1.000000000,0.951351351,1.000000000,0.999567474,0.865384615,0.865010314,1.020500344,16.901449203,10.857507706,0.742748260,0.797571421,-0.000847963,0.000002279,0.603223979
393,43.918000000,fused_map_f2f,1,1,0,0.058620293,0.008097481,1.000000000,1.000000000,0.100000000,0.010989011,0.010989011,0.036435353,0.002770083,1.000000000,0.000000000,0.000000000,0.000000000,0.000000000,0.000000000,0.868421053,1.000000000,0.921052632,1.000000000,0.999565972,0.878980892,0.878599390,1.020953313,16.916803360,10.914988518,0.742608130,0.797553420,-0.000848824,0.000012525,0.603247762
394,44.019000000,fused_map_f2f,1,1,0,0.058174600,0.008874524,1.000000000,1.000000000,0.100000000,0.010989011,0.010989011,0.036409065,0.002770083,1.000000000,0.000000000,0.000000000,0.000000000,0.000000000,0.000000000,0.921052632,1.000000000,0.952631579,1.000000000,0.998277347,0.857142857,0.855666298,1.020188877,16.933069229,10.974484444,0.742407441,0.797542393,-0.000890520,-0.000005314,0.603262246
395,44.112000000,fused_map_f2f,1,1,0,0.057882847,0.008094851,1.000000000,1.000000000,0.100000000,0.010989011,0.010989011,0.036434927,0.002770083,1.000000000,0.000000000,0.000000000,0.000000000,0.000000000,0.000000000,0.921052632,1.000000000,0.952631579,1.000000000,0.999143469,0.878980892,0.878228017,1.020940934,16.947835922,11.029622078,0.742353261,0.797515333,-0.000901816,0.000000502,0.603298008
396,44.221000000,fused_map_f2f,1,1,0,0.057724194,0.009242591,1.000000000,1.000000000,0.100000000,0.010989011,0.010989011,0.036409734,0.002770083,1.000000000,0.000000000,0.000000000,0.000000000,0.000000000,0.000000000,0.894736842,1.000000000,0.936842105,1.000000000,1.000000000,0.856250000,0.856250000,1.020208333,16.964878082,11.094359398,0.742153287,0.797485232,-0.000944388,-0.000043688,0.603337765
397,44.317000000,fused_map_f2f,1,1,0,0.058389910,0.008769253,1.000000000,1.000000000,0.100000000,0.010989011,0.010989011,0.036416898,0.002770083,1.000000000,0.000000000,0.000000000,0.000000000,0.000000000,0.000000000,0.921052632,1.000000000,0.952631579,1.000000000,1.000000000,0.862500000,0.862500000,1.020416667,16.979919434,11.151355743,0.742068589,0.797445476,-0.000983512,-0.000064537,0.603390217
398,44.418000000,fused_map_f2f,1,1,0,0.057950986,0.008827783,1.000000000,1.000000000,0.100000000,0.010989011,0.010989011,0.036443922,0.002770083,1.000000000,0.000000000,0.000000000,0.000000000,0.000000000,0.000000000,0.945945946,1.000000000,0.967567568,1.000000000,1.000000000,0.886075949,0.886075949,1.021202532,16.996131897,11.211060524,0.742050231,0.797429562,-0.001004599,-0.000072867,0.603411198
399,44.512000000,fused_map_f2f,1,1,0,0.056663277,0.009286434,1.000000000,1.000000000,0.100000000,0.010989011,0.010989011,0.036456943,0.002770083,1.000000000,0.000000000,0.000000000,0.000000000,0.000000000,0.000000000,0.945945946,1.000000000,0.967567568,1.000000000,1.000000000,0.897435897,0.897435897,1.021581197,17.012449265,11.270275116,0.743254423,0.797431767,-0.000870041,-0.000062932,0.603408515
400,44.621000000,fused_map_f2f,1,1,0,0.059295832,0.009244425,1.000000000,1.000000000,0.100000000,0.010989011,0.010989011,0.036451177,0.002770083,1.000000000,0.000000000,0.000000000,0.000000000,0.000000000,0.000000000,0.947368421,1.000000000,0.968421053,1.000000000,1.000000000,0.892405063,0.892405063,1.021413502,17.030189514,11.335424423,0.743213832,0.797387660,-0.000853156,-0.000061209,0.603466809
401,44.718000000,fused_map_f2f,1,1,0,0.057347359,0.008428990,1.000000000,1.000000000,0.100000000,0.010989011,0.010989011,0.036443091,0.002770083,1.000000000,0.000000000,0.000000000,0.000000000,0.000000000,0.000000000,0.972972973,1.000000000,0.983783784,1.000000000,1.000000000,0.885350318,0.885350318,1.021178344,17.045085907,11.392460823,0.743120492,0.797360003,-0.000859651,-0.000068466,0.603503346
402,44.815000000,fused_map_f2f,1,1,0,0.056006808,0.008399948,1.000000000,1.000000000,0.100000000,0.010989011,0.010989011,0.036437535,0.002770083,1.000000000,0.000000000,0.000000000,0.000000000,0.000000000,0.000000000,0.923076923,1.000000000,0.953846154,1.000000000,1.000000000,0.880503145,0.880503145,1.021016771,17.060754776,11.450860023,0.742940128,0.797330022,-0.000828188,-0.000050402,0.603542984
403,44.914000000,fused_map_f2f,1,1,0,0.058119744,0.009480488,1.000000000,1.000000000,0.100000000,0.010989011,0.010989011,0.036424063,0.002770083,1.000000000,0.000000000,0.000000000,0.000000000,0.000000000,0.000000000,0.923076923,1.000000000,0.953846154,1.000000000,1.000000000,0.868750000,0.868750000,1.020625000,17.076284409,11.509266853,0.742770255,0.797314107,-0.000845661,-0.000066413,0.603564024
404,45.022000000,fused_map_f2f,1,1,0,0.059436770,0.009477993,1.000000000,1.000000000,0.100000000,0.010989011,0.010989011,0.036417877,0.002770083,1.000000000,0.000000000,0.000000000,0.000000000,0.000000000,0.000000000,0.947368421,1.000000000,0.968421053,1.000000000,1.000000000,0.863354037,0.863354037,1.020445135,17.093223572,11.572677612,0.742554247,0.797281146,-0.000881171,-0.000093195,0.603607476
405,45.118000000,fused_map_f2f,1,1,0,0.056864148,0.008951953,1.000000000,1.000000000,0.100000000,0.010989011,0.010989011,0.036405734,0.002770083,1.000000000,0.000000000,0.000000000,0.000000000,0.000000000,0.000000000,0.923076923,1.000000000,0.953846154,1.000000000,1.000000000,0.852760736,0.852760736,1.020092025,17.108013153,11.629758835,0.742541790,0.797229588,-0.000812579,-0.000033192,0.603675723
406,45.212000000,fused_map_f2f,1,1,0,0.059039519,0.008398998,1.000000000,1.000000000,0.100000000,0.010989011,0.010989011,0.036389184,0.002770083,1.000000000,0.000000000,0.000000000,0.000000000,0.000000000,0.000000000,0.925000000,1.000000000,0.955000000,1.000000000,1.000000000,0.838323353,0.838323353,1.019610778,17.122482300,11.684717178,0.742342591,0.797213852,-0.000821718,-0.000020680,0.603696406
407,45.310000000,fused_map_f2f,1,1,0,0.059752006,0.008958672,1.000000000,1.000000000,0.100000000,0.010989011,0.010989011,0.036419799,0.002770083,1.000000000,0.000000000,0.000000000,0.000000000,0.000000000,0.000000000,0.925000000,1.000000000,0.955000000,1.000000000,1.000000000,0.865030675,0.865030675,1.020501022,17.137786865,11.742449760,0.742115557,0.797208250,-0.000929520,-0.000092596,0.603703737
408,45.421000000,fused_map_f2f,1,1,0,0.060973566,0.010059972,0.996146299,0.996146299,0.100000000,0.011031054,0.011031054,0.036551419,0.002780770,1.000000000,0.000000000,0.000000000,0.000000000,0.000000000,0.000000000,0.925000000,1.000000000,0.955000000,1.000000000,1.000000000,0.861445783,0.861445783,1.020381526,17.155273438,11.807231903,0.741831183,0.797188163,-0.000997865,-0.000141795,0.603730142
409,45.519000000,fused_map_f2f,1,1,0,0.061566868,0.009372682,0.993797815,0.993797815,0.100000000,0.011056834,0.011056834,0.036626675,0.002787323,1.000000000,0.000000000,0.000000000,0.000000000,0.000000000,0.000000000,0.902439024,1.000000000,0.941463415,1.000000000,1.000000000,0.854545455,0.854545455,1.020151515,17.170406342,11.864668846,0.741524816,0.797162890,-0.000998663,-0.000135227,0.603763461
410,45.622000000,fused_map_f2f,1,1,0,0.063274555,0.009780568,0.987038220,0.987038220,0.100000000,0.011131712,0.011131712,0.036868260,0.002806358,1.000000000,0.000000000,0.000000000,0.000000000,0.000000000,0.000000000,0.878048780,1.000000000,0.926829268,1.000000000,1.000000000,0.854545455,0.854545455,1.020151515,17.186553955,11.924132347,0.741338015,0.797168553,-0.001044569,-0.000150441,0.603755951
411,45.722000000,fused_map_f2f,1,1,0,0.064103855,0.009754858,0.983755572,0.983755572,0.100000000,0.011168442,0.011168442,0.036962046,0.002815696,1.000000000,0.000000000,0.000000000,0.000000000,0.000000000,0.000000000,0.878048780,1.000000000,0.926829268,1.000000000,1.000000000,0.833333333,0.833333333,1.019444444,17.201686859,11.983312607,0.740392625,0.797124863,-0.001086455,-0.000172868,0.603813529
412,45.827000000,fused_map_f2f,1,1,0,0.060622535,0.009816867,0.997535800,0.997535800,0.100000000,0.011015858,0.011015858,0.036453265,0.002776907,1.000000000,0.000000000,0.000000000,0.000000000,0.000000000,0.000000000,0.857142857,1.000000000,0.914285714,1.000000000,1.000000000,0.818713450,0.818713450,1.018957115,17.217962265,12.045157433,0.740532041,0.797102451,-0.001069708,-0.000156857,0.603843212
413,45.922000000,fused_map_f2f,1,1,0,0.062108481,0.009205216,0.991653927,0.991653927,0.100000000,0.011080473,0.011080473,0.036629491,0.002793332,1.000000000,0.000000000,0.000000000,0.000000000,0.000000000,0.000000000,0.860465116,1.000000000,0.916279070,1.000000000,1.000000000,0.790960452,0.790960452,1.018032015,17.232646942,12.099928856,0.740460098,0.797092795,-0.001070489,-0.000155963,0.603855968
414,46.025000000,fused_map_f2f,1,1,0,0.062966329,0.009472023,0.988258281,0.988258281,0.100000000,0.011118122,0.011118122,0.036757273,0.002802903,1.000000000,0.000000000,0.000000000,0.000000000,0.000000000,0.000000000,0.883720930,1.000000000,0.930232558,1.000000000,1.000000000,0.796610169,0.796610169,1.018220339,17.248680115,12.159308434,0.740430176,0.797067046,-0.001016432,-0.000134047,0.603889942
415,46.115000000,fused_map_f2f,1,1,0,0.063470500,0.010133170,0.986262603,0.986262603,0.100000000,0.011140369,0.011140369,0.036807041,0.002808559,1.000000000,0.000000000,0.000000000,0.000000000,0.000000000,0.000000000,0.860465116,1.000000000,0.916279070,1.000000000,1.000000000,0.777777778,0.777777778,1.017592593,17.262302399,12.211058617,0.740240693,0.797047198,-0.001013860,-0.000129082,0.603916228
416,46.225000000,fused_map_f2f,1,1,0,0.062022272,0.010726522,0.991995171,0.991995171,0.100000000,0.011076704,0.011076704,0.036602125,0.002792374,1.000000000,0.000000000,0.000000000,0.000000000,0.000000000,0.000000000,0.818181818,1.000000000,0.890909091,1.000000000,1.000000000,0.777777778,0.777777778,1.017592593,17.279479980,12.274538040,0.740365624,0.797035038,-0.001060028,-0.000188433,0.603932142
417,46.324000000,fused_map_f2f,1,1,0,0.062403795,0.009544436,0.990484978,0.990484978,0.100000000,0.011093405,0.011093405,0.036670088,0.002796619,1.000000000,0.000000000,0.000000000,0.000000000,0.000000000,0.000000000,0.844444444,1.000000000,0.906666667,1.000000000,1.000000000,0.790055249,0.790055249,1.018001842,17.294069290,12.331418991,0.740356147,0.797012627,-0.001017806,-0.000169001,0.603961825
418,46.419000000,fused_map_f2f,1,1,0,0.063331375,0.010739748,0.986813308,0.986813308,0.100000000,0.011134221,0.011134221,0.036781679,0.002806996,1.000000000,0.000000000,0.000000000,0.000000000,0.000000000,0.000000000,0.844444444,1.000000000,0.906666667,1.000000000,1.000000000,0.772972973,0.772972973,1.017432432,17.308376312,12.385927200,0.739989460,0.797007620,-0.001015431,-0.000168825,0.603968382
419,46.525000000,fused_map_f2f,1,1,0,0.062558299,0.010855435,0.989873402,0.989873402,0.100000000,0.011100183,0.011100183,0.036686000,0.002798342,1.000000000,0.000000000,0.000000000,0.000000000,0.000000000,0.000000000,0.804347826,1.000000000,0.882608696,1.000000000,1.000000000,0.784946237,0.784946237,1.017831541,17.324892044,12.450002670,0.740127444,0.796993732,-0.000815190,-0.000093930,0.603987038
420,46.623000000,fused_map_f2f,1,1,0,0.064105693,0.010015291,0.983748300,0.983748300,0.100000000,0.011168524,0.011168524,0.036885325,0.002815717,1.000000000,0.000000000,0.000000000,0.000000000,0.000000000,0.000000000,0.787234043,1.000000000,0.872340426,1.000000000,1.000000000,0.767195767,0.767195767,1.017239859,17.339151382,12.505268097,0.739821494,0.796966970,-0.000808248,-0.000085907,0.604022324
421,46.719000000,fused_map_f2f,1,1,0,0.062842641,0.010122520,0.988747880,0.988747880,0.100000000,0.011112678,0.011112678,0.036688786,0.002801519,1.000000000,0.000000000,0.000000000,0.000000000,0.000000000,0.000000000,0.804347826,1.000000000,0.882608696,1.000000000,1.000000000,0.752631579,0.752631579,1.016754386,17.353401184,12.559966087,0.739619553,0.796944737,-0.000815094,-0.000099658,0.604051709
422,46.826000000,fused_map_f2f,1,1,0,0.063276269,0.011242191,0.987031435,0.987031435,0.100000000,0.011131788,0.011131788,0.036720812,0.002806377,1.000000000,0.000000000,0.000000000,0.000000000,0.000000000,0.000000000,0.760000000,1.000000000,0.856000000,1.000000000,1.000000000,0.727272727,0.727272727,1.015909091,17.369232178,12.620813370,0.739565909,0.796933770,-0.000806941,-0.000078576,0.604066193
423,46.917000000,fused_map_f2f,1,1,0,0.064943593,0.009909978,0.980431613,0.980431613,0.100000000,0.011205882,0.011205882,0.036989897,0.002825215,1.000000000,0.000000000,0.000000000,0.000000000,0.000000000,0.000000000,0.705882353,1.000000000,0.823529412,1.000000000,1.000000000,0.753846154,0.753846154,1.016794872,17.382835388,12.672260284,0.739411950,0.796918035,-0.000771755,-0.000049481,0.604086995
424,47.025000000,fused_map_f2f,1,1,0,0.065040708,0.011359409,0.980047196,0.980047196,0.100000000,0.011210229,0.011210229,0.037005336,0.002826320,1.000000000,0.000000000,0.000000000,0.000000000,0.000000000,0.000000000,0.716981132,1.000000000,0.830188679,1.000000000,1.000000000,0.755102041,0.755102041,1.016836735,17.399015427,12.733510971,0.739454150,0.796900511,-0.000751477,-0.000055395,0.604110122
425,47.138000000,fused_map_f2f,1,1,0,0.065364503,0.011291344,0.978765510,0.978765510,0.100000000,0.011224743,0.011224743,0.037044591,0.002830010,1.000000000,0.000000000,0.000000000,0.000000000,0.000000000,0.000000000,0.690909091,1.000000000,0.814545455,1.000000000,1.000000000,0.748768473,0.748768473,1.016625616,17.419076920,12.801183701,0.739727795,0.796911299,-0.000623496,-0.000063645,0.604096055
426,47.218000000,fused_map_f2f,1,1,0,0.064655576,0.010153460,0.981571678,0.981571678,0.100000000,0.011193013,0.011193013,0.036948262,0.002821943,1.000000000,0.000000000,0.000000000,0.000000000,0.000000000,0.000000000,0.633333333,1.000000000,0.780000000,1.000000000,1.000000000,0.753623188,0.753623188,1.016787440,17.432352066,12.848144531,0.739527047,0.796914995,-0.000693426,-0.000073907,0.604091048
427,47.340000000,fused_map_f2f,1,1,0,0.064813967,0.012707910,0.980944714,0.980944714,0.100000000,0.011200087,0.011200087,0.036951982,0.002823741,1.000000000,0.000000000,0.000000000,0.000000000,0.000000000,0.000000000,0.596774194,1.000000000,0.758064516,1.000000000,1.000000000,0.737327189,0.737327189,1.016244240,17.448940277,12.917601585,0.739522994,0.796883941,-0.000624353,-0.000075481,0.604132116
428,47.415000000,fused_map_f2f,1,1,0,0.064242785,0.012541667,0.983205644,0.983205644,0.100000000,0.011174619,0.011174619,0.036863726,0.002817266,1.000000000,0.000000000,0.000000000,0.000000000,0.000000000,0.000000000,0.571428571,1.000000000,0.742857143,1.000000000,1.000000000,0.731818182,0.731818182,1.016060606,17.460786819,12.959248543,0.739536166,0.796841443,-0.000544333,-0.000055902,0.604188204
429,47.516000000,fused_map_f2f,1,1,0,0.064043232,0.011722305,0.983995538,0.983995538,0.100000000,0.011165749,0.011165749,0.036819212,0.002815011,1.000000000,0.000000000,0.000000000,0.000000000,0.000000000,0.000000000,0.575757576,1.000000000,0.745454545,1.000000000,1.000000000,0.718061674,0.718061674,1.015602056,17.475191116,13.016187668,0.739655316,0.796808183,-0.000514719,-0.000017842,0.604232132
430,47.614000000,fused_map_f2f,1,1,0,0.063255764,0.011240777,0.987112603,0.987112603,0.100000000,0.011130883,0.011130883,0.036690735,0.002806147,1.000000000,0.000000000,0.000000000,0.000000000,0.000000000,0.000000000,0.630769231,1.000000000,0.778461538,1.000000000,1.000000000,0.703862661,0.703862661,1.015128755,17.489269257,13.071759224,0.739889801,0.796814024,-0.000519684,-0.000012116,0.604224384
431,47.711000000,fused_map_f2f,1,1,0,0.062514292,0.014120644,0.990047596,0.990047596,0.100000000,0.011098251,0.011098251,0.036550766,0.002797851,1.000000000,0.000000000,0.000000000,0.000000000,0.000000000,0.000000000,0.542857143,1.000000000,0.725714286,1.000000000,1.000000000,0.673469388,0.673469388,1.014115646,17.504814148,13.127365112,0.740296364,0.796815217,-0.000460580,0.000008097,0.604222834
432,47.814000000,fused_map_f2f,1,1,0,0.062671621,0.012741179,0.989424834,0.989424834,0.100000000,0.011105159,0.011105159,0.036568165,0.002799607,1.000000000,0.000000000,0.000000000,0.000000000,0.000000000,0.000000000,0.533333333,1.000000000,0.720000000,1.000000000,1.000000000,0.669354839,0.669354839,1.013978495,17.521890640,13.186416626,0.740282595,0.796828568,-0.000430805,0.000016996,0.604205310
433,47.916000000,fused_map_f2f,1,1,0,0.064192259,0.012791306,0.983405642,0.983405642,0.100000000,0.011172372,0.011172372,0.036786838,0.002816695,1.000000000,0.000000000,0.000000000,0.000000000,0.000000000,0.000000000,0.569444444,1.000000000,0.741666667,1.000000000,1.000000000,0.672000000,0.672000000,1.014066667,17.536994934,13.243646622,0.740579486,0.796828032,-0.000474182,0.000062036,0.604205966
434,48.010000000,fused_map_f2f,1,1,0,0.064068676,0.012796938,0.983894823,0.983894823,0.100000000,0.011166879,0.011166879,0.036758499,0.002815298,1.000000000,0.000000000,0.000000000,0.000000000,0.000000000,0.000000000,0.526315789,1.000000000,0.715789474,1.000000000,1.000000000,0.662790698,0.662790698,1.013759690,17.550394058,13.296300888,0.740392864,0.796827912,-0.000445002,0.000044844,0.604206145
435,48.118000000,fused_map_f2f,1,1,0,0.063309027,0.013911738,0.986901767,0.986901767,0.100000000,0.011133234,0.011133234,0.036655105,0.002806745,1.000000000,0.000000000,0.000000000,0.000000000,0.000000000,0.000000000,0.573333333,1.000000000,0.744000000,1.000000000,1.000000000,0.666666667,0.666666667,1.013888889,17.567901611,13.357658386,0.740154386,0.796854496,-0.000445826,0.000078547,0.604171097
436,48.218000000,fused_map_f2f,1,1,0,0.064446074,0.016695905,0.982400956,0.982400956,0.100000000,0.011183670,0.011183670,0.036815395,0.002819567,1.000000000,0.000000000,0.000000000,0.000000000,0.000000000,0.000000000,0.506329114,1.000000000,0.703797468,1.000000000,1.000000000,0.665413534,0.665413534,1.013847118,17.582181931,13.413270950,0.740106344,0.796829045,-0.000453982,0.000090893,0.604204655
437,48.310000000,fused_map_f2f,1,1,0,0.066063209,0.021924915,0.975999796,0.975999796,0.100000000,0.011256193,0.011256193,0.037018434,0.002838007,1.000000000,0.000000000,0.000000000,0.000000000,0.000000000,0.000000000,0.544303797,1.000000000,0.726582278,1.000000000,1.000000000,0.640287770,0.640287770,1.013009592,17.595762253,13.464560509,0.740205288,0.796835840,-0.000406079,0.000094683,0.604195714
438,48.424000000,fused_map_f2f,1,1,0,0.066042053,0.019238897,0.976083539,0.976083539,0.100000000,0.011255238,0.011255238,0.037015375,0.002837764,1.000000000,0.000000000,0.000000000,0.000000000,0.000000000,0.000000000,0.525000000,1.000000000,0.715000000,1.000000000,1.000000000,0.640287770,0.640287770,1.013009592,17.611831665,13.527242661,0.740453184,0.796817482,-0.000376828,0.000101059,0.604220033
439,48.524000000,fused_map_f2f,1,1,0,0.063891477,0.013658041,0.984596235,0.984596235,0.100000000,0.011159013,0.011159013,0.036733568,0.002813298,1.000000000,0.000000000,0.000000000,0.000000000,0.000000000,0.000000000,0.476190476,1.000000000,0.685714286,1.000000000,1.000000000,0.663043478,0.663043478,1.013768116,17.626003265,13.582180023,0.740369558,0.796786606,-0.000393833,0.000111653,0.604260623
440,48.620000000,fused_map_f2f,1,1,0,0.064048377,0.015447552,0.983975173,0.983975173,0.100000000,0.011165978,0.011165978,0.036750453,0.002815069,1.000000000,0.000000000,0.000000000,0.000000000,0.000000000,0.000000000,0.476190476,1.000000000,0.685714286,1.000000000,1.000000000,0.658362989,0.658362989,1.013612100,17.641036987,13.633828163,0.740546465,0.796823740,-0.000395073,0.000140147,0.604211688
441,48.710000000,fused_map_f2f,1,1,0,0.063140616,0.019733709,0.987568397,0.987568397,0.100000000,0.011125803,0.011125803,0.036628004,0.002804855,1.000000000,0.000000000,0.000000000,0.000000000,0.000000000,0.000000000,0.488095238,1.000000000,0.692857143,1.000000000,0.999310583,0.664310954,0.663852967,1.013795099,17.653825760,13.683169365,0.740254462,0.796819210,-0.000416451,0.000130644,0.604217649
442,48.818000000,fused_map_f2f,1,1,0,0.061056596,0.016004652,0.995817643,0.995817643,0.100000000,0.011034655,0.011034655,0.036321385,0.002781685,1.000000000,0.000000000,0.000000000,0.000000000,0.000000000,0.000000000,0.471264368,1.000000000,0.682758621,1.000000000,0.999656121,0.651724138,0.651500024,1.013383334,17.670499802,13.742568970,0.739867449,0.796825886,-0.000384003,0.000136589,0.604208827
443,48.921000000,fused_map_f2f,1,1,0,0.062923739,0.015312228,0.988426867,0.988426867,0.100000000,0.011116247,0.011116247,0.036596634,0.002802426,1.000000000,0.000000000,0.000000000,0.000000000,0.000000000,0.000000000,0.524390244,1.000000000,0.714634146,1.000000000,1.000000000,0.663230241,0.663230241,1.013774341,17.685207367,13.799141884,0.739598036,0.796833813,-0.000376995,0.000128668,0.604198396
444,49.013000000,fused_map_f2f,1,1,0,0.061846084,0.017344526,0.992692583,0.992692583,0.100000000,0.011069008,0.011069008,0.036426209,0.002790417,1.000000000,0.000000000,0.000000000,0.000000000,0.000000000,0.000000000,0.482758621,1.000000000,0.689655172,1.000000000,1.000000000,0.646864686,0.646864686,1.013228823,17.698728561,13.849177361,0.739582002,0.796838403,-0.000414846,0.000091789,0.604192376
445,49.112000000,fused_map_f2f,1,1,0,0.060775875,0.017275804,0.996928827,0.996928827,0.100000000,0.011022491,0.011022491,0.036289823,0.002778593,1.000000000,0.000000000,0.000000000,0.000000000,0.000000000,0.000000000,0.511904762,1.000000000,0.707142857,1.000000000,1.000000000,0.657980456,0.657980456,1.013599349,17.712352753,13.905321121,0.739213228,0.796806276,-0.000351100,0.000118526,0.604234755
446,49.219000000,fused_map_f2f,1,1,0,0.059293067,0.015011604,1.000000000,1.000000000,0.100000000,0.010989011,0.010989011,0.036192365,0.002770083,1.000000000,0.000000000,0.000000000,0.000000000,0.000000000,0.000000000,0.477272727,1.000000000,0.686363636,1.000000000,1.000000000,0.666666667,0.666666667,1.013888889,17.728496552,13.964132309,0.739012420,0.796802938,-0.000320269,0.000125637,0.604239225
447,49.321000000,fused_map_f2f,1,1,0,0.059368756,0.016942529,1.000000000,1.000000000,0.100000000,0.010989011,0.010989011,0.036172886,0.002770083,1.000000000,0.000000000,0.000000000,0.000000000,0.000000000,0.000000000,0.506172840,1.000000000,0.703703704,1.000000000,1.000000000,0.649681529,0.649681529,1.013322718,17.743343353,14.019367218,0.739288628,0.796811581,-0.000354615,0.000106397,0.604227722
448,49.410000000,fused_map_f2f,1,1,0,0.058932084,0.016612265,1.000000000,1.000000000,0.100000000,0.010989011,0.010989011,0.036202132,0.002770083,1.000000000,0.000000000,0.000000000,0.000000000,0.000000000,0.000000000,0.494117647,1.000000000,0.696470588,1.000000000,0.999665328,0.675409836,0.675183795,1.014172793,17.755737305,14.067536354,0.739450037,0.796804488,-0.000398751,0.000054464,0.604237139
449,49.518000000,fused_map_f2f,1,1,0,0.057454121,0.017371412,1.000000000,1.000000000,0.100000000,0.010989011,0.010989011,0.036222377,0.002770083,1.000000000,0.000000000,0.000000000,0.000000000,0.000000000,0.000000000,0.505882353,1.000000000,0.703529412,1.000000000,0.999665552,0.693069307,0.692837511,1.014761250,17.770845413,14.126134872,0.739512920,0.796807289,-0.000321178,0.000094501,0.604233444
450,49.621000000,fused_map_f2f,1,1,0,0.057789208,0.015552131,1.000000000,1.000000000,0.100000000,0.010989011,0.010989011,0.036210743,0.002770083,1.000000000,0.000000000,0.000000000,0.000000000,0.000000000,0.000000000,0.518072289,1.000000000,0.710843373,1.000000000,1.000000000,0.682692308,0.682692308,1.014423077,17.788070679,14.186099052,0.738952816,0.796827316,-0.000340295,0.000152321,0.604207039
451,49.726000000,fused_map_f2f,1,1,0,0.059957727,0.016424197,1.000000000,1.000000000,0.100000000,0.010989011,0.010989011,0.036237336,0.002770083,1.000000000,0.000000000,0.000000000,0.000000000,0.000000000,0.000000000,0.500000000,1.000000000,0.700000000,1.000000000,1.000000000,0.705882353,0.705882353,1.015196078,17.802110672,14.242959976,0.738730609,0.796869695,-0.000335503,0.000123062,0.604151130
452,49.813000000,fused_map_f2f,1,1,0,0.059199217,0.017984744,1.000000000,1.000000000,0.100000000,0.010989011,0.010989011,0.036241566,0.002770083,1.000000000,0.000000000,0.000000000,0.000000000,0.000000000,0.000000000,0.487804878,1.000000000,0.692682927,1.000000000,1.000000000,0.709570957,0.709570957,1.015319032,17.814102173,14.289372444,0.738800049,0.796791434,-0.000327305,0.000120561,0.604254365
453,49.915000000,fused_map_f2f,1,1,0,0.059402326,0.018411218,1.000000000,1.000000000,0.100000000,0.010989011,0.010989011,0.036228357,0.002770083,1.000000000,0.000000000,0.000000000,0.000000000,0.000000000,0.000000000,0.512500000,1.000000000,0.707500000,1.000000000,1.000000000,0.698051948,0.698051948,1.014935065,17.830232620,14.344894409,0.738269329,0.796824872,-0.000369809,0.000130496,0.604210198
454,50.010000000,fused_map_f2f,1,1,0,0.058734988,0.015756468,1.000000000,1.000000000,0.100000000,0.010989011,0.010989011,0.036255651,0.002770083,1.000000000,0.000000000,0.000000000,0.000000000,0.000000000,0.000000000,0.500000000,1.000000000,0.700000000,1.000000000,1.000000000,0.721854305,0.721854305,1.015728477,17.843061447,14.395076752,0.738261461,0.796806872,-0.000369143,0.000124921,0.604233980
455,50.118000000,fused_map_f2f,1,1,0,0.058904025,0.017414239,1.000000000,1.000000000,0.100000000,0.010989011,0.010989011,0.036244831,0.002770083,1.000000000,0.000000000,0.000000000,0.000000000,0.000000000,0.000000000,0.488372093,1.000000000,0.693023256,1.000000000,1.000000000,0.712418301,0.712418301,1.015413943,17.857313156,14.453062057,0.738374293,0.796779931,-0.000381660,0.000128569,0.604269505
456,50.226000000,fused_map_f2f,1,1,0,0.055349301,0.017568418,1.000000000,1.000000000,0.100000000,0.010989011,0.010989011,0.036250133,0.002770083,1.000000000,0.000000000,0.000000000,0.000000000,0.000000000,0.000000000,0.500000000,1.000000000,0.700000000,1.000000000,1.000000000,0.717041801,0.717041801,1.015568060,17.872068405,14.510430336,0.738455713,0.796778560,-0.000360332,0.000139699,0.604271293
457,50.313000000,fused_map_f2f,1,1,0,0.056832804,0.014943146,1.000000000,1.000000000,0.100000000,0.010989011,0.010989011,0.036271841,0.002770083,1.000000000,0.000000000,0.000000000,0.000000000,0.000000000,0.000000000,0.488095238,1.000000000,0.692857143,1.000000000,1.000000000,0.735973597,0.735973597,1.016199120,17.883630753,14.556350708,0.738454163,0.796770811,-0.000338506,0.000155326,0.604281545
458,50.425000000,fused_map_f2f,1,1,0,0.057043281,0.017225566,1.000000000,1.000000000,0.100000000,0.010989011,0.010989011,0.036259533,0.002770083,1.000000000,0.000000000,0.000000000,0.000000000,0.000000000,0.000000000,0.506024096,1.000000000,0.703614458,1.000000000,1.000000000,0.725239617,0.725239617,1.015841321,17.898992538,14.615846634,0.738442063,0.796755195,-0.000313617,0.000197443,0.604302108
459,50.513000000,fused_map_f2f,1,1,0,0.058367476,0.022485779,1.000000000,1.000000000,0.100000000,0.010989011,0.010989011,0.036250613,0.002770083,1.000000000,0.000000000,0.000000000,0.000000000,0.000000000,0.000000000,0.518072289,1.000000000,0.710843373,1.000000000,1.000000000,0.717460317,0.717460317,1.015582011,17.911308289,14.662702560,0.738376200,0.796761990,-0.000312025,0.000196952,0.604293168
460,50.615000000,fused_map_f2f,1,1,0,0.057977899,0.018067995,1.000000000,1.000000000,0.100000000,0.010989011,0.010989011,0.036252206,0.002770083,1.000000000,0.000000000,0.000000000,0.000000000,0.000000000,0.000000000,0.537500000,1.000000000,0.722500000,1.000000000,1.000000000,0.718849840,0.718849840,1.015628328,17.928199768,14.719843864,0.738284528,0.796792269,-0.000365636,0.000117422,0.604253292
461,50.720000000,fused_map_f2f,1,1,0,0.058059003,0.017638609,1.000000000,1.000000000,0.100000000,0.010989011,0.010989011,0.036259533,0.002770083,1.000000000,0.000000000,0.000000000,0.000000000,0.000000000,0.000000000,0.500000000,1.000000000,0.700000000,1.000000000,1.000000000,0.725239617,0.725239617,1.015841321,17.941900253,14.775364876,0.738061011,0.796788394,-0.000360974,0.000128662,0.604258358
462,50.819000000,fused_map_f2f,1,1,0,0.057015241,0.015033522,1.000000000,1.000000000,0.100000000,0.010989011,0.010989011,0.036274187,0.002770083,1.000000000,0.000000000,0.000000000,0.000000000,0.000000000,0.000000000,0.512195122,1.000000000,0.707317073,1.000000000,1.000000000,0.738019169,0.738019169,1.016267306,17.955167770,14.827330589,0.737323940,0.796783507,-0.000411460,0.000099289,0.604264736
463,50.926000000,fused_map_f2f,1,1,0,0.058417081,0.017144815,1.000000000,1.000000000,0.100000000,0.010989011,0.010989011,0.036269310,0.002770083,1.000000000,0.000000000,0.000000000,0.000000000,0.000000000,0.000000000,0.488095238,1.000000000,0.692857143,1.000000000,1.000000000,0.733766234,0.733766234,1.016125541,17.969678879,14.883521080,0.737309635,0.796777368,-0.000369985,0.000129008,0.604272842
464,51.011000000,fused_map_f2f,1,1,0,0.058438063,0.015643602,1.000000000,1.000000000,0.100000000,0.010989011,0.010989011,0.036248009,0.002770083,1.000000000,0.000000000,0.000000000,0.000000000,0.000000000,0.000000000,0.500000000,1.000000000,0.700000000,1.000000000,1.000000000,0.715189873,0.715189873,1.015506329,17.980716705,14.928419113,0.737621844,0.797189355,-0.000257683,0.000218981,0.603729308
465,51.115000000,fused_map_f2f,1,1,0,0.058470879,0.017010091,1.000000000,1.000000000,0.100000000,0.010989011,0.010989011,0.036251173,0.002770083,1.000000000,0.000000000,0.000000000,0.000000000,0.000000000,0.000000000,0.544303797,1.000000000,0.726582278,1.000000000,1.000000000,0.717948718,0.717948718,1.015598291,17.992506027,14.980648994,0.737271309,0.798511028,-0.000284027,0.000205140,0.601980150
466,51.216000000,fused_map_f2f,1,1,0,0.058775815,0.013773183,1.000000000,1.000000000,0.100000000,0.010989011,0.010989011,0.036253992,0.002770083,1.000000000,0.000000000,0.000000000,0.000000000,0.000000000,0.000000000,0.506024096,1.000000000,0.703614458,1.000000000,0.999683944,0.720634921,0.720407160,1.015680239,18.006198883,15.030999184,0.737010896,0.800642788,-0.000457741,0.000111592,0.599141896
467,51.316000000,fused_map_f2f,1,1,0,0.060622962,0.020797948,0.997534109,0.997534109,0.100000000,0.011015876,0.011015876,0.036337995,0.002776912,1.000000000,0.000000000,0.000000000,0.000000000,0.000000000,0.000000000,0.558441558,1.000000000,0.735064935,1.000000000,1.000000000,0.718354430,0.718354430,1.015611814,18.018178940,15.078729630,0.737394154,0.803322852,-0.000412831,0.000090797,0.595543683
468,51.424000000,fused_map_f2f,1,1,0,0.060519669,0.017467575,0.997942977,0.997942977,0.100000000,0.011011413,0.011011413,0.036318973,0.002775777,1.000000000,0.000000000,0.000000000,0.000000000,0.000000000,0.000000000,0.518518519,1.000000000,0.711111111,1.000000000,1.000000000,0.714285714,0.714285714,1.015476190,18.029703140,15.129784584,0.737158597,0.806769192,-0.000380252,0.000108268,0.590866566
469,51.525000000,fused_map_f2f,1,1,0,0.059382277,0.017671199,1.000000000,1.000000000,0.100000000,0.010989011,0.010989011,0.036266587,0.002770083,1.000000000,0.000000000,0.000000000,0.000000000,0.000000000,0.000000000,0.560000000,1.000000000,0.736000000,1.000000000,1.000000000,0.731391586,0.731391586,1.016046386,18.041337967,15.175672531,0.737091541,0.810419202,-0.000400574,0.000121191,0.585850358
470,51.609000000,fused_map_f2f,1,1,0,0.062787070,0.016017058,0.988967849,0.988967849,0.100000000,0.011110234,0.011110234,0.036641215,0.002800897,1.000000000,0.000000000,0.000000000,0.000000000,0.000000000,0.000000000,0.538461538,1.000000000,0.723076923,1.000000000,1.000000000,0.718354430,0.718354430,1.015611814,18.051176071,15.212605476,0.737367809,0.813729942,-0.000375984,0.000134382,0.581242979
471,51.711000000,fused_map_f2f,1,1,0,0.061918106,0.022514609,0.992407499,0.992407499,0.100000000,0.011072153,0.011072153,0.036539413,0.002791217,1.000000000,0.000000000,0.000000000,0.000000000,0.000000000,0.000000000,0.525000000,1.000000000,0.715000000,1.000000000,1.000000000,0.736156352,0.736156352,1.016205212,18.064081192,15.257228851,0.737283528,0.818009496,-0.000344181,0.000178331,0.575204551
472,51.815000000,fused_map_f2f,1,1,0,0.061571982,0.016050021,0.993777572,0.993777572,0.100000000,0.011057057,0.011057057,0.036481295,0.002787379,1.000000000,0.000000000,0.000000000,0.000000000,0.000000000,0.000000000,0.513513514,1.000000000,0.708108108,1.000000000,1.000000000,0.727848101,0.727848101,1.015928270,18.075826645,15.301108360,0.737226784,0.822505534,-0.000398038,0.000162304,0.568757057
473,51.920000000,fused_map_f2f,1,1,0,0.062717552,0.015166278,0.989243022,0.989243022,0.100000000,0.011107178,0.011107178,0.036657872,0.002800121,1.000000000,0.000000000,0.000000000,0.000000000,0.000000000,0.000000000,0.567567568,1.000000000,0.740540541,1.000000000,1.000000000,0.741214058,0.741214058,1.016373802,18.088968277,15.345559120,0.737224340,0.827301800,-0.000423794,0.000156296,0.561757565
474,52.019000000,fused_map_f2f,1,1,0,0.064884187,0.016616041,0.980666761,0.980666761,0.100000000,0.011203225,0.011203225,0.036949328,0.002824539,1.000000000,0.000000000,0.000000000,0.000000000,0.000000000,0.000000000,0.539473684,1.000000000,0.723684211,1.000000000,1.000000000,0.726415094,0.726415094,1.015880503,18.100553513,15.386247635,0.737241030,0.831911862,-0.000441294,0.000144670,0.554907680
475,52.112000000,fused_map_f2f,1,1,0,0.065935303,0.015494922,0.976506094,0.976506094,0.100000000,0.011250423,0.011250423,0.037122094,0.002836540,1.000000000,0.000000000,0.000000000,0.000000000,0.000000000,0.000000000,0.581081081,1.000000000,0.748648649,1.000000000,1.000000000,0.744479495,0.744479495,1.016482650,18.111999512,15.424118996,0.737300217,0.836295903,-0.000457170,0.000130531,0.548278213
476,52.221000000,fused_map_f2f,1,1,0,0.065259305,0.017901918,0.979181917,0.979181917,0.100000000,0.011220024,0.011220024,0.037017992,0.002828810,1.000000000,0.000000000,0.000000000,0.000000000,0.000000000,0.000000000,0.532467532,1.000000000,0.719480519,1.000000000,1.000000000,0.738993711,0.738993711,1.016299790,18.126565933,15.467210770,0.737471044,0.841499448,-0.000460856,0.000133567,0.540257752
477,52.319000000,fused_map_f2f,1,1,0,0.063774993,0.021802029,0.985057320,0.985057320,0.100000000,0.011153848,0.011153848,0.036818121,0.002811985,1.000000000,0.000000000,0.000000000,0.000000000,0.000000000,0.000000000,0.544303797,1.000000000,0.726582278,1.000000000,1.000000000,0.750000000,0.750000000,1.016666667,18.142484665,15.507184982,0.737328351,0.846234083,-0.000374738,0.000118856,0.532811105
478,52.420000000,fused_map_f2f,1,1,0,0.064813985,0.016257113,0.980944642,0.980944642,0.100000000,0.011200087,0.011200087,0.036980394,0.002823741,1.000000000,0.000000000,0.000000000,0.000000000,0.000000000,0.000000000,0.589041096,1.000000000,0.753424658,1.000000000,0.999687011,0.761904762,0.761666294,1.017055543,18.155998230,15.545911789,0.737442076,0.851024926,-0.000436295,0.000066127,0.525125086
479,52.523000000,fused_map_f2f,1,1,0,0.065965134,0.017112443,0.976388009,0.976388009,0.100000000,0.011251768,0.011251768,0.037140215,0.002836882,1.000000000,0.000000000,0.000000000,0.000000000,0.000000000,0.000000000,0.592105263,1.000000000,0.755263158,1.000000000,1.000000000,0.756250000,0.756250000,1.016875000,18.173492432,15.584767342,0.737174809,0.855948269,-0.000377676,0.000083227,0.517061353
480,52.682000000,fused_map_f2f,1,1,0,0.065919649,0.019543783,0.976568057,0.976568057,0.100000000,0.011249717,0.011249717,0.037124499,0.002836360,1.000000000,0.000000000,0.000000000,0.000000000,0.000000000,0.000000000,0.569620253,1.000000000,0.741772152,1.000000000,1.000000000,0.748466258,0.748466258,1.016615542,18.197603226,15.643439293,0.737473309,0.863359451,-0.000413806,0.000071349,0.504589200
481,52.850000000,fused_map_f2f,1,1,0,0.068229764,0.017121039,0.967423851,0.967423851,0.100000000,0.011354843,0.011354843,0.037458698,0.002863093,1.000000000,0.000000000,0.000000000,0.000000000,0.000000000,0.000000000,0.587500000,1.000000000,0.752500000,1.000000000,1.000000000,0.745454545,0.745454545,1.016515152,18.224292755,15.702579498,0.737081409,0.870984852,-0.000353219,0.000061395,0.491309732
482,53.017000000,fused_map_f2f,1,1,0,0.069566994,0.016984483,0.962130650,0.962130650,0.100000000,0.011416599,0.011416599,0.037681854,0.002878799,1.000000000,0.000000000,0.000000000,0.000000000,0.000000000,0.000000000,0.623376623,1.000000000,0.774025974,1.000000000,1.000000000,0.766355140,0.766355140,1.017211838,18.252470016,15.759572983,0.736619651,0.878307581,-0.000419264,0.000092757,0.478095740
483,53.175000000,fused_map_f2f,1,1,0,0.068238173,0.021897147,0.967390565,0.967390565,0.100000000,0.011355230,0.011355230,0.037466222,0.002863192,1.000000000,0.000000000,0.000000000,0.000000000,0.000000000,0.000000000,0.609756098,1.000000000,0.765853659,1.000000000,1.000000000,0.750769231,0.750769231,1.016692308,18.281019211,15.812490463,0.736502051,0.884979904,-0.000387194,0.000142754,0.465629041
484,53.342000000,fused_map_f2f,1,1,0,0.069947424,0.019495101,0.960624780,0.960624780,0.100000000,0.011434291,0.011434291,0.037716486,0.002883299,1.000000000,0.000000000,0.000000000,0.000000000,0.000000000,0.000000000,0.621951220,1.000000000,0.773170732,1.000000000,1.000000000,0.747692308,0.747692308,1.016589744,18.311489105,15.867267609,0.736797333,0.891714811,-0.000416109,0.000082409,0.452597499
485,53.517000000,fused_map_f2f,1,1,0,0.072317710,0.020957206,0.951242399,0.951242399,0.100000000,0.011545769,0.011545769,0.038063245,0.002911655,1.000000000,0.000000000,0.000000000,0.000000000,0.000000000,0.000000000,0.600000000,1.000000000,0.760000000,1.000000000,1.000000000,0.738461538,0.738461538,1.016282051,18.345632553,15.923280716,0.736146331,0.898421228,-0.000437324,0.000070581,0.439134538
486,53.689000000,fused_map_f2f,1,1,0,0.070571123,0.018223294,0.958155973,0.958155973,0.100000000,0.011463415,0.011463415,0.037779408,0.002890707,1.000000000,0.000000000,0.000000000,0.000000000,0.000000000,0.000000000,0.609756098,1.000000000,0.765853659,1.000000000,1.000000000,0.722054381,0.722054381,1.015735146,18.380662918,15.974357605,0.736137390,0.904658377,-0.000479834,0.000065378,0.426137298
487,53.866000000,fused_map_f2f,1,1,0,0.070940901,0.017882693,0.956692265,0.956692265,0.100000000,0.011480753,0.011480753,0.037856387,0.002895117,1.000000000,0.000000000,0.000000000,0.000000000,0.000000000,0.000000000,0.662337662,1.000000000,0.797402597,1.000000000,1.000000000,0.739938080,0.739938080,1.016331269,18.413982391,16.026550293,0.736177087,0.910685420,-0.000381614,0.000065162,0.413100362
488,54.060000000,fused_map_f2f,1,1,0,0.069602729,0.021629621,0.961989197,0.961989197,0.100000000,0.011418259,0.011418259,0.037623762,0.002879221,1.000000000,0.000000000,0.000000000,0.000000000,0.000000000,0.000000000,0.574712644,1.000000000,0.744827586,1.000000000,1.000000000,0.712990937,0.712990937,1.015433031,18.454788208,16.080465317,0.735913575,0.916859627,-0.000434248,0.000051305,0.399209470
489,54.096000000,fused_map_f2f,1,1,0,0.069767061,0.017410533,0.961338717,0.961338717,0.100000000,0.011425897,0.011425897,0.037651854,0.002881164,1.000000000,0.000000000,0.000000000,0.000000000,0.000000000,0.000000000,0.607142857,1.000000000,0.764285714,1.000000000,1.000000000,0.716012085,0.716012085,1.015533736,18.463233948,16.090450287,0.735886395,0.917963624,-0.000429403,0.000054163,0.396664262
490,54.181000000,fused_map_f2f,1,1,0,0.072928809,0.021713773,0.948823464,0.948823464,0.100000000,0.011574863,0.011574863,0.038136419,0.002919056,1.000000000,0.000000000,0.000000000,0.000000000,0.000000000,0.000000000,0.581395349,1.000000000,0.748837209,1.000000000,1.000000000,0.721712538,0.721712538,1.015723751,18.480886459,16.114635468,0.735482395,0.920510232,-0.000481994,0.000067040,0.390718192
491,54.288000000,fused_map_f2f,1,1,0,0.072375767,0.019941603,0.951012588,0.951012588,0.100000000,0.011548527,0.011548527,0.038046703,0.002912357,1.000000000,0.000000000,0.000000000,0.000000000,0.000000000,0.000000000,0.607142857,1.000000000,0.764285714,1.000000000,1.000000000,0.717325228,0.717325228,1.015577508,18.504446030,16.139480591,0.735830069,0.923570514,-0.000420963,0.000044790,0.383428454
492,54.381000000,fused_map_f2f,1,1,0,0.071958827,0.020253091,0.952662978,0.952662978,0.100000000,0.011528751,0.011528751,0.037995621,0.002907326,1.000000000,0.000000000,0.000000000,0.000000000,0.000000000,0.000000000,0.578313253,1.000000000,0.746987952,1.000000000,0.999689730,0.727828746,0.727602923,1.015920097,18.524663925,16.163692474,0.735676587,0.926144838,-0.000445099,0.000051856,0.377167851
493,54.472000000,fused_map_f2f,1,1,0,0.068829802,0.019434427,0.965048702,0.965048702,0.100000000,0.011382471,0.011382471,0.037524900,0.002870120,1.000000000,0.000000000,0.000000000,0.000000000,0.000000000,0.000000000,0.619047619,1.000000000,0.771428571,1.000000000,1.000000000,0.726443769,0.726443769,1.015881459,18.546417236,16.189563751,0.736476064,0.928595304,-0.000411780,0.000028149,0.371093810
494,54.581000000,fused_map_f2f,1,1,0,0.072008296,0.019703109,0.952467161,0.952467161,0.100000000,0.011531093,0.011531093,0.037997484,0.002907922,1.000000000,0.000000000,0.000000000,0.000000000,0.000000000,0.000000000,0.614457831,1.000000000,0.768674699,1.000000000,1.000000000,0.722891566,0.722891566,1.015763052,18.570816040,16.216384888,0.736030281,0.931374729,-0.000433974,0.000005739,0.364061773
495,54.675000000,fused_map_f2f,1,1,0,0.068759449,0.017338878,0.965327181,0.965327181,0.100000000,0.011379225,0.011379225,0.037519053,0.002869294,1.000000000,0.000000000,0.000000000,0.000000000,0.000000000,0.000000000,0.623529412,1.000000000,0.774117647,1.000000000,1.000000000,0.730303030,0.730303030,1.016010101,18.591192245,16.238382339,0.736113429,0.933663428,-0.000396555,0.000027201,0.358151555
496,54.772000000,fused_map_f2f,1,1,0,0.071252106,0.018212705,0.955460414,0.955460414,0.100000000,0.011495384,0.011495384,0.037899069,0.002898839,1.000000000,0.000000000,0.000000000,0.000000000,0.000000000,0.000000000,0.588235294,1.000000000,0.752941176,1.000000000,1.000000000,0.736363636,0.736363636,1.016212121,18.613901138,16.261528015,0.736138284,0.935973465,-0.000383518,0.000015778,0.352070421
497,54.873000000,fused_map_f2f,1,1,0,0.072259568,0.017829413,0.951472544,0.951472544,0.100000000,0.011543008,0.011543008,0.038038674,0.002910953,1.000000000,0.000000000,0.000000000,0.000000000,0.000000000,0.000000000,0.630952381,1.000000000,0.778571429,1.000000000,1.000000000,0.725373134,0.725373134,1.015845771,18.636190414,16.284492493,0.735875905,0.938249588,-0.000403018,0.000034155,0.345958829
498,54.978000000,fused_map_f2f,1,1,0,0.073410630,0.016418900,0.946916255,0.946916255,0.100000000,0.011597906,0.011597906,0.038240778,0.002924919,1.000000000,0.000000000,0.000000000,0.000000000,0.000000000,0.000000000,0.638554217,1.000000000,0.783132530,1.000000000,1.000000000,0.746987952,0.746987952,1.016566265,18.659957886,16.307945251,0.735669672,0.940545082,-0.000424128,0.000013046,0.339668542
499,55.078000000,fused_map_f2f,1,1,0,0.072325858,0.018010332,0.951210146,0.951210146,0.100000000,0.011546156,0.011546156,0.038095788,0.002911754,1.000000000,0.000000000,0.000000000,0.000000000,0.000000000,0.000000000,0.614457831,1.000000000,0.768674699,1.000000000,1.000000000,0.764525994,0.764525994,1.017150866,18.682239532,16.329940796,0.735552609,0.942612588,-0.000434663,0.000013166,0.333888263
500,55.190000000,fused_map_f2f,1,1,0,0.072242058,0.020147118,0.951541853,0.951541853,0.100000000,0.011542177,0.011542177,0.038075549,0.002910742,1.000000000,0.000000000,0.000000000,0.000000000,0.000000000,0.000000000,0.607142857,1.000000000,0.764285714,1.000000000,1.000000000,0.758308157,0.758308157,1.016943605,18.710483551,16.355428696,0.735793054,0.944842160,-0.000416779,0.000009802,0.327525854
501,55.266000000,fused_map_f2f,1,1,0,0.074813093,0.020806155,0.941364842,0.941364842,0.100000000,0.011665503,0.011665503,0.038454898,0.002942117,1.000000000,0.000000000,0.000000000,0.000000000,0.000000000,0.000000000,0.654761905,1.000000000,0.792857143,1.000000000,1.000000000,0.744744745,0.744744745,1.016491491,18.729591370,16.371990204,0.735642076,0.946296751,-0.000435768,0.000011332,0.323299080
502,55.374000000,fused_map_f2f,1,1,0,0.069360137,0.023450988,0.962949458,0.962949458,0.100000000,0.011407002,0.011407002,0.037627116,0.002876359,1.000000000,0.000000000,0.000000000,0.000000000,0.000000000,0.000000000,0.600000000,1.000000000,0.760000000,1.000000000,1.000000000,0.746223565,0.746223565,1.016540785,18.754205704,16.393911362,0.735865414,0.948280632,-0.000424040,-0.000012666,0.317432910
503,55.467000000,fused_map_f2f,1,1,0,0.072622466,0.015668382,0.950036074,0.950036074,0.100000000,0.011560260,0.011560260,0.038121786,0.002915342,1.000000000,0.000000000,0.000000000,0.000000000,0.000000000,0.000000000,0.646341463,1.000000000,0.787804878,1.000000000,1.000000000,0.748484848,0.748484848,1.016616162,18.776918411,16.413738251,0.735702336,0.949924707,-0.000414018,0.000017451,0.312478602
504,55.578000000,fused_map_f2f,1,1,0,0.074286897,0.016540265,0.943447698,0.943447698,0.100000000,0.011640049,0.011640049,0.038348199,0.002935640,1.000000000,0.000000000,0.000000000,0.000000000,0.000000000,0.000000000,0.634146341,1.000000000,0.780487805,1.000000000,1.000000000,0.724035608,0.724035608,1.015801187,18.801551819,16.435085297,0.735422134,0.951785862,-0.000449473,0.000005915,0.306762844
505,55.691000000,fused_map_f2f,1,1,0,0.072018003,0.017953989,0.952428736,0.952428736,0.100000000,0.011531553,0.011531553,0.038021451,0.002908039,1.000000000,0.000000000,0.000000000,0.000000000,0.000000000,0.000000000,0.588235294,1.000000000,0.752941176,1.000000000,1.000000000,0.741641337,0.741641337,1.016388045,18.828378677,16.456253052,0.735237479,0.953591943,-0.000461334,0.000005672,0.301101655
506,55.769000000,fused_map_f2f,1,1,0,0.074033418,0.017350526,0.944451054,0.944451054,0.100000000,0.011627827,0.011627827,0.038323923,0.002932531,1.000000000,0.000000000,0.000000000,0.000000000,0.000000000,0.000000000,0.630952381,1.000000000,0.778571429,1.000000000,1.000000000,0.736363636,0.736363636,1.016212121,18.846237183,16.470754623,0.735169649,0.954812288,-0.000443590,0.000005954,0.297209173
507,55.875000000,fused_map_f2f,1,1,0,0.070061118,0.017598769,0.960174741,0.960174741,0.100000000,0.011439589,0.011439589,0.037721725,0.002884647,1.000000000,0.000000000,0.000000000,0.000000000,0.000000000,0.000000000,0.611764706,1.000000000,0.767058824,1.000000000,1.000000000,0.737804878,0.737804878,1.016260163,18.876319885,16.490959167,0.735517442,0.956403553,-0.000415299,-0.000007148,0.292048067
508,55.982000000,fused_map_f2f,1,1,0,0.073462636,0.019495753,0.946710399,0.946710399,0.100000000,0.011600398,0.011600398,0.038242326,0.002925553,1.000000000,0.000000000,0.000000000,0.000000000,0.000000000,0.000000000,0.630952381,1.000000000,0.778571429,1.000000000,1.000000000,0.741641337,0.741641337,1.016388045,18.900598526,16.509241104,0.735512257,0.957915127,-0.000405422,-0.000004258,0.287051260
509,56.092000000,fused_map_f2f,1,1,0,0.072575025,0.018402462,0.950223860,0.950223860,0.100000000,0.011558002,0.011558002,0.038102659,0.002914767,1.000000000,0.000000000,0.000000000,0.000000000,0.000000000,0.000000000,0.619047619,1.000000000,0.771428571,1.000000000,1.000000000,0.738601824,0.738601824,1.016286727,18.925922394,16.527927399,0.735553086,0.959400475,-0.000388762,-0.000008276,0.282047123
510,56.170000000,fused_map_f2f,1,1,0,0.070695957,0.019325825,0.957661838,0.957661838,0.100000000,0.011469262,0.011469262,0.037784406,0.002892194,1.000000000,0.000000000,0.000000000,0.000000000,0.000000000,0.000000000,0.614457831,1.000000000,0.768674699,1.000000000,1.000000000,0.710526316,0.710526316,1.015350877,18.943061829,16.540346146,0.735355914,0.960393548,-0.000435826,-0.000029812,0.278646797
511,56.285000000,fused_map_f2f,1,1,0,0.069059971,0.016101475,0.964137614,0.964137614,0.100000000,0.011393105,0.011393105,0.037567200,0.002872824,1.000000000,0.000000000,0.000000000,0.000000000,0.000000000,0.000000000,0.584269663,1.000000000,0.750561798,1.000000000,1.000000000,0.733333333,0.733333333,1.016111111,18.970113754,16.559272766,0.735187829,0.961826205,-0.000442365,-0.000018304,0.273660630
512,56.397000000,fused_map_f2f,1,1,0,0.071948840,0.018950507,0.952702508,0.952702508,0.100000000,0.011528278,0.011528278,0.038000977,0.002907206,1.000000000,0.000000000,0.000000000,0.000000000,0.000000000,0.000000000,0.583333333,1.000000000,0.750000000,1.000000000,1.000000000,0.733333333,0.733333333,1.016111111,18.998426437,16.577888489,0.735181212,0.963183582,-0.000387006,-0.000006873,0.268844247
513,56.469000000,fused_map_f2f,1,1,0,0.072126012,0.013955703,0.952001204,0.952001204,0.100000000,0.011536672,0.011536672,0.038017366,0.002909341,1.000000000,0.000000000,0.000000000,0.000000000,0.000000000,0.000000000,0.604651163,1.000000000,0.762790698,1.000000000,1.000000000,0.724550898,0.724550898,1.015818363,19.014978409,16.588928223,0.735032320,0.964007318,-0.000456616,0.000001669,0.265875340
514,56.593000000,fused_map_f2f,1,1,0,0.071143751,0.027168289,0.955889319,0.955889319,0.100000000,0.011490286,0.011490286,0.037874777,0.002897542,1.000000000,0.000000000,0.000000000,0.000000000,0.000000000,0.000000000,0.593023256,1.000000000,0.755813953,1.000000000,1.000000000,0.729729730,0.729729730,1.015990991,19.038434982,16.612209320,0.734946430,0.968720675,-0.000417142,0.000018925,0.248153269
515,56.671000000,fused_map_f2f,1,1,0,0.073419733,0.020457373,0.946880224,0.946880224,0.100000000,0.011598342,0.011598342,0.038230135,0.002925030,1.000000000,0.000000000,0.000000000,0.000000000,0.000000000,0.000000000,0.581395349,1.000000000,0.748837209,1.000000000,1.000000000,0.737003058,0.737003058,1.016233435,19.053678513,16.625265121,0.734447002,0.971307933,-0.000433498,0.000012663,0.237825111
516,56.785000000,fused_map_f2f,1,1,0,0.068593683,0.024302800,0.965983338,0.965983338,0.100000000,0.011371583,0.011371583,0.037494523,0.002867351,1.000000000,0.000000000,0.000000000,0.000000000,0.000000000,0.000000000,0.642857143,1.000000000,0.785714286,1.000000000,1.000000000,0.730303030,0.730303030,1.016010101,19.075555801,16.644069672,0.734883249,0.974560082,-0.000429713,-0.000009866,0.224126011
517,56.884000000,fused_map_f2f,1,1,0,0.067333337,0.021096313,0.970972207,0.970972207,0.100000000,0.011313817,0.011313817,0.037317143,0.002852660,1.000000000,0.000000000,0.000000000,0.000000000,0.000000000,0.000000000,0.611764706,1.000000000,0.767058824,1.000000000,1.000000000,0.737160121,0.737160121,1.016238671,19.097667694,16.658954620,0.734729290,0.976992309,-0.000403924,-0.000012646,0.213274136
518,57.002000000,fused_map_f2f,1,1,0,0.070662923,0.020095485,0.957792597,0.957792597,0.100000000,0.011467715,0.011467715,0.037813892,0.002891800,1.000000000,0.000000000,0.000000000,0.000000000,0.000000000,0.000000000,0.650602410,1.000000000,0.790361446,1.000000000,1.000000000,0.739393939,0.739393939,1.016313131,19.127428055,16.676408768,0.734900117,0.979470551,-0.000435933,-0.000041553,0.201586962
519,57.084000000,fused_map_f2f,1,1,0,0.069994460,0.017560181,0.960438595,0.960438595,0.100000000,0.011436482,0.011436482,0.037707106,0.002883856,1.000000000,0.000000000,0.000000000,0.000000000,0.000000000,0.000000000,0.613636364,1.000000000,0.768181818,1.000000000,0.999676375,0.734138973,0.733901387,1.016130046,19.149669647,16.689031601,0.734866858,0.980972052,-0.000393814,-0.000030175,0.194148645
520,57.202000000,fused_map_f2f,1,1,0,0.069459058,0.018265143,0.962557895,0.962557895,0.100000000,0.011411590,0.011411590,0.037621286,0.002877525,1.000000000,0.000000000,0.000000000,0.000000000,0.000000000,0.000000000,0.639534884,1.000000000,0.783720930,1.000000000,1.000000000,0.728915663,0.728915663,1.015963855,19.184465408,16.704866409,0.734581590,0.982847929,-0.000445477,-0.000021006,0.184417307
521,57.283000000,fused_map_f2f,1,1,0,0.066851756,0.017381829,0.972878465,0.972878465,0.100000000,0.011291899,0.011291899,0.037253757,0.002847087,1.000000000,0.000000000,0.000000000,0.000000000,0.000000000,0.000000000,0.666666667,1.000000000,0.800000000,1.000000000,1.000000000,0.743119266,0.743119266,1.016437309,19.208337784,16.715812683,0.735033274,0.983967304,-0.000423464,-0.000027911,0.178348303
522,57.387000000,fused_map_f2f,1,1,0,0.066950510,0.017625011,0.972487566,0.972487566,0.100000000,0.011296387,0.011296387,0.037271771,0.002848228,1.000000000,0.000000000,0.000000000,0.000000000,0.000000000,0.000000000,0.597701149,1.000000000,0.758620690,1.000000000,1.000000000,0.746177370,0.746177370,1.016539246,19.242660522,16.730833054,0.734973550,0.985254526,-0.000445513,-0.000040994,0.171094581
523,57.470000000,fused_map_f2f,1,1,0,0.071258722,0.016960335,0.955434227,0.955434227,0.100000000,0.011495696,0.011495696,0.037911806,0.002898918,1.000000000,0.000000000,0.000000000,0.000000000,0.000000000,0.000000000,0.654320988,1.000000000,0.792592593,1.000000000,1.000000000,0.746177370,0.746177370,1.016539246,19.272113800,16.744352341,0.734561026,0.986173987,-0.000435767,-0.000020730,0.165712744
524,57.577000000,fused_map_f2f,1,1,0,0.069480789,0.015637699,0.962471879,0.962471879,0.100000000,0.011412598,0.011412598,0.037632624,0.002877782,1.000000000,0.000000000,0.000000000,0.000000000,0.000000000,0.000000000,0.593023256,1.000000000,0.755813953,1.000000000,1.000000000,0.735735736,0.735735736,1.016191191,19.310026169,16.759492874,0.734548450,0.987222016,-0.000455320,-0.000030080,0.159350097
525,57.700000000,fused_map_f2f,1,1,0,0.071872695,0.018196353,0.953003915,0.953003915,0.100000000,0.011524674,0.011524674,0.037976683,0.002906289,1.000000000,0.000000000,0.000000000,0.000000000,0.000000000,0.000000000,0.584269663,1.000000000,0.750561798,1.000000000,1.000000000,0.722713864,0.722713864,1.015757129,19.356292725,16.776563644,0.734730363,0.988282740,-0.000487119,-0.000036778,0.152633503
526,57.777000000,fused_map_f2f,1,1,0,0.064980531,0.016028926,0.980285398,0.980285398,0.100000000,0.011207535,0.011207535,0.036977405,0.002825635,1.000000000,0.000000000,0.000000000,0.000000000,0.000000000,0.000000000,0.626506024,1.000000000,0.775903614,1.000000000,1.000000000,0.738601824,0.738601824,1.016286727,19.388917923,16.787385941,0.734977365,0.988886654,-0.000433593,-0.000066808,0.148670778
527,57.885000000,fused_map_f2f,1,1,0,0.066535191,0.018253383,0.974131535,0.974131535,0.100000000,0.011277538,0.011277538,0.037210229,0.002843435,1.000000000,0.000000000,0.000000000,0.000000000,0.000000000,0.000000000,0.679487179,1.000000000,0.807692308,1.000000000,1.000000000,0.745341615,0.745341615,1.016511387,19.438018799,16.803977966,0.734988153,0.989665389,-0.000481541,-0.000032098,0.143395156
528,58.011000000,fused_map_f2f,1,1,0,0.068774496,0.016657719,0.965267621,0.965267621,0.100000000,0.011379919,0.011379919,0.037529991,0.002869471,1.000000000,0.000000000,0.000000000,0.000000000,0.000000000,0.000000000,0.617283951,1.000000000,0.770370370,1.000000000,1.000000000,0.737654321,0.737654321,1.016255144,19.499231339,16.823093414,0.734733522,0.990486383,-0.000453556,-0.000031060,0.137609959
529,58.114000000,fused_map_f2f,1,1,0,0.070531635,0.017743367,0.958312279,0.958312279,0.100000000,0.011461567,0.011461567,0.037775804,0.002890237,1.000000000,0.000000000,0.000000000,0.000000000,0.000000000,0.000000000,0.619047619,1.000000000,0.771428571,1.000000000,0.999670728,0.724242424,0.724003951,1.015800132,19.548009872,16.838083267,0.734694958,0.991085768,-0.000496830,-0.000019271,0.133224264
530,58.169000000,fused_map_f2f,1,1,0,0.067604790,0.020059053,0.969897708,0.969897708,0.100000000,0.011326209,0.011326209,0.037358476,0.002855811,1.000000000,0.000000000,0.000000000,0.000000000,0.000000000,0.000000000,0.666666667,1.000000000,0.800000000,1.000000000,1.000000000,0.738461538,0.738461538,1.016282051,19.574996948,16.846237183,0.735033512,0.991386116,-0.000477712,-0.000038588,0.130970776
531,58.275000000,fused_map_f2f,1,1,0,0.068652488,0.015098068,0.965750569,0.965750569,0.100000000,0.011374293,0.011374293,0.037517466,0.002868040,1.000000000,0.000000000,0.000000000,0.000000000,0.000000000,0.000000000,0.634146341,1.000000000,0.780487805,1.000000000,1.000000000,0.742331288,0.742331288,1.016411043,19.625711441,16.860040665,0.734960735,0.991918504,-0.000479054,-0.000022268,0.126875892
532,58.368000000,fused_map_f2f,1,1,0,0.068397369,0.012716430,0.966760413,0.966760413,0.100000000,0.011362547,0.011362547,0.037473251,0.002865052,1.000000000,0.000000000,0.000000000,0.000000000,0.000000000,0.000000000,0.637500000,1.000000000,0.782500000,1.000000000,1.000000000,0.736842105,0.736842105,1.016228070,19.670112610,16.871871948,0.735061347,0.992347240,-0.000466620,-0.000036520,0.123477958
533,58.486000000,fused_map_f2f,1,1,0,0.068061869,0.015528126,0.968088437,0.968088437,0.100000000,0.011347137,0.011347137,0.037393048,0.002861133,1.000000000,0.000000000,0.000000000,0.000000000,0.000000000,0.000000000,0.551724138,1.000000000,0.731034483,1.000000000,1.000000000,0.710843373,0.710843373,1.015361446,19.725425720,16.886310577,0.735603690,0.992838681,-0.000401759,-0.000043481,0.119461924
534,58.587000000,fused_map_f2f,1,1,0,0.067163657,0.018116337,0.971643858,0.971643858,0.100000000,0.011306085,0.011306085,0.037270517,0.002850694,1.000000000,0.000000000,0.000000000,0.000000000,0.000000000,0.000000000,0.602409639,1.000000000,0.761445783,1.000000000,1.000000000,0.718654434,0.718654434,1.015621814,19.778469086,16.899078369,0.735355318,0.993252933,-0.000406422,-0.000043123,0.115967296
535,58.671000000,fused_map_f2f,1,1,0,0.068635877,0.014152027,0.965816321,0.965816321,0.100000000,0.011373528,0.011373528,0.037468467,0.002867845,1.000000000,0.000000000,0.000000000,0.000000000,0.000000000,0.000000000,0.564705882,1.000000000,0.738823529,1.000000000,1.000000000,0.703030303,0.703030303,1.015101010,19.822877884,16.910232544,0.735189974,0.993570030,-0.000395073,-0.000029222,0.113218658
536,58.790000000,fused_map_f2f,1,1,0,0.068949853,0.013943250,0.964573499,0.964573499,0.100000000,0.011388015,0.011388015,0.037503862,0.002871530,1.000000000,0.000000000,0.000000000,0.000000000,0.000000000,0.000000000,0.590361446,1.000000000,0.754216867,1.000000000,1.000000000,0.693693694,0.693693694,1.014789790,19.884174347,16.926315308,0.735069394,0.993980229,-0.000366031,-0.000049596,0.109558858
537,58.900000000,fused_map_f2f,1,1,0,0.069984472,0.015488380,0.960478131,0.960478131,0.100000000,0.011436017,0.011436017,0.037675028,0.002883738,1.000000000,0.000000000,0.000000000,0.000000000,0.000000000,0.000000000,0.578313253,1.000000000,0.746987952,1.000000000,1.000000000,0.708206687,0.708206687,1.015273556,19.938522339,16.938116074,0.734858572,0.994321883,-0.000402668,-0.000077868,0.106413744
538,58.983000000,fused_map_f2f,1,1,0,0.067397175,0.021134292,0.970719514,0.970719514,0.100000000,0.011316729,0.011316729,0.037283401,0.002853401,1.000000000,0.000000000,0.000000000,0.000000000,0.000000000,0.000000000,0.583333333,1.000000000,0.750000000,1.000000000,1.000000000,0.700598802,0.700598802,1.015019960,19.980873108,16.946519852,0.735002697,0.994569242,-0.000372728,-0.000046650,0.104076505
539,59.094000000,fused_map_f2f,1,1,0,0.069311936,0.014024204,0.963140255,0.963140255,0.100000000,0.011404768,0.011404768,0.037582257,0.002875790,1.000000000,0.000000000,0.000000000,0.000000000,0.000000000,0.000000000,0.585365854,1.000000000,0.751219512,1.000000000,0.999660441,0.714723926,0.714481236,1.015482708,20.037958145,16.959007263,0.734807611,0.994880557,-0.000355199,-0.000049272,0.101056978
540,59.183000000,fused_map_f2f,1,1,0,0.070058706,0.012979559,0.960184289,0.960184289,0.100000000,0.011439477,0.011439477,0.037696501,0.002884618,1.000000000,0.000000000,0.000000000,0.000000000,0.000000000,0.000000000,0.612500000,1.000000000,0.767500000,1.000000000,1.000000000,0.716923077,0.716923077,1.015564103,20.080858231,16.968069077,0.734981954,0.995104074,-0.000352930,-0.000073108,0.098832138
541,59.266000000,fused_map_f2f,1,1,0,0.068418068,0.019722952,0.966678482,0.966678482,0.100000000,0.011363499,0.011363499,0.037451706,0.002865295,1.000000000,0.000000000,0.000000000,0.000000000,0.000000000,0.000000000,0.609756098,1.000000000,0.765853659,1.000000000,1.000000000,0.716049383,0.716049383,1.015534979,20.124713898,16.977647781,0.735128343,0.995316267,-0.000388331,-0.000066442,0.096671484
542,59.394000000,fused_map_f2f,1,1,0,0.068259339,0.015494312,0.967306783,0.967306783,0.100000000,0.011356202,0.011356202,0.037405727,0.002863439,1.000000000,0.000000000,0.000000000,0.000000000,0.000000000,0.000000000,0.623376623,1.000000000,0.774025974,1.000000000,1.000000000,0.696969697,0.696969697,1.014898990,20.186594009,16.989147186,0.735559642,0.995603859,-0.000334937,-0.000049587,0.093663529
543,59.470000000,fused_map_f2f,1,1,0,0.069169307,0.021985452,0.963704828,0.963704828,0.100000000,0.011398163,0.011398163,0.037551074,0.002874110,1.000000000,0.000000000,0.000000000,0.000000000,0.000000000,0.000000000,0.580246914,1.000000000,0.748148148,1.000000000,1.000000000,0.706060606,0.706060606,1.015202020,20.222255707,16.995704651,0.735804200,0.995764673,-0.000334348,-0.000138463,0.091938555
544,59.576000000,fused_map_f2f,1,1,0,0.069015245,0.016560965,0.964314655,0.964314655,0.100000000,0.011391037,0.011391037,0.037518523,0.002872298,1.000000000,0.000000000,0.000000000,0.000000000,0.000000000,0.000000000,0.573170732,1.000000000,0.743902439,1.000000000,1.000000000,0.697885196,0.697885196,1.014929507,20.270317078,17.004819870,0.735194266,0.995975435,-0.000372970,-0.000069906,0.089625999
545,59.687000000,fused_map_f2f,1,1,0,0.068688264,0.022771029,0.965608956,0.965608956,0.100000000,0.011375942,0.011375942,0.037487474,0.002868459,1.000000000,0.000000000,0.000000000,0.000000000,0.000000000,0.000000000,0.582278481,1.000000000,0.749367089,1.000000000,1.000000000,0.712538226,0.712538226,1.015417941,20.315074921,17.013425827,0.735555530,0.996174335,-0.000336509,-0.000074761,0.087387599
546,59.801000000,fused_map_f2f,1,1,0,0.070291905,0.014429487,0.959261208,0.959261208,0.100000000,0.011450359,0.011450359,0.037745450,0.002887386,1.000000000,0.000000000,0.000000000,0.000000000,0.000000000,0.000000000,0.548780488,1.000000000,0.729268293,1.000000000,1.000000000,0.728706625,0.728706625,1.015956887,20.358623505,17.020587921,0.735598624,0.996353567,-0.000346348,-0.000096916,0.085319445
547,59.870000000,fused_map_f2f,1,1,0,0.069778763,0.014152902,0.961292398,0.961292398,0.100000000,0.011426441,0.011426441,0.037651024,0.002881302,1.000000000,0.000000000,0.000000000,0.000000000,0.000000000,0.000000000,0.623376623,1.000000000,0.774025974,1.000000000,1.000000000,0.713846154,0.713846154,1.015461538,20.391372681,17.027029037,0.735120416,0.996473908,-0.000367599,-0.000087498,0.083902374
548,59.980000000,fused_map_f2f,1,1,0,0.069007258,0.013907846,0.964346272,0.964346272,0.100000000,0.011390668,0.011390668,0.037528524,0.002872204,1.000000000,0.000000000,0.000000000,0.000000000,0.000000000,0.000000000,0.554216867,1.000000000,0.732530120,1.000000000,1.000000000,0.707317073,0.707317073,1.015243902,20.432043076,17.033647537,0.735197783,0.996626377,-0.000387522,-0.000121321,0.082071573
549,60.083000000,fused_map_f2f,1,1,0,0.072304196,0.016581410,0.951295892,0.951295892,0.100000000,0.011545127,0.011545127,0.038051514,0.002911492,1.000000000,0.000000000,0.000000000,0.000000000,0.000000000,0.000000000,0.578947368,1.000000000,0.747368421,1.000000000,1.000000000,0.730407524,0.730407524,1.016013584,20.469247818,17.039756775,0.735429525,0.996757150,-0.000299778,-0.000085575,0.080468059
550,60.171000000,fused_map_f2f,1,1,0,0.068384462,0.014603731,0.966811505,0.966811505,0.100000000,0.011361953,0.011361953,0.037434928,0.002864901,1.000000000,0.000000000,0.000000000,0.000000000,0.000000000,0.000000000,0.587500000,1.000000000,0.752500000,1.000000000,1.000000000,0.706060606,0.706060606,1.015202020,20.507993698,17.044849396,0.735742688,0.996876717,-0.000352222,-0.000057826,0.078972638
551,60.286000000,fused_map_f2f,1,1,0,0.070184386,0.016687550,0.959686804,0.959686804,0.100000000,0.011445339,0.011445339,0.037717942,0.002886109,1.000000000,0.000000000,0.000000000,0.000000000,0.000000000,0.000000000,0.551282051,1.000000000,0.730769231,1.000000000,1.000000000,0.719135802,0.719135802,1.015637860,20.548772812,17.050584793,0.735808611,0.997004211,-0.000359498,-0.000038528,0.077346250
552,60.395000000,fused_map_f2f,1,1,0,0.068071336,0.016269339,0.968050963,0.968050963,0.100000000,0.011347571,0.011347571,0.037415182,0.002861244,1.000000000,0.000000000,0.000000000,0.000000000,0.000000000,0.000000000,0.550000000,1.000000000,0.730000000,1.000000000,1.000000000,0.728395062,0.728395062,1.015946502,20.594196320,17.057676315,0.735363245,0.997135222,-0.000339080,-0.000051943,0.075639203
553,60.466000000,fused_map_f2f,1,1,0,0.067460191,0.012460293,0.970470076,0.970470076,0.100000000,0.011319605,0.011319605,0.037293680,0.002854132,1.000000000,0.000000000,0.000000000,0.000000000,0.000000000,0.000000000,0.555555556,1.000000000,0.733333333,1.000000000,1.000000000,0.701492537,0.701492537,1.015049751,20.618995667,17.060756683,0.735515952,0.997204959,-0.000320084,-0.000028291,0.074713461
554,60.577000000,fused_map_f2f,1,1,0,0.070214437,0.017342381,0.959567852,0.959567852,0.100000000,0.011446741,0.011446741,0.037752715,0.002886466,1.000000000,0.000000000,0.000000000,0.000000000,0.000000000,0.000000000,0.537500000,1.000000000,0.722500000,1.000000000,1.000000000,0.744548287,0.744548287,1.016484943,20.658849716,17.066322327,0.735798776,0.997311473,-0.000268313,-0.000086910,0.073278628
555,60.686000000,fused_map_f2f,1,1,0,0.069394502,0.018828576,0.962813431,0.962813431,0.100000000,0.011408595,0.011408595,0.037612051,0.002876764,1.000000000,0.000000000,0.000000000,0.000000000,0.000000000,0.000000000,0.567901235,1.000000000,0.740740741,1.000000000,1.000000000,0.729230769,0.729230769,1.015974359,20.702898026,17.075073242,0.736416996,0.997422516,-0.000294874,-0.000076403,0.071751028
556,60.800000000,fused_map_f2f,1,1,0,0.071782898,0.013625023,0.953359362,0.953359362,0.100000000,0.011520426,0.011520426,0.037980782,0.002905209,1.000000000,0.000000000,0.000000000,0.000000000,0.000000000,0.000000000,0.532467532,1.000000000,0.719480519,1.000000000,1.000000000,0.737500000,0.737500000,1.016250000,20.742958069,17.080327988,0.736261547,0.997518301,-0.000290431,-0.000089764,0.070406698
557,60.887000000,fused_map_f2f,1,1,0,0.069766955,0.021966961,0.961339137,0.961339137,0.100000000,0.011425892,0.011425892,0.037693198,0.002881163,1.000000000,0.000000000,0.000000000,0.000000000,0.000000000,0.000000000,0.573333333,1.000000000,0.744000000,1.000000000,1.000000000,0.750788644,0.750788644,1.016692955,20.772981644,17.083959579,0.736185372,0.997587681,-0.000282686,-0.000106659,0.069416903
558,60.994000000,fused_map_f2f,1,1,0,0.068803304,0.016732203,0.965153590,0.965153590,0.100000000,0.011381248,0.011381248,0.037527923,0.002869809,1.000000000,0.000000000,0.000000000,0.000000000,0.000000000,0.000000000,0.573333333,1.000000000,0.744000000,1.000000000,1.000000000,0.732307692,0.732307692,1.016076923,20.815370560,17.089950562,0.736582994,0.997674167,-0.000301824,-0.000053379,0.068162948
559,61.067000000,fused_map_f2f,1,1,0,0.067753787,0.015166785,0.969307925,0.969307925,0.100000000,0.011333023,0.011333023,0.037352556,0.002857544,1.000000000,0.000000000,0.000000000,0.000000000,0.000000000,0.000000000,0.550000000,1.000000000,0.730000000,1.000000000,0.999657534,0.715151515,0.714906600,1.015496887,20.842441559,17.091646194,0.736300528,0.997729361,-0.000308011,-0.000050139,0.067350276
560,61.178000000,fused_map_f2f,1,1,0,0.068712891,0.012623080,0.965511472,0.965511472,0.100000000,0.011377078,0.011377078,0.037502588,0.002868748,1.000000000,0.000000000,0.000000000,0.000000000,0.000000000,0.000000000,0.538461538,1.000000000,0.723076923,1.000000000,1.000000000,0.722222222,0.722222222,1.015740741,20.880401611,17.096189499,0.736358583,0.997807264,-0.000301026,-0.000054299,0.066185653
561,61.285000000,fused_map_f2f,1,1,0,0.068893203,0.012674898,0.964797740,0.964797740,0.100000000,0.011385398,0.011385398,0.037514656,0.002870864,1.000000000,0.000000000,0.000000000,0.000000000,0.000000000,0.000000000,0.600000000,1.000000000,0.760000000,1.000000000,1.000000000,0.709876543,0.709876543,1.015329218,20.919494629,17.100624084,0.736369073,0.997879088,-0.000321468,-0.000055919,0.065093711
562,61.383000000,fused_map_f2f,1,1,0,0.068640680,0.014165300,0.965797310,0.965797310,0.100000000,0.011373749,0.011373749,0.037473629,0.002867901,1.000000000,0.000000000,0.000000000,0.000000000,0.000000000,0.000000000,0.537500000,1.000000000,0.722500000,1.000000000,1.000000000,0.706790123,0.706790123,1.015226337,20.968193054,17.106016159,0.736258805,0.997949302,-0.000318120,-0.000051469,0.064009026
563,61.500000000,fused_map_f2f,1,1,0,0.067389607,0.018776778,0.970749471,0.970749471,0.100000000,0.011316384,0.011316384,0.037286361,0.002853313,1.000000000,0.000000000,0.000000000,0.000000000,0.000000000,0.000000000,0.567567568,1.000000000,0.740540541,1.000000000,1.000000000,0.704049844,0.704049844,1.015134995,21.024852753,17.114463806,0.736751139,0.998030901,-0.000294436,-0.000049106,0.062722974
564,61.577000000,fused_map_f2f,1,1,0,0.068609087,0.013808756,0.965922364,0.965922364,0.100000000,0.011372293,0.011372293,0.037451532,0.002867531,1.000000000,0.000000000,0.000000000,0.000000000,0.000000000,0.000000000,0.543209877,1.000000000,0.725925926,1.000000000,1.000000000,0.692073171,0.692073171,1.014735772,21.059688568,17.118394852,0.736805141,0.998080850,-0.000296566,-0.000075686,0.061923612
565,61.690000000,fused_map_f2f,1,1,0,0.069148986,0.015565109,0.963785264,0.963785264,0.100000000,0.011397223,0.011397223,0.037554629,0.002873871,1.000000000,0.000000000,0.000000000,0.000000000,0.000000000,0.000000000,0.618421053,1.000000000,0.771052632,1.000000000,1.000000000,0.711598746,0.711598746,1.015386625,21.119358063,17.125129700,0.736010969,0.998161435,-0.000307221,-0.000047734,0.060611241
566,61.797000000,fused_map_f2f,1,1,0,0.068203588,0.018459145,0.967527466,0.967527466,0.100000000,0.011353641,0.011353641,0.037387880,0.002862788,1.000000000,0.000000000,0.000000000,0.000000000,0.000000000,0.000000000,0.551282051,1.000000000,0.730769231,1.000000000,1.000000000,0.688821752,0.688821752,1.014627392,21.175664902,17.131088257,0.736804366,0.998234987,-0.000285882,-0.000071156,0.059386831
567,61.871000000,fused_map_f2f,1,1,0,0.066743355,0.027494208,0.973307552,0.973307552,0.100000000,0.011286977,0.011286977,0.037197936,0.002845835,1.000000000,0.000000000,0.000000000,0.000000000,0.000000000,0.000000000,0.573333333,1.000000000,0.744000000,1.000000000,1.000000000,0.709090909,0.709090909,1.015303030,21.210813522,17.134471893,0.736716032,0.998280942,-0.000344933,-0.000075179,0.058608949
568,61.968000000,fused_map_f2f,1,1,0,0.068071275,0.015016108,0.968051204,0.968051204,0.100000000,0.011347568,0.011347568,0.037388491,0.002861243,1.000000000,0.000000000,0.000000000,0.000000000,0.000000000,0.000000000,0.558441558,1.000000000,0.735064935,1.000000000,0.999652657,0.706060606,0.705815361,1.015193845,21.263280869,17.141113281,0.736740828,0.998344719,-0.000254350,-0.000059170,0.057513349
569,62.099000000,fused_map_f2f,1,1,0,0.069819298,0.016133724,0.961131946,0.961131946,0.100000000,0.011428327,0.011428327,0.037667037,0.002881782,1.000000000,0.000000000,0.000000000,0.000000000,0.000000000,0.000000000,0.573333333,1.000000000,0.744000000,1.000000000,1.000000000,0.722222222,0.722222222,1.015740741,21.333488464,17.148437500,0.736717045,0.998428226,-0.000246526,-0.000052585,0.056045160
570,62.173000000,fused_map_f2f,1,1,0,0.066689698,0.015142107,0.973519947,0.973519947,0.100000000,0.011284543,0.011284543,0.037216889,0.002845216,1.000000000,0.000000000,0.000000000,0.000000000,0.000000000,0.000000000,0.621621622,1.000000000,0.772972973,1.000000000,1.000000000,0.731861199,0.731861199,1.016062040,21.372434616,17.152517319,0.736482918,0.998473525,-0.000274242,-0.000067062,0.055231173
571,62.282000000,fused_map_f2f,1,1,0,0.065629826,0.019124218,0.977715270,0.977715270,0.100000000,0.011236665,0.011236665,0.037057442,0.002833042,1.000000000,0.000000000,0.000000000,0.000000000,0.000000000,0.000000000,0.543209877,1.000000000,0.725925926,1.000000000,0.999650472,0.727272727,0.727018525,1.015900617,21.436717987,17.160100937,0.737404704,0.998541594,-0.000231756,-0.000063980,0.053987686
572,62.393000000,fused_map_f2f,1,1,0,0.067216312,0.018363647,0.971435431,0.971435431,0.100000000,0.011308483,0.011308483,0.037275691,0.002851304,1.000000000,0.000000000,0.000000000,0.000000000,0.000000000,0.000000000,0.564102564,1.000000000,0.738461538,1.000000000,1.000000000,0.716510903,0.716510903,1.015550363,21.497615814,17.165864944,0.737581611,0.998604894,-0.000180083,-0.000074731,0.052803751
573,62.469000000,fused_map_f2f,1,1,0,0.067569015,0.012968715,0.970039317,0.970039317,0.100000000,0.011324574,0.011324574,0.037316935,0.002855396,1.000000000,0.000000000,0.000000000,0.000000000,0.000000000,0.000000000,0.575000000,1.000000000,0.745000000,1.000000000,1.000000000,0.707692308,0.707692308,1.015256410,21.547895432,17.171499252,0.737458646,0.998656154,-0.000187092,-0.000056658,0.051825743
574,62.578000000,fused_map_f2f,1,1,0,0.065606748,0.017409779,0.977806623,0.977806623,0.100000000,0.011235627,0.011235627,0.037034512,0.002832778,1.000000000,0.000000000,0.000000000,0.000000000,0.000000000,0.000000000,0.642857143,1.000000000,0.785714286,1.000000000,1.000000000,0.710280374,0.710280374,1.015342679,21.609985352,17.176353455,0.737550497,0.998716414,-0.000205309,-0.000046250,0.050650083
575,62.697000000,fused_map_f2f,1,1,0,0.068341343,0.016082789,0.966982185,0.966982185,0.100000000,0.011359971,0.011359971,0.037408959,0.002864397,1.000000000,0.000000000,0.000000000,0.000000000,0.000000000,0.000000000,0.586666667,1.000000000,0.752000000,1.000000000,0.999297012,0.689969605,0.689484565,1.014649485,21.678897858,17.182714462,0.737950683,0.998780489,-0.000086041,-0.000054661,0.049371477
576,62.768000000,fused_map_f2f,1,1,0,0.068843065,0.014348778,0.964996202,0.964996202,0.100000000,0.011383084,0.011383084,0.037492726,0.002870275,1.000000000,0.000000000,0.000000000,0.000000000,0.000000000,0.000000000,0.556962025,1.000000000,0.734177215,1.000000000,0.999646768,0.697885196,0.697638681,1.014921289,21.734367371,17.189338684,0.736675918,0.998827100,-0.000192458,-0.000061267,0.048418328
577,62.880000000,fused_map_f2f,1,1,0,0.071536502,0.021710821,0.954334679,0.954334679,0.100000000,0.011508788,0.011508788,0.037903767,0.002902248,1.000000000,0.000000000,0.000000000,0.000000000,0.000000000,0.000000000,0.571428571,1.000000000,0.742857143,1.000000000,0.999647887,0.704615385,0.704367281,1.015145576,21.809810638,17.195423126,0.736936510,0.998888612,-0.000181032,-0.000063574,0.047133535
578,62.988000000,fused_map_f2f,1,1,0,0.066911549,0.016248169,0.972641785,0.972641785,0.100000000,0.011294616,0.011294616,0.037222783,0.002847777,1.000000000,0.000000000,0.000000000,0.000000000,0.000000000,0.000000000,0.600000000,1.000000000,0.760000000,1.000000000,0.999293036,0.709876543,0.709374686,1.015312490,21.881610870,17.201887131,0.737261653,0.998944342,-0.000188871,-0.000056182,0.045936607
579,63.087000000,fused_map_f2f,1,1,0,0.068099244,0.022229736,0.967940494,0.967940494,0.100000000,0.011348851,0.011348851,0.037377991,0.002861569,1.000000000,0.000000000,0.000000000,0.000000000,0.000000000,0.000000000,0.550000000,1.000000000,0.730000000,1.000000000,0.999292786,0.693939394,0.693448631,1.014781621,21.940498352,17.206335068,0.737722397,0.998992205,-0.000077063,-0.000060956,0.044884071
580,63.171000000,fused_map_f2f,1,1,0,0.071253183,0.016683883,0.955456152,0.955456152,0.100000000,0.011495435,0.011495435,0.037833535,0.002898851,1.000000000,0.000000000,0.000000000,0.000000000,0.000000000,0.000000000,0.544303797,1.000000000,0.726582278,1.000000000,0.999643494,0.681681682,0.681438658,1.014381289,21.987184525,17.209745407,0.737848938,0.999030709,-0.000053002,-0.000079541,0.044019237
581,63.275000000,fused_map_f2f,1,1,0,0.068519299,0.016364308,0.966277776,0.966277776,0.100000000,0.011368158,0.011368158,0.037428202,0.002866479,1.000000000,0.000000000,0.000000000,0.000000000,0.000000000,0.000000000,0.586666667,1.000000000,0.752000000,1.000000000,0.999293536,0.684049080,0.683565824,1.014452194,22.059234619,17.215511322,0.736569345,0.999082804,-0.000202626,-0.000029693,0.042818844
582,63.392000000,fused_map_f2f,1,1,0,0.067498919,0.018812219,0.970316781,0.970316781,0.100000000,0.011321373,0.011321373,0.037264234,0.002854582,1.000000000,0.000000000,0.000000000,0.000000000,0.000000000,0.000000000,0.605263158,1.000000000,0.763157895,1.000000000,0.998571939,0.672672673,0.671712055,1.014057068,22.127258301,17.219829559,0.736830056,0.999129474,-0.000167068,-0.000024832,0.041716713
583,63.471000000,fused_map_f2f,1,1,0,0.069415307,0.013044992,0.962731075,0.962731075,0.100000000,0.011409560,0.011409560,0.037545292,0.002877009,1.000000000,0.000000000,0.000000000,0.000000000,0.000000000,0.000000000,0.556962025,1.000000000,0.734177215,1.000000000,0.999642346,0.670658683,0.670418819,1.014013961,22.185096741,17.225414276,0.736703038,0.999168932,-0.000126659,-0.000024667,0.040761027
584,63.577000000,fused_map_f2f,1,1,0,0.069249675,0.015423677,0.963386703,0.963386703,0.100000000,0.011401884,0.011401884,0.037532947,0.002875057,1.000000000,0.000000000,0.000000000,0.000000000,0.000000000,0.000000000,0.560000000,1.000000000,0.736000000,1.000000000,0.998209169,0.681957187,0.680735917,1.014357864,22.261175156,17.230670929,0.736501217,0.999214947,-0.000149376,-0.000014683,0.039615776
585,63.686000000,fused_map_f2f,1,1,0,0.067269226,0.018760184,0.971225980,0.971225980,0.100000000,0.011310894,0.011310894,0.037239963,0.002851917,1.000000000,0.000000000,0.000000000,0.000000000,0.000000000,0.000000000,0.611111111,1.000000000,0.766666667,1.000000000,0.998188406,0.680851064,0.679617638,1.014320588,22.334133148,17.236093521,0.736966491,0.999258220,-0.000163825,-0.000031872,0.038509298
586,63.785000000,fused_map_f2f,1,1,0,0.068620643,0.017919011,0.965876620,0.965876620,0.100000000,0.011372826,0.011372826,0.037451236,0.002867667,1.000000000,0.000000000,0.000000000,0.000000000,0.000000000,0.000000000,0.565789474,1.000000000,0.739473684,1.000000000,0.998914224,0.691131498,0.690381084,1.014679369,22.407423019,17.239974976,0.737815201,0.999299765,-0.000224961,-0.000015115,0.037415136
587,63.897000000,fused_map_f2f,1,1,0,0.066510778,0.013934497,0.974228169,0.974228169,0.100000000,0.011276432,0.011276432,0.037144887,0.002843153,1.000000000,0.000000000,0.000000000,0.000000000,0.000000000,0.000000000,0.552631579,1.000000000,0.731578947,1.000000000,0.998912650,0.693498452,0.692744376,1.014758146,22.482120514,17.244804382,0.737164199,0.999339938,-0.000241550,-0.000040651,0.036327191
588,63.970000000,fused_map_f2f,1,1,0,0.067184883,0.013330236,0.971559839,0.971559839,0.100000000,0.011307052,0.011307052,0.037237779,0.002850940,1.000000000,0.000000000,0.000000000,0.000000000,0.000000000,0.000000000,0.545454545,1.000000000,0.727272727,1.000000000,0.999637287,0.688473520,0.688223802,1.014607460,22.534475327,17.248306274,0.737277627,0.999366164,-0.000236755,-0.000018147,0.035598103
589,64.079000000,fused_map_f2f,1,1,0,0.067638561,0.014743341,0.969764029,0.969764029,0.100000000,0.011327753,0.011327753,0.037276074,0.002856204,1.000000000,0.000000000,0.000000000,0.000000000,0.000000000,0.000000000,0.518987342,1.000000000,0.711392405,1.000000000,0.998170509,0.665634675,0.664416902,1.013813897,22.607788086,17.252220154,0.737531960,0.999399483,-0.000108692,-0.000014548,0.034651060
590,64.192000000,fused_map_f2f,1,1,0,0.066573008,0.015142085,0.973981845,0.973981845,0.100000000,0.011279251,0.011279251,0.037119766,0.002843870,1.000000000,0.000000000,0.000000000,0.000000000,0.000000000,0.000000000,0.534246575,1.000000000,0.720547945,1.000000000,0.997049059,0.665634675,0.663670427,1.013789014,22.689496994,17.257310867,0.737644136,0.999434948,-0.000070945,-0.000012240,0.033611551
591,64.293000000,fused_map_f2f,1,1,0,0.068982740,0.015683037,0.964443322,0.964443322,0.100000000,0.011389535,0.011389535,0.037499469,0.002871916,1.000000000,0.000000000,0.000000000,0.000000000,0.000000000,0.000000000,0.551282051,0.993742084,0.728266064,1.000000000,0.997066373,0.687898089,0.685880053,1.014529335,22.773653030,17.261297226,0.737672329,0.999471426,-0.000160623,-0.000040025,0.032509517
592,64.367000000,fused_map_f2f,1,1,0,0.070824702,0.014988853,0.957152221,0.957152221,0.100000000,0.011475299,0.011475299,0.037772832,0.002893730,1.000000000,0.000000000,0.000000000,0.000000000,0.000000000,0.000000000,0.533333333,1.000000000,0.720000000,1.000000000,0.998146088,0.685897436,0.684625843,1.014487528,22.840261459,17.265991211,0.737338185,0.999498010,-0.000209469,-0.000027870,0.031681493
593,64.484000000,fused_map_f2f,1,1,0,0.068506988,0.017299865,0.966326507,0.966326507,0.100000000,0.011367591,0.011367591,0.037395330,0.002866335,1.000000000,0.000000000,0.000000000,0.000000000,0.000000000,0.000000000,0.549295775,1.000000000,0.729577465,1.000000000,0.998519067,0.658307210,0.657332301,1.013577743,22.928909302,17.269899368,0.737784684,0.999531209,-0.000175358,-0.000039845,0.030615922
594,64.594000000,fused_map_f2f,1,1,0,0.069317620,0.016259927,0.963117753,0.963117753,0.100000000,0.011405032,0.011405032,0.037510195,0.002875857,1.000000000,0.000000000,0.000000000,0.000000000,0.000000000,0.000000000,0.520000000,1.000000000,0.712000000,1.000000000,0.996644295,0.655279503,0.653080579,1.013436019,23.020420074,17.273588181,0.737601757,0.999562740,-0.000232186,-0.000026888,0.029568013
595,64.678000000,fused_map_f2f,1,1,0,0.068940679,0.014911920,0.964609810,0.964609810,0.100000000,0.011387591,0.011387591,0.037479965,0.002871422,1.000000000,0.000000000,0.000000000,0.000000000,0.000000000,0.000000000,0.540540541,1.000000000,0.724324324,1.000000000,0.997360483,0.676470588,0.674685032,1.014156168,23.094238281,17.278039932,0.737926304,0.999587417,-0.000204869,-0.000030425,0.028722763
596,64.785000000,fused_map_f2f,1,1,0,0.065790130,0.019225991,0.977080734,0.977080734,0.100000000,0.011243881,0.011243881,0.037015491,0.002834876,1.000000000,0.000000000,0.000000000,0.000000000,0.000000000,0.000000000,0.541666667,1.000000000,0.725000000,1.000000000,0.997372372,0.673202614,0.671433689,1.014047790,23.186523438,17.282951355,0.738362074,0.999615848,-0.000187917,-0.000003859,0.027714971
597,64.869000000,fused_map_f2f,1,1,0,0.068069873,0.013361424,0.968056754,0.968056754,0.100000000,0.011347504,0.011347504,0.037337085,0.002861227,1.000000000,0.000000000,0.000000000,0.000000000,0.000000000,0.000000000,0.513513514,1.000000000,0.708108108,1.000000000,0.996985682,0.664495114,0.662492114,1.013749737,23.255811691,17.287269592,0.737740397,0.999635994,-0.000223278,-0.000027147,0.026977355
598,64.978000000,fused_map_f2f,1,1,0,0.066140067,0.018639426,0.975695569,0.975695569,0.100000000,0.011259663,0.011259663,0.037043564,0.002838890,1.000000000,0.000000000,0.000000000,0.000000000,0.000000000,0.000000000,0.520547945,1.000000000,0.712328767,1.000000000,0.997722096,0.653721683,0.652232567,1.013407752,23.353279114,17.289834976,0.738658607,0.999661267,-0.000245549,-0.000021425,0.026024714
599,65.104000000,fused_map_f2f,1,1,0,0.068780492,0.020848270,0.965243884,0.965243884,0.100000000,0.011380196,0.011380196,0.037445668,0.002869541,1.000000000,0.000000000,0.000000000,0.000000000,0.000000000,0.000000000,0.537313433,1.000000000,0.722388060,1.000000000,0.996939556,0.667785235,0.665741516,1.013858051,23.476499557,17.295480728,0.738344848,0.999690592,-0.000216109,-0.000001807,0.024873922
600,65.180000000,fused_map_f2f,1,1,0,0.066852111,0.016889575,0.972877060,0.972877060,0.100000000,0.011291915,0.011291915,0.037141530,0.002847091,1.000000000,0.000000000,0.000000000,0.000000000,0.000000000,0.000000000,0.486111111,1.000000000,0.691666667,1.000000000,0.997676220,0.649180328,0.647671776,1.013255726,23.551637650,17.298397064,0.738672674,0.999707520,-0.000162811,-0.000008284,0.024184208
601,65.287000000,fused_map_f2f,1,1,0,0.068729937,0.016245045,0.965443998,0.965443998,0.100000000,0.011377864,0.011377864,0.037409876,0.002868948,1.000000000,0.000000000,0.000000000,0.000000000,0.000000000,0.000000000,0.500000000,1.000000000,0.700000000,1.000000000,0.997676220,0.643333333,0.641838368,1.013061279,23.657403946,17.302494049,0.738386035,0.999730170,-0.000169262,-0.000024296,0.023227986
602,65.403000000,fused_map_f2f,1,1,0,0.066176723,0.019793489,0.975550472,0.975550472,0.100000000,0.011261319,0.011261319,0.037040874,0.002839311,1.000000000,0.000000000,0.000000000,0.000000000,0.000000000,0.000000000,0.486111111,1.000000000,0.691666667,1.000000000,0.998070988,0.646666667,0.645419239,1.013180641,23.775745392,17.305547714,0.738183796,0.999752820,-0.000205297,0.000010670,0.022231780
603,65.478000000,fused_map_f2f,1,1,0,0.068761040,0.013462077,0.965320885,0.965320885,0.100000000,0.011379298,0.011379298,0.037402087,0.002869313,1.000000000,0.000000000,0.000000000,0.000000000,0.000000000,0.000000000,0.535211268,1.000000000,0.721126761,1.000000000,0.997272019,0.633116883,0.631389752,1.012712992,23.844944000,17.307453156,0.738485396,0.999765456,-0.000298142,-0.000044209,0.021655438
604,65.598000000,fused_map_f2f,1,1,0,0.068023516,0.016705284,0.968240248,0.968240248,0.100000000,0.011345378,0.011345378,0.037317815,0.002860686,1.000000000,0.000000000,0.000000000,0.000000000,0.000000000,0.000000000,0.507246377,1.000000000,0.704347826,1.000000000,0.996502138,0.654237288,0.651948856,1.013398295,23.964488983,17.310182571,0.738576829,0.999784708,-0.000148890,-0.000005268,0.020748442
605,65.670000000,fused_map_f2f,1,1,0,0.069610566,0.012118862,0.961958175,0.961958175,0.100000000,0.011418623,0.011418623,0.037537971,0.002879314,1.000000000,0.000000000,0.000000000,0.000000000,0.000000000,0.000000000,0.529411765,0.993462877,0.715032210,1.000000000,0.995684582,0.642611684,0.639838546,1.012994618,24.041200638,17.313156128,0.738433480,0.999797881,-0.000176725,-0.000016732,0.020105623
606,65.795000000,fused_map_f2f,1,1,0,0.070451472,0.016531361,0.958629589,0.958629589,0.100000000,0.011457817,0.011457817,0.037661029,0.002889283,1.000000000,0.000000000,0.000000000,0.000000000,0.000000000,0.000000000,0.514705882,1.000000000,0.708823529,1.000000000,0.996422893,0.640138408,0.637848565,1.012928286,24.174444199,17.316822052,0.738078058,0.999816835,-0.000177725,-0.000009425,0.019139087
607,65.866000000,fused_map_f2f,1,1,0,0.069118082,0.012346470,0.963907593,0.963907593,0.100000000,0.011395793,0.011395793,0.037469314,0.002873508,1.000000000,0.000000000,0.000000000,0.000000000,0.000000000,0.000000000,0.514285714,1.000000000,0.708571429,1.000000000,0.996819085,0.645614035,0.643560392,1.013118680,24.253803253,17.320493698,0.738424122,0.999828458,-0.000127018,-0.000005258,0.018521497
608,65.968000000,fused_map_f2f,1,1,0,0.066397016,0.013889801,0.974678478,0.974678478,0.100000000,0.011271281,0.011271281,0.037032759,0.002841844,1.000000000,0.000000000,0.000000000,0.000000000,0.000000000,0.000000000,0.452054795,1.000000000,0.671232877,1.000000000,0.996004794,0.613793103,0.611340874,1.012044696,24.348434448,17.322530746,0.738603175,0.999837756,-0.000185032,-0.000049255,0.018013127
609,66.071000000,fused_map_f2f,1,1,0,0.067992013,0.017559553,0.968364947,0.968364947,0.100000000,0.011343933,0.011343933,0.037266139,0.002860319,1.000000000,0.000000000,0.000000000,0.000000000,0.000000000,0.000000000,0.537313433,1.000000000,0.722388060,1.000000000,0.996007984,0.614583333,0.612129907,1.012070997,24.460899353,17.324888229,0.739060879,0.999852777,-0.000104981,-0.000009217,0.017157612
610,66.190000000,fused_map_f2f,1,1,0,0.067027773,0.018296819,0.972181732,0.972181732,0.100000000,0.011299900,0.011299900,0.037150493,0.002849121,1.000000000,0.000000000,0.000000000,0.000000000,0.000000000,0.000000000,0.530303030,1.000000000,0.718181818,1.000000000,0.997592295,0.635087719,0.633558616,1.012785287,24.585094452,17.329614639,0.738831222,0.999867022,-0.000084658,-0.000023713,0.016307639
611,66.294000000,fused_map_f2f,1,1,0,0.068253528,0.017894533,0.967329784,0.967329784,0.100000000,0.011355935,0.011355935,0.037321836,0.002863371,1.000000000,0.000000000,0.000000000,0.000000000,0.000000000,0.000000000,0.562500000,1.000000000,0.737500000,1.000000000,1.000000000,0.626760563,0.626760563,1.012558685,24.684629440,17.331380844,0.739140570,0.999875188,-0.000083906,-0.000060217,0.015800346
612,66.366000000,fused_map_f2f,1,1,0,0.064605220,0.014374049,0.981771006,0.981771006,0.100000000,0.011190766,0.011190766,0.036792262,0.002821371,1.000000000,0.000000000,0.000000000,0.000000000,0.000000000,0.000000000,0.571428571,1.000000000,0.742857143,1.000000000,0.999596123,0.626334520,0.626081557,1.012536052,24.748878479,17.331172943,0.739233315,0.999877274,-0.000099669,-0.000094790,0.015665170
613,66.477000000,fused_map_f2f,1,1,0,0.065563027,0.015057129,0.977979685,0.977979685,0.100000000,0.011233661,0.011233661,0.036945579,0.002832278,1.000000000,0.000000000,0.000000000,0.000000000,0.000000000,0.000000000,0.583333333,1.000000000,0.750000000,1.000000000,1.000000000,0.639705882,0.639705882,1.012990196,24.860717773,17.332387924,0.740231991,0.999888480,0.000181309,0.000000012,0.014933502
614,66.614000000,fused_map_f2f,1,1,0,0.064171186,0.023740598,0.983489057,0.983489057,0.100000000,0.011171435,0.011171435,0.036737655,0.002816457,1.000000000,0.000000000,0.000000000,0.000000000,0.000000000,0.000000000,0.580645161,1.000000000,0.748387097,1.000000000,1.000000000,0.632352941,0.632352941,1.012745098,24.988641739,17.333856583,0.740643442,0.999896407,0.000119490,-0.000064588,0.014392299
615,66.805000000,fused_map_f2f,1,1,0,0.064643391,0.021142629,0.981619910,0.981619910,0.100000000,0.011192469,0.011192469,0.036811855,0.002821804,1.000000000,0.000000000,0.000000000,0.000000000,0.000000000,0.000000000,0.648148148,1.000000000,0.788888889,1.000000000,0.999588138,0.638461538,0.638198581,1.012939953,25.178836823,17.339725494,0.740183473,0.999912143,0.000055938,-0.000007257,0.013254447
616,66.906000000,fused_map_f2f,1,1,0,0.061509778,0.018717610,0.994023795,0.994023795,0.100000000,0.011054348,0.011054348,0.036336809,0.002786691,1.000000000,0.000000000,0.000000000,0.000000000,0.000000000,0.000000000,0.614035088,1.000000000,0.768421053,1.000000000,1.000000000,0.610108303,0.610108303,1.012003610,25.270959854,17.342435837,0.741123915,0.999918520,0.000208108,0.000023987,0.012761475
617,67.019000000,fused_map_f2f,1,1,0,0.061455421,0.019129682,0.994238958,0.994238958,0.100000000,0.011051982,0.011051982,0.036334658,0.002786089,1.000000000,0.000000000,0.000000000,0.000000000,0.000000000,0.000000000,0.566666667,1.000000000,0.740000000,1.000000000,1.000000000,0.614814815,0.614814815,1.012160494,25.359754562,17.340587616,0.740834177,0.999922216,0.000075909,-0.000007543,0.012470446
618,67.132000000,fused_map_f2f,1,1,0,0.060358808,0.015408062,0.998579719,0.998579719,0.100000000,0.011004469,0.011004469,0.036201682,0.002774012,1.000000000,0.000000000,0.000000000,0.000000000,0.000000000,0.000000000,0.614035088,1.000000000,0.768421053,1.000000000,1.000000000,0.631578947,0.631578947,1.012719298,25.452043533,17.341711044,0.740960121,0.999926627,0.000238864,0.000010803,0.012109546
619,67.205000000,fused_map_f2f,1,1,0,0.061052380,0.017754567,0.995834328,0.995834328,0.100000000,0.011034472,0.011034472,0.036277588,0.002781638,1.000000000,0.000000000,0.000000000,0.000000000,0.000000000,0.000000000,0.648148148,1.000000000,0.788888889,1.000000000,1.000000000,0.613970588,0.613970588,1.012132353,25.505496979,17.342100143,0.741246819,0.999928355,0.000226051,0.000006704,0.011965536
620,67.307000000,fused_map_f2f,1,1,0,0.062764463,0.009809780,0.989057335,0.989057335,0.100000000,0.011109240,0.011109240,0.036525604,0.002800645,1.000000000,0.000000000,0.000000000,0.000000000,0.000000000,0.000000000,0.603448276,1.000000000,0.762068966,1.000000000,1.000000000,0.621323529,0.621323529,1.012377451,25.577901840,17.342317581,0.741427302,0.999930143,0.000201338,-0.000003397,0.011819203
621,67.415000000,fused_map_f2f,1,1,0,0.060432862,0.012365104,0.998286587,0.998286587,0.100000000,0.011007664,0.011007664,0.036204607,0.002774824,1.000000000,0.000000000,0.000000000,0.000000000,0.000000000,0.000000000,0.551724138,1.000000000,0.731034483,1.000000000,0.999582812,0.625468165,0.625207227,1.012506908,25.683443069,17.344987869,0.741307616,0.999937534,0.000137340,-0.000004855,0.011175044
622,67.523000000,fused_map_f2f,1,1,0,0.060883612,0.013463388,0.996502370,0.996502370,0.100000000,0.011027156,0.011027156,0.036245689,0.002779779,1.000000000,0.000000000,0.000000000,0.000000000,0.000000000,0.000000000,0.593220339,1.000000000,0.755932203,1.000000000,1.000000000,0.606617647,0.606617647,1.011887255,25.767276764,17.346446991,0.740846515,0.999940336,0.000027557,-0.000018325,0.010923212
623,67.628000000,fused_map_f2f,1,1,0,0.060147936,0.011529004,0.999414419,0.999414419,0.100000000,0.010995379,0.010995379,0.036148820,0.002771702,1.000000000,0.000000000,0.000000000,0.000000000,0.000000000,0.000000000,0.566666667,1.000000000,0.740000000,1.000000000,1.000000000,0.610909091,0.610909091,1.012030303,25.852567673,17.346952438,0.741091490,0.999942899,0.000094004,0.000001709,0.010685673
624,67.705000000,fused_map_f2f,1,1,0,0.061506589,0.012972881,0.994036418,0.994036418,0.100000000,0.011054209,0.011054209,0.036344429,0.002786656,1.000000000,0.000000000,0.000000000,0.000000000,0.000000000,0.000000000,0.576271186,1.000000000,0.745762712,1.000000000,1.000000000,0.617100372,0.617100372,1.012236679,25.907716751,17.347379684,0.741183937,0.999943972,0.000050987,-0.000001178,0.010583317
625,67.810000000,fused_map_f2f,1,1,0,0.059607676,0.009765475,1.000000000,1.000000000,0.100000000,0.010989011,0.010989011,0.036145673,0.002770083,1.000000000,0.000000000,0.000000000,0.000000000,0.000000000,0.000000000,0.586206897,1.000000000,0.751724138,1.000000000,1.000000000,0.625954198,0.625954198,1.012531807,26.002878189,17.351049423,0.741353154,0.999948025,0.000090040,-0.000010650,0.010193583
626,67.917000000,fused_map_f2f,1,1,0,0.060374970,0.012054221,0.998515742,0.998515742,0.100000000,0.011005166,0.011005166,0.036209012,0.002774189,1.000000000,0.000000000,0.000000000,0.000000000,0.000000000,0.000000000,0.641509434,1.000000000,0.784905660,1.000000000,1.000000000,0.636015326,0.636015326,1.012867178,26.079387665,17.351196289,0.741410613,0.999948859,-0.000023214,-0.000025158,0.010114778
627,68.021000000,fused_map_f2f,1,1,0,0.062473206,0.011183077,0.990210225,0.990210225,0.100000000,0.011096449,0.011096449,0.036507344,0.002797393,1.000000000,0.000000000,0.000000000,0.000000000,0.000000000,0.000000000,0.596491228,1.000000000,0.757894737,1.000000000,0.998326360,0.642023346,0.640948830,1.013031628,26.152660370,17.351390839,0.741340697,0.999950230,-0.000028742,0.000008502,0.009974591
628,68.122000000,fused_map_f2f,1,1,0,0.060347527,0.014497501,0.998624371,0.998624371,0.100000000,0.011003982,0.011003982,0.036176616,0.002773888,1.000000000,0.000000000,0.000000000,0.000000000,0.000000000,0.000000000,0.576271186,1.000000000,0.745762712,1.000000000,1.000000000,0.611111111,0.611111111,1.012037037,26.249118805,17.354578018,0.741465926,0.999954164,0.000144048,-0.000034671,0.009569930
629,68.236000000,fused_map_f2f,1,1,0,0.060757357,0.012081835,0.997002129,0.997002129,0.100000000,0.011021690,0.011021690,0.036253557,0.002778389,1.000000000,0.000000000,0.000000000,0.000000000,0.000000000,0.000000000,0.523809524,1.000000000,0.714285714,1.000000000,0.999157185,0.629213483,0.628683173,1.012622772,26.337230682,17.355295181,0.741065800,0.999955893,0.000046232,-0.000023666,0.009394514
630,68.330000000,fused_map_f2f,1,1,0,0.060600940,0.011708142,0.997621280,0.997621280,0.100000000,0.011014924,0.011014924,0.036250358,0.002776670,1.000000000,0.000000000,0.000000000,0.000000000,0.000000000,0.000000000,0.593220339,1.000000000,0.755932203,1.000000000,0.999577346,0.645038168,0.644765540,1.013158851,26.408536911,17.356172562,0.741620719,0.999956965,0.000157471,-0.000007758,0.009274730
631,68.436000000,fused_map_f2f,1,1,0,0.061490995,0.012055493,0.994098144,0.994098144,0.100000000,0.011053530,0.011053530,0.036364244,0.002786483,1.000000000,0.000000000,0.000000000,0.000000000,0.000000000,0.000000000,0.559322034,1.000000000,0.735593220,1.000000000,0.999158249,0.636704120,0.636168174,1.012872272,26.494987488,17.357088089,0.741505325,0.999958634,0.000271720,-0.000011156,0.009088770
632,68.536000000,fused_map_f2f,1,1,0,0.058877703,0.011477767,1.000000000,1.000000000,0.100000000,0.010989011,0.010989011,0.036149888,0.002770083,1.000000000,0.000000000,0.000000000,0.000000000,0.000000000,0.000000000,0.550000000,1.000000000,0.730000000,1.000000000,1.000000000,0.629629630,0.629629630,1.012654321,26.582674026,17.358268738,0.741384208,0.999960661,0.000042889,-0.000014407,0.008866324
633,68.633000000,fused_map_f2f,1,1,0,0.056405015,0.013242846,1.000000000,1.000000000,0.100000000,0.010989011,0.010989011,0.036152124,0.002770083,1.000000000,0.000000000,0.000000000,0.000000000,0.000000000,0.000000000,0.576271186,1.000000000,0.745762712,1.000000000,1.000000000,0.631578947,0.631578947,1.012719298,26.666551590,17.357551575,0.741543710,0.999961674,0.000179556,-0.000009026,0.008751214
634,68.736000000,fused_map_f2f,1,1,0,0.057842156,0.016298567,1.000000000,1.000000000,0.100000000,0.010989011,0.010989011,0.036148923,0.002770083,1.000000000,0.000000000,0.000000000,0.000000000,0.000000000,0.000000000,0.540983607,1.000000000,0.724590164,1.000000000,1.000000000,0.628787879,0.628787879,1.012626263,26.769674301,17.359054565,0.741006136,0.999963462,-0.000055835,-0.000016130,0.008545259
635,68.807000000,fused_map_f2f,1,1,0,0.058047523,0.011247648,1.000000000,1.000000000,0.100000000,0.010989011,0.010989011,0.036127711,0.002770083,1.000000000,0.000000000,0.000000000,0.000000000,0.000000000,0.000000000,0.540983607,1.000000000,0.724590164,1.000000000,1.000000000,0.610294118,0.610294118,1.012009804,26.833240509,17.359233856,0.741501153,0.999963701,0.000194092,-0.000008039,0.008518655
636,68.908000000,fused_map_f2f,1,1,0,0.059563717,0.016558665,1.000000000,1.000000000,0.100000000,0.010989011,0.010989011,0.036166979,0.002770083,1.000000000,0.000000000,0.000000000,0.000000000,0.000000000,0.000000000,0.542372881,1.000000000,0.725423729,1.000000000,1.000000000,0.644531250,0.644531250,1.013151042,26.931802750,17.360464096,0.740955710,0.999965370,-0.000065440,-0.000005863,0.008323050
637,69.013000000,fused_map_f2f,1,1,0,0.057619929,0.013637518,1.000000000,1.000000000,0.100000000,0.010989011,0.010989011,0.036154428,0.002770083,1.000000000,0.000000000,0.000000000,0.000000000,0.000000000,0.000000000,0.523809524,1.000000000,0.714285714,1.000000000,1.000000000,0.633587786,0.633587786,1.012786260,27.030057907,17.361320496,0.741412878,0.999966443,0.000008910,-0.000004808,0.008194368
638,69.116000000,fused_map_f2f,1,1,0,0.057956875,0.014402936,1.000000000,1.000000000,0.100000000,0.010989011,0.010989011,0.036145132,0.002770083,1.000000000,0.000000000,0.000000000,0.000000000,0.000000000,0.000000000,0.568965517,1.000000000,0.741379310,1.000000000,1.000000000,0.625482625,0.625482625,1.012516088,27.128089905,17.361236572,0.740995944,0.999967635,-0.000121484,0.000005116,0.008042299
639,69.222000000,fused_map_f2f,1,1,0,0.058702346,0.015908890,1.000000000,1.000000000,0.100000000,0.010989011,0.010989011,0.036165059,0.002770083,1.000000000,0.000000000,0.000000000,0.000000000,0.000000000,0.000000000,0.586206897,1.000000000,0.751724138,1.000000000,1.000000000,0.642857143,0.642857143,1.013095238,27.235834122,17.362022400,0.741982877,0.999968708,0.000239515,0.000015300,0.007904298
640,69.323000000,fused_map_f2f,1,1,0,0.057667840,0.015935147,1.000000000,1.000000000,0.100000000,0.010989011,0.010989011,0.036135240,0.002770083,1.000000000,0.000000000,0.000000000,0.000000000,0.000000000,0.000000000,0.550000000,1.000000000,0.730000000,1.000000000,1.000000000,0.616858238,0.616858238,1.012228608,27.341672897,17.363748550,0.741693020,0.999970317,-0.000019336,0.000016170,0.007701851
641,69.433000000,fused_map_f2f,1,1,0,0.055031415,0.017552354,1.000000000,1.000000000,0.100000000,0.010989011,0.010989011,0.036155177,0.002770083,1.000000000,0.000000000,0.000000000,0.000000000,0.000000000,0.000000000,0.542372881,1.000000000,0.725423729,1.000000000,1.000000000,0.634241245,0.634241245,1.012808042,27.461200714,17.365497589,0.742282748,0.999972403,0.000362397,0.000022012,0.007418368
642,69.516000000,fused_map_f2f,1,1,0,0.057103375,0.013735047,1.000000000,1.000000000,0.100000000,0.010989011,0.010989011,0.036159700,0.002770083,1.000000000,0.000000000,0.000000000,0.000000000,0.000000000,0.000000000,0.583333333,1.000000000,0.750000000,1.000000000,0.999566912,0.638461538,0.638185028,1.012939501,27.543735504,17.365156174,0.741762936,0.999973357,0.000178830,0.000015746,0.007296091
643,69.615000000,fused_map_f2f,1,1,0,0.055037399,0.011345505,1.000000000,1.000000000,0.100000000,0.010989011,0.010989011,0.036158417,0.002770083,1.000000000,0.000000000,0.000000000,0.000000000,0.000000000,0.000000000,0.524590164,1.000000000,0.714754098,1.000000000,1.000000000,0.637065637,0.637065637,1.012902188,27.645336151,17.365537643,0.741981268,0.999974191,0.000345827,0.000007562,0.007178801
644,69.721000000,fused_map_f2f,1,1,0,0.056321015,0.015528746,1.000000000,1.000000000,0.100000000,0.010989011,0.010989011,0.036139324,0.002770083,1.000000000,0.000000000,0.000000000,0.000000000,0.000000000,0.000000000,0.534482759,1.000000000,0.720689655,1.000000000,0.999563319,0.620689655,0.620418612,1.012347287,27.767839432,17.366964340,0.741263688,0.999976277,0.000204591,0.000009365,0.006884830
645,69.826000000,fused_map_f2f,1,1,0,0.055841037,0.021374725,1.000000000,1.000000000,0.100000000,0.010989011,0.010989011,0.036109639,0.002770083,1.000000000,0.000000000,0.000000000,0.000000000,0.000000000,0.000000000,0.492063492,1.000000000,0.695238095,1.000000000,0.999566161,0.594795539,0.594537493,1.011484583,27.876035690,17.367397308,0.741390467,0.999977052,0.000182200,-0.000018145,0.006774693
646,69.905000000,fused_map_f2f,1,1,0,0.053543039,0.017577599,1.000000000,1.000000000,0.100000000,0.010989011,0.010989011,0.036127418,0.002770083,1.000000000,0.000000000,0.000000000,0.000000000,0.000000000,0.000000000,0.533333333,1.000000000,0.720000000,1.000000000,1.000000000,0.610038610,0.610038610,1.012001287,27.965961456,17.367269516,0.741509795,0.999977708,0.000090062,0.000008207,0.006672613
647,70.009000000,fused_map_f2f,1,1,0,0.058992028,0.019385134,1.000000000,1.000000000,0.100000000,0.010989011,0.010989011,0.036128162,0.002770083,1.000000000,0.000000000,0.000000000,0.000000000,0.000000000,0.000000000,0.559322034,1.000000000,0.735593220,1.000000000,1.000000000,0.610687023,0.610687023,1.012022901,28.066217422,17.367835999,0.741620421,0.999978423,0.000099516,0.000008203,0.006563568
648,70.132000000,fused_map_f2f,1,1,0,0.054922130,0.017183025,1.000000000,1.000000000,0.100000000,0.010989011,0.010989011,0.036119406,0.002770083,1.000000000,0.000000000,0.000000000,0.000000000,0.000000000,0.000000000,0.516129032,1.000000000,0.709677419,1.000000000,1.000000000,0.603053435,0.603053435,1.011768448,28.212141037,17.369365692,0.741972625,0.999979317,0.000378314,0.000020889,0.006415615
649,70.212000000,fused_map_f2f,1,1,0,0.057937408,0.025055861,1.000000000,1.000000000,0.100000000,0.010989011,0.010989011,0.036094262,0.002770083,1.000000000,0.000000000,0.000000000,0.000000000,0.000000000,0.000000000,0.540983607,1.000000000,0.724590164,1.000000000,1.000000000,0.581132075,0.581132075,1.011037736,28.321947098,17.370279312,0.741754830,0.999980271,0.000436433,0.000021621,0.006267916
650,70.316000000,fused_map_f2f,1,1,0,0.055089256,0.013869653,1.000000000,1.000000000,0.100000000,0.010989011,0.010989011,0.036085666,0.002770083,1.000000000,0.000000000,0.000000000,0.000000000,0.000000000,0.000000000,0.532258065,1.000000000,0.719354839,1.000000000,0.999117387,0.574144487,0.573637740,1.010787925,28.422206879,17.370899200,0.741893411,0.999980628,0.000441020,0.000028700,0.006208518
651,70.419000000,fused_map_f2f,1,1,0,0.055853127,0.016438376,1.000000000,1.000000000,0.100000000,0.010989011,0.010989011,0.036086166,0.002770083,1.000000000,0.000000000,0.000000000,0.000000000,0.000000000,0.000000000,0.523809524,1.000000000,0.714285714,1.000000000,1.000000000,0.574074074,0.574074074,1.010802469,28.556093216,17.373088837,0.741236389,0.999982715,0.000393805,-0.000000027,0.005866825
652,70.534000000,fused_map_f2f,1,1,0,0.058033651,0.019948350,1.000000000,1.000000000,0.100000000,0.010989011,0.010989011,0.036068552,0.002770083,1.000000000,0.000000000,0.000000000,0.000000000,0.000000000,0.000000000,0.539682540,1.000000000,0.723809524,1.000000000,1.000000000,0.558718861,0.558718861,1.010290629,28.671091080,17.373249054,0.742004871,0.999982774,0.000628806,0.000016514,0.005836125
653,70.606000000,fused_map_f2f,1,1,0,0.055494195,0.012578523,1.000000000,1.000000000,0.100000000,0.010989011,0.010989011,0.036091244,0.002770083,1.000000000,0.000000000,0.000000000,0.000000000,0.000000000,0.000000000,0.515151515,1.000000000,0.709090909,1.000000000,0.999562363,0.578754579,0.578501294,1.010950043,28.758966446,17.373807907,0.741340876,0.999983668,0.000264431,-0.000006246,0.005708936
654,70.705000000,fused_map_f2f,1,1,0,0.057377706,0.015286247,1.000000000,1.000000000,0.100000000,0.010989011,0.010989011,0.036105854,0.002770083,1.000000000,0.000000000,0.000000000,0.000000000,0.000000000,0.000000000,0.539682540,1.000000000,0.723809524,1.000000000,0.999116998,0.591760300,0.591237774,1.011374592,28.862577438,17.375022888,0.742207706,0.999983788,0.000709282,0.000020691,0.005643954
655,70.824000000,fused_map_f2f,1,1,0,0.056119398,0.019695517,1.000000000,1.000000000,0.100000000,0.010989011,0.010989011,0.036113013,0.002770083,1.000000000,0.000000000,0.000000000,0.000000000,0.000000000,0.000000000,0.524590164,1.000000000,0.714754098,1.000000000,0.999557326,0.597744361,0.597479755,1.011582659,28.989938736,17.375745773,0.742265403,0.999984562,0.000703602,0.000014263,0.005513765
656,70.911000000,fused_map_f2f,1,1,0,0.057362428,0.015473822,1.000000000,1.000000000,0.100000000,0.010989011,0.010989011,0.036103920,0.002770083,1.000000000,0.000000000,0.000000000,0.000000000,0.000000000,0.000000000,0.555555556,1.000000000,0.733333333,1.000000000,1.000000000,0.589552239,0.589552239,1.011318408,29.090112686,17.376285553,0.742278636,0.999985218,0.000621527,0.000036382,0.005403513
657,71.013000000,fused_map_f2f,1,1,0,0.055183028,0.017919402,1.000000000,1.000000000,0.100000000,0.010989011,0.010989011,0.036087042,0.002770083,1.000000000,0.000000000,0.000000000,0.000000000,0.000000000,0.000000000,0.539682540,1.000000000,0.723809524,1.000000000,0.999557913,0.575091575,0.574837335,1.010827911,29.195760727,17.376251221,0.742057264,0.999985158,0.000567552,0.000055003,0.005417691
658,71.121000000,fused_map_f2f,1,1,0,0.054272802,0.019863367,1.000000000,1.000000000,0.100000000,0.010989011,0.010989011,0.036114741,0.002770083,1.000000000,0.000000000,0.000000000,0.000000000,0.000000000,0.000000000,0.540983607,1.000000000,0.724590164,1.000000000,0.999557522,0.599250936,0.598985781,1.011632859,29.324321747,17.376647949,0.741209090,0.999985933,0.000623698,0.000028701,0.005260296
659,71.226000000,fused_map_f2f,1,1,0,0.050985661,0.015821437,1.000000000,1.000000000,0.100000000,0.010989011,0.010989011,0.036093678,0.002770083,1.000000000,0.000000000,0.000000000,0.000000000,0.000000000,0.000000000,0.548387097,1.000000000,0.729032258,1.000000000,0.999553970,0.580882353,0.580623262,1.011020775,29.429580688,17.376640320,0.741099656,0.999985456,0.000640622,0.000006250,0.005354740
660,71.331000000,fused_map_f2f,1,1,0,0.050875588,0.016639839,1.000000000,1.000000000,0.100000000,0.010989011,0.010989011,0.036122547,0.002770083,1.000000000,0.000000000,0.000000000,0.000000000,0.000000000,0.000000000,0.578947368,0.972237466,0.736263408,1.000000000,0.999555950,0.606060606,0.605791485,1.011859716,29.561740875,17.377481461,0.741948009,0.999986708,0.000594776,0.000036841,0.005114852
661,71.405000000,fused_map_f2f,1,1,0,0.050113520,0.015578848,1.000000000,1.000000000,0.100000000,0.010989011,0.010989011,0.036135889,0.002770083,1.000000000,0.000000000,0.000000000,0.000000000,0.000000000,0.000000000,0.596491228,1.000000000,0.757894737,1.000000000,1.000000000,0.617424242,0.617424242,1.012247475,29.631174088,17.377634048,0.742000401,0.999986470,0.000785264,0.000049848,0.005135846
662,71.529000000,fused_map_f2f,1,1,0,0.051454987,0.020438888,1.000000000,1.000000000,0.100000000,0.010989011,0.010989011,0.036134214,0.002770083,1.000000000,0.000000000,0.000000000,0.000000000,0.000000000,0.000000000,0.507462687,1.000000000,0.704477612,1.000000000,0.999557913,0.616236162,0.615963733,1.012198791,29.787590027,17.379245758,0.742136955,0.999987423,0.000731176,0.000021684,0.004962413
663,71.629000000,fused_map_f2f,1,1,0,0.053122396,0.013472143,1.000000000,1.000000000,0.100000000,0.010989011,0.010989011,0.036118416,0.002770083,1.000000000,0.000000000,0.000000000,0.000000000,0.000000000,0.000000000,0.492307692,1.000000000,0.695384615,1.000000000,1.000000000,0.602189781,0.602189781,1.011739659,29.899518967,17.380104065,0.741680503,0.999987483,0.000759583,0.000028201,0.004942702
664,71.705000000,fused_map_f2f,1,1,0,0.052849988,0.018585417,1.000000000,1.000000000,0.100000000,0.010989011,0.010989011,0.036108341,0.002770083,1.000000000,0.000000000,0.000000000,0.000000000,0.000000000,0.000000000,0.500000000,1.000000000,0.700000000,1.000000000,1.000000000,0.593406593,0.593406593,1.011446886,30.002124786,17.380634308,0.741927743,0.999988198,0.000844698,0.000026894,0.004782485
665,71.814000000,fused_map_f2f,1,1,0,0.054707129,0.016437486,1.000000000,1.000000000,0.100000000,0.010989011,0.010989011,0.036099938,0.002770083,1.000000000,0.000000000,0.000000000,0.000000000,0.000000000,0.000000000,0.515625000,1.000000000,0.709375000,1.000000000,1.000000000,0.586080586,0.586080586,1.011202686,30.110866547,17.380689621,0.741590798,0.999988437,0.000754309,-0.000006522,0.004744156
666,71.922000000,fused_map_f2f,1,1,0,0.055180250,0.017832076,1.000000000,1.000000000,0.100000000,0.010989011,0.010989011,0.036106453,0.002770083,1.000000000,0.000000000,0.000000000,0.000000000,0.000000000,0.000000000,0.576271186,1.000000000,0.745762712,1.000000000,1.000000000,0.591760300,0.591760300,1.011392010,30.235639572,17.380578995,0.742541611,0.999988496,0.000959924,0.000051817,0.004701974
667,72.033000000,fused_map_f2f,1,1,0,0.054158412,0.018641003,1.000000000,1.000000000,0.100000000,0.010989011,0.010989011,0.036110749,0.002770083,1.000000000,0.000000000,0.000000000,0.000000000,0.000000000,0.000000000,0.539682540,1.000000000,0.723809524,1.000000000,1.000000000,0.595505618,0.595505618,1.011516854,30.392414093,17.381389618,0.742757440,0.999989092,0.000860036,0.000036710,0.004590839
668,72.114000000,fused_map_f2f,1,1,0,0.055625462,0.020344787,1.000000000,1.000000000,0.100000000,0.010989011,0.010989011,0.036096137,0.002770083,1.000000000,0.000000000,0.000000000,0.000000000,0.000000000,0.000000000,0.523809524,1.000000000,0.714285714,1.000000000,0.999555556,0.583025830,0.582766708,1.011092224,30.491878510,17.383136749,0.742855847,0.999989450,0.000964990,0.000044295,0.004485885
669,72.219000000,fused_map_f2f,1,1,0,0.052932386,0.019262555,1.000000000,1.000000000,0.100000000,0.010989011,0.010989011,0.036099220,0.002770083,1.000000000,0.000000000,0.000000000,0.000000000,0.000000000,0.000000000,0.500000000,1.000000000,0.700000000,1.000000000,1.000000000,0.585454545,0.585454545,1.011181818,30.592006683,17.383426666,0.742927909,0.999989867,0.000948895,0.000022038,0.004395848
670,72.327000000,fused_map_f2f,1,1,0,0.052935156,0.015642353,1.000000000,1.000000000,0.100000000,0.010989011,0.010989011,0.036100366,0.002770083,1.000000000,0.000000000,0.000000000,0.000000000,0.000000000,0.000000000,0.564516129,1.000000000,0.738709677,1.000000000,0.999552973,0.586715867,0.586453589,1.011215120,30.730108261,17.383825302,0.742898881,0.999989808,0.000891438,0.000045577,0.004422818
671,72.421000000,fused_map_f2f,1,1,0,0.052495702,0.027704784,1.000000000,1.000000000,0.100000000,0.010989011,0.010989011,0.036112480,0.002770083,1.000000000,0.000000000,0.000000000,0.000000000,0.000000000,0.000000000,0.539682540,1.000000000,0.723809524,1.000000000,1.000000000,0.597014925,0.597014925,1.011567164,30.835836411,17.384395599,0.743407011,0.999989629,0.000935459,0.000048443,0.004455430
672,72.531000000,fused_map_f2f,1,1,0,0.051765511,0.023171839,1.000000000,1.000000000,0.100000000,0.010989011,0.010989011,0.036110536,0.002770083,1.000000000,0.000000000,0.000000000,0.000000000,0.000000000,0.000000000,0.546875000,1.000000000,0.728125000,1.000000000,0.999549955,0.595588235,0.595320194,1.011510673,30.980257034,17.384408951,0.743198395,0.999989808,0.000862485,0.000036164,0.004423939
673,72.640000000,fused_map_f2f,1,1,0,0.050948872,0.021819836,1.000000000,1.000000000,0.100000000,0.010989011,0.010989011,0.036127932,0.002770083,1.000000000,0.000000000,0.000000000,0.000000000,0.000000000,0.000000000,0.566666667,1.000000000,0.740000000,1.000000000,1.000000000,0.610486891,0.610486891,1.012016230,31.108003616,17.385072708,0.742851853,0.999989808,0.000928418,0.000042721,0.004421986
674,72.723000000,fused_map_f2f,1,1,0,0.048057551,0.016517356,1.000000000,1.000000000,0.100000000,0.010989011,0.010989011,0.036125184,0.002770083,1.000000000,0.000000000,0.000000000,0.000000000,0.000000000,0.000000000,0.539682540,1.000000000,0.723809524,1.000000000,0.999548940,0.608365019,0.608090610,1.011936354,31.223962784,17.385746002,0.743601561,0.999990106,0.001079385,0.000045964,0.004319249
675,72.833000000,fused_map_f2f,1,1,0,0.048364182,0.014321861,1.000000000,1.000000000,0.100000000,0.010989011,0.010989011,0.036122856,0.002770083,1.000000000,0.000000000,0.000000000,0.000000000,0.000000000,0.000000000,0.523076923,1.000000000,0.713846154,1.000000000,1.000000000,0.606060606,0.606060606,1.011868687,31.381326675,17.387088776,0.743554533,0.999990344,0.001158539,0.000051457,0.004235740
676,72.920000000,fused_map_f2f,1,1,0,0.051658487,0.014843137,1.000000000,1.000000000,0.100000000,0.010989011,0.010989011,0.036111348,0.002770083,1.000000000,0.000000000,0.000000000,0.000000000,0.000000000,0.000000000,0.530303030,1.000000000,0.718181818,1.000000000,0.999549347,0.596296296,0.596027573,1.011534252,31.469371796,17.387472153,0.743506789,0.999989986,0.001246797,0.000105603,0.004295209
677,73.038000000,fused_map_f2f,1,1,0,0.048793326,0.029425891,1.000000000,1.000000000,0.100000000,0.010989011,0.010989011,0.036126884,0.002770083,1.000000000,0.000000000,0.000000000,0.000000000,0.000000000,0.000000000,0.580645161,1.000000000,0.748387097,1.000000000,0.999548533,0.609848485,0.609573158,1.011985772,31.605394363,17.387243271,0.744086087,0.999990344,0.001281906,0.000066995,0.004208210
678,73.109000000,fused_map_f2f,1,1,0,0.050807792,0.031130581,1.000000000,1.000000000,0.100000000,0.010989011,0.010989011,0.036131254,0.002770083,1.000000000,0.000000000,0.000000000,0.000000000,0.000000000,0.000000000,0.507692308,1.000000000,0.704615385,1.000000000,1.000000000,0.613382900,0.613382900,1.012112763,31.718690872,17.387931824,0.743627071,0.999990582,0.001335697,0.000067008,0.004134499
679,73.313000000,fused_map_f2f,1,1,0,0.048602069,0.037910108,1.000000000,1.000000000,0.100000000,0.010989011,0.010989011,0.036122856,0.002770083,1.000000000,0.000000000,0.000000000,0.000000000,0.000000000,0.000000000,0.530303030,1.000000000,0.718181818,1.000000000,1.000000000,0.606060606,0.606060606,1.011868687,31.961147308,17.388645172,0.743403792,0.999991000,0.001184065,0.000063839,0.004075656
680,73.427000000,fused_map_f2f,1,1,0,0.052261943,0.016192805,1.000000000,1.000000000,0.100000000,0.010989011,0.010989011,0.036127200,0.002770083,1.000000000,0.000000000,0.000000000,0.000000000,0.000000000,0.000000000,0.548387097,1.000000000,0.729032258,1.000000000,1.000000000,0.609848485,0.609848485,1.011994949,32.081176758,17.389005661,0.743594885,0.999991000,0.001184078,0.000080945,0.004067937
681,73.540000000,fused_map_f2f,1,1,0,0.050033687,0.014955523,1.000000000,1.000000000,0.100000000,0.010989011,0.010989011,0.036115593,0.002770083,1.000000000,0.000000000,0.000000000,0.000000000,0.000000000,0.000000000,0.522388060,1.000000000,0.713432836,1.000000000,0.999547511,0.600000000,0.599728507,1.011657617,32.198917389,17.388999939,0.743398011,0.999991059,0.001144120,0.000073127,0.004072467
682,73.616000000,fused_map_f2f,1,1,0,0.053512910,0.013373524,1.000000000,1.000000000,0.100000000,0.010989011,0.010989011,0.036104594,0.002770083,1.000000000,0.000000000,0.000000000,0.000000000,0.000000000,0.000000000,0.522388060,1.000000000,0.713432836,1.000000000,0.999549550,0.590405904,0.590139955,1.011337999,32.285697937,17.389739990,0.743475020,0.999991059,0.001243657,0.000087399,0.004043439
683,73.718000000,fused_map_f2f,1,1,0,0.048880236,0.015494824,1.000000000,1.000000000,0.100000000,0.010989011,0.010989011,0.036117597,0.002770083,1.000000000,0.000000000,0.000000000,0.000000000,0.000000000,0.000000000,0.500000000,1.000000000,0.700000000,1.000000000,1.000000000,0.601476015,0.601476015,1.011715867,32.380355835,17.389509201,0.743459046,0.999991059,0.001131554,0.000051264,0.004065278
684,73.829000000,fused_map_f2f,1,1,0,0.050541829,0.019165261,1.000000000,1.000000000,0.100000000,0.010989011,0.010989011,0.036103391,0.002770083,1.000000000,0.000000000,0.000000000,0.000000000,0.000000000,0.000000000,0.545454545,0.885580222,0.681504816,1.000000000,1.000000000,0.589090909,0.589090909,1.011303030,32.482028961,17.388790131,0.743331432,0.999991417,0.001007315,0.000058147,0.004010399
685,73.934000000,fused_map_f2f,1,1,0,0.050501430,0.014432510,1.000000000,1.000000000,0.100000000,0.010989011,0.010989011,0.036126990,0.002770083,1.000000000,0.000000000,0.000000000,0.000000000,0.000000000,0.000000000,0.562500000,0.995464212,0.735685685,1.000000000,1.000000000,0.609665428,0.609665428,1.011988848,32.580795288,17.389225006,0.743412077,0.999991357,0.000962913,0.000069328,0.004049646
686,74.044000000,fused_map_f2f,1,1,0,0.051646320,0.017227531,1.000000000,1.000000000,0.100000000,0.010989011,0.010989011,0.036135889,0.002770083,1.000000000,0.000000000,0.000000000,0.000000000,0.000000000,0.000000000,0.596774194,0.838132841,0.693317653,1.000000000,1.000000000,0.617424242,0.617424242,1.012247475,32.661529541,17.388912201,0.742963970,0.999991357,0.000984445,0.000110374,0.004035916
687,74.113000000,fused_map_f2f,1,1,0,0.050115952,0.018691006,1.000000000,1.000000000,0.100000000,0.010989011,0.010989011,0.036131254,0.002770083,1.000000000,0.000000000,0.000000000,0.000000000,0.000000000,0.000000000,0.546875000,1.000000000,0.728125000,1.000000000,1.000000000,0.613382900,0.613382900,1.012112763,32.764385223,17.390298843,0.742890298,0.999991894,0.001015004,0.000082480,0.003885593
688,74.241000000,fused_map_f2f,1,1,0,0.051375412,0.028180714,1.000000000,1.000000000,0.100000000,0.010989011,0.010989011,0.036111733,0.002770083,1.000000000,0.000000000,0.000000000,0.000000000,0.000000000,0.000000000,0.555555556,1.000000000,0.733333333,1.000000000,1.000000000,0.596363636,0.596363636,1.011545455,32.859363556,17.390499115,0.742862642,0.999992430,0.001078592,0.000102706,0.003737704
689,74.317000000,fused_map_f2f,1,1,0,0.050911636,0.020866950,1.000000000,1.000000000,0.100000000,0.010989011,0.010989011,0.036146059,0.002770083,1.000000000,0.000000000,0.000000000,0.000000000,0.000000000,0.000000000,0.569230769,1.000000000,0.741538462,1.000000000,0.999083410,0.626865672,0.626291093,1.012543036,32.938556671,17.390817642,0.742554784,0.999992847,0.000968135,0.000081954,0.003655924
690,74.419000000,fused_map_f2f,1,1,0,0.048374268,0.009749971,1.000000000,1.000000000,0.100000000,0.010989011,0.010989011,0.036153038,0.002770083,1.000000000,0.000000000,0.000000000,0.000000000,0.000000000,0.000000000,0.537313433,1.000000000,0.722388060,1.000000000,0.999079190,0.632958801,0.632375967,1.012745866,33.006690979,17.389945984,0.742485464,0.999993265,0.000800356,0.000075462,0.003583810
691,74.526000000,fused_map_f2f,1,1,0,0.049892303,0.026056979,1.000000000,1.000000000,0.100000000,0.010989011,0.010989011,0.036138018,0.002770083,1.000000000,0.000000000,0.000000000,0.000000000,0.000000000,0.000000000,0.492307692,1.000000000,0.695384615,1.000000000,0.999540018,0.619565217,0.619280229,1.012309341,33.077621460,17.390239716,0.742222011,0.999993443,0.000929832,0.000083661,0.003499334
692,74.642000000,fused_map_f2f,1,1,0,0.047760718,0.029890982,1.000000000,1.000000000,0.100000000,0.010989011,0.010989011,0.036151570,0.002770083,1.000000000,0.000000000,0.000000000,0.000000000,0.000000000,0.000000000,0.538461538,0.943131476,0.700329513,1.000000000,0.999538958,0.631386861,0.631095765,1.012703192,33.176845551,17.390319824,0.742412746,0.999993980,0.000698183,0.000082563,0.003386887
693,74.713000000,fused_map_f2f,1,1,0,0.047910490,0.012367809,1.000000000,1.000000000,0.100000000,0.010989011,0.010989011,0.036157611,0.002770083,1.000000000,0.000000000,0.000000000,0.000000000,0.000000000,0.000000000,0.560606061,1.000000000,0.736363636,1.000000000,1.000000000,0.636363636,0.636363636,1.012878788,33.226737976,17.390419006,0.742146254,0.999994040,0.000713806,0.000087994,0.003366457
694,74.828000000,fused_map_f2f,1,1,0,0.050033160,0.014553391,1.000000000,1.000000000,0.100000000,0.010989011,0.010989011,0.036148605,0.002770083,1.000000000,0.000000000,0.000000000,0.000000000,0.000000000,0.000000000,0.545454545,0.954622481,0.709121719,1.000000000,0.999077916,0.629090909,0.628510834,1.012617028,33.313350677,17.390823364,0.741589010,0.999994040,0.000821455,0.000086504,0.003356976
695,74.933000000,fused_map_f2f,1,1,0,0.046849470,0.016375736,1.000000000,1.000000000,0.100000000,0.010989011,0.010989011,0.036166879,0.002770083,1.000000000,0.000000000,0.000000000,0.000000000,0.000000000,0.000000000,0.578125000,0.927970033,0.718063013,1.000000000,1.000000000,0.644444444,0.644444444,1.013148148,33.378326416,17.390756607,0.741863251,0.999993861,0.000803630,0.000040019,0.003411477
696,75.025000000,fused_map_f2f,1,1,0,0.047892243,0.020875931,1.000000000,1.000000000,0.100000000,0.010989011,0.010989011,0.036168850,0.002770083,1.000000000,0.000000000,0.000000000,0.000000000,0.000000000,0.000000000,0.544117647,1.000000000,0.726470588,1.000000000,0.998615598,0.647058824,0.646163034,1.013205434,33.435245514,17.390718460,0.742331803,0.999993682,0.000825394,-0.000004341,0.003460200
697,75.126000000,fused_map_f2f,1,1,0,0.047271713,0.016552499,1.000000000,1.000000000,0.100000000,0.010989011,0.010989011,0.036168903,0.002770083,1.000000000,0.000000000,0.000000000,0.000000000,0.000000000,0.000000000,0.546875000,1.000000000,0.728125000,1.000000000,1.000000000,0.646209386,0.646209386,1.013206980,33.525516510,17.390974045,0.741432488,0.999994278,0.000774887,0.000080646,0.003288271
698,75.234000000,fused_map_f2f,1,1,0,0.044697839,0.011850300,1.000000000,1.000000000,0.100000000,0.010989011,0.010989011,0.036189127,0.002770083,1.000000000,0.000000000,0.000000000,0.000000000,0.000000000,0.000000000,0.569230769,0.937162470,0.716403449,1.000000000,0.999536178,0.664150943,0.663842896,1.013794763,33.589942932,17.391023636,0.741668761,0.999994218,0.000771783,0.000033954,0.003304950
699,75.336000000,fused_map_f2f,1,1,0,0.046322034,0.016599151,1.000000000,1.000000000,0.100000000,0.010989011,0.010989011,0.036149735,0.002770083,1.000000000,0.000000000,0.000000000,0.000000000,0.000000000,0.000000000,0.545454545,1.000000000,0.727272727,1.000000000,1.000000000,0.629496403,0.629496403,1.012649880,33.660263062,17.389629364,0.741100192,0.999994516,0.000682320,0.000066680,0.003243135
700,75.432000000,fused_map_f2f,1,1,0,0.045303098,0.021764377,1.000000000,1.000000000,0.100000000,0.010989011,0.010989011,0.036157611,0.002770083,1.000000000,0.000000000,0.000000000,0.000000000,0.000000000,0.000000000,0.484848485,1.000000000,0.690909091,1.000000000,1.000000000,0.636363636,0.636363636,1.012878788,33.767742157,17.390260696,0.741500556,0.999994814,0.000477384,0.000074595,0.003186541
701,75.532000000,fused_map_f2f,1,1,0,0.045736011,0.023554103,1.000000000,1.000000000,0.100000000,0.010989011,0.010989011,0.036163278,0.002770083,1.000000000,0.000000000,0.000000000,0.000000000,0.000000000,0.000000000,0.538461538,1.000000000,0.723076923,1.000000000,1.000000000,0.641304348,0.641304348,1.013043478,33.830818176,17.389858246,0.741652071,0.999994755,0.000650001,0.000080293,0.003174972
702,75.633000000,fused_map_f2f,1,1,0,0.048101237,0.014480617,1.000000000,1.000000000,0.100000000,0.010989011,0.010989011,0.036154967,0.002770083,1.000000000,0.000000000,0.000000000,0.000000000,0.000000000,0.000000000,0.522388060,1.000000000,0.713432836,1.000000000,1.000000000,0.634057971,0.634057971,1.012801932,33.914329529,17.390754700,0.741265476,0.999994874,0.000623037,0.000064716,0.003130778
703,75.737000000,fused_map_f2f,1,1,0,0.046246333,0.029921009,1.000000000,1.000000000,0.100000000,0.010989011,0.010989011,0.036158757,0.002770083,1.000000000,0.000000000,0.000000000,0.000000000,0.000000000,0.000000000,0.514705882,1.000000000,0.708823529,1.000000000,1.000000000,0.637362637,0.637362637,1.012912088,33.980503082,17.390449524,0.741371751,0.999995053,0.000436159,0.000073044,0.003115573
704,75.820000000,fused_map_f2f,1,1,0,0.048000115,0.032096723,1.000000000,1.000000000,0.100000000,0.010989011,0.010989011,0.036151456,0.002770083,1.000000000,0.000000000,0.000000000,0.000000000,0.000000000,0.000000000,0.538461538,1.000000000,0.723076923,1.000000000,1.000000000,0.630996310,0.630996310,1.012699877,34.040809631,17.390121460,0.741056979,0.999995172,0.000425068,0.000079774,0.003067676
705,75.916000000,fused_map_f2f,1,1,0,0.047335066,0.010028493,1.000000000,1.000000000,0.100000000,0.010989011,0.010989011,0.036130294,0.002770083,1.000000000,0.000000000,0.000000000,0.000000000,0.000000000,0.000000000,0.530303030,1.000000000,0.718181818,1.000000000,1.000000000,0.612546125,0.612546125,1.012084871,34.144641876,17.390295029,0.740817249,0.999995470,0.000462800,0.000061975,0.002966540
706,76.015000000,fused_map_f2f,1,1,0,0.045112598,0.017318662,1.000000000,1.000000000,0.100000000,0.010989011,0.010989011,0.036122602,0.002770083,1.000000000,0.000000000,0.000000000,0.000000000,0.000000000,0.000000000,0.530303030,1.000000000,0.718181818,1.000000000,1.000000000,0.605839416,0.605839416,1.011861314,34.209266663,17.390296936,0.740775466,0.999995470,0.000629438,0.000042437,0.002945231
707,76.127000000,fused_map_f2f,1,1,0,0.047449980,0.017881226,1.000000000,1.000000000,0.100000000,0.010989011,0.010989011,0.036108477,0.002770083,1.000000000,0.000000000,0.000000000,0.000000000,0.000000000,0.000000000,0.515151515,1.000000000,0.709090909,1.000000000,1.000000000,0.593525180,0.593525180,1.011450839,34.302452087,17.390850067,0.740716577,0.999995649,0.000606965,0.000064436,0.002877641
708,76.233000000,fused_map_f2f,1,1,0,0.045744987,0.014603808,1.000000000,1.000000000,0.100000000,0.010989011,0.010989011,0.036127711,0.002770083,1.000000000,0.000000000,0.000000000,0.000000000,0.000000000,0.000000000,0.507042254,0.972632051,0.693278173,1.000000000,1.000000000,0.610294118,0.610294118,1.012009804,34.397037506,17.390159607,0.741308749,0.999995947,0.000468318,0.000075138,0.002814414
709,76.338000000,fused_map_f2f,1,1,0,0.047952295,0.014509923,1.000000000,1.000000000,0.100000000,0.010989011,0.010989011,0.036125320,0.002770083,1.000000000,0.000000000,0.000000000,0.000000000,0.000000000,0.000000000,0.530303030,1.000000000,0.718181818,1.000000000,1.000000000,0.608208955,0.608208955,1.011940299,34.468753815,17.389879227,0.741249442,0.999996126,0.000413753,0.000007738,0.002746916
710,76.418000000,fused_map_f2f,1,1,0,0.047129174,0.030782566,1.000000000,1.000000000,0.100000000,0.010989011,0.010989011,0.036117597,0.002770083,1.000000000,0.000000000,0.000000000,0.000000000,0.000000000,0.000000000,0.530303030,1.000000000,0.718181818,1.000000000,1.000000000,0.601476015,0.601476015,1.011715867,34.555454254,17.391004562,0.741310894,0.999996305,0.000391842,0.000064625,0.002695818
711,76.525000000,fused_map_f2f,1,1,0,0.046452086,0.020595492,1.000000000,1.000000000,0.100000000,0.010989011,0.010989011,0.036123494,0.002770083,1.000000000,0.000000000,0.000000000,0.000000000,0.000000000,0.000000000,0.514285714,0.870498902,0.656770990,1.000000000,1.000000000,0.606617647,0.606617647,1.011887255,34.642612457,17.391426086,0.741154313,0.999996424,0.000474870,0.000075746,0.002621598
712,76.629000000,fused_map_f2f,1,1,0,0.046385496,0.010257536,1.000000000,1.000000000,0.100000000,0.010989011,0.010989011,0.036121040,0.002770083,1.000000000,0.000000000,0.000000000,0.000000000,0.000000000,0.000000000,0.596774194,1.000000000,0.758064516,1.000000000,1.000000000,0.604477612,0.604477612,1.011815920,34.763763428,17.390853882,0.740527213,0.999996662,0.000198686,0.000078430,0.002556279
713,76.733000000,fused_map_f2f,1,1,0,0.046178839,0.021111681,1.000000000,1.000000000,0.100000000,0.010989011,0.010989011,0.036105857,0.002770083,1.000000000,0.000000000,0.000000000,0.000000000,0.000000000,0.000000000,0.530303030,0.961510376,0.702785968,1.000000000,1.000000000,0.591240876,0.591240876,1.011374696,34.838470459,17.391183853,0.740468502,0.999996722,0.000233908,0.000026182,0.002537491
714,76.836000000,fused_map_f2f,1,1,0,0.046840386,0.026985138,1.000000000,1.000000000,0.100000000,0.010989011,0.010989011,0.036128648,0.002770083,1.000000000,0.000000000,0.000000000,0.000000000,0.000000000,0.000000000,0.537313433,1.000000000,0.722388060,1.000000000,1.000000000,0.611111111,0.611111111,1.012037037,34.961906433,17.392417908,0.740599811,0.999996960,0.000360855,0.000072557,0.002432725
715,76.926000000,fused_map_f2f,1,1,0,0.048072922,0.047360388,1.000000000,1.000000000,0.100000000,0.010989011,0.010989011,0.036125320,0.002770083,1.000000000,0.000000000,0.000000000,0.000000000,0.000000000,0.000000000,0.552238806,1.000000000,0.731343284,1.000000000,1.000000000,0.608208955,0.608208955,1.011940299,35.033832550,17.392669678,0.740494132,0.999997020,0.000492571,0.000071377,0.002384106
716,77.029000000,fused_map_f2f,1,1,0,0.047632919,0.017360706,1.000000000,1.000000000,0.100000000,0.010989011,0.010989011,0.036115061,0.002770083,1.000000000,0.000000000,0.000000000,0.000000000,0.000000000,0.000000000,0.584615385,1.000000000,0.750769231,1.000000000,1.000000000,0.599264706,0.599264706,1.011642157,35.165657043,17.392379761,0.740516961,0.999997258,0.000248395,0.000074705,0.002310387
717,77.130000000,fused_map_f2f,1,1,0,0.049866257,0.019304588,1.000000000,1.000000000,0.100000000,0.010989011,0.010989011,0.036125320,0.002770083,1.000000000,0.000000000,0.000000000,0.000000000,0.000000000,0.000000000,0.522388060,1.000000000,0.713432836,1.000000000,1.000000000,0.608208955,0.608208955,1.011940299,35.245212555,17.392723083,0.739826739,0.999997437,0.000363055,0.000071159,0.002236829
718,77.237000000,fused_map_f2f,1,1,0,0.048848838,0.019681564,1.000000000,1.000000000,0.100000000,0.010989011,0.010989011,0.036121830,0.002770083,1.000000000,0.000000000,0.000000000,0.000000000,0.000000000,0.000000000,0.593750000,1.000000000,0.756250000,1.000000000,1.000000000,0.605166052,0.605166052,1.011838868,35.354099274,17.392278671,0.739974678,0.999997616,0.000122253,0.000062862,0.002161892
719,77.317000000,fused_map_f2f,1,1,0,0.047416201,0.019242965,1.000000000,1.000000000,0.100000000,0.010989011,0.010989011,0.036130565,0.002770083,1.000000000,0.000000000,0.000000000,0.000000000,0.000000000,0.000000000,0.515151515,0.711058121,0.593514157,1.000000000,1.000000000,0.612781955,0.612781955,1.012092732,35.415714264,17.392213821,0.740052044,0.999997675,0.000205396,0.000064914,0.002142909
720,77.425000000,fused_map_f2f,1,1,0,0.048867260,0.017639858,1.000000000,1.000000000,0.100000000,0.010989011,0.010989011,0.036117248,0.002770083,1.000000000,0.000000000,0.000000000,0.000000000,0.000000000,0.000000000,0.560606061,1.000000000,0.736363636,1.000000000,0.999538958,0.601449275,0.601171982,1.011705733,35.497718811,17.392589569,0.739590645,0.999997675,0.000388062,0.000058979,0.002117486
721,77.524000000,fused_map_f2f,1,1,0,0.047123908,0.008230575,1.000000000,1.000000000,0.100000000,0.010989011,0.010989011,0.036138582,0.002770083,1.000000000,0.000000000,0.000000000,0.000000000,0.000000000,0.000000000,0.569230769,1.000000000,0.741538462,1.000000000,1.000000000,0.619771863,0.619771863,1.012325729,35.584587097,17.392292023,0.739450157,0.999997795,0.000191197,0.000057044,0.002097693
722,77.629000000,fused_map_f2f,1,1,0,0.049554988,0.015021476,1.000000000,1.000000000,0.100000000,0.010989011,0.010989011,0.036129275,0.002770083,1.000000000,0.000000000,0.000000000,0.000000000,0.000000000,0.000000000,0.558823529,1.000000000,0.735294118,1.000000000,0.999538319,0.611940299,0.611657778,1.012055259,35.654674530,17.392679214,0.739366174,0.999997795,0.000266098,0.000056737,0.002072959
723,77.730000000,fused_map_f2f,1,1,0,0.047021392,0.027353405,1.000000000,1.000000000,0.100000000,0.010989011,0.010989011,0.036126788,0.002770083,1.000000000,0.000000000,0.000000000,0.000000000,0.000000000,0.000000000,0.523076923,1.000000000,0.713846154,1.000000000,1.000000000,0.609489051,0.609489051,1.011982968,35.774280548,17.392084122,0.739876568,0.999997914,0.000117457,0.000064071,0.002025785
724,77.834000000,fused_map_f2f,1,1,0,0.049047607,0.021588525,1.000000000,1.000000000,0.100000000,0.010989011,0.010989011,0.036104556,0.002770083,1.000000000,0.000000000,0.000000000,0.000000000,0.000000000,0.000000000,0.575757576,1.000000000,0.745454545,1.000000000,1.000000000,0.590106007,0.590106007,1.011336867,35.837112427,17.392240524,0.739976525,0.999997795,0.000222606,0.000029669,0.002091040
725,77.947000000,fused_map_f2f,1,1,0,0.047677310,0.014302006,1.000000000,1.000000000,0.100000000,0.010989011,0.010989011,0.036120075,0.002770083,1.000000000,0.000000000,0.000000000,0.000000000,0.000000000,0.000000000,0.575757576,1.000000000,0.745454545,1.000000000,1.000000000,0.603636364,0.603636364,1.011787879,35.950542450,17.392389297,0.739925563,0.999997914,0.000235470,0.000056179,0.002029335
726,78.030000000,fused_map_f2f,1,1,0,0.045017906,0.011599772,1.000000000,1.000000000,0.100000000,0.010989011,0.010989011,0.036142661,0.002770083,1.000000000,0.000000000,0.000000000,0.000000000,0.000000000,0.000000000,0.550724638,1.000000000,0.730434783,1.000000000,0.999538106,0.623616236,0.623328192,1.012444273,36.029941559,17.392726898,0.739802182,0.999997973,0.000276453,0.000047473,0.001987899
727,78.140000000,fused_map_f2f,1,1,0,0.045234817,0.008014673,1.000000000,1.000000000,0.100000000,0.010989011,0.010989011,0.036115904,0.002770083,1.000000000,0.000000000,0.000000000,0.000000000,0.000000000,0.000000000,0.528571429,1.000000000,0.717142857,1.000000000,1.000000000,0.600000000,0.600000000,1.011666667,36.141216278,17.393058777,0.740371406,0.999998033,0.000248607,0.000041400,0.001952787
728,78.217000000,fused_map_f2f,1,1,0,0.044975330,0.013426629,1.000000000,1.000000000,0.100000000,0.010989011,0.010989011,0.036136524,0.002770083,1.000000000,0.000000000,0.000000000,0.000000000,0.000000000,0.000000000,0.528571429,1.000000000,0.717142857,1.000000000,1.000000000,0.617977528,0.617977528,1.012265918,36.186244965,17.393404007,0.740241408,0.999997973,0.000468430,0.000056962,0.001957446
729,78.323000000,fused_map_f2f,1,1,0,0.046960872,0.010815638,1.000000000,1.000000000,0.100000000,0.010989011,0.010989011,0.036135889,0.002770083,1.000000000,0.000000000,0.000000000,0.000000000,0.000000000,0.000000000,0.538461538,1.000000000,0.723076923,1.000000000,1.000000000,0.617424242,0.617424242,1.012247475,36.252525330,17.393985748,0.740578711,0.999998212,0.000663551,0.000062302,0.001779587
730,78.424000000,fused_map_f2f,1,1,0,0.044991891,0.014186986,1.000000000,1.000000000,0.100000000,0.010989011,0.010989011,0.036126465,0.002770083,1.000000000,0.000000000,0.000000000,0.000000000,0.000000000,0.000000000,0.552238806,0.927807113,0.702466129,1.000000000,0.999537893,0.609489051,0.609207402,1.011973580,36.404071808,17.393714905,0.740440190,0.999998093,0.000356930,0.000033168,0.001904211
731,78.529000000,fused_map_f2f,1,1,0,0.046944324,0.024801710,1.000000000,1.000000000,0.100000000,0.010989011,0.010989011,0.036133894,0.002770083,1.000000000,0.000000000,0.000000000,0.000000000,0.000000000,0.000000000,0.593750000,1.000000000,0.756250000,1.000000000,0.998610468,0.616541353,0.615684649,1.012189488,36.472023010,17.393196106,0.741142511,0.999998152,0.000252221,-0.000067614,0.001908231
732,78.630000000,fused_map_f2f,1,1,0,0.045136494,0.015009350,1.000000000,1.000000000,0.100000000,0.010989011,0.010989011,0.036123923,0.002770083,1.000000000,0.000000000,0.000000000,0.000000000,0.000000000,0.000000000,0.582089552,0.926058700,0.719677211,1.000000000,0.999537037,0.607272727,0.606991582,1.011899719,36.583827972,17.393827438,0.740775168,0.999998212,0.000287650,0.000033025,0.001856352
733,78.729000000,fused_map_f2f,1,1,0,0.045054827,0.031002493,1.000000000,1.000000000,0.100000000,0.010989011,0.010989011,0.036132587,0.002770083,1.000000000,0.000000000,0.000000000,0.000000000,0.000000000,0.000000000,0.545454545,1.000000000,0.727272727,1.000000000,1.000000000,0.614545455,0.614545455,1.012151515,36.638969421,17.394039154,0.740757763,0.999997973,0.000474567,0.000082581,0.001941117
734,78.844000000,fused_map_f2f,1,1,0,0.045188818,0.016525220,1.000000000,1.000000000,0.100000000,0.010989011,0.010989011,0.036139453,0.002770083,1.000000000,0.000000000,0.000000000,0.000000000,0.000000000,0.000000000,0.593750000,1.000000000,0.756250000,1.000000000,0.999538533,0.620817844,0.620531357,1.012351045,36.762584686,17.393110275,0.741707981,0.999998152,0.000359204,0.000050299,0.001885438
735,78.944000000,fused_map_f2f,1,1,0,0.045323374,0.023166330,1.000000000,1.000000000,0.100000000,0.010989011,0.010989011,0.036164747,0.002770083,1.000000000,0.000000000,0.000000000,0.000000000,0.000000000,0.000000000,0.569230769,0.866466329,0.688124993,1.000000000,1.000000000,0.642585551,0.642585551,1.013086185,36.832775116,17.393222809,0.741192997,0.999998152,0.000480043,0.000047870,0.001860958
736,79.044000000,fused_map_f2f,1,1,0,0.046372494,0.015659599,1.000000000,1.000000000,0.100000000,0.010989011,0.010989011,0.036135453,0.002770083,1.000000000,0.000000000,0.000000000,0.000000000,0.000000000,0.000000000,0.536231884,1.000000000,0.721739130,1.000000000,0.999538958,0.617328520,0.617043906,1.012234797,36.897754669,17.393503189,0.741150260,0.999998152,0.000474049,0.000053824,0.001870227
737,79.120000000,fused_map_f2f,1,1,0,0.044133522,0.028365755,1.000000000,1.000000000,0.100000000,0.010989011,0.010989011,0.036143037,0.002770083,1.000000000,0.000000000,0.000000000,0.000000000,0.000000000,0.000000000,0.569230769,0.938363727,0.716883952,1.000000000,1.000000000,0.623655914,0.623655914,1.012455197,36.975852966,17.393241882,0.741303742,0.999998152,0.000379534,0.000061876,0.001865135
738,79.230000000,fused_map_f2f,1,1,0,0.044850530,0.024603870,1.000000000,1.000000000,0.100000000,0.010989011,0.010989011,0.036153861,0.002770083,1.000000000,0.000000000,0.000000000,0.000000000,0.000000000,0.000000000,0.538461538,1.000000000,0.723076923,1.000000000,1.000000000,0.633093525,0.633093525,1.012769784,37.051925659,17.393886566,0.741355896,0.999998093,0.000459777,0.000053635,0.001884610
739,79.334000000,fused_map_f2f,1,1,0,0.044932785,0.020087884,1.000000000,1.000000000,0.100000000,0.010989011,0.010989011,0.036182527,0.002770083,1.000000000,0.000000000,0.000000000,0.000000000,0.000000000,0.000000000,0.600000000,1.000000000,0.760000000,1.000000000,1.000000000,0.658088235,0.658088235,1.013602941,37.158927917,17.393419266,0.741075635,0.999998152,0.000391090,0.000072438,0.001864759
740,79.413000000,fused_map_f2f,1,1,0,0.046646619,0.011518785,1.000000000,1.000000000,0.100000000,0.010989011,0.010989011,0.036152771,0.002770083,1.000000000,0.000000000,0.000000000,0.000000000,0.000000000,0.000000000,0.573529412,1.000000000,0.744117647,1.000000000,1.000000000,0.632142857,0.632142857,1.012738095,37.219661713,17.393638611,0.741289556,0.999998152,0.000464635,0.000066505,0.001866517
741,79.526000000,fused_map_f2f,1,1,0,0.044000426,0.014445135,1.000000000,1.000000000,0.100000000,0.010989011,0.010989011,0.036132278,0.002770083,1.000000000,0.000000000,0.000000000,0.000000000,0.000000000,0.000000000,0.514285714,1.000000000,0.708571429,1.000000000,0.999080882,0.614840989,0.614275878,1.012142529,37.377307892,17.394372940,0.741668701,0.999998271,0.000430849,0.000069352,0.001807183
742,79.631000000,fused_map_f2f,1,1,0,0.048040706,0.009222143,1.000000000,1.000000000,0.100000000,0.010989011,0.010989011,0.036141372,0.002770083,1.000000000,0.000000000,0.000000000,0.000000000,0.000000000,0.000000000,0.550724638,1.000000000,0.730434783,1.000000000,0.999082989,0.622775801,0.622204709,1.012406824,37.450279236,17.393257141,0.741705179,0.999998033,0.000330766,0.000028340,0.001937601
743,79.743000000,fused_map_f2f,1,1,0,0.044008343,0.015325672,1.000000000,1.000000000,0.100000000,0.010989011,0.010989011,0.036125210,0.002770083,1.000000000,0.000000000,0.000000000,0.000000000,0.000000000,0.000000000,0.536231884,0.433815679,0.495265402,1.000000000,0.999542543,0.608391608,0.608113296,1.011937110,37.588428497,17.394918442,0.742172062,0.999998331,0.000446144,0.000055830,0.001749804
744,79.815000000,fused_map_f2f,1,1,0,0.044758153,0.030536263,1.000000000,1.000000000,0.100000000,0.010989011,0.010989011,0.036137625,0.002770083,1.000000000,0.000000000,0.000000000,0.000000000,0.000000000,0.000000000,0.528571429,0.937200316,0.692022984,1.000000000,0.998171011,0.620071685,0.618937580,1.012297919,37.641567230,17.394832611,0.741711259,0.999998271,0.000584660,0.000063162,0.001774381
745,79.913000000,fused_map_f2f,1,1,0,0.043804215,0.016332409,1.000000000,1.000000000,0.100000000,0.010989011,0.010989011,0.036115274,0.002770083,1.000000000,0.000000000,0.000000000,0.000000000,0.000000000,0.000000000,0.597014925,0.747698300,0.657288275,1.000000000,0.999084249,0.600000000,0.599450549,1.011648352,37.765079498,17.395004272,0.742288768,0.999998331,0.000626728,0.000079268,0.001728369
746,80.041000000,fused_map_f2f,1,1,0,0.045105244,0.019066907,1.000000000,1.000000000,0.100000000,0.010989011,0.010989011,0.036091125,0.002770083,1.000000000,0.000000000,0.000000000,0.000000000,0.000000000,0.000000000,0.535211268,0.759786142,0.625041218,1.000000000,1.000000000,0.578397213,0.578397213,1.010946574,37.844085693,17.394945145,0.742171109,0.999998271,0.000672103,0.000066312,0.001742637
747,80.144000000,fused_map_f2f,1,1,0,0.045092146,0.023502485,1.000000000,1.000000000,0.100000000,0.010989011,0.010989011,0.036088963,0.002770083,1.000000000,0.000000000,0.000000000,0.000000000,0.000000000,0.000000000,0.535211268,0.418246682,0.488425433,1.000000000,1.000000000,0.576512456,0.576512456,1.010883749,37.960128784,17.395038605,0.742561400,0.999998152,0.000745926,0.000076125,0.001748469
748,80.214000000,fused_map_f2f,1,1,0,0.044810465,0.024907167,1.000000000,1.000000000,0.100000000,0.010989011,0.010989011,0.036069886,0.002770083,1.000000000,0.000000000,0.000000000,0.000000000,0.000000000,0.000000000,0.544117647,0.722651977,0.615531379,1.000000000,0.999544004,0.560137457,0.559882036,1.010329401,38.001422882,17.395175934,0.742430508,0.999998152,0.000747142,0.000057419,0.001777890
749,80.321000000,fused_map_f2f,1,1,0,0.046380511,0.015005335,1.000000000,1.000000000,0.100000000,0.010989011,0.010989011,0.036104140,0.002770083,1.000000000,0.000000000,0.000000000,0.000000000,0.000000000,0.000000000,0.552238806,0.822272411,0.660252248,1.000000000,1.000000000,0.589743590,0.589743590,1.011324786,38.065826416,17.394924164,0.741796017,0.999998093,0.000768762,0.000053848,0.001788405
750,80.425000000,fused_map_f2f,1,1,0,0.043612280,0.013752101,1.000000000,1.000000000,0.100000000,0.010989011,0.010989011,0.036069468,0.002770083,1.000000000,0.000000000,0.000000000,0.000000000,0.000000000,0.000000000,0.571428571,0.816866782,0.669603856,1.000000000,0.998632011,0.560283688,0.559517226,1.010317241,38.169422150,17.394214630,0.742417395,0.999998212,0.000737018,0.000075059,0.001734058
751,80.529000000,fused_map_f2f,1,1,0,0.043110166,0.017611077,1.000000000,1.000000000,0.100000000,0.010989011,0.010989011,0.036065698,0.002770083,1.000000000,0.000000000,0.000000000,0.000000000,0.000000000,0.000000000,0.513888889,0.886927893,0.663104490,1.000000000,0.999089668,0.556737589,0.556230772,1.010207692,38.227428436,17.394309998,0.741956055,0.999998093,0.000810127,0.000064439,0.001770333
752,80.636000000,fused_map_f2f,1,1,0,0.046369837,0.031408744,1.000000000,1.000000000,0.100000000,0.010989011,0.010989011,0.036068158,0.002770083,1.000000000,0.000000000,0.000000000,0.000000000,0.000000000,0.000000000,0.567164179,1.000000000,0.740298507,1.000000000,0.998632011,0.559139785,0.558374888,1.010279163,38.282867432,17.394390106,0.742230654,0.999997973,0.000942949,0.000061870,0.001779340
753,80.734000000,fused_map_f2f,1,1,0,0.046538319,0.013745182,1.000000000,1.000000000,0.100000000,0.010989011,0.010989011,0.036071837,0.002770083,1.000000000,0.000000000,0.000000000,0.000000000,0.000000000,0.000000000,0.558823529,0.855514382,0.677499871,1.000000000,0.999546691,0.561837456,0.561582770,1.010386092,38.350036621,17.395019531,0.741831481,0.999998093,0.000864345,0.000090173,0.001730466
754,80.830000000,fused_map_f2f,1,1,0,0.045658724,0.025010361,1.000000000,1.000000000,0.100000000,0.010989011,0.010989011,0.036074775,0.002770083,1.000000000,0.000000000,0.000000000,0.000000000,0.000000000,0.000000000,0.528571429,0.399014120,0.476748505,1.000000000,0.998639456,0.564912281,0.564143693,1.010471456,38.423976898,17.395347595,0.742134035,0.999998152,0.000860153,0.000087790,0.001717001
755,80.939000000,fused_map_f2f,1,1,0,0.047871584,0.015216373,1.000000000,1.000000000,0.100000000,0.010989011,0.010989011,0.036092093,0.002770083,1.000000000,0.000000000,0.000000000,0.000000000,0.000000000,0.000000000,0.558823529,0.402386148,0.496248577,1.000000000,0.999544627,0.579505300,0.579241409,1.010974714,38.480812073,17.395364761,0.742304623,0.999997914,0.000910121,0.000062198,0.001809125
756,81.041000000,fused_map_f2f,1,1,0,0.046336131,0.013526952,1.000000000,1.000000000,0.100000000,0.010989011,0.010989011,0.036089456,0.002770083,1.000000000,0.000000000,0.000000000,0.000000000,0.000000000,0.000000000,0.537313433,0.916152897,0.688849218,1.000000000,0.999095432,0.577464789,0.576942433,1.010898081,38.578071594,17.394317627,0.741786242,0.999998093,0.000897748,0.000083532,0.001717373
757,81.139000000,fused_map_f2f,1,1,0,0.046348800,0.019434163,1.000000000,1.000000000,0.100000000,0.010989011,0.010989011,0.036114230,0.002770083,1.000000000,0.000000000,0.000000000,0.000000000,0.000000000,0.000000000,0.565217391,1.000000000,0.739130435,1.000000000,1.000000000,0.598540146,0.598540146,1.011618005,38.642261505,17.395006180,0.742074609,0.999998152,0.000905801,0.000082704,0.001707166
758,81.242000000,fused_map_f2f,1,1,0,0.047880139,0.012651253,1.000000000,1.000000000,0.100000000,0.010989011,0.010989011,0.036099310,0.002770083,1.000000000,0.000000000,0.000000000,0.000000000,0.000000000,0.000000000,0.600000000,0.706925379,0.642770151,1.000000000,0.998639456,0.586330935,0.585533206,1.011184440,38.681129456,17.395166397,0.742129207,0.999998093,0.001012164,0.000102167,0.001640281
759,81.313000000,fused_map_f2f,1,1,0,0.044951039,0.011769453,1.000000000,1.000000000,0.100000000,0.010989011,0.010989011,0.036098891,0.002770083,1.000000000,0.000000000,0.000000000,0.000000000,0.000000000,0.000000000,0.597014925,0.769114607,0.665854798,1.000000000,0.998638838,0.585964912,0.585167319,1.011172244,38.789405823,17.394918442,0.741655529,0.999998331,0.000740359,0.000095500,0.001643340
760,81.424000000,fused_map_f2f,1,1,0,0.046776000,0.020335050,1.000000000,1.000000000,0.100000000,0.010989011,0.010989011,0.036115593,0.002770083,1.000000000,0.000000000,0.000000000,0.000000000,0.000000000,0.000000000,0.582089552,1.000000000,0.749253731,1.000000000,0.999547511,0.600000000,0.599728507,1.011657617,38.839408875,17.394811630,0.741630256,0.999998331,0.000808758,0.000097909,0.001640906
761,81.536000000,fused_map_f2f,1,1,0,0.048613705,0.015847366,1.000000000,1.000000000,0.100000000,0.010989011,0.010989011,0.036128830,0.002770083,1.000000000,0.000000000,0.000000000,0.000000000,0.000000000,0.000000000,0.588235294,1.000000000,0.752941176,1.000000000,0.998644374,0.612099644,0.611269866,1.012042329,38.882331848,17.394105911,0.742129624,0.999998510,0.000777922,0.000030231,0.001542462
762,81.641000000,fused_map_f2f,1,1,0,0.047363411,0.012963781,1.000000000,1.000000000,0.100000000,0.010989011,0.010989011,0.036129146,0.002770083,1.000000000,0.000000000,0.000000000,0.000000000,0.000000000,0.000000000,0.527777778,0.805974026,0.639056277,1.000000000,0.999094203,0.612099644,0.611545206,1.012051507,38.955657959,17.394666672,0.741406143,0.999998391,0.000722973,0.000094151,0.001631541
763,81.735000000,fused_map_f2f,1,1,0,0.048167247,0.012288216,1.000000000,1.000000000,0.100000000,0.010989011,0.010989011,0.036111949,0.002770083,1.000000000,0.000000000,0.000000000,0.000000000,0.000000000,0.000000000,0.550724638,0.413486442,0.495829359,1.000000000,1.000000000,0.596551724,0.596551724,1.011551724,38.997425079,17.394443512,0.741388679,0.999998450,0.000741611,0.000091331,0.001579886
764,81.813000000,fused_map_f2f,1,1,0,0.048447554,0.013253840,1.000000000,1.000000000,0.100000000,0.010989011,0.010989011,0.036130774,0.002770083,1.000000000,0.000000000,0.000000000,0.000000000,0.000000000,0.000000000,0.575757576,0.343596075,0.482892975,1.000000000,0.999549347,0.613240418,0.612964059,1.012098802,39.027633667,17.394504547,0.741128266,0.999998391,0.000829600,0.000089700,0.001595894
765,81.938000000,fused_map_f2f,1,1,0,0.049619273,0.010961553,1.000000000,1.000000000,0.100000000,0.010989011,0.010989011,0.036152115,0.002770083,1.000000000,0.000000000,0.000000000,0.000000000,0.000000000,0.000000000,0.565217391,0.401332445,0.499663413,1.000000000,0.999096249,0.632142857,0.631571558,1.012719052,39.075901031,17.395017624,0.741242409,0.999998569,0.000616604,0.000088740,0.001553229
766,82.045000000,fused_map_f2f,1,1,0,0.047293419,0.006230033,1.000000000,1.000000000,0.100000000,0.010989011,0.010989011,0.036148485,0.002770083,1.000000000,0.000000000,0.000000000,0.000000000,0.000000000,0.000000000,0.513888889,0.485029071,0.502344962,1.000000000,0.999095841,0.628975265,0.628406571,1.012613552,39.164691925,17.394783020,0.741307259,0.999998748,0.000523837,0.000077981,0.001503722
767,82.131000000,fused_map_f2f,1,1,0,0.048571863,0.020982952,1.000000000,1.000000000,0.100000000,0.010989011,0.010989011,0.036163399,0.002770083,1.000000000,0.000000000,0.000000000,0.000000000,0.000000000,0.000000000,0.557142857,0.435557021,0.508508523,1.000000000,0.997748762,0.642857143,0.641409918,1.013046997,39.198856354,17.394065857,0.741016746,0.999998748,0.000515625,0.000086910,0.001485683
768,82.244000000,fused_map_f2f,1,1,0,0.049568610,0.020737108,1.000000000,1.000000000,0.100000000,0.010989011,0.010989011,0.036155926,0.002770083,1.000000000,0.000000000,0.000000000,0.000000000,0.000000000,0.000000000,0.513513514,0.782382200,0.621060988,1.000000000,0.998194946,0.636042403,0.634894312,1.012829810,39.239208221,17.394300461,0.741113126,0.999998689,0.000712543,0.000091640,0.001438999
769,82.338000000,fused_map_f2f,1,1,0,0.049225235,0.015188671,1.000000000,1.000000000,0.100000000,0.010989011,0.010989011,0.036155882,0.002770083,1.000000000,0.000000000,0.000000000,0.000000000,0.000000000,0.000000000,0.534246575,0.869620388,0.668396100,1.000000000,0.998649257,0.635714286,0.634855599,1.012828520,39.270496368,17.395078659,0.740908444,0.999998450,0.000925275,0.000152897,0.001476814
770,82.416000000,fused_map_f2f,1,1,0,0.050468408,0.016083350,1.000000000,1.000000000,0.100000000,0.010989011,0.010989011,0.036148487,0.002770083,1.000000000,0.000000000,0.000000000,0.000000000,0.000000000,0.000000000,0.536231884,0.783286925,0.635053901,1.000000000,0.999097880,0.628975265,0.628407854,1.012613595,39.297771454,17.394353867,0.741391540,0.999998629,0.000794916,0.000096682,0.001440054
771,82.516000000,fused_map_f2f,1,1,0,0.049562455,0.012349982,1.000000000,1.000000000,0.100000000,0.010989011,0.010989011,0.036159974,0.002770083,1.000000000,0.000000000,0.000000000,0.000000000,0.000000000,0.000000000,0.565217391,1.000000000,0.739130435,1.000000000,0.998651685,0.639285714,0.638423756,1.012947459,39.341884613,17.394329071,0.741016805,0.999998689,0.000784431,0.000093908,0.001415007
772,82.617000000,fused_map_f2f,1,1,0,0.046137610,0.005713058,1.000000000,1.000000000,0.100000000,0.010989011,0.010989011,0.036146067,0.002770083,1.000000000,0.000000000,0.000000000,0.000000000,0.000000000,0.000000000,0.557142857,1.000000000,0.734285714,1.000000000,1.000000000,0.626297578,0.626297578,1.012543253,39.397052765,17.393909454,0.741481304,0.999998748,0.000661361,0.000086869,0.001424103
773,82.725000000,fused_map_f2f,1,1,0,0.046629531,0.014450011,1.000000000,1.000000000,0.100000000,0.010989011,0.010989011,0.036182060,0.002770083,1.000000000,0.000000000,0.000000000,0.000000000,0.000000000,0.000000000,0.557142857,0.532400663,0.547245979,1.000000000,0.999100315,0.658273381,0.657681143,1.013589371,39.436393738,17.395090103,0.741523147,0.999998629,0.000840160,0.000088187,0.001402608
774,82.821000000,fused_map_f2f,1,1,0,0.047331045,0.016940544,1.000000000,1.000000000,0.100000000,0.010989011,0.010989011,0.036163565,0.002770083,1.000000000,0.000000000,0.000000000,0.000000000,0.000000000,0.000000000,0.521126761,0.320529831,0.440887989,1.000000000,0.999549347,0.641843972,0.641554722,1.013051824,39.472843170,17.394367218,0.741377115,0.999998629,0.000857437,0.000100981,0.001418149
775,82.916000000,fused_map_f2f,1,1,0,0.046870638,0.013586455,1.000000000,1.000000000,0.100000000,0.010989011,0.010989011,0.036169155,0.002770083,1.000000000,0.000000000,0.000000000,0.000000000,0.000000000,0.000000000,0.573529412,0.449251414,0.523818212,1.000000000,1.000000000,0.646428571,0.646428571,1.013214286,39.545288086,17.394128799,0.741144478,0.999998748,0.000726200,0.000108625,0.001398514
776,83.022000000,fused_map_f2f,1,1,0,0.046298567,0.039154258,1.000000000,1.000000000,0.100000000,0.010989011,0.010989011,0.036184514,0.002770083,1.000000000,0.000000000,0.000000000,0.000000000,0.000000000,0.000000000,0.507042254,0.308769014,0.427732958,1.000000000,0.998648040,0.660714286,0.659821026,1.013660701,39.593074799,17.393547058,0.740781248,0.999998808,0.000588368,0.000071241,0.001414654
777,83.118000000,fused_map_f2f,1,1,0,0.047172524,0.013409635,1.000000000,1.000000000,0.100000000,0.010989011,0.010989011,0.036159843,0.002770083,1.000000000,0.000000000,0.000000000,0.000000000,0.000000000,0.000000000,0.549295775,0.490106309,0.525619988,1.000000000,0.999550360,0.638596491,0.638309353,1.012943645,39.647968292,17.394834518,0.741470993,0.999998748,0.000829084,0.000099399,0.001346860
778,83.217000000,fused_map_f2f,1,1,0,0.045793588,0.017791348,1.000000000,1.000000000,0.100000000,0.010989011,0.010989011,0.036120211,0.002770083,1.000000000,0.000000000,0.000000000,0.000000000,0.000000000,0.000000000,0.550724638,0.467614389,0.517480538,1.000000000,0.999550360,0.604026846,0.603755251,1.011791842,39.774871826,17.394159317,0.741380751,0.999998927,0.000659460,0.000093135,0.001312201
779,83.314000000,fused_map_f2f,1,1,0,0.046240231,0.013664261,1.000000000,1.000000000,0.100000000,0.010989011,0.010989011,0.036176847,0.002770083,1.000000000,0.000000000,0.000000000,0.000000000,0.000000000,0.000000000,0.493150685,0.293346559,0.413229035,1.000000000,0.999550764,0.653429603,0.653136059,1.013437869,39.824764252,17.394462585,0.740847766,0.999998808,0.000837136,0.000094488,0.001303922
780,83.415000000,fused_map_f2f,1,1,0,0.048499625,0.014560583,1.000000000,1.000000000,0.100000000,0.010989011,0.010989011,0.036165522,0.002770083,1.000000000,0.000000000,0.000000000,0.000000000,0.000000000,0.000000000,0.555555556,0.758917294,0.636900251,1.000000000,0.998654105,0.644128114,0.643261185,1.013108706,39.875522614,17.394121170,0.740769565,0.999998868,0.000835514,0.000062667,0.001240870
781,83.518000000,fused_map_f2f,1,1,0,0.046921409,0.012882275,1.000000000,1.000000000,0.100000000,0.010989011,0.010989011,0.036150932,0.002770083,1.000000000,0.000000000,0.000000000,0.000000000,0.000000000,0.000000000,0.527777778,0.807228089,0.639557902,1.000000000,0.999549143,0.630824373,0.630539961,1.012684665,39.971199036,17.394573212,0.741149187,0.999998868,0.000766112,0.000094137,0.001275684
782,83.621000000,fused_map_f2f,1,1,0,0.047259471,0.025019652,1.000000000,1.000000000,0.100000000,0.010989011,0.010989011,0.036119047,0.002770083,1.000000000,0.000000000,0.000000000,0.000000000,0.000000000,0.000000000,0.529411765,0.873269905,0.666955021,1.000000000,1.000000000,0.602739726,0.602739726,1.011757991,40.028434753,17.394895554,0.740675151,0.999998808,0.000886059,0.000100010,0.001246058
783,83.718000000,fused_map_f2f,1,1,0,0.049171112,0.029827051,1.000000000,1.000000000,0.100000000,0.010989011,0.010989011,0.036123784,0.002770083,1.000000000,0.000000000,0.000000000,0.000000000,0.000000000,0.000000000,0.500000000,0.371574680,0.448629872,1.000000000,0.999550764,0.607142857,0.606870107,1.011895670,40.082508087,17.394735336,0.741237223,0.999998868,0.000821986,0.000021719,0.001273896
784,83.827000000,fused_map_f2f,1,1,0,0.047642234,0.020979098,1.000000000,1.000000000,0.100000000,0.010989011,0.010989011,0.036097839,0.002770083,1.000000000,0.000000000,0.000000000,0.000000000,0.000000000,0.000000000,0.527777778,0.429812297,0.488591585,1.000000000,0.999103139,0.584775087,0.584250625,1.011141687,40.178894043,17.395112991,0.740629435,0.999998927,0.000769320,0.000102549,0.001233864
785,83.930000000,fused_map_f2f,1,1,0,0.050048214,0.015663798,1.000000000,1.000000000,0.100000000,0.010989011,0.010989011,0.036102284,0.002770083,1.000000000,0.000000000,0.000000000,0.000000000,0.000000000,0.000000000,0.542857143,0.399550440,0.485534462,1.000000000,0.999104745,0.588652482,0.588125488,1.011270850,40.236644745,17.394819260,0.740683794,0.999998927,0.000844519,0.000075400,0.001186727
786,84.031000000,fused_map_f2f,1,1,0,0.050134577,0.021218078,1.000000000,1.000000000,0.100000000,0.010989011,0.010989011,0.036107406,0.002770083,1.000000000,0.000000000,0.000000000,0.000000000,0.000000000,0.000000000,0.541666667,0.415080391,0.491032157,1.000000000,0.999550764,0.592857143,0.592590810,1.011419694,40.292106628,17.395246506,0.740428507,0.999998808,0.000877350,0.000053388,0.001240600
787,84.130000000,fused_map_f2f,1,1,0,0.047984547,0.011932424,1.000000000,1.000000000,0.100000000,0.010989011,0.010989011,0.036102049,0.002770083,1.000000000,0.000000000,0.000000000,0.000000000,0.000000000,0.000000000,0.507042254,0.367289061,0.451140976,1.000000000,0.999104344,0.588447653,0.587920607,1.011264020,40.388736725,17.395263672,0.740911901,0.999998868,0.000807580,0.000097282,0.001233731
788,84.237000000,fused_map_f2f,1,1,0,0.048287108,0.017189976,1.000000000,1.000000000,0.100000000,0.010989011,0.010989011,0.036090388,0.002770083,1.000000000,0.000000000,0.000000000,0.000000000,0.000000000,0.000000000,0.549295775,0.372562122,0.478602314,1.000000000,0.999551167,0.578014184,0.577754753,1.010925158,40.448265076,17.395298004,0.740941763,0.999998808,0.000915118,0.000091635,0.001224249
789,84.337000000,fused_map_f2f,1,1,0,0.047828506,0.026627459,1.000000000,1.000000000,0.100000000,0.010989011,0.010989011,0.036107865,0.002770083,1.000000000,0.000000000,0.000000000,0.000000000,0.000000000,0.000000000,0.527777778,0.484957338,0.510649602,1.000000000,0.999101124,0.593525180,0.592991674,1.011433056,40.548942566,17.395097733,0.740962565,0.999998987,0.000727407,0.000101744,0.001203734
790,84.435000000,fused_map_f2f,1,1,0,0.047362423,0.024499726,1.000000000,1.000000000,0.100000000,0.010989011,0.010989011,0.036126161,0.002770083,1.000000000,0.000000000,0.000000000,0.000000000,0.000000000,0.000000000,0.534246575,0.277552479,0.431568937,1.000000000,0.999103139,0.609489051,0.608942424,1.011964747,40.605518341,17.394517899,0.741036355,0.999998927,0.000797976,0.000098026,0.001217380
791,84.515000000,fused_map_f2f,1,1,0,0.048116208,0.019725613,1.000000000,1.000000000,0.100000000,0.010989011,0.010989011,0.036111192,0.002770083,1.000000000,0.000000000,0.000000000,0.000000000,0.000000000,0.000000000,0.550724638,0.451987178,0.511229654,1.000000000,0.999099910,0.596428571,0.595891732,1.011529724,40.653747559,17.395629883,0.740874767,0.999998927,0.000825133,0.000105564,0.001189925
792,84.618000000,fused_map_f2f,1,1,0,0.049535122,0.012242140,1.000000000,1.000000000,0.100000000,0.010989011,0.010989011,0.036085943,0.002770083,1.000000000,0.000000000,0.000000000,0.000000000,0.000000000,0.000000000,0.506666667,0.277458237,0.414983295,1.000000000,0.999103139,0.574394464,0.573879312,1.010795977,40.744892120,17.395910263,0.740499496,0.999998927,0.000892315,0.000102179,0.001171668
793,84.719000000,fused_map_f2f,1,1,0,0.049867893,0.007508014,1.000000000,1.000000000,0.100000000,0.010989011,0.010989011,0.036088229,0.002770083,1.000000000,0.000000000,0.000000000,0.000000000,0.000000000,0.000000000,0.571428571,0.381482602,0.495450183,1.000000000,0.999103943,0.576388889,0.575872411,1.010862414,40.811431885,17.395681381,0.740836322,0.999999046,0.000767376,0.000099587,0.001159114
794,84.821000000,fused_map_f2f,1,1,0,0.050434958,0.011815750,1.000000000,1.000000000,0.100000000,0.010989011,0.010989011,0.036101163,0.002770083,1.000000000,0.000000000,0.000000000,0.000000000,0.000000000,0.000000000,0.500000000,0.318578958,0.427431583,1.000000000,0.999550562,0.587412587,0.587148582,1.011238286,40.858264923,17.395694733,0.740578830,0.999998808,0.000937286,0.000168458,0.001216664
795,84.923000000,fused_map_f2f,1,1,0,0.049125213,0.015686048,1.000000000,1.000000000,0.100000000,0.010989011,0.010989011,0.036098821,0.002770083,1.000000000,0.000000000,0.000000000,0.000000000,0.000000000,0.000000000,0.547945205,0.515317487,0.534894118,1.000000000,1.000000000,0.585106383,0.585106383,1.011170213,40.980678558,17.395292282,0.740480661,0.999998987,0.000733385,0.000086857,0.001189039
796,85.021000000,fused_map_f2f,1,1,0,0.050736557,0.016612623,1.000000000,1.000000000,0.100000000,0.010989011,0.010989011,0.036116729,0.002770083,1.000000000,0.000000000,0.000000000,0.000000000,0.000000000,0.000000000,0.493150685,0.338109604,0.431134253,1.000000000,1.000000000,0.600719424,0.600719424,1.011690647,41.039550781,17.396385193,0.740703225,0.999998987,0.000787834,0.000086546,0.001162957
797,85.118000000,fused_map_f2f,1,1,0,0.050289361,0.031704298,1.000000000,1.000000000,0.100000000,0.010989011,0.010989011,0.036106199,0.002770083,1.000000000,0.000000000,0.000000000,0.000000000,0.000000000,0.000000000,0.536231884,0.454220835,0.503427464,1.000000000,0.998656516,0.592334495,0.591538703,1.011384623,41.178443909,17.395713806,0.739954412,0.999999046,0.000729076,0.000086762,0.001144337
798,85.245000000,fused_map_f2f,1,1,0,0.050777428,0.027525700,1.000000000,1.000000000,0.100000000,0.010989011,0.010989011,0.036149270,0.002770083,1.000000000,0.000000000,0.000000000,0.000000000,0.000000000,0.000000000,0.542857143,0.307258606,0.448617728,1.000000000,1.000000000,0.629090909,0.629090909,1.012636364,41.249370575,17.395944595,0.739268661,0.999999106,0.000716291,0.000091549,0.001132916
799,85.337000000,fused_map_f2f,1,1,0,0.049670937,0.024307313,1.000000000,1.000000000,0.100000000,0.010989011,0.010989011,0.036126667,0.002770083,1.000000000,0.000000000,0.000000000,0.000000000,0.000000000,0.000000000,0.541666667,0.452693333,0.506077333,1.000000000,0.999105546,0.609929078,0.609383524,1.011979451,41.344127655,17.395797729,0.739603460,0.999999166,0.000608295,0.000085624,0.001147923
800,85.429000000,fused_map_f2f,1,1,0,0.050837562,0.027094733,1.000000000,1.000000000,0.100000000,0.010989011,0.010989011,0.036135394,0.002770083,1.000000000,0.000000000,0.000000000,0.000000000,0.000000000,0.000000000,0.563380282,0.468295207,0.525346252,1.000000000,0.999107143,0.617543860,0.616992481,1.012233083,41.398315430,17.395021439,0.739778042,0.999999106,0.000640144,0.000081616,0.001148875
801,85.535000000,fused_map_f2f,1,1,0,0.053871416,0.013157830,1.000000000,1.000000000,0.100000000,0.010989011,0.010989011,0.036124666,0.002770083,1.000000000,0.000000000,0.000000000,0.000000000,0.000000000,0.000000000,0.500000000,0.272983952,0.409193581,1.000000000,1.000000000,0.607638889,0.607638889,1.011921296,41.456741333,17.395154953,0.739804685,0.999999106,0.000637751,0.000057284,0.001133881
802,85.630000000,fused_map_f2f,1,1,0,0.051674949,0.011670118,1.000000000,1.000000000,0.100000000,0.010989011,0.010989011,0.036143756,0.002770083,1.000000000,0.000000000,0.000000000,0.000000000,0.000000000,0.000000000,0.513513514,0.409836606,0.472042750,1.000000000,0.999554764,0.624561404,0.624283326,1.012476111,41.528690338,17.395175934,0.739835083,0.999999166,0.000590272,0.000086091,0.001127071
803,85.728000000,fused_map_f2f,1,1,0,0.050485011,0.013606097,1.000000000,1.000000000,0.100000000,0.010989011,0.010989011,0.036130778,0.002770083,1.000000000,0.000000000,0.000000000,0.000000000,0.000000000,0.000000000,0.506849315,0.640963244,0.560494887,1.000000000,0.999555556,0.613240418,0.612967867,1.012098929,41.582519531,17.394660950,0.739960432,0.999999166,0.000549105,0.000025493,0.001133618
804,85.840000000,fused_map_f2f,1,1,0,0.050914993,0.016106184,1.000000000,1.000000000,0.100000000,0.010989011,0.010989011,0.036155114,0.002770083,1.000000000,0.000000000,0.000000000,0.000000000,0.000000000,0.000000000,0.527777778,0.527086932,0.527501439,1.000000000,0.999108734,0.634751773,0.634186041,1.012806201,41.646327972,17.394643784,0.740124106,0.999999285,0.000572665,-0.000016147,0.001031857
805,85.938000000,fused_map_f2f,1,1,0,0.049641338,0.023855436,1.000000000,1.000000000,0.100000000,0.010989011,0.010989011,0.036136071,0.002770083,1.000000000,0.000000000,0.000000000,0.000000000,0.000000000,0.000000000,0.527777778,0.539050542,0.532286883,1.000000000,0.999555556,0.617857143,0.617582540,1.012252751,41.772724152,17.395374298,0.739816189,0.999999285,0.000492003,0.000095414,0.001067110
806,86.035000000,fused_map_f2f,1,1,0,0.050404355,0.016856178,1.000000000,1.000000000,0.100000000,0.010989011,0.010989011,0.036142719,0.002770083,1.000000000,0.000000000,0.000000000,0.000000000,0.000000000,0.000000000,0.520000000,0.469813275,0.499925310,1.000000000,0.999555556,0.623655914,0.623378734,1.012445958,41.831840515,17.395965576,0.739704490,0.999999225,0.000595637,0.000109145,0.001059682
807,86.119000000,fused_map_f2f,1,1,0,0.051912634,0.012009820,1.000000000,1.000000000,0.100000000,0.010989011,0.010989011,0.036108554,0.002770083,1.000000000,0.000000000,0.000000000,0.000000000,0.000000000,0.000000000,0.520000000,0.489161447,0.507664579,1.000000000,0.999554367,0.593856655,0.593592013,1.011453067,41.882404327,17.395875931,0.739701509,0.999999285,0.000557869,0.000106197,0.001049230
808,86.242000000,fused_map_f2f,1,1,0,0.051089737,0.017419047,1.000000000,1.000000000,0.100000000,0.010989011,0.010989011,0.036149247,0.002770083,1.000000000,0.000000000,0.000000000,0.000000000,0.000000000,0.000000000,0.527777778,0.460540108,0.500882710,1.000000000,0.999111901,0.629629630,0.629070456,1.012635682,41.959835052,17.395885468,0.739463151,0.999999285,0.000560264,0.000117936,0.001047323
809,86.337000000,fused_map_f2f,1,1,0,0.050791194,0.018612385,1.000000000,1.000000000,0.100000000,0.010989011,0.010989011,0.036116408,0.002770083,1.000000000,0.000000000,0.000000000,0.000000000,0.000000000,0.000000000,0.486842105,0.251819173,0.392832932,1.000000000,0.999554764,0.600706714,0.600439258,1.011681309,42.016365051,17.395069122,0.739793718,0.999999344,0.000431848,0.000110796,0.001033008
810,86.414000000,fused_map_f2f,1,1,0,0.051648399,0.020233838,1.000000000,1.000000000,0.100000000,0.010989011,0.010989011,0.036111502,0.002770083,1.000000000,0.000000000,0.000000000,0.000000000,0.000000000,0.000000000,0.480519481,0.264869774,0.394259598,1.000000000,0.999553571,0.596428571,0.596162309,1.011538744,42.057899475,17.395744324,0.739584804,0.999999225,0.000642437,0.000126652,0.001054801
811,86.514000000,fused_map_f2f,1,1,0,0.051851242,0.016340232,1.000000000,1.000000000,0.100000000,0.010989011,0.010989011,0.036103615,0.002770083,1.000000000,0.000000000,0.000000000,0.000000000,0.000000000,0.000000000,0.528571429,0.489877984,0.513094051,1.000000000,1.000000000,0.589285714,0.589285714,1.011309524,42.184143066,17.394969940,0.739322543,0.999999344,0.000452264,0.000114789,0.001031694
812,86.615000000,fused_map_f2f,1,1,0,0.051293195,0.008638810,1.000000000,1.000000000,0.100000000,0.010989011,0.010989011,0.036085723,0.002770083,1.000000000,0.000000000,0.000000000,0.000000000,0.000000000,0.000000000,0.541666667,0.518233801,0.532293520,1.000000000,0.999554367,0.573943662,0.573687894,1.010789596,42.248828888,17.395376205,0.739287972,0.999999344,0.000434365,0.000083394,0.001045385
813,86.718000000,fused_map_f2f,1,1,0,0.051938124,0.015014271,1.000000000,1.000000000,0.100000000,0.010989011,0.010989011,0.036083706,0.002770083,1.000000000,0.000000000,0.000000000,0.000000000,0.000000000,0.000000000,0.500000000,0.337293025,0.434917210,1.000000000,1.000000000,0.571929825,0.571929825,1.010730994,42.383876801,17.394090652,0.739057958,0.999999404,0.000325963,0.000103121,0.001018336
814,86.842000000,fused_map_f2f,1,1,0,0.052831755,0.020029024,1.000000000,1.000000000,0.100000000,0.010989011,0.010989011,0.036080855,0.002770083,1.000000000,0.000000000,0.000000000,0.000000000,0.000000000,0.000000000,0.513157895,0.295132833,0.425947870,1.000000000,1.000000000,0.569444444,0.569444444,1.010648148,42.464160919,17.394998550,0.739167690,0.999999404,0.000356859,0.000115513,0.001010718
815,86.921000000,fused_map_f2f,1,1,0,0.052474847,0.014817177,1.000000000,1.000000000,0.100000000,0.010989011,0.010989011,0.036096831,0.002770083,1.000000000,0.000000000,0.000000000,0.000000000,0.000000000,0.000000000,0.513888889,0.511743135,0.513030587,1.000000000,0.999557130,0.583629893,0.583371421,1.011112381,42.578659058,17.394720078,0.738843620,0.999999464,0.000275624,0.000117766,0.000982306
816,87.023000000,fused_map_f2f,1,1,0,0.052929307,0.015285334,1.000000000,1.000000000,0.100000000,0.010989011,0.010989011,0.036099806,0.002770083,1.000000000,0.000000000,0.000000000,0.000000000,0.000000000,0.000000000,0.521126761,0.312410255,0.437640158,1.000000000,1.000000000,0.585964912,0.585964912,1.011198830,42.641799927,17.394947052,0.739151418,0.999999464,0.000368126,0.000095668,0.000975223
817,87.126000000,fused_map_f2f,1,1,0,0.053345473,0.007378646,1.000000000,1.000000000,0.100000000,0.010989011,0.010989011,0.036118971,0.002770083,1.000000000,0.000000000,0.000000000,0.000000000,0.000000000,0.000000000,0.534246575,0.644052044,0.578168763,1.000000000,0.999556541,0.602941176,0.602673797,1.011755793,42.733352661,17.395389557,0.738827467,0.999999404,0.000347433,0.000122028,0.001001245
818,87.218000000,fused_map_f2f,1,1,0,0.053074946,0.015152800,1.000000000,1.000000000,0.100000000,0.010989011,0.010989011,0.036121830,0.002770083,1.000000000,0.000000000,0.000000000,0.000000000,0.000000000,0.000000000,0.500000000,0.306713376,0.422685350,1.000000000,1.000000000,0.605166052,0.605166052,1.011838868,42.784828186,17.395357132,0.738874435,0.999999404,0.000485692,0.000088049,0.000974514
819,87.324000000,fused_map_f2f,1,1,0,0.053002009,0.018654485,1.000000000,1.000000000,0.100000000,0.010989011,0.010989011,0.036094094,0.002770083,1.000000000,0.000000000,0.000000000,0.000000000,0.000000000,0.000000000,0.513888889,0.456492571,0.490930362,1.000000000,1.000000000,0.580985915,0.580985915,1.011032864,42.845394135,17.394977570,0.739347517,0.999999344,0.000489001,0.000116538,0.001000110
820,87.422000000,fused_map_f2f,1,1,0,0.055425110,0.020557921,1.000000000,1.000000000,0.100000000,0.010989011,0.010989011,0.036083965,0.002770083,1.000000000,0.000000000,0.000000000,0.000000000,0.000000000,0.000000000,0.493506494,0.272637545,0.405158914,1.000000000,0.998670213,0.572916667,0.572154809,1.010738494,42.902709961,17.395242691,0.739268899,0.999999285,0.000611385,0.000092774,0.001022237
821,87.523000000,fused_map_f2f,1,1,0,0.052553968,0.019026303,1.000000000,1.000000000,0.100000000,0.010989011,0.010989011,0.036096449,0.002770083,1.000000000,0.000000000,0.000000000,0.000000000,0.000000000,0.000000000,0.513157895,0.356897694,0.450653815,1.000000000,1.000000000,0.583038869,0.583038869,1.011101296,42.971446991,17.394203186,0.739608467,0.999999464,0.000361046,0.000108151,0.000977322
822,87.627000000,fused_map_f2f,1,1,0,0.053283119,0.019576502,1.000000000,1.000000000,0.100000000,0.010989011,0.010989011,0.036096153,0.002770083,1.000000000,0.000000000,0.000000000,0.000000000,0.000000000,0.000000000,0.533333333,0.253872012,0.421548805,1.000000000,0.999556541,0.583038869,0.582780315,1.011092677,43.039710999,17.394832611,0.739585638,0.999999404,0.000419641,0.000119921,0.000958086
823,87.719000000,fused_map_f2f,1,1,0,0.054862176,0.015168863,1.000000000,1.000000000,0.100000000,0.010989011,0.010989011,0.036090348,0.002770083,1.000000000,0.000000000,0.000000000,0.000000000,0.000000000,0.000000000,0.506666667,0.281059268,0.416423707,1.000000000,0.999116217,0.578231293,0.577720262,1.010924009,43.145538330,17.394243240,0.738909364,0.999999404,0.000440509,0.000124653,0.000958621
824,87.823000000,fused_map_f2f,1,1,0,0.053337832,0.021193651,1.000000000,1.000000000,0.100000000,0.010989011,0.010989011,0.036147082,0.002770083,1.000000000,0.000000000,0.000000000,0.000000000,0.000000000,0.000000000,0.555555556,0.543453039,0.550714549,1.000000000,0.999116998,0.627737226,0.627182933,1.012572764,43.217979431,17.394887924,0.739130020,0.999999523,0.000217398,0.000137878,0.000942440
825,87.973000000,fused_map_f2f,1,1,0,0.053147678,0.016581478,1.000000000,1.000000000,0.100000000,0.010989011,0.010989011,0.036122918,0.002770083,1.000000000,0.000000000,0.000000000,0.000000000,0.000000000,0.000000000,0.493333333,0.346624281,0.434649712,1.000000000,0.999558304,0.606382979,0.606115142,1.011870505,43.345439911,17.394338608,0.738599658,0.999999523,0.000214529,0.000122695,0.000950072
826,88.040000000,fused_map_f2f,1,1,0,0.053297381,0.023884504,1.000000000,1.000000000,0.100000000,0.010989011,0.010989011,0.036131666,0.002770083,1.000000000,0.000000000,0.000000000,0.000000000,0.000000000,0.000000000,0.507042254,0.245974455,0.402615134,1.000000000,0.999115044,0.614285714,0.613742099,1.012124737,43.390090942,17.394636154,0.738958955,0.999999523,0.000214723,0.000129133,0.000938394
827,88.128000000,fused_map_f2f,1,1,0,0.052738056,0.016957582,1.000000000,1.000000000,0.100000000,0.010989011,0.010989011,0.036117410,0.002770083,1.000000000,0.000000000,0.000000000,0.000000000,0.000000000,0.000000000,0.534246575,0.430862811,0.492893070,1.000000000,0.998671979,0.602112676,0.601313058,1.011710435,43.440792084,17.394908905,0.739198148,0.999999464,0.000392534,0.000117897,0.000933698
828,88.227000000,fused_map_f2f,1,1,0,0.052901244,0.017807483,1.000000000,1.000000000,0.100000000,0.010989011,0.010989011,0.036127498,0.002770083,1.000000000,0.000000000,0.000000000,0.000000000,0.000000000,0.000000000,0.472972973,0.285490139,0.397979839,1.000000000,1.000000000,0.610108303,0.610108303,1.012003610,43.579200745,17.394588470,0.738628805,0.999999523,0.000301673,0.000114670,0.000928337
829,88.331000000,fused_map_f2f,1,1,0,0.053376177,0.021062464,1.000000000,1.000000000,0.100000000,0.010989011,0.010989011,0.036114786,0.002770083,1.000000000,0.000000000,0.000000000,0.000000000,0.000000000,0.000000000,0.513513514,0.765876176,0.614458579,1.000000000,0.999557326,0.599290780,0.599025490,1.011634183,43.626296997,17.394578934,0.738756835,0.999999523,0.000305121,0.000117661,0.000919772
830,88.428000000,fused_map_f2f,1,1,0,0.054174980,0.019475449,1.000000000,1.000000000,0.100000000,0.010989011,0.010989011,0.036087128,0.002770083,1.000000000,0.000000000,0.000000000,0.000000000,0.000000000,0.000000000,0.558823529,0.498983590,0.534887554,1.000000000,1.000000000,0.574912892,0.574912892,1.010830430,43.663574219,17.394653320,0.738870919,0.999999464,0.000384326,0.000099009,0.000969967
831,88.529000000,fused_map_f2f,1,1,0,0.052962533,0.018002015,1.000000000,1.000000000,0.100000000,0.010989011,0.010989011,0.036108768,0.002770083,1.000000000,0.000000000,0.000000000,0.000000000,0.000000000,0.000000000,0.549295775,0.684033472,0.603190853,1.000000000,0.999112295,0.594306050,0.593778481,1.011459283,43.756381989,17.394628525,0.738603055,0.999999523,0.000301348,0.000108042,0.000891838
832,88.627000000,fused_map_f2f,1,1,0,0.053170949,0.017446008,1.000000000,1.000000000,0.100000000,0.010989011,0.010989011,0.036120548,0.002770083,1.000000000,0.000000000,0.000000000,0.000000000,0.000000000,0.000000000,0.535211268,0.763592447,0.626563739,1.000000000,0.999556738,0.604316547,0.604048676,1.011801623,43.793491364,17.394811630,0.738318741,0.999999523,0.000393281,0.000120552,0.000874186
833,88.724000000,fused_map_f2f,1,1,0,0.053353110,0.018887451,1.000000000,1.000000000,0.100000000,0.010989011,0.010989011,0.036112718,0.002770083,1.000000000,0.000000000,0.000000000,0.000000000,0.000000000,0.000000000,0.520547945,0.281054230,0.424750459,1.000000000,1.000000000,0.597222222,0.597222222,1.011574074,43.823757172,17.395395279,0.738388181,0.999999464,0.000520446,0.000122336,0.000852530
834,88.818000000,fused_map_f2f,1,1,0,0.053809448,0.015000956,1.000000000,1.000000000,0.100000000,0.010989011,0.010989011,0.036115105,0.002770083,1.000000000,0.000000000,0.000000000,0.000000000,0.000000000,0.000000000,0.506666667,0.258482555,0.407393022,1.000000000,1.000000000,0.599303136,0.599303136,1.011643438,43.857807159,17.395490646,0.738153279,0.999999583,0.000353251,0.000117424,0.000835558
835,88.931000000,fused_map_f2f,1,1,0,0.055149651,0.019890232,1.000000000,1.000000000,0.100000000,0.010989011,0.010989011,0.036105910,0.002770083,1.000000000,0.000000000,0.000000000,0.000000000,0.000000000,0.000000000,0.513157895,0.538554226,0.523316427,1.000000000,0.999556147,0.591549296,0.591286735,1.011376225,43.913143158,17.395406723,0.738376915,0.999999523,0.000450820,0.000118367,0.000815453
836,89.034000000,fused_map_f2f,1,1,0,0.054275143,0.019609167,1.000000000,1.000000000,0.100000000,0.010989011,0.010989011,0.036091463,0.002770083,1.000000000,0.000000000,0.000000000,0.000000000,0.000000000,0.000000000,0.486842105,0.234193785,0.385782777,1.000000000,0.999558888,0.578947368,0.578691988,1.010956400,43.978042603,17.395713806,0.738292873,0.999999583,0.000450136,0.000116982,0.000776275
837,89.132000000,fused_map_f2f,1,1,0,0.053531260,0.020434287,1.000000000,1.000000000,0.100000000,0.010989011,0.010989011,0.036098821,0.002770083,1.000000000,0.000000000,0.000000000,0.000000000,0.000000000,0.000000000,0.521739130,0.485302758,0.507164582,1.000000000,1.000000000,0.585106383,0.585106383,1.011170213,44.015121460,17.395332336,0.737967730,0.999999583,0.000409383,0.000119221,0.000771552
838,89.233000000,fused_map_f2f,1,1,0,0.054826342,0.017892056,1.000000000,1.000000000,0.100000000,0.010989011,0.010989011,0.036091806,0.002770083,1.000000000,0.000000000,0.000000000,0.000000000,0.000000000,0.000000000,0.500000000,0.465706795,0.486282718,1.000000000,0.999112295,0.579505300,0.578990870,1.010966362,44.048912048,17.395221710,0.738054872,0.999999583,0.000426130,0.000119985,0.000752328
839,89.334000000,fused_map_f2f,1,1,0,0.055827874,0.026443534,1.000000000,1.000000000,0.100000000,0.010989011,0.010989011,0.036092914,0.002770083,1.000000000,0.000000000,0.000000000,0.000000000,0.000000000,0.000000000,0.480519481,0.295245950,0.406410068,1.000000000,0.998228521,0.580985915,0.579956711,1.010998557,44.084869385,17.395187378,0.737765551,0.999999642,0.000436652,0.000107585,0.000721291
840,89.427000000,fused_map_f2f,1,1,0,0.055461174,0.020071494,1.000000000,1.000000000,0.100000000,0.010989011,0.010989011,0.036092216,0.002770083,1.000000000,0.000000000,0.000000000,0.000000000,0.000000000,0.000000000,0.520000000,0.270036269,0.420014507,1.000000000,0.999115044,0.579861111,0.579347960,1.010978265,44.145805359,17.395069122,0.737294018,0.999999702,0.000274735,0.000104478,0.000716899
841,89.522000000,fused_map_f2f,1,1,0,0.054426302,0.014606650,1.000000000,1.000000000,0.100000000,0.010989011,0.010989011,0.036104255,0.002770083,1.000000000,0.000000000,0.000000000,0.000000000,0.000000000,0.000000000,0.506666667,0.254271497,0.405708599,1.000000000,0.999556344,0.590106007,0.589844203,1.011328140,44.178977966,17.395563126,0.737523556,0.999999583,0.000425296,0.000104010,0.000753931
842,89.636000000,fused_map_f2f,1,1,0,0.053479324,0.016852934,1.000000000,1.000000000,0.100000000,0.010989011,0.010989011,0.036122916,0.002770083,1.000000000,0.000000000,0.000000000,0.000000000,0.000000000,0.000000000,0.527777778,0.328106834,0.447909400,1.000000000,0.999555950,0.606382979,0.606113715,1.011870457,44.224098206,17.395097733,0.738404274,0.999999642,0.000350339,0.000120470,0.000700657
843,89.732000000,fused_map_f2f,1,1,0,0.057147580,0.015179508,1.000000000,1.000000000,0.100000000,0.010989011,0.010989011,0.036131067,0.002770083,1.000000000,0.000000000,0.000000000,0.000000000,0.000000000,0.000000000,0.527027027,0.582936330,0.549390748,1.000000000,0.998671979,0.614035088,0.613219636,1.012107321,44.259216309,17.395011902,0.738454461,0.999999642,0.000445300,0.000087304,0.000667313
844,89.832000000,fused_map_f2f,1,1,0,0.057849129,0.010658056,1.000000000,1.000000000,0.100000000,0.010989011,0.010989011,0.036121212,0.002770083,1.000000000,0.000000000,0.000000000,0.000000000,0.000000000,0.000000000,0.520547945,0.317158581,0.439192199,1.000000000,0.999557326,0.604895105,0.604627334,1.011820911,44.347652435,17.395099640,0.737356186,0.999999702,0.000347594,0.000112382,0.000665804
845,89.926000000,fused_map_f2f,1,1,0,0.056637874,0.015090636,1.000000000,1.000000000,0.100000000,0.010989011,0.010989011,0.036142720,0.002770083,1.000000000,0.000000000,0.000000000,0.000000000,0.000000000,0.000000000,0.542857143,0.305562004,0.447939087,1.000000000,0.999557130,0.623655914,0.623379716,1.012445991,44.381839752,17.395336151,0.737682045,0.999999702,0.000328043,0.000066648,0.000673063
846,90.027000000,fused_map_f2f,1,1,0,0.055370257,0.021248165,1.000000000,1.000000000,0.100000000,0.010989011,0.010989011,0.036129229,0.002770083,1.000000000,0.000000000,0.000000000,0.000000000,0.000000000,0.000000000,0.527027027,0.238023261,0.411425521,1.000000000,0.999557130,0.611888112,0.611617125,1.012053904,44.419414520,17.394443512,0.738321066,0.999999762,0.000309916,0.000124652,0.000627825
847,90.128000000,fused_map_f2f,1,1,0,0.056904158,0.016419679,1.000000000,1.000000000,0.100000000,0.010989011,0.010989011,0.036132613,0.002770083,1.000000000,0.000000000,0.000000000,0.000000000,0.000000000,0.000000000,0.500000000,0.335180439,0.434072176,1.000000000,0.998228521,0.615658363,0.614567737,1.012152258,44.462757111,17.394153595,0.738456905,0.999999762,0.000292569,0.000083992,0.000601345
848,90.219000000,fused_map_f2f,1,1,0,0.056628836,0.017230403,1.000000000,1.000000000,0.100000000,0.010989011,0.010989011,0.036128254,0.002770083,1.000000000,0.000000000,0.000000000,0.000000000,0.000000000,0.000000000,0.561643836,0.328534649,0.468400161,1.000000000,0.999116217,0.611307420,0.610767158,1.012025572,44.598026276,17.394680023,0.737937212,0.999999702,0.000412263,0.000131274,0.000577599
849,90.313000000,fused_map_f2f,1,1,0,0.055131972,0.020615335,1.000000000,1.000000000,0.100000000,0.010989011,0.010989011,0.036144450,0.002770083,1.000000000,0.000000000,0.000000000,0.000000000,0.000000000,0.000000000,0.527777778,0.241612903,0.413311828,1.000000000,0.999115436,0.625441696,0.624888453,1.012496282,44.641563416,17.394588470,0.737963021,0.999999702,0.000426452,0.000107153,0.000587887
850,90.430000000,fused_map_f2f,1,1,0,0.056412094,0.018317543,1.000000000,1.000000000,0.100000000,0.010989011,0.010989011,0.036132320,0.002770083,1.000000000,0.000000000,0.000000000,0.000000000,0.000000000,0.000000000,0.506849315,0.367203005,0.450990791,1.000000000,0.999559277,0.614583333,0.614312472,1.012143749,44.750736237,17.394277573,0.737727582,0.999999762,0.000341620,0.000134421,0.000538586
851,90.525000000,fused_map_f2f,1,1,0,0.055351156,0.013979462,1.000000000,1.000000000,0.100000000,0.010989011,0.010989011,0.036143124,0.002770083,1.000000000,0.000000000,0.000000000,0.000000000,0.000000000,0.000000000,0.506849315,0.290586827,0.420344320,1.000000000,0.998671979,0.624561404,0.623731973,1.012457732,44.802864075,17.393884659,0.738020718,0.999999821,0.000199949,0.000111737,0.000523276
852,90.626000000,fused_map_f2f,1,1,0,0.056760928,0.016344171,1.000000000,1.000000000,0.100000000,0.010989011,0.010989011,0.036152549,0.002770083,1.000000000,0.000000000,0.000000000,0.000000000,0.000000000,0.000000000,0.527027027,0.336394485,0.450774010,1.000000000,0.999115827,0.632508834,0.631949587,1.012731653,44.860824585,17.393924713,0.738066494,0.999999821,0.000322583,0.000147856,0.000498708
853,90.731000000,fused_map_f2f,1,1,0,0.056685737,0.013943847,1.000000000,1.000000000,0.100000000,0.010989011,0.010989011,0.036128028,0.002770083,1.000000000,0.000000000,0.000000000,0.000000000,0.000000000,0.000000000,0.540540541,0.311605333,0.448966458,1.000000000,0.999115044,0.611111111,0.610570305,1.012019010,44.972412109,17.393951416,0.737773240,0.999999821,0.000291611,0.000153703,0.000485921
854,90.827000000,fused_map_f2f,1,1,0,0.056296885,0.017160145,1.000000000,1.000000000,0.100000000,0.010989011,0.010989011,0.036150617,0.002770083,1.000000000,0.000000000,0.000000000,0.000000000,0.000000000,0.000000000,0.513513514,0.260289096,0.412223746,1.000000000,0.999113868,0.630824373,0.630265379,1.012675513,45.028297424,17.393558502,0.738176286,0.999999821,0.000161790,0.000092799,0.000526550
855,90.930000000,fused_map_f2f,1,1,0,0.059596704,0.020721517,1.000000000,1.000000000,0.100000000,0.010989011,0.010989011,0.036136027,0.002770083,1.000000000,0.000000000,0.000000000,0.000000000,0.000000000,0.000000000,0.513888889,0.215073577,0.394362764,1.000000000,1.000000000,0.617543860,0.617543860,1.012251462,45.088600159,17.393749237,0.737919927,0.999999762,0.000329185,0.000146271,0.000562021
856,91.031000000,fused_map_f2f,1,1,0,0.060367301,0.021942257,0.998546102,0.998546102,0.100000000,0.011004835,0.011004835,0.036162326,0.002774105,1.000000000,0.000000000,0.000000000,0.000000000,0.000000000,0.000000000,0.493333333,0.286128983,0.410451593,1.000000000,0.999560053,0.596551724,0.596289273,1.011542976,45.181507111,17.393167496,0.738338113,0.999999821,0.000252396,0.000149984,0.000424860
857,91.132000000,fused_map_f2f,1,1,0,0.056910982,0.013865415,1.000000000,1.000000000,0.100000000,0.010989011,0.010989011,0.036136072,0.002770083,1.000000000,0.000000000,0.000000000,0.000000000,0.000000000,0.000000000,0.506493506,0.339607287,0.439739019,1.000000000,0.999557130,0.617857143,0.617583513,1.012252784,45.248168945,17.392919540,0.738296807,0.999999821,0.000321238,0.000175761,0.000447980
858,91.231000000,fused_map_f2f,1,1,0,0.057241208,0.015849310,1.000000000,1.000000000,0.100000000,0.010989011,0.010989011,0.036118182,0.002770083,1.000000000,0.000000000,0.000000000,0.000000000,0.000000000,0.000000000,0.493506494,0.284432136,0.409876751,1.000000000,0.998670802,0.602787456,0.601986233,1.011732874,45.376277924,17.392934799,0.738433599,0.999999881,0.000103454,0.000157599,0.000418324
859,91.330000000,fused_map_f2f,1,1,0,0.057451217,0.017866651,1.000000000,1.000000000,0.100000000,0.010989011,0.010989011,0.036116898,0.002770083,1.000000000,0.000000000,0.000000000,0.000000000,0.000000000,0.000000000,0.527777778,0.242685555,0.413740889,1.000000000,0.999115827,0.601398601,0.600866861,1.011695562,45.443969727,17.393754959,0.738379419,0.999999881,0.000332976,0.000149840,0.000398919
860,91.426000000,fused_map_f2f,1,1,0,0.058120375,0.023818627,1.000000000,1.000000000,0.100000000,0.010989011,0.010989011,0.036146513,0.002770083,1.000000000,0.000000000,0.000000000,0.000000000,0.000000000,0.000000000,0.506849315,0.244371399,0.401858149,1.000000000,0.999117777,0.627240143,0.626686778,1.012556226,45.541931152,17.393524170,0.737403274,0.999999881,0.000288575,0.000148997,0.000390104
861,91.517000000,fused_map_f2f,1,1,0,0.056736901,0.021686272,1.000000000,1.000000000,0.100000000,0.010989011,0.010989011,0.036131381,0.002770083,1.000000000,0.000000000,0.000000000,0.000000000,0.000000000,0.000000000,0.474358974,0.226449183,0.375195058,1.000000000,0.999117777,0.614035088,0.613493372,1.012116446,45.619010925,17.393676758,0.738369167,0.999999881,0.000340976,0.000154274,0.000364883
862,91.621000000,fused_map_f2f,1,1,0,0.057499669,0.023837860,1.000000000,1.000000000,0.100000000,0.010989011,0.010989011,0.036127106,0.002770083,1.000000000,0.000000000,0.000000000,0.000000000,0.000000000,0.000000000,0.493333333,0.295727937,0.414291175,1.000000000,0.997799296,0.611111111,0.609766236,1.011992208,45.793869019,17.394231796,0.737363875,0.999999881,0.000353275,0.000140547,0.000356484
863,91.713000000,fused_map_f2f,1,1,0,0.058202090,0.029020918,1.000000000,1.000000000,0.100000000,0.010989011,0.010989011,0.036104757,0.002770083,1.000000000,0.000000000,0.000000000,0.000000000,0.000000000,0.000000000,0.467532468,0.274152709,0.390180564,1.000000000,0.998673740,0.591065292,0.590281386,1.011342713,45.861186981,17.393995285,0.737430215,0.999999762,0.000518233,0.000169067,0.000366167
864,91.835000000,fused_map_f2f,1,1,0,0.056740440,0.025902110,1.000000000,1.000000000,0.100000000,0.010989011,0.010989011,0.036111815,0.002770083,1.000000000,0.000000000,0.000000000,0.000000000,0.000000000,0.000000000,0.513157895,0.253093873,0.409132286,1.000000000,0.998681319,0.597222222,0.596434676,1.011547823,46.012165070,17.394231796,0.737328053,0.999999821,0.000471451,0.000118076,0.000362486
865,91.928000000,fused_map_f2f,1,1,0,0.058211253,0.017488113,1.000000000,1.000000000,0.100000000,0.010989011,0.010989011,0.036101220,0.002770083,1.000000000,0.000000000,0.000000000,0.000000000,0.000000000,0.000000000,0.549295775,0.436574364,0.504207210,1.000000000,0.998236332,0.588235294,0.587197842,1.011239928,46.080146790,17.393579483,0.738009512,0.999999821,0.000401030,0.000120564,0.000327216
866,92.020000000,fused_map_f2f,1,1,0,0.057964238,0.023602820,1.000000000,1.000000000,0.100000000,0.010989011,0.010989011,0.036098147,0.002770083,1.000000000,0.000000000,0.000000000,0.000000000,0.000000000,0.000000000,0.506666667,0.219702782,0.391881113,1.000000000,0.999119718,0.585034014,0.584519019,1.011150634,46.145526886,17.393812180,0.737485588,0.999999821,0.000463811,0.000121460,0.000333538
867,92.117000000,fused_map_f2f,1,1,0,0.056750918,0.025184823,1.000000000,1.000000000,0.100000000,0.010989011,0.010989011,0.036142930,0.002770083,1.000000000,0.000000000,0.000000000,0.000000000,0.000000000,0.000000000,0.535211268,0.300175923,0.441197130,1.000000000,0.999117387,0.624113475,0.623562625,1.012452087,46.207729340,17.393754959,0.737398207,0.999999762,0.000516238,0.000163369,0.000343252
868,92.221000000,fused_map_f2f,1,1,0,0.057933440,0.014198872,1.000000000,1.000000000,0.100000000,0.010989011,0.010989011,0.036127462,0.002770083,1.000000000,0.000000000,0.000000000,0.000000000,0.000000000,0.000000000,0.542857143,0.266095640,0.432152542,1.000000000,0.999560826,0.610344828,0.610076780,1.012002559,46.276348114,17.393890381,0.737864375,0.999999702,0.000668310,0.000161416,0.000360385
869,92.321000000,fused_map_f2f,1,1,0,0.055078565,0.018907603,1.000000000,1.000000000,0.100000000,0.010989011,0.010989011,0.036116092,0.002770083,1.000000000,0.000000000,0.000000000,0.000000000,0.000000000,0.000000000,0.513513514,0.211414638,0.392673963,1.000000000,0.999116998,0.600694444,0.600164030,1.011672134,46.359115601,17.392675400,0.738457561,0.999999881,0.000391832,0.000138945,0.000276223
870,92.416000000,fused_map_f2f,1,1,0,0.055602827,0.019047533,1.000000000,1.000000000,0.100000000,0.010989011,0.010989011,0.036106513,0.002770083,1.000000000,0.000000000,0.000000000,0.000000000,0.000000000,0.000000000,0.493333333,0.286612302,0.410644921,1.000000000,0.999118166,0.592334495,0.591812154,1.011393738,46.433662415,17.393424988,0.738232791,0.999999821,0.000473722,0.000116340,0.000259498
871,92.518000000,fused_map_f2f,1,1,0,0.055328307,0.021437289,1.000000000,1.000000000,0.100000000,0.010989011,0.010989011,0.036101513,0.002770083,1.000000000,0.000000000,0.000000000,0.000000000,0.000000000,0.000000000,0.493506494,0.239676829,0.391974628,1.000000000,0.998670802,0.588235294,0.587453413,1.011248447,46.538806915,17.392400742,0.738294780,0.999999881,0.000389157,0.000115849,0.000239803
872,92.614000000,fused_map_f2f,1,1,0,0.054747049,0.022067495,1.000000000,1.000000000,0.100000000,0.010989011,0.010989011,0.036101620,0.002770083,1.000000000,0.000000000,0.000000000,0.000000000,0.000000000,0.000000000,0.520000000,0.256926813,0.414770725,1.000000000,0.997786631,0.588850174,0.587546832,1.011251561,46.610584259,17.392816544,0.738360167,0.999999821,0.000503738,0.000111507,0.000216447
873,92.740000000,fused_map_f2f,1,1,0,0.056414781,0.019984330,1.000000000,1.000000000,0.100000000,0.010989011,0.010989011,0.036106210,0.002770083,1.000000000,0.000000000,0.000000000,0.000000000,0.000000000,0.000000000,0.506666667,0.379410404,0.455764162,1.000000000,0.998672566,0.592334495,0.591548210,1.011384940,46.740982056,17.392688751,0.738028765,0.999999881,0.000402356,0.000110794,0.000194687
874,92.833000000,fused_map_f2f,1,1,0,0.055912401,0.019780625,1.000000000,1.000000000,0.100000000,0.010989011,0.010989011,0.036123278,0.002770083,1.000000000,0.000000000,0.000000000,0.000000000,0.000000000,0.000000000,0.534246575,0.402372313,0.481496870,1.000000000,0.997787611,0.607773852,0.606429219,1.011880974,46.812847137,17.392522812,0.738252103,0.999999881,0.000396482,0.000119540,0.000181347
875,92.924000000,fused_map_f2f,1,1,0,0.057379305,0.018000423,1.000000000,1.000000000,0.100000000,0.010989011,0.010989011,0.036102340,0.002770083,1.000000000,0.000000000,0.000000000,0.000000000,0.000000000,0.000000000,0.467532468,0.365377031,0.426670293,1.000000000,0.999556934,0.588435374,0.588174658,1.011272489,46.874443054,17.392595291,0.738209605,0.999999881,0.000427975,0.000110992,0.000191787
876,93.024000000,fused_map_f2f,1,1,0,0.056111462,0.023401116,1.000000000,1.000000000,0.100000000,0.010989011,0.010989011,0.036124679,0.002770083,1.000000000,0.000000000,0.000000000,0.000000000,0.000000000,0.000000000,0.460526316,0.233555358,0.369737933,1.000000000,0.997789567,0.608996540,0.607650394,1.011921680,47.025856018,17.392829895,0.738491774,0.999999881,0.000489470,0.000101138,0.000192990
877,93.119000000,fused_map_f2f,1,1,0,0.055436109,0.024030251,1.000000000,1.000000000,0.100000000,0.010989011,0.010989011,0.036126095,0.002770083,1.000000000,0.000000000,0.000000000,0.000000000,0.000000000,0.000000000,0.486486486,0.221733187,0.380585167,1.000000000,0.999556934,0.609154930,0.608885034,1.011962834,47.173782349,17.393209457,0.737818301,0.999999881,0.000360634,0.000094889,0.000162053
878,93.222000000,fused_map_f2f,1,1,0,0.055948079,0.025277779,1.000000000,1.000000000,0.100000000,0.010989011,0.010989011,0.036120805,0.002770083,1.000000000,0.000000000,0.000000000,0.000000000,0.000000000,0.000000000,0.521126761,0.315113668,0.438721523,1.000000000,0.999109924,0.604810997,0.604272669,1.011809089,47.251033783,17.393135071,0.737801015,0.999999881,0.000396301,0.000104315,0.000138017
879,93.327000000,fused_map_f2f,1,1,0,0.054972704,0.021122424,1.000000000,1.000000000,0.100000000,0.010989011,0.010989011,0.036146352,0.002770083,1.000000000,0.000000000,0.000000000,0.000000000,0.000000000,0.000000000,0.500000000,0.288938146,0.415575258,1.000000000,0.998226164,0.627659574,0.626546209,1.012551540,47.370437622,17.392494202,0.737458289,0.999999940,0.000281273,0.000102955,0.000128629
880,93.425000000,fused_map_f2f,1,1,0,0.054759696,0.022139629,1.000000000,1.000000000,0.100000000,0.010989011,0.010989011,0.036154352,0.002770083,1.000000000,0.000000000,0.000000000,0.000000000,0.000000000,0.000000000,0.554054054,0.223530911,0.421844797,1.000000000,0.999555950,0.633802817,0.633521377,1.012784046,47.435604095,17.392484665,0.737579226,0.999999881,0.000433132,0.000098581,0.000098899
881,93.527000000,fused_map_f2f,1,1,0,0.054204960,0.017184727,1.000000000,1.000000000,0.100000000,0.010989011,0.010989011,0.036158854,0.002770083,1.000000000,0.000000000,0.000000000,0.000000000,0.000000000,0.000000000,0.521126761,0.239719210,0.408563740,1.000000000,0.998666667,0.638297872,0.637446809,1.012914894,47.581447601,17.392858505,0.737397730,0.999999940,0.000343253,0.000093912,0.000120236
882,93.628000000,fused_map_f2f,1,1,0,0.055654431,0.015840835,1.000000000,1.000000000,0.100000000,0.010989011,0.010989011,0.036137184,0.002770083,1.000000000,0.000000000,0.000000000,0.000000000,0.000000000,0.000000000,0.520547945,0.257851848,0.415469507,1.000000000,0.998669033,0.619377163,0.618552792,1.012285093,47.650882721,17.392831802,0.737674296,0.999999881,0.000470204,0.000101613,0.000112941
883,93.725000000,fused_map_f2f,1,1,0,0.055996828,0.025837159,1.000000000,1.000000000,0.100000000,0.010989011,0.010989011,0.036142444,0.002770083,1.000000000,0.000000000,0.000000000,0.000000000,0.000000000,0.000000000,0.493333333,0.253439849,0.397375940,1.000000000,0.999110716,0.623693380,0.623138739,1.012437958,47.737396240,17.393337250,0.737500668,0.999999881,0.000408280,0.000115531,0.000090981
884,93.828000000,fused_map_f2f,1,1,0,0.054824123,0.026786724,1.000000000,1.000000000,0.100000000,0.010989011,0.010989011,0.036137184,0.002770083,1.000000000,0.000000000,0.000000000,0.000000000,0.000000000,0.000000000,0.500000000,0.244770871,0.397908348,1.000000000,0.998669033,0.619377163,0.618552792,1.012285093,47.814884186,17.393384933,0.737804294,0.999999821,0.000597208,0.000062353,0.000175612
885,93.924000000,fused_map_f2f,1,1,0,0.057101796,0.027824396,1.000000000,1.000000000,0.100000000,0.010989011,0.010989011,0.036138130,0.002770083,1.000000000,0.000000000,0.000000000,0.000000000,0.000000000,0.000000000,0.521126761,0.351485809,0.453270380,1.000000000,0.998660116,0.620209059,0.619378051,1.012312602,47.890747070,17.393653870,0.738013148,0.999999702,0.000770553,0.000047193,0.000141436
886,94.039000000,fused_map_f2f,1,1,0,0.052843271,0.022204778,1.000000000,1.000000000,0.100000000,0.010989011,0.010989011,0.036144511,0.002770083,1.000000000,0.000000000,0.000000000,0.000000000,0.000000000,0.000000000,0.453333333,0.233248563,0.365299425,1.000000000,0.997775801,0.626334520,0.624941427,1.012498048,47.989139557,17.394758224,0.738376915,0.999999464,0.001002804,0.000109773,0.000076501
887,94.129000000,fused_map_f2f,1,1,0,0.054861226,0.022324866,1.000000000,1.000000000,0.100000000,0.010989011,0.010989011,0.036140618,0.002770083,1.000000000,0.000000000,0.000000000,0.000000000,0.000000000,0.000000000,0.461538462,0.255932499,0.379296077,1.000000000,0.998664887,0.622377622,0.621546678,1.012384889,48.060382843,17.394664764,0.738381803,0.999999404,0.001091258,0.000137411,0.000063719
888,94.225000000,fused_map_f2f,1,1,0,0.050752575,0.022170738,1.000000000,1.000000000,0.100000000,0.010989011,0.010989011,0.036128844,0.002770083,1.000000000,0.000000000,0.000000000,0.000000000,0.000000000,0.000000000,0.506849315,0.242214684,0.400995462,1.000000000,0.998663102,0.612099644,0.611281329,1.012042711,48.214965820,17.394664764,0.738376021,0.999999464,0.000991084,0.000121794,0.000071941
889,94.332000000,fused_map_f2f,1,1,0,0.050260805,0.024015555,1.000000000,1.000000000,0.100000000,0.010989011,0.010989011,0.036117201,0.002770083,1.000000000,0.000000000,0.000000000,0.000000000,0.000000000,0.000000000,0.527777778,0.368515925,0.464073037,1.000000000,0.999554367,0.601398601,0.601130598,1.011704353,48.381786346,17.393457413,0.738532484,0.999999702,0.000775891,0.000109610,0.000078112
890,94.433000000,fused_map_f2f,1,1,0,0.051563652,0.019701873,1.000000000,1.000000000,0.100000000,0.010989011,0.010989011,0.036146914,0.002770083,1.000000000,0.000000000,0.000000000,0.000000000,0.000000000,0.000000000,0.473684211,0.280931461,0.396583111,1.000000000,0.998213488,0.628158845,0.627036632,1.012567888,48.454246521,17.393186569,0.738632083,0.999999642,0.000841263,0.000112052,0.000014440
891,94.515000000,fused_map_f2f,1,1,0,0.051051954,0.018730942,1.000000000,1.000000000,0.100000000,0.010989011,0.010989011,0.036125780,0.002770083,1.000000000,0.000000000,0.000000000,0.000000000,0.000000000,0.000000000,0.487179487,0.253362782,0.393652805,1.000000000,0.999105945,0.609154930,0.608610312,1.011953677,48.568881989,17.393415451,0.738571942,0.999999762,0.000686964,0.000108538,0.000056327
892,94.636000000,fused_map_f2f,1,1,0,0.051822585,0.015430056,1.000000000,1.000000000,0.100000000,0.010989011,0.010989011,0.036118541,0.002770083,1.000000000,0.000000000,0.000000000,0.000000000,0.000000000,0.000000000,0.493506494,0.275082625,0.406136946,1.000000000,0.999107939,0.602836879,0.602299112,1.011743304,48.673439026,17.393091202,0.738486290,0.999999762,0.000665082,0.000081578,0.000039174
893,94.739000000,fused_map_f2f,1,1,0,0.049545119,0.016513844,1.000000000,1.000000000,0.100000000,0.010989011,0.010989011,0.036088693,0.002770083,1.000000000,0.000000000,0.000000000,0.000000000,0.000000000,0.000000000,0.461538462,0.290172124,0.392991926,1.000000000,0.999107143,0.576791809,0.576276816,1.010875894,48.790756226,17.392860413,0.738751113,0.999999881,0.000496724,0.000101327,0.000075856
894,94.844000000,fused_map_f2f,1,1,0,0.051457090,0.022284525,1.000000000,1.000000000,0.100000000,0.010989011,0.010989011,0.036128193,0.002770083,1.000000000,0.000000000,0.000000000,0.000000000,0.000000000,0.000000000,0.500000000,0.261072752,0.404429101,1.000000000,1.000000000,0.610714286,0.610714286,1.012023810,48.873058319,17.393003464,0.739022374,0.999999821,0.000556784,0.000067332,0.000209821
895,94.932000000,fused_map_f2f,1,1,0,0.049476673,0.019609054,1.000000000,1.000000000,0.100000000,0.010989011,0.010989011,0.036107855,0.002770083,1.000000000,0.000000000,0.000000000,0.000000000,0.000000000,0.000000000,0.454545455,0.179585094,0.344561310,1.000000000,1.000000000,0.592982456,0.592982456,1.011432749,48.981735229,17.393079758,0.738492250,0.999999762,0.000627005,0.000103232,0.000072320
896,95.025000000,fused_map_f2f,1,1,0,0.050510469,0.024256155,1.000000000,1.000000000,0.100000000,0.010989011,0.010989011,0.036115597,0.002770083,1.000000000,0.000000000,0.000000000,0.000000000,0.000000000,0.000000000,0.500000000,0.273258102,0.409303241,1.000000000,0.999554367,0.600000000,0.599732620,1.011657754,49.056468964,17.393110275,0.738696039,0.999999821,0.000592427,0.000119039,0.000071451
897,95.123000000,fused_map_f2f,1,1,0,0.049044785,0.017158189,1.000000000,1.000000000,0.100000000,0.010989011,0.010989011,0.036104556,0.002770083,1.000000000,0.000000000,0.000000000,0.000000000,0.000000000,0.000000000,0.466666667,0.179554511,0.351821804,1.000000000,1.000000000,0.590106007,0.590106007,1.011336867,49.184188843,17.393218994,0.738269567,0.999999762,0.000650438,0.000112178,0.000066704
898,95.216000000,fused_map_f2f,1,1,0,0.050480578,0.020598671,1.000000000,1.000000000,0.100000000,0.010989011,0.010989011,0.036107690,0.002770083,1.000000000,0.000000000,0.000000000,0.000000000,0.000000000,0.000000000,0.541666667,0.311227803,0.449491121,1.000000000,0.999553771,0.593103448,0.592838788,1.011427960,49.247974396,17.393589020,0.738212943,0.999999702,0.000749827,0.000091617,0.000063154
899,95.313000000,fused_map_f2f,1,1,0,0.048327031,0.016706740,1.000000000,1.000000000,0.100000000,0.010989011,0.010989011,0.036110803,0.002770083,1.000000000,0.000000000,0.000000000,0.000000000,0.000000000,0.000000000,0.472972973,0.275988441,0.394179160,1.000000000,0.999552973,0.595818815,0.595552468,1.011518416,49.421810150,17.392677307,0.738146842,0.999999881,0.000460490,0.000101127,0.000087260
900,95.434000000,fused_map_f2f,1,1,0,0.047463376,0.037954570,1.000000000,1.000000000,0.100000000,0.010989011,0.010989011,0.036113677,0.002770083,1.000000000,0.000000000,0.000000000,0.000000000,0.000000000,0.000000000,0.527777778,0.281565928,0.429293038,1.000000000,0.999108734,0.598591549,0.598058045,1.011601935,49.572551727,17.393451691,0.737864256,0.999999821,0.000562543,0.000079728,0.000087437
901,95.529000000,fused_map_f2f,1,1,0,0.047270183,0.016881537,1.000000000,1.000000000,0.100000000,0.010989011,0.010989011,0.036123098,0.002770083,1.000000000,0.000000000,0.000000000,0.000000000,0.000000000,0.000000000,0.493506494,0.280704866,0.408385842,1.000000000,1.000000000,0.606271777,0.606271777,1.011875726,49.624668121,17.394010544,0.738127172,0.999999583,0.000866623,0.000076372,0.000130710
902,95.624000000,fused_map_f2f,1,1,0,0.050230388,0.019164722,1.000000000,1.000000000,0.100000000,0.010989011,0.010989011,0.036132004,0.002770083,1.000000000,0.000000000,0.000000000,0.000000000,0.000000000,0.000000000,0.461538462,0.283456519,0.390305685,1.000000000,0.999110320,0.614583333,0.614036551,1.012134552,49.677597046,17.394636154,0.738111198,0.999999285,0.001151528,0.000065837,0.000179447
903,95.743000000,fused_map_f2f,1,1,0,0.051355884,0.026685900,1.000000000,1.000000000,0.100000000,0.010989011,0.010989011,0.036144973,0.002770083,1.000000000,0.000000000,0.000000000,0.000000000,0.000000000,0.000000000,0.468354430,0.253150193,0.382272736,1.000000000,0.999112689,0.625899281,0.625343913,1.012511464,49.769512177,17.392774582,0.738139093,0.999999821,0.000566310,0.000081050,0.000100370
904,95.842000000,fused_map_f2f,1,1,0,0.049365923,0.022617528,1.000000000,1.000000000,0.100000000,0.010989011,0.010989011,0.036119761,0.002770083,1.000000000,0.000000000,0.000000000,0.000000000,0.000000000,0.000000000,0.480519481,0.248718446,0.387799067,1.000000000,0.998668442,0.604166667,0.603362184,1.011778739,49.818740845,17.393741608,0.737628877,0.999999702,0.000762593,0.000151201,0.000126138
905,95.946000000,fused_map_f2f,1,1,0,0.052079543,0.016963997,1.000000000,1.000000000,0.100000000,0.010989011,0.010989011,0.036140397,0.002770083,1.000000000,0.000000000,0.000000000,0.000000000,0.000000000,0.000000000,0.467532468,0.245603357,0.378760823,1.000000000,0.999109924,0.621908127,0.621354582,1.012378486,49.874473572,17.393571854,0.737216234,0.999999702,0.000708112,0.000135824,0.000129722
906,96.045000000,fused_map_f2f,1,1,0,0.049877573,0.017561747,1.000000000,1.000000000,0.100000000,0.010989011,0.010989011,0.036118432,0.002770083,1.000000000,0.000000000,0.000000000,0.000000000,0.000000000,0.000000000,0.448717949,0.382119403,0.422078531,1.000000000,0.999111506,0.602739726,0.602204195,1.011740140,49.984729767,17.393508911,0.738134861,0.999999642,0.000831811,0.000083552,0.000065963
907,96.136000000,fused_map_f2f,1,1,0,0.051320306,0.022761755,1.000000000,1.000000000,0.100000000,0.010989011,0.010989011,0.036121528,0.002770083,1.000000000,0.000000000,0.000000000,0.000000000,0.000000000,0.000000000,0.450000000,0.292188829,0.386875531,1.000000000,0.999109924,0.605442177,0.604903288,1.011830110,50.043582916,17.393817902,0.737916768,0.999999583,0.000925471,0.000064969,0.000059598
908,96.231000000,fused_map_f2f,1,1,0,0.054600047,0.014466986,1.000000000,1.000000000,0.100000000,0.010989011,0.010989011,0.036117938,0.002770083,1.000000000,0.000000000,0.000000000,0.000000000,0.000000000,0.000000000,0.460526316,0.187413436,0.351281164,1.000000000,0.999555556,0.602040816,0.601773243,1.011725775,50.100776672,17.394277573,0.738026500,0.999999464,0.001013961,0.000083314,0.000059492
909,96.327000000,fused_map_f2f,1,1,0,0.051601564,0.021813850,1.000000000,1.000000000,0.100000000,0.010989011,0.010989011,0.036118434,0.002770083,1.000000000,0.000000000,0.000000000,0.000000000,0.000000000,0.000000000,0.481012658,0.257228344,0.391498933,1.000000000,0.999114260,0.602739726,0.602205856,1.011740195,50.204185486,17.394515991,0.738054812,0.999999523,0.000994510,0.000083824,0.000029752
910,96.414000000,fused_map_f2f,1,1,0,0.053572752,0.022764104,1.000000000,1.000000000,0.100000000,0.010989011,0.010989011,0.036132906,0.002770083,1.000000000,0.000000000,0.000000000,0.000000000,0.000000000,0.000000000,0.486842105,0.190312290,0.368230179,1.000000000,0.998223801,0.615916955,0.614822964,1.012160765,50.248870850,17.394956589,0.737800002,0.999999464,0.001017484,0.000065893,0.000022193
911,96.543000000,fused_map_f2f,1,1,0,0.054386857,0.034762280,1.000000000,1.000000000,0.100000000,0.010989011,0.010989011,0.036124046,0.002770083,1.000000000,0.000000000,0.000000000,0.000000000,0.000000000,0.000000000,0.473684211,0.250470961,0.384398911,1.000000000,0.999110320,0.607638889,0.607098285,1.011903276,50.346672058,17.395402908,0.737742126,0.999999404,0.001063267,0.000080749,0.000014212
912,96.641000000,fused_map_f2f,1,1,0,0.055039337,0.026271042,1.000000000,1.000000000,0.100000000,0.010989011,0.010989011,0.036122480,0.002770083,1.000000000,0.000000000,0.000000000,0.000000000,0.000000000,0.000000000,0.486842105,0.367863482,0.439250656,1.000000000,0.999112295,0.606271777,0.605733586,1.011857786,50.425491333,17.395353317,0.737846911,0.999999464,0.001032801,0.000073689,0.000006140
913,96.733000000,fused_map_f2f,1,1,0,0.056558582,0.019534438,1.000000000,1.000000000,0.100000000,0.010989011,0.010989011,0.036121865,0.002770083,1.000000000,0.000000000,0.000000000,0.000000000,0.000000000,0.000000000,0.513157895,0.295112748,0.425939836,1.000000000,0.998226950,0.606271777,0.605196827,1.011839894,50.470657349,17.395278931,0.737789094,0.999999285,0.001170036,0.000076473,0.000027712
914,96.832000000,fused_map_f2f,1,1,0,0.056137701,0.038128925,1.000000000,1.000000000,0.100000000,0.010989011,0.010989011,0.036123976,0.002770083,1.000000000,0.000000000,0.000000000,0.000000000,0.000000000,0.000000000,0.480000000,0.243999678,0.385599871,1.000000000,0.997774811,0.608391608,0.607037822,1.011901261,50.627548218,17.395193100,0.737796783,0.999999404,0.001084157,0.000057603,0.000010298
915,96.922000000,fused_map_f2f,1,1,0,0.057891189,0.020294621,1.000000000,1.000000000,0.100000000,0.010989011,0.010989011,0.036100814,0.002770083,1.000000000,0.000000000,0.000000000,0.000000000,0.000000000,0.000000000,0.486842105,0.284861772,0.406049972,1.000000000,0.998664292,0.587628866,0.586843965,1.011228132,50.676494598,17.395687103,0.737687111,0.999999404,0.001072252,0.000041509,0.000008560
916,97.021000000,fused_map_f2f,1,1,0,0.056758031,0.027178954,1.000000000,1.000000000,0.100000000,0.010989011,0.010989011,0.036092511,0.002770083,1.000000000,0.000000000,0.000000000,0.000000000,0.000000000,0.000000000,0.468354430,0.259607745,0.384855756,1.000000000,0.995557530,0.582191781,0.579605411,1.010986847,50.787578583,17.394834518,0.737465858,0.999999642,0.000860725,0.000074368,-0.000011993
917,97.115000000,fused_map_f2f,1,1,0,0.057992213,0.012242574,1.000000000,1.000000000,0.100000000,0.010989011,0.010989011,0.036101634,0.002770083,1.000000000,0.000000000,0.000000000,0.000000000,0.000000000,0.000000000,0.506666667,0.260532181,0.408212872,1.000000000,0.996444444,0.589655172,0.587558621,1.011251954,50.855247498,17.395015717,0.737576187,0.999999583,0.000872899,0.000074827,-0.000005389
918,97.232000000,fused_map_f2f,1,1,0,0.057771149,0.030162966,1.000000000,1.000000000,0.100000000,0.010989011,0.010989011,0.036108012,0.002770083,1.000000000,0.000000000,0.000000000,0.000000000,0.000000000,0.000000000,0.435897436,0.223656504,0.351001063,1.000000000,0.996441281,0.595238095,0.593119810,1.011437327,51.002304077,17.394369125,0.737342000,0.999999762,0.000660854,0.000056155,-0.000009330
919,97.330000000,fused_map_f2f,1,1,0,0.060559553,0.013827033,0.997785102,0.997785102,0.100000000,0.011013136,0.011013136,0.036204591,0.002776215,1.000000000,0.000000000,0.000000000,0.000000000,0.000000000,0.000000000,0.461538462,0.264989184,0.382918751,1.000000000,0.994227353,0.613475177,0.609933802,1.011997793,51.066265106,17.394487381,0.737320781,0.999999762,0.000695221,0.000032345,0.000001777
920,97.413000000,fused_map_f2f,1,1,0,0.059831679,0.025040261,1.000000000,1.000000000,0.100000000,0.010989011,0.010989011,0.036120635,0.002770083,1.000000000,0.000000000,0.000000000,0.000000000,0.000000000,0.000000000,0.539473684,0.238843434,0.419221584,1.000000000,0.996458610,0.606271777,0.604124732,1.011804158,51.180839539,17.394697189,0.737226665,0.999999762,0.000631621,0.000064894,-0.000001292
921,97.543000000,fused_map_f2f,1,1,0,0.061811489,0.041000658,0.992829522,0.992829522,0.100000000,0.011067498,0.011067498,0.036371360,0.002790034,1.000000000,0.000000000,0.000000000,0.000000000,0.000000000,0.000000000,0.541666667,0.292361824,0.441944729,1.000000000,0.997782705,0.604895105,0.603553874,1.011785129,51.283294678,17.394706726,0.737498879,0.999999762,0.000633584,0.000030721,0.000008369
922,97.632000000,fused_map_f2f,1,1,0,0.060083764,0.025060914,0.999668435,0.999668435,0.100000000,0.010992616,0.010992616,0.036121531,0.002770999,1.000000000,0.000000000,0.000000000,0.000000000,0.000000000,0.000000000,0.475000000,0.231341332,0.377536533,1.000000000,0.996012406,0.597222222,0.594840742,1.011494691,51.407245636,17.394870758,0.737207353,0.999999762,0.000651397,0.000053315,0.000010280
923,97.729000000,fused_map_f2f,1,1,0,0.062483983,0.028959838,0.990167568,0.990167568,0.100000000,0.011096922,0.011096922,0.036465575,0.002797513,1.000000000,0.000000000,0.000000000,0.000000000,0.000000000,0.000000000,0.474358974,0.269025643,0.392225642,1.000000000,0.997782705,0.604895105,0.603553874,1.011785129,51.481472015,17.395118713,0.737475932,0.999999702,0.000756527,0.000062431,0.000032204
924,97.816000000,fused_map_f2f,1,1,0,0.062579620,0.019323493,0.989789003,0.989789003,0.100000000,0.011101119,0.011101119,0.036485186,0.002798580,1.000000000,0.000000000,0.000000000,0.000000000,0.000000000,0.000000000,0.520000000,0.204293375,0.393717350,1.000000000,0.999556541,0.609154930,0.608884794,1.011962826,51.548404694,17.395591736,0.737694025,0.999999523,0.000950940,0.000019731,0.000016432
925,97.937000000,fused_map_f2f,1,1,0,0.064583080,0.024886519,0.981858642,0.981858642,0.100000000,0.011189778,0.011189778,0.036739335,0.002821120,1.000000000,0.000000000,0.000000000,0.000000000,0.000000000,0.000000000,0.474358974,0.237948889,0.379794940,1.000000000,0.998230871,0.584459459,0.583425475,1.011114183,51.647953033,17.396020889,0.738170445,0.999999464,0.001035021,-0.000013158,0.000027223
926,98.030000000,fused_map_f2f,1,1,0,0.061562520,0.024345821,0.993815023,0.993815023,0.100000000,0.011056645,0.011056645,0.036320384,0.002787275,1.000000000,0.000000000,0.000000000,0.000000000,0.000000000,0.000000000,0.444444444,0.287235366,0.381560813,1.000000000,0.997341604,0.591065292,0.589494006,1.011316467,51.825859070,17.395135880,0.737105668,0.999999762,0.000694813,0.000055565,0.000057031
927,98.118000000,fused_map_f2f,1,1,0,0.060835598,0.018987782,0.996692423,0.996692423,0.100000000,0.011025077,0.011025077,0.036212477,0.002779250,1.000000000,0.000000000,0.000000000,0.000000000,0.000000000,0.000000000,0.473684211,0.262659096,0.389274165,1.000000000,0.996455472,0.585616438,0.583540704,1.011118023,52.020450592,17.395460129,0.736820877,0.999999940,0.000298560,0.000058101,0.000029943
928,98.237000000,fused_map_f2f,1,1,0,0.061614922,0.026195395,0.993607602,0.993607602,0.100000000,0.011058927,0.011058927,0.036304506,0.002787855,1.000000000,0.000000000,0.000000000,0.000000000,0.000000000,0.000000000,0.506493506,0.222459491,0.392879900,1.000000000,0.996452328,0.571428571,0.569401330,1.010646711,52.168586731,17.395236969,0.736599863,0.999999940,0.000365116,0.000069269,0.000034756
929,98.331000000,fused_map_f2f,1,1,0,0.064265226,0.024358787,0.983116812,0.983116812,0.100000000,0.011175618,0.011175618,0.036665665,0.002817520,1.000000000,0.000000000,0.000000000,0.000000000,0.000000000,0.000000000,0.475000000,0.277555817,0.396022327,1.000000000,0.996902655,0.560810811,0.559073786,1.010302460,52.251960754,17.394365311,0.736677527,0.999999940,0.000316202,0.000026184,0.000100855
930,98.422000000,fused_map_f2f,1,1,0,0.062843454,0.019168815,0.988744662,0.988744662,0.100000000,0.011112714,0.011112714,0.036467176,0.002801528,1.000000000,0.000000000,0.000000000,0.000000000,0.000000000,0.000000000,0.486486486,0.242301417,0.388812459,1.000000000,0.995992876,0.563573883,0.561315573,1.010377186,52.367904663,17.395460129,0.737213492,0.999999881,0.000403211,0.000063761,0.000033581
931,98.513000000,fused_map_f2f,1,1,0,0.066037302,0.031211376,0.976102345,0.976102345,0.100000000,0.011255024,0.011255024,0.036933885,0.002837710,1.000000000,0.000000000,0.000000000,0.000000000,0.000000000,0.000000000,0.461538462,0.304642620,0.398780125,1.000000000,0.995569340,0.573943662,0.571400713,1.010713357,52.454418182,17.395294189,0.737451017,0.999999881,0.000462573,0.000053220,0.000074750
932,98.631000000,fused_map_f2f,1,1,0,0.064386338,0.033600787,0.982637413,0.982637413,0.100000000,0.011181009,0.011181009,0.036703184,0.002818891,1.000000000,0.000000000,0.000000000,0.000000000,0.000000000,0.000000000,0.468354430,0.332878981,0.414164251,1.000000000,0.997336884,0.578014184,0.576474866,1.010882496,52.581035614,17.395338058,0.737286329,0.999999881,0.000479530,0.000074062,0.000063579
933,98.727000000,fused_map_f2f,1,1,0,0.066694677,0.016794046,0.973500236,0.973500236,0.100000000,0.011284768,0.011284768,0.037022512,0.002845273,1.000000000,0.000000000,0.000000000,0.000000000,0.000000000,0.000000000,0.480000000,0.235961369,0.382384548,1.000000000,0.996444444,0.567944251,0.565924894,1.010530830,52.677486420,17.395696640,0.737373948,0.999999881,0.000515124,0.000073119,0.000030081
934,98.826000000,fused_map_f2f,1,1,0,0.064832316,0.021848406,0.980872083,0.980872083,0.100000000,0.011200907,0.011200907,0.036745203,0.002823950,1.000000000,0.000000000,0.000000000,0.000000000,0.000000000,0.000000000,0.541666667,0.278166746,0.436266698,1.000000000,0.999555358,0.558219178,0.557970970,1.010265699,52.775119781,17.395715714,0.737510681,0.999999881,0.000488320,0.000036706,0.000047775
935,98.917000000,fused_map_f2f,1,1,0,0.066660678,0.026948475,0.973634815,0.973634815,0.100000000,0.011283226,0.011283226,0.037007959,0.002844881,1.000000000,0.000000000,0.000000000,0.000000000,0.000000000,0.000000000,0.481012658,0.342918103,0.425774836,1.000000000,0.996449179,0.559726962,0.557739472,1.010257982,52.866088867,17.395803452,0.737653792,0.999999881,0.000483735,0.000002068,0.000050162
936,99.040000000,fused_map_f2f,1,1,0,0.063573656,0.048265666,0.985854279,0.985854279,0.100000000,0.011144932,0.011144932,0.036586698,0.002809718,1.000000000,0.000000000,0.000000000,0.000000000,0.000000000,0.000000000,0.462500000,0.209520051,0.361308020,1.000000000,0.996890271,0.577319588,0.575524280,1.010850809,53.029663086,17.396301270,0.737317145,0.999999762,0.000652244,0.000059764,0.000049587
937,99.131000000,fused_map_f2f,1,1,0,0.062303858,0.026125889,0.990880563,0.990880563,0.100000000,0.011089025,0.011089025,0.036370962,0.002795506,1.000000000,0.000000000,0.000000000,0.000000000,0.000000000,0.000000000,0.444444444,0.338415901,0.402033027,1.000000000,1.000000000,0.543624161,0.543624161,1.009787472,53.191757202,17.395612717,0.737422347,0.999999940,0.000397987,0.000070504,0.000032864
938,99.220000000,fused_map_f2f,1,1,0,0.064313074,0.041003137,0.982927414,0.982927414,0.100000000,0.011177747,0.011177747,0.036660868,0.002818061,1.000000000,0.000000000,0.000000000,0.000000000,0.000000000,0.000000000,0.467532468,0.231713192,0.373204757,1.000000000,0.997789567,0.550335570,0.549119090,1.009970636,53.276439667,17.395877838,0.737505853,0.999999881,0.000438470,0.000071464,0.000052053
939,99.345000000,fused_map_f2f,1,1,0,0.061441250,0.023280228,0.994295051,0.994295051,0.100000000,0.011051366,0.011051366,0.036271581,0.002785933,1.000000000,0.000000000,0.000000000,0.000000000,0.000000000,0.000000000,0.493670886,0.249739625,0.396098382,1.000000000,0.996901284,0.563573883,0.561827528,1.010394251,53.402862549,17.395784378,0.737973392,0.999999881,0.000467869,0.000036292,0.000103919
940,99.432000000,fused_map_f2f,1,1,0,0.063254302,0.033222437,0.987118390,0.987118390,0.100000000,0.011130818,0.011130818,0.036508959,0.002806130,1.000000000,0.000000000,0.000000000,0.000000000,0.000000000,0.000000000,0.468354430,0.233199309,0.374292382,1.000000000,0.996894410,0.549152542,0.547447100,1.009914903,53.486579895,17.395929337,0.737946630,0.999999881,0.000446049,-0.000015379,0.000137343
941,99.517000000,fused_map_f2f,1,1,0,0.062098041,0.022976855,0.991695254,0.991695254,0.100000000,0.011080017,0.011080017,0.036374200,0.002793216,1.000000000,0.000000000,0.000000000,0.000000000,0.000000000,0.000000000,0.461538462,0.298944888,0.396501032,1.000000000,0.995555556,0.573883162,0.571332570,1.010711086,53.607662201,17.395471573,0.737972438,0.999999821,0.000526637,0.000085424,0.000072775
942,99.614000000,fused_map_f2f,1,1,0,0.063184825,0.020046382,0.987393400,0.987393400,0.100000000,0.011127753,0.011127753,0.036526387,0.002805351,1.000000000,0.000000000,0.000000000,0.000000000,0.000000000,0.000000000,0.468354430,0.321277240,0.409523554,1.000000000,0.998225377,0.571917808,0.570902870,1.010696762,53.695674896,17.395751953,0.738316417,0.999999762,0.000648547,0.000085684,0.000076478
943,99.742000000,fused_map_f2f,1,1,0,0.062363871,0.022956968,0.990643009,0.990643009,0.100000000,0.011091655,0.011091655,0.036395521,0.002796174,1.000000000,0.000000000,0.000000000,0.000000000,0.000000000,0.000000000,0.456790123,0.284286633,0.387788727,1.000000000,0.996894410,0.559322034,0.557585009,1.010252834,53.814998627,17.396202087,0.739137888,0.999999762,0.000715440,0.000014255,-0.000035927
944,99.837000000,fused_map_f2f,1,1,0,0.064912272,0.023433777,0.980555592,0.980555592,0.100000000,0.011204481,0.011204481,0.036756003,0.002824859,1.000000000,0.000000000,0.000000000,0.000000000,0.000000000,0.000000000,0.475000000,0.224669276,0.374867711,1.000000000,0.997341604,0.558922559,0.557436721,1.010247891,53.936229706,17.396287918,0.738034010,0.999999881,0.000433347,0.000103721,0.000047422
945,99.938000000,fused_map_f2f,1,1,0,0.062044396,0.020187660,0.991907600,0.991907600,0.100000000,0.011077671,0.011077671,0.036339936,0.002792619,1.000000000,0.000000000,0.000000000,0.000000000,0.000000000,0.000000000,0.433734940,0.275526562,0.370451589,1.000000000,0.998227736,0.549152542,0.548179299,1.009939310,54.021598816,17.395805359,0.738213301,0.999999881,0.000424022,0.000025900,0.000110469
946,100.032000000,fused_map_f2f,1,1,0,0.064022889,0.025851225,0.984076065,0.984076065,0.100000000,0.011164846,0.011164846,0.036597764,0.002814781,1.000000000,0.000000000,0.000000000,0.000000000,0.000000000,0.000000000,0.455696203,0.306888676,0.396173192,1.000000000,0.998671979,0.531034483,0.530329258,1.009344309,54.223121643,17.396778107,0.738355577,0.999999821,0.000580348,0.000064735,0.000088496
947,100.121000000,fused_map_f2f,1,1,0,0.063010291,0.017907750,0.988084264,0.988084264,0.100000000,0.011120059,0.011120059,0.036460063,0.002803395,1.000000000,0.000000000,0.000000000,0.000000000,0.000000000,0.000000000,0.469135802,0.216883812,0.368235006,1.000000000,0.996453901,0.536842105,0.534938410,1.009497947,54.384181976,17.395967484,0.738600671,1.000000000,0.000189174,0.000074471,0.000061970
948,100.217000000,fused_map_f2f,1,1,0,0.064117701,0.028680299,0.983700766,0.983700766,0.100000000,0.011169058,0.011169058,0.036609639,0.002815852,1.000000000,0.000000000,0.000000000,0.000000000,0.000000000,0.000000000,0.481012658,0.316369321,0.415155323,1.000000000,0.999557522,0.529209622,0.528975458,1.009299182,54.471462250,17.396173477,0.738750696,1.000000000,0.000189259,0.000057216,0.000049208
949,100.333000000,fused_map_f2f,1,1,0,0.062537976,0.023497957,0.989953844,0.989953844,0.100000000,0.011099291,0.011099291,0.036382155,0.002798116,1.000000000,0.000000000,0.000000000,0.000000000,0.000000000,0.000000000,0.468354430,0.299751382,0.400913211,1.000000000,0.999113082,0.525423729,0.524957721,1.009165257,54.606216431,17.395040512,0.738654017,0.999999940,0.000228789,0.000078991,0.000093182
950,100.417000000,fused_map_f2f,1,1,0,0.064933947,0.022410351,0.980469794,0.980469794,0.100000000,0.011205451,0.011205451,0.036730639,0.002825105,1.000000000,0.000000000,0.000000000,0.000000000,0.000000000,0.000000000,0.439024390,0.320534698,0.391628513,1.000000000,0.998671979,0.533783784,0.533074908,1.009435830,54.686141968,17.395366669,0.737996697,1.000000000,0.000048968,0.000081894,0.000097995
951,100.540000000,fused_map_f2f,1,1,0,0.063025742,0.022806282,0.988023103,0.988023103,0.100000000,0.011120739,0.011120739,0.036476408,0.002803568,1.000000000,0.000000000,0.000000000,0.000000000,0.000000000,0.000000000,0.450000000,0.284634407,0.383853763,1.000000000,0.997343958,0.548611111,0.547153977,1.009905133,54.804481506,17.395580292,0.738247573,1.000000000,0.000028669,0.000064627,0.000125359
952,100.629000000,fused_map_f2f,1,1,0,0.063239020,0.024669527,0.987178881,0.987178881,0.100000000,0.011130144,0.011130144,0.036500690,0.002805959,1.000000000,0.000000000,0.000000000,0.000000000,0.000000000,0.000000000,0.432098765,0.299472288,0.379048174,1.000000000,0.999112689,0.542662116,0.542180606,1.009739354,54.879673004,17.396009445,0.738690138,1.000000000,0.000027518,0.000099344,0.000113438
953,100.713000000,fused_map_f2f,1,1,0,0.062137490,0.018992174,0.991539101,0.991539101,0.100000000,0.011081742,0.011081742,0.036351379,0.002793654,1.000000000,0.000000000,0.000000000,0.000000000,0.000000000,0.000000000,0.461538462,0.256395632,0.379481330,1.000000000,0.997345133,0.548275862,0.546820262,1.009894009,55.022037506,17.395460129,0.738478065,1.000000000,-0.000064887,0.000083779,0.000084766
954,100.845000000,fused_map_f2f,1,1,0,0.062489227,0.021798750,0.990146809,0.990146809,0.100000000,0.011097152,0.011097152,0.036394343,0.002797572,1.000000000,0.000000000,0.000000000,0.000000000,0.000000000,0.000000000,0.462500000,0.211557320,0.362122928,1.000000000,0.996012406,0.543554007,0.541386534,1.009712884,55.141540527,17.395072937,0.738645315,0.999999940,-0.000244622,0.000041798,0.000102114
955,100.935000000,fused_map_f2f,1,1,0,0.063503079,0.016355083,0.986133646,0.986133646,0.100000000,0.011141810,0.011141810,0.036533848,0.002808925,1.000000000,0.000000000,0.000000000,0.000000000,0.000000000,0.000000000,0.454545455,0.303047561,0.393946297,1.000000000,0.997349823,0.540069686,0.538638406,1.009621280,55.220928192,17.395030975,0.738642752,0.999999940,-0.000271934,0.000039756,0.000112853
956,101.019000000,fused_map_f2f,1,1,0,0.062481693,0.029717081,0.990176633,0.990176633,0.100000000,0.011096821,0.011096821,0.036361742,0.002797488,1.000000000,0.000000000,0.000000000,0.000000000,0.000000000,0.000000000,0.448717949,0.167642213,0.336287655,1.000000000,0.998233216,0.515050167,0.514140185,1.008804673,55.390563965,17.395059586,0.738817453,0.999999940,-0.000185086,0.000075512,0.000137368
957,101.114000000,fused_map_f2f,1,1,0,0.063431455,0.017111138,0.986417157,0.986417157,0.100000000,0.011138643,0.011138643,0.036513562,0.002808120,1.000000000,0.000000000,0.000000000,0.000000000,0.000000000,0.000000000,0.493670886,0.351423564,0.436771957,1.000000000,0.998235554,0.530821918,0.529885311,1.009329510,55.574836731,17.395900726,0.738732517,0.999999940,-0.000187961,0.000068098,0.000119004
958,101.230000000,fused_map_f2f,1,1,0,0.064264294,0.024326092,0.983120503,0.983120503,0.100000000,0.011175576,0.011175576,0.036658489,0.002817510,1.000000000,0.000000000,0.000000000,0.000000000,0.000000000,0.000000000,0.474358974,0.252197133,0.385494238,1.000000000,0.998237109,0.554006969,0.553030315,1.010101010,55.678825378,17.395824432,0.738963366,0.999999881,-0.000392952,0.000033011,0.000144664
959,101.318000000,fused_map_f2f,1,1,0,0.061721610,0.020326404,0.993185292,0.993185292,0.100000000,0.011063578,0.011063578,0.036281676,0.002789037,1.000000000,0.000000000,0.000000000,0.000000000,0.000000000,0.000000000,0.461538462,0.229118474,0.368570467,1.000000000,0.997784670,0.537931034,0.536739340,1.009557978,55.774749756,17.395648956,0.739620388,0.999999940,-0.000196351,0.000067659,0.000190529
960,101.413000000,fused_map_f2f,1,1,0,0.061316583,0.019756994,0.994788524,0.994788524,0.100000000,0.011045944,0.011045944,0.036234611,0.002784555,1.000000000,0.000000000,0.000000000,0.000000000,0.000000000,0.000000000,0.433734940,0.261433027,0.364814175,1.000000000,0.998233216,0.545762712,0.544798467,1.009826616,55.856246948,17.395746231,0.739939213,0.999999940,-0.000324030,0.000078937,0.000158734
961,101.528000000,fused_map_f2f,1,1,0,0.060857456,0.017928950,0.996605904,0.996605904,0.100000000,0.011026023,0.011026023,0.036175936,0.002779491,1.000000000,0.000000000,0.000000000,0.000000000,0.000000000,0.000000000,0.460526316,0.303307600,0.397638829,1.000000000,1.000000000,0.549152542,0.549152542,1.009971751,55.978134155,17.395732880,0.739489019,0.999999940,-0.000183226,0.000048982,0.000173696
962,101.638000000,fused_map_f2f,1,1,0,0.064472415,0.021920595,0.982296691,0.982296691,0.100000000,0.011184844,0.011184844,0.036668192,0.002819866,1.000000000,0.000000000,0.000000000,0.000000000,0.000000000,0.000000000,0.439024390,0.271196074,0.371893064,1.000000000,0.998676665,0.536666667,0.535956477,1.009531883,56.068878174,17.395442963,0.739884198,0.999999940,-0.000319819,0.000033384,0.000216322
963,101.744000000,fused_map_f2f,1,1,0,0.062040885,0.018877494,0.991921496,0.991921496,0.100000000,0.011077517,0.011077517,0.036318058,0.002792580,1.000000000,0.000000000,0.000000000,0.000000000,0.000000000,0.000000000,0.461538462,0.193027519,0.354134085,1.000000000,0.998233996,0.530612245,0.529675181,1.009322506,56.200435638,17.395853043,0.739276171,0.999999940,-0.000215116,0.000052733,0.000195735
964,101.838000000,fused_map_f2f,1,1,0,0.064255609,0.019621518,0.983154879,0.983154879,0.100000000,0.011175190,0.011175190,0.036647487,0.002817411,1.000000000,0.000000000,0.000000000,0.000000000,0.000000000,0.000000000,0.448717949,0.235441888,0.363407524,1.000000000,0.997343958,0.546099291,0.544648828,1.009821628,56.276454926,17.395553589,0.739590704,0.999999940,-0.000334848,0.000018946,0.000225768
965,101.941000000,fused_map_f2f,1,1,0,0.061379924,0.028555244,0.994537801,0.994537801,0.100000000,0.011048698,0.011048698,0.036260054,0.002785255,1.000000000,0.000000000,0.000000000,0.000000000,0.000000000,0.000000000,0.448717949,0.315726544,0.395521387,1.000000000,0.997352162,0.560714286,0.559229605,1.010307654,56.415775299,17.396091461,0.738887191,0.999999940,-0.000137435,0.000067807,0.000162572
966,102.037000000,fused_map_f2f,1,1,0,0.060531381,0.022429494,0.997896617,0.997896617,0.100000000,0.011011919,0.011011919,0.036091931,0.002775906,1.000000000,0.000000000,0.000000000,0.000000000,0.000000000,0.000000000,0.454545455,0.343067521,0.409954281,1.000000000,0.997790544,0.516447368,0.515306300,1.008843543,56.587604523,17.396198273,0.739257574,0.999999881,-0.000410225,0.000062353,0.000172396
967,102.127000000,fused_map_f2f,1,1,0,0.061028497,0.023629295,0.995928868,0.995928868,0.100000000,0.011033436,0.011033436,0.036180577,0.002781375,1.000000000,0.000000000,0.000000000,0.000000000,0.000000000,0.000000000,0.454545455,0.210088192,0.356762549,1.000000000,0.996917657,0.534246575,0.532599844,1.009419995,56.654239655,17.396068573,0.739538312,0.999999821,-0.000581504,0.000032467,0.000187449
968,102.213000000,fused_map_f2f,1,1,0,0.060119772,0.019282828,0.999525903,0.999525903,0.100000000,0.010994166,0.010994166,0.036034260,0.002771393,1.000000000,0.000000000,0.000000000,0.000000000,0.000000000,0.000000000,0.434210526,0.299138718,0.380181803,1.000000000,0.998677832,0.515151515,0.514470398,1.008815680,56.811737061,17.395942688,0.739815295,0.999999821,-0.000581565,0.000064009,0.000184310
969,102.335000000,fused_map_f2f,1,1,0,0.060802002,0.019631709,0.996825409,0.996825409,0.100000000,0.011023622,0.011023622,0.036129832,0.002778880,1.000000000,0.000000000,0.000000000,0.000000000,0.000000000,0.000000000,0.423076923,0.282520983,0.366854547,1.000000000,0.998237109,0.516666667,0.515755840,1.008858528,56.987453461,17.395957947,0.739021897,0.999999762,-0.000658480,0.000048920,0.000205768
970,102.416000000,fused_map_f2f,1,1,0,0.061314246,0.023618683,0.994797775,0.994797775,0.100000000,0.011045842,0.011045842,0.036201749,0.002784529,1.000000000,0.000000000,0.000000000,0.000000000,0.000000000,0.000000000,0.435897436,0.222277016,0.350449268,1.000000000,0.996485062,0.518394649,0.516572524,1.008885751,57.043560028,17.395786285,0.739195645,0.999999642,-0.000794482,0.000026171,0.000227842
971,102.538000000,fused_map_f2f,1,1,0,0.060778172,0.016929821,0.996919737,0.996919737,0.100000000,0.011022590,0.011022590,0.036132871,0.002778618,1.000000000,0.000000000,0.000000000,0.000000000,0.000000000,0.000000000,0.437500000,0.274592547,0.372337019,1.000000000,0.996040475,0.523333333,0.521261182,1.009042039,57.141345978,17.396194458,0.738696158,0.999999702,-0.000690884,0.000046743,0.000223986
972,102.632000000,fused_map_f2f,1,1,0,0.061429807,0.016216950,0.994340348,0.994340348,0.100000000,0.011050868,0.011050868,0.036231360,0.002785806,1.000000000,0.000000000,0.000000000,0.000000000,0.000000000,0.000000000,0.432098765,0.358682066,0.402732086,1.000000000,0.996471107,0.530201342,0.528330319,1.009277677,57.211929321,17.396087646,0.739108562,0.999999583,-0.000865397,0.000045516,0.000219519
973,102.723000000,fused_map_f2f,1,1,0,0.063351827,0.021669048,0.986732353,0.986732353,0.100000000,0.011135124,0.011135124,0.036532659,0.002807225,1.000000000,0.000000000,0.000000000,0.000000000,0.000000000,0.000000000,0.467532468,0.149820379,0.340447632,1.000000000,0.996031746,0.558219178,0.556004023,1.010200134,57.268421173,17.397403717,0.739779472,0.999999762,-0.000635985,0.000029852,0.000209026
974,102.836000000,fused_map_f2f,1,1,0,0.061355877,0.022046915,0.994632987,0.994632987,0.100000000,0.011047652,0.011047652,0.036250535,0.002784989,1.000000000,0.000000000,0.000000000,0.000000000,0.000000000,0.000000000,0.425000000,0.165605746,0.321242298,1.000000000,0.995614035,0.556313993,0.553874020,1.010129134,57.375869751,17.396715164,0.738897383,0.999999642,-0.000776005,0.000055084,0.000210255
975,102.934000000,fused_map_f2f,1,1,0,0.064969776,0.028759746,0.980327972,0.980327972,0.100000000,0.011207054,0.011207054,0.036789592,0.002825513,1.000000000,0.000000000,0.000000000,0.000000000,0.000000000,0.000000000,0.467532468,0.236278142,0.375030737,1.000000000,0.997809899,0.580419580,0.579148403,1.010971613,57.429573059,17.396905899,0.738352060,0.999999762,-0.000682147,0.000150878,0.000048469
976,103.016000000,fused_map_f2f,1,1,0,0.062357515,0.026020695,0.990668170,0.990668170,0.100000000,0.011091376,0.011091376,0.036413416,0.002796104,1.000000000,0.000000000,0.000000000,0.000000000,0.000000000,0.000000000,0.454545455,0.206540063,0.355343298,1.000000000,0.999120879,0.574324324,0.573819424,1.010793981,57.470802307,17.396816254,0.738722146,0.999999702,-0.000762849,0.000097331,0.000055102
977,103.133000000,fused_map_f2f,1,1,0,0.063161959,0.015689753,0.987483914,0.987483914,0.100000000,0.011126744,0.011126744,0.036554603,0.002805095,1.000000000,0.000000000,0.000000000,0.000000000,0.000000000,0.000000000,0.448717949,0.269787113,0.377145614,1.000000000,0.997799296,0.599315068,0.597996153,1.011599872,57.545623779,17.396301270,0.739019394,0.999999583,-0.000908830,0.000109445,0.000150134
978,103.223000000,fused_map_f2f,1,1,0,0.061921896,0.013142354,0.992392494,0.992392494,0.100000000,0.011072318,0.011072318,0.036383960,0.002791259,1.000000000,0.000000000,0.000000000,0.000000000,0.000000000,0.000000000,0.448717949,0.291529830,0.385842701,1.000000000,0.997355663,0.602693603,0.601099878,1.011703329,57.592220306,17.396198273,0.739500105,0.999999464,-0.001019406,0.000093833,0.000146787
979,103.338000000,fused_map_f2f,1,1,0,0.064226791,0.023770045,0.983268953,0.983268953,0.100000000,0.011173908,0.011173908,0.036745030,0.002817085,1.000000000,0.000000000,0.000000000,0.000000000,0.000000000,0.000000000,0.461538462,0.200813030,0.357248289,1.000000000,0.997350993,0.633561644,0.631883335,1.012729444,57.654346466,17.396715164,0.739990354,0.999999642,-0.000830530,0.000086894,0.000111594
980,103.416000000,fused_map_f2f,1,1,0,0.063536748,0.018416145,0.986000373,0.986000373,0.100000000,0.011143299,0.011143299,0.036633970,0.002809303,1.000000000,0.000000000,0.000000000,0.000000000,0.000000000,0.000000000,0.387500000,0.231516156,0.325106463,1.000000000,0.996469550,0.622895623,0.620696521,1.012356551,57.797046661,17.396524429,0.739484668,0.999999583,-0.000902693,0.000062110,0.000226632
981,103.517000000,fused_map_f2f,1,1,0,0.061791265,0.011910740,0.992909575,0.992909575,0.100000000,0.011066616,0.011066616,0.036397618,0.002789809,1.000000000,0.000000000,0.000000000,0.000000000,0.000000000,0.000000000,0.441558442,0.236208351,0.359418405,1.000000000,0.997789567,0.630136986,0.628744111,1.012624804,57.845935822,17.397003174,0.739790201,0.999999642,-0.000795421,0.000045880,0.000237200
982,103.634000000,fused_map_f2f,1,1,0,0.062658668,0.016776332,0.989476108,0.989476108,0.100000000,0.011104590,0.011104590,0.036515502,0.002799463,1.000000000,0.000000000,0.000000000,0.000000000,0.000000000,0.000000000,0.441558442,0.266511429,0.371539637,1.000000000,0.997356828,0.627118644,0.625461062,1.012515369,57.996383667,17.397228241,0.739583611,0.999999464,-0.001034165,0.000065259,0.000213372
983,103.717000000,fused_map_f2f,1,1,0,0.063101571,0.022139036,0.987722946,0.987722946,0.100000000,0.011124081,0.011124081,0.036567093,0.002804418,1.000000000,0.000000000,0.000000000,0.000000000,0.000000000,0.000000000,0.402439024,0.218776035,0.328973829,1.000000000,0.997345133,0.617747440,0.616107403,1.012203580,58.038379669,17.397453308,0.739708960,0.999999404,-0.001066848,0.000077328,0.000215434
984,103.838000000,fused_map_f2f,1,1,0,0.063711128,0.011925766,0.985310117,0.985310117,0.100000000,0.011151018,0.011151018,0.036631859,0.002811266,1.000000000,0.000000000,0.000000000,0.000000000,0.000000000,0.000000000,0.454545455,0.285543372,0.386944622,1.000000000,0.996033495,0.600000000,0.597620097,1.011587337,58.097236633,17.397159576,0.739434838,0.999999225,-0.001199800,0.000068124,0.000227064
985,103.926000000,fused_map_f2f,1,1,0,0.061649323,0.016643681,0.993471430,0.993471430,0.100000000,0.011060426,0.011060426,0.036324303,0.002788236,1.000000000,0.000000000,0.000000000,0.000000000,0.000000000,0.000000000,0.423076923,0.286703670,0.368527622,1.000000000,0.996036988,0.584717608,0.582400365,1.011080012,58.166820526,17.396966934,0.739205182,0.999999344,-0.001098902,0.000074219,0.000233675
986,104.035000000,fused_map_f2f,1,1,0,0.063003958,0.021313504,0.988109334,0.988109334,0.100000000,0.011119780,0.011119780,0.036511573,0.002803324,1.000000000,0.000000000,0.000000000,0.000000000,0.000000000,0.000000000,0.487179487,0.346028088,0.430718927,1.000000000,0.997798327,0.581395349,0.580115306,1.011003844,58.225879669,17.396673203,0.739540637,0.999999046,-0.001332652,0.000055580,0.000268072
987,104.164000000,fused_map_f2f,1,1,0,0.064637673,0.012576410,0.981642545,0.981642545,0.100000000,0.011192214,0.011192214,0.036739122,0.002821740,1.000000000,0.000000000,0.000000000,0.000000000,0.000000000,0.000000000,0.448717949,0.172181255,0.338103271,1.000000000,0.995583039,0.579124579,0.576566608,1.010885554,58.296234131,17.397562027,0.739163816,0.999999166,-0.001252866,0.000068344,0.000242680
988,104.222000000,fused_map_f2f,1,1,0,0.061617596,0.020800782,0.993597014,0.993597014,0.100000000,0.011059044,0.011059044,0.036335411,0.002787884,1.000000000,0.000000000,0.000000000,0.000000000,0.000000000,0.000000000,0.435897436,0.212199361,0.346418206,1.000000000,0.994257951,0.599303136,0.595861908,1.011528730,58.365219116,17.397890091,0.739054978,0.999999285,-0.001182865,0.000073070,0.000230268
989,104.333000000,fused_map_f2f,1,1,0,0.060886117,0.017109366,0.996492452,0.996492452,0.100000000,0.011027265,0.011027265,0.036224015,0.002779806,1.000000000,0.000000000,0.000000000,0.000000000,0.000000000,0.000000000,0.425000000,0.281481097,0.367592439,1.000000000,0.997350993,0.589041096,0.587480722,1.011249357,58.425300598,17.397998810,0.739163578,0.999999285,-0.001140611,0.000081450,0.000281852
990,104.420000000,fused_map_f2f,1,1,0,0.063085494,0.022549530,0.987786587,0.987786587,0.100000000,0.011123372,0.011123372,0.036511564,0.002804238,1.000000000,0.000000000,0.000000000,0.000000000,0.000000000,0.000000000,0.425000000,0.233732626,0.348493051,1.000000000,0.998675497,0.570957096,0.570200861,1.010673362,58.476020813,17.396907806,0.739065707,0.999999046,-0.001366833,0.000080293,0.000247143
991,104.524000000,fused_map_f2f,1,1,0,0.063420400,0.015588189,0.986460915,0.986460915,0.100000000,0.011138154,0.011138154,0.036570722,0.002807995,1.000000000,0.000000000,0.000000000,0.000000000,0.000000000,0.000000000,0.462500000,0.225922898,0.367869159,1.000000000,0.996464870,0.582491582,0.580432399,1.011014413,58.541194916,17.397565842,0.739584804,0.999999106,-0.001318334,0.000089673,0.000240239
992,104.626000000,fused_map_f2f,1,1,0,0.062310715,0.020704001,0.990853420,0.990853420,0.100000000,0.011089326,0.011089326,0.036414508,0.002795582,1.000000000,0.000000000,0.000000000,0.000000000,0.000000000,0.000000000,0.448717949,0.213911032,0.354795182,1.000000000,0.996467991,0.582491582,0.580434217,1.011014474,58.618198395,17.397933960,0.739638746,0.999999285,-0.001142714,0.000084891,0.000232048
993,104.730000000,fused_map_f2f,1,1,0,0.064347158,0.021493675,0.982792499,0.982792499,0.100000000,0.011179264,0.011179264,0.036716479,0.002818447,1.000000000,0.000000000,0.000000000,0.000000000,0.000000000,0.000000000,0.455696203,0.202021048,0.354226141,1.000000000,0.996913580,0.594501718,0.592666836,1.011422228,58.690780640,17.397731781,0.740043879,0.999999166,-0.001228601,0.000058305,0.000291884
994,104.813000000,fused_map_f2f,1,1,0,0.061929943,0.021660015,0.992360642,0.992360642,0.100000000,0.011072670,0.011072670,0.036363395,0.002791348,1.000000000,0.000000000,0.000000000,0.000000000,0.000000000,0.000000000,0.437500000,0.231464736,0.355085894,1.000000000,0.997783688,0.583617747,0.582324268,1.011077476,58.743701935,17.397590637,0.740627289,0.999998987,-0.001362201,0.000035704,0.000374178
995,104.923000000,fused_map_f2f,1,1,0,0.062374992,0.018411625,0.990598992,0.990598992,0.100000000,0.011092142,0.011092142,0.036428597,0.002796298,1.000000000,0.000000000,0.000000000,0.000000000,0.000000000,0.000000000,0.447368421,0.135091800,0.322457773,1.000000000,0.998230088,0.585858586,0.584821668,1.011160722,58.827468872,17.397726059,0.739124954,0.999999166,-0.001252750,0.000100541,0.000254355
996,105.040000000,fused_map_f2f,1,1,0,0.060519869,0.017523514,0.997942185,0.997942185,0.100000000,0.011011421,0.011011421,0.036190841,0.002775779,1.000000000,0.000000000,0.000000000,0.000000000,0.000000000,0.000000000,0.460526316,0.334129294,0.409967507,1.000000000,0.996452328,0.604895105,0.602749136,1.011758305,59.012844086,17.397853851,0.739395738,0.999999225,-0.001221974,0.000086513,0.000243263
997,105.127000000,fused_map_f2f,1,1,0,0.063375698,0.023280756,0.986637861,0.986637861,0.100000000,0.011136179,0.011136179,0.036571584,0.002807493,1.000000000,0.000000000,0.000000000,0.000000000,0.000000000,0.000000000,0.467532468,0.207987952,0.363714661,1.000000000,0.996905393,0.588435374,0.586614398,1.011220480,59.072418213,17.397188187,0.739504039,0.999999106,-0.001330401,0.000079042,0.000230390
998,105.233000000,fused_map_f2f,1,1,0,0.061133386,0.018432791,0.995513680,0.995513680,0.100000000,0.011037987,0.011037987,0.036265451,0.002782532,1.000000000,0.000000000,0.000000000,0.000000000,0.000000000,0.000000000,0.450000000,0.298513913,0.389405565,1.000000000,0.997341604,0.595238095,0.593655717,1.011455191,59.186122894,17.397411346,0.739717603,0.999998987,-0.001390779,0.000099300,0.000240090
999,105.315000000,fused_map_f2f,1,1,0,0.064065328,0.022492674,0.983908076,0.983908076,0.100000000,0.011166731,0.011166731,0.036688978,0.002815261,1.000000000,0.000000000,0.000000000,0.000000000,0.000000000,0.000000000,0.500000000,0.199318989,0.379727596,1.000000000,0.996460177,0.605633803,0.603489966,1.011782999,59.240020752,17.397573471,0.739989102,0.999999046,-0.001352119,0.000111953,0.000301925
1000,105.433000000,fused_map_f2f,1,1,0,0.062852346,0.015698972,0.988709464,0.988709464,0.100000000,0.011113105,0.011113105,0.036507738,0.002801627,1.000000000,0.000000000,0.000000000,0.000000000,0.000000000,0.000000000,0.447368421,0.258158530,0.371684465,1.000000000,0.997780737,0.596551724,0.595227819,1.011507594,59.398941040,17.397752762,0.739712000,0.999999166,-0.001264133,0.000094236,0.000211908
1001,105.513000000,fused_map_f2f,1,1,0,0.065684656,0.015835693,0.977498238,0.977498238,0.100000000,0.011239132,0.011239132,0.036885509,0.002833669,1.000000000,0.000000000,0.000000000,0.000000000,0.000000000,0.000000000,0.474358974,0.258224920,0.387905353,1.000000000,0.996899911,0.575250836,0.573467508,1.010782250,59.455379486,17.397861481,0.739843428,0.999999106,-0.001329420,0.000103874,0.000239829
1002,105.623000000,fused_map_f2f,1,1,0,0.062284055,0.017476564,0.990958949,0.990958949,0.100000000,0.011088158,0.011088158,0.036410922,0.002795285,1.000000000,0.000000000,0.000000000,0.000000000,0.000000000,0.000000000,0.480519481,0.220970255,0.376699790,1.000000000,0.999109924,0.581081081,0.580563875,1.011018796,59.546272278,17.398311615,0.739512920,0.999999225,-0.001230703,0.000096956,0.000228105
1003,105.730000000,fused_map_f2f,1,1,0,0.063285695,0.021117709,0.986994124,0.986994124,0.100000000,0.011132204,0.011132204,0.036564653,0.002806483,1.000000000,0.000000000,0.000000000,0.000000000,0.000000000,0.000000000,0.513513514,0.290807756,0.424431211,1.000000000,0.995117621,0.594501718,0.591599135,1.011386638,59.633987427,17.397993088,0.738792539,0.999999166,-0.001274756,0.000107272,0.000215225
1004,105.837000000,fused_map_f2f,1,1,0,0.062481212,0.015652439,0.990178534,0.990178534,0.100000000,0.011096800,0.011096800,0.036429745,0.002797482,1.000000000,0.000000000,0.000000000,0.000000000,0.000000000,0.000000000,0.493506494,0.308226342,0.419394433,1.000000000,0.995102404,0.575757576,0.572937748,1.010764592,59.744010925,17.398794174,0.739691556,0.999999225,-0.001198336,0.000121296,0.000221619
1005,105.915000000,fused_map_f2f,1,1,0,0.061924825,0.015043745,0.992380900,0.992380900,0.100000000,0.011072446,0.011072446,0.036348297,0.002791291,1.000000000,0.000000000,0.000000000,0.000000000,0.000000000,0.000000000,0.480519481,0.280746058,0.400610112,1.000000000,0.996446024,0.571906355,0.569873813,1.010662460,59.818763733,17.398378372,0.739239514,0.999998987,-0.001388376,0.000120864,0.000205553
1006,106.021000000,fused_map_f2f,1,1,0,0.063133435,0.017580471,0.987596820,0.987596820,0.100000000,0.011125486,0.011125486,0.036520736,0.002804775,1.000000000,0.000000000,0.000000000,0.000000000,0.000000000,0.000000000,0.481012658,0.293416635,0.405974249,1.000000000,0.996439697,0.574324324,0.572279556,1.010742652,59.942630768,17.398685455,0.739632607,0.999999225,-0.001226628,0.000148144,0.000206834
1007,106.132000000,fused_map_f2f,1,1,0,0.062501476,0.018521774,0.990098325,0.990098325,0.100000000,0.011097689,0.011097689,0.036414730,0.002797708,1.000000000,0.000000000,0.000000000,0.000000000,0.000000000,0.000000000,0.456790123,0.236441345,0.368650612,1.000000000,0.995557530,0.560000000,0.557512217,1.010250407,60.035011292,17.399152756,0.739954054,0.999999285,-0.001185034,0.000090391,0.000205957
1008,106.235000000,fused_map_f2f,1,1,0,0.060454020,0.019714494,0.998202836,0.998202836,0.100000000,0.011008578,0.011008578,0.036113528,0.002775057,1.000000000,0.000000000,0.000000000,0.000000000,0.000000000,0.000000000,0.469135802,0.216662792,0.368146598,1.000000000,0.997316637,0.544850498,0.543388467,1.009779616,60.183052063,17.398159027,0.739285231,0.999999046,-0.001361200,0.000138268,0.000209474
1009,106.331000000,fused_map_f2f,1,1,0,0.063008136,0.018423392,0.988092793,0.988092793,0.100000000,0.011119964,0.011119964,0.036475738,0.002803371,1.000000000,0.000000000,0.000000000,0.000000000,0.000000000,0.000000000,0.474358974,0.299820739,0.404543680,1.000000000,0.996436526,0.550675676,0.548713357,1.009957112,60.257686615,17.397682190,0.739726663,0.999998629,-0.001622599,0.000108338,0.000253860
1010,106.437000000,fused_map_f2f,1,1,0,0.061429240,0.016436488,0.994342590,0.994342590,0.100000000,0.011050843,0.011050843,0.036258400,0.002785800,1.000000000,0.000000000,0.000000000,0.000000000,0.000000000,0.000000000,0.481012658,0.252158149,0.389470854,1.000000000,0.997311828,0.553333333,0.551845878,1.010061529,60.377262115,17.398117065,0.739377797,0.999999166,-0.001284982,0.000133214,0.000198854
1011,106.513000000,fused_map_f2f,1,1,0,0.062065392,0.029203063,0.991824491,0.991824491,0.100000000,0.011078589,0.011078589,0.036363520,0.002792853,1.000000000,0.000000000,0.000000000,0.000000000,0.000000000,0.000000000,0.472972973,0.167242118,0.350680631,1.000000000,0.997315436,0.567567568,0.566043896,1.010534797,60.430488586,17.398128510,0.739844799,0.999998868,-0.001451806,0.000157063,0.000226022
1012,106.637000000,fused_map_f2f,1,1,0,0.061838816,0.015461274,0.992721353,0.992721353,0.100000000,0.011068691,0.011068691,0.036328947,0.002790337,1.000000000,0.000000000,0.000000000,0.000000000,0.000000000,0.000000000,0.474358974,0.189343992,0.360352982,1.000000000,0.997762864,0.564784053,0.563520554,1.010450685,60.580253601,17.398372650,0.738897860,0.999998927,-0.001435832,0.000132666,0.000199766
1013,106.715000000,fused_map_f2f,1,1,0,0.063331671,0.017213367,0.986812134,0.986812134,0.100000000,0.011134234,0.011134234,0.036532421,0.002806999,1.000000000,0.000000000,0.000000000,0.000000000,0.000000000,0.000000000,0.487500000,0.289185219,0.408174088,1.000000000,0.996873604,0.560000000,0.558249218,1.010274974,60.636821747,17.398012161,0.738422871,0.999998748,-0.001563879,0.000126213,0.000180613
1014,106.825000000,fused_map_f2f,1,1,0,0.065257498,0.012675834,0.979189072,0.979189072,0.100000000,0.011219942,0.011219942,0.036819137,0.002828790,1.000000000,0.000000000,0.000000000,0.000000000,0.000000000,0.000000000,0.451219512,0.204944993,0.352709704,1.000000000,0.996873604,0.570957096,0.569172058,1.010639069,60.735172272,17.397939682,0.738432884,0.999998689,-0.001603578,0.000124815,0.000201400
1015,106.934000000,fused_map_f2f,1,1,0,0.063420970,0.016230730,0.986458661,0.986458661,0.100000000,0.011138179,0.011138179,0.036543699,0.002808002,1.000000000,0.000000000,0.000000000,0.000000000,0.000000000,0.000000000,0.481012658,0.273917043,0.398174412,1.000000000,0.995529727,0.559602649,0.557101073,1.010236702,60.811527252,17.398328781,0.738782525,0.999998808,-0.001536952,0.000040519,0.000249084
1016,107.013000000,fused_map_f2f,1,1,0,0.065445767,0.014232177,0.978443839,0.978443839,0.100000000,0.011228392,0.011228392,0.036859215,0.002830938,1.000000000,0.000000000,0.000000000,0.000000000,0.000000000,0.000000000,0.475000000,0.270071296,0.393028518,1.000000000,0.997771836,0.581632653,0.580336680,1.011011223,60.860221863,17.397684097,0.738950610,0.999998391,-0.001759733,0.000048968,0.000246587
1017,107.118000000,fused_map_f2f,1,1,0,0.063199966,0.014716039,0.987333468,0.987333468,0.100000000,0.011128420,0.011128420,0.036516807,0.002805521,1.000000000,0.000000000,0.000000000,0.000000000,0.000000000,0.000000000,0.481012658,0.310924381,0.412977347,1.000000000,0.995519713,0.563333333,0.560809438,1.010360315,60.950073242,17.397182465,0.738378465,0.999998510,-0.001710405,0.000110226,0.000229316
1018,107.235000000,fused_map_f2f,1,1,0,0.064856740,0.019276298,0.980775404,0.980775404,0.100000000,0.011201998,0.011201998,0.036768852,0.002824227,1.000000000,0.000000000,0.000000000,0.000000000,0.000000000,0.000000000,0.460526316,0.178999289,0.347915505,1.000000000,0.995973154,0.577557756,0.575232020,1.010841067,61.032371521,17.397062302,0.738620758,0.999998152,-0.001902008,0.000096820,0.000235724
1019,107.313000000,fused_map_f2f,1,1,0,0.063873280,0.013808634,0.984668266,0.984668266,0.100000000,0.011158206,0.011158206,0.036659236,0.002813093,1.000000000,0.000000000,0.000000000,0.000000000,0.000000000,0.000000000,0.481012658,0.313682877,0.414080746,1.000000000,0.995503597,0.604095563,0.601379306,1.011712644,61.079513550,17.396457672,0.738760591,0.999997973,-0.002007546,0.000076668,0.000231543
1020,107.418000000,fused_map_f2f,1,1,0,0.065206001,0.011648891,0.979392915,0.979392915,0.100000000,0.011217633,0.011217633,0.036820849,0.002828203,1.000000000,0.000000000,0.000000000,0.000000000,0.000000000,0.000000000,0.513157895,0.257732176,0.410987607,1.000000000,0.995960503,0.579288026,0.576947993,1.010898266,61.145973206,17.396308899,0.738918543,0.999997795,-0.002080327,0.000039988,0.000214415
1021,107.526000000,fused_map_f2f,1,1,0,0.063472813,0.022715475,0.986253448,0.986253448,0.100000000,0.011140471,0.011140471,0.036625376,0.002808585,1.000000000,0.000000000,0.000000000,0.000000000,0.000000000,0.000000000,0.513157895,0.268010409,0.415098900,1.000000000,0.992362983,0.625874126,0.621094314,1.012369810,61.220802307,17.396503448,0.738280892,0.999998271,-0.001840264,0.000098805,0.000242002
1022,107.613000000,fused_map_f2f,1,1,0,0.065392259,0.011774777,0.978655640,0.978655640,0.100000000,0.011225989,0.011225989,0.036891414,0.002830327,1.000000000,0.000000000,0.000000000,0.000000000,0.000000000,0.000000000,0.506666667,0.287539090,0.419015636,1.000000000,0.994611585,0.617747440,0.614418761,1.012147292,61.273208618,17.396598816,0.738324165,0.999998271,-0.001827454,0.000044124,0.000248076
1023,107.736000000,fused_map_f2f,1,1,0,0.063057177,0.015676976,0.987898673,0.987898673,0.100000000,0.011122124,0.011122124,0.036562686,0.002803920,1.000000000,0.000000000,0.000000000,0.000000000,0.000000000,0.000000000,0.506666667,0.303936827,0.425574731,1.000000000,0.997309417,0.619377163,0.617710677,1.012257023,61.419162750,17.397115707,0.737689435,0.999998510,-0.001713268,0.000106763,0.000218005
1024,107.815000000,fused_map_f2f,1,1,0,0.062847037,0.014719561,0.988730477,0.988730477,0.100000000,0.011112872,0.011112872,0.036530164,0.002801568,1.000000000,0.000000000,0.000000000,0.000000000,0.000000000,0.000000000,0.481012658,0.225487049,0.378802414,1.000000000,0.994606742,0.618556701,0.615220665,1.012174022,61.466484070,17.397476196,0.737540960,0.999998391,-0.001756856,0.000114473,0.000242475
1025,107.936000000,fused_map_f2f,1,1,0,0.061028486,0.012976899,0.995928908,0.995928908,0.100000000,0.011033436,0.011033436,0.036248883,0.002781375,1.000000000,0.000000000,0.000000000,0.000000000,0.000000000,0.000000000,0.486842105,0.210981328,0.376497794,1.000000000,0.996402878,0.594059406,0.591922502,1.011397417,61.614936829,17.396476746,0.738175750,0.999998510,-0.001711218,0.000091504,0.000228303
1026,108.027000000,fused_map_f2f,1,1,0,0.060369769,0.022957703,0.998536331,0.998536331,0.100000000,0.011004942,0.011004942,0.036176002,0.002774132,1.000000000,0.000000000,0.000000000,0.000000000,0.000000000,0.000000000,0.480519481,0.236870927,0.383060059,1.000000000,0.995053957,0.610921502,0.607899858,1.011929995,61.663940430,17.396087646,0.738055229,0.999997914,-0.002024638,0.000123465,0.000224185
1027,108.138000000,fused_map_f2f,1,1,0,0.058572094,0.023781804,1.000000000,1.000000000,0.100000000,0.010989011,0.010989011,0.036089958,0.002770083,1.000000000,0.000000000,0.000000000,0.000000000,0.000000000,0.000000000,0.493506494,0.225617279,0.386350808,1.000000000,0.996393147,0.579470199,0.577380135,1.010912671,61.786399841,17.396654129,0.738647878,0.999998391,-0.001781832,0.000090478,0.000231858
1028,108.239000000,fused_map_f2f,1,1,0,0.058982111,0.022011066,1.000000000,1.000000000,0.100000000,0.010989011,0.010989011,0.036108068,0.002770083,1.000000000,0.000000000,0.000000000,0.000000000,0.000000000,0.000000000,0.467532468,0.280267749,0.392626580,1.000000000,0.996389892,0.595317726,0.593168564,1.011438952,61.848682404,17.397045135,0.738546729,0.999998391,-0.001777397,0.000054335,0.000232055
1029,108.333000000,fused_map_f2f,1,1,0,0.059088071,0.027172686,1.000000000,1.000000000,0.100000000,0.010989011,0.010989011,0.036100493,0.002770083,1.000000000,0.000000000,0.000000000,0.000000000,0.000000000,0.000000000,0.487500000,0.358302106,0.435820842,1.000000000,0.995483288,0.589225589,0.586564227,1.011218808,61.904464722,17.397159576,0.738306761,0.999998331,-0.001798153,0.000019493,0.000157934
1030,108.437000000,fused_map_f2f,1,1,0,0.059183968,0.020915070,1.000000000,1.000000000,0.100000000,0.010989011,0.010989011,0.036066399,0.002770083,1.000000000,0.000000000,0.000000000,0.000000000,0.000000000,0.000000000,0.468354430,0.231106288,0.373455173,1.000000000,0.994589720,0.559870550,0.556841494,1.010228050,61.980377197,17.396636963,0.737912595,0.999998271,-0.001846622,0.000094361,0.000230411
1031,108.531000000,fused_map_f2f,1,1,0,0.058858955,0.022618104,1.000000000,1.000000000,0.100000000,0.010989011,0.010989011,0.036073974,0.002770083,1.000000000,0.000000000,0.000000000,0.000000000,0.000000000,0.000000000,0.469135802,0.275503103,0.391682723,1.000000000,0.994125621,0.566775244,0.563445792,1.010448193,62.037521362,17.397596359,0.737641275,0.999998748,-0.001566351,0.000058507,0.000233496
1032,108.638000000,fused_map_f2f,1,1,0,0.057879722,0.022444729,1.000000000,1.000000000,0.100000000,0.010989011,0.010989011,0.036088757,0.002770083,1.000000000,0.000000000,0.000000000,0.000000000,0.000000000,0.000000000,0.481012658,0.237542060,0.383624419,1.000000000,0.993676603,0.580000000,0.576332430,1.010877748,62.172653198,17.396295547,0.737879753,0.999998331,-0.001816499,0.000097127,0.000233057
1033,108.718000000,fused_map_f2f,1,1,0,0.057677231,0.029252580,1.000000000,1.000000000,0.100000000,0.010989011,0.010989011,0.036095454,0.002770083,1.000000000,0.000000000,0.000000000,0.000000000,0.000000000,0.000000000,0.506666667,0.239103501,0.399641400,1.000000000,0.994117647,0.585616438,0.582171636,1.011072388,62.223545074,17.396306992,0.737723172,0.999998450,-0.001742914,0.000097501,0.000231420
1034,108.837000000,fused_map_f2f,1,1,0,0.059177999,0.014819526,1.000000000,1.000000000,0.100000000,0.010989011,0.010989011,0.036088969,0.002770083,1.000000000,0.000000000,0.000000000,0.000000000,0.000000000,0.000000000,0.486842105,0.233708315,0.385588589,1.000000000,0.994577497,0.579661017,0.576517803,1.010883927,62.289802551,17.396919250,0.737897813,0.999998569,-0.001674443,0.000059631,0.000244029
1035,108.913000000,fused_map_f2f,1,1,0,0.058275757,0.030715305,1.000000000,1.000000000,0.100000000,0.010989011,0.010989011,0.036107437,0.002770083,1.000000000,0.000000000,0.000000000,0.000000000,0.000000000,0.000000000,0.462500000,0.233462628,0.370885051,1.000000000,0.996831145,0.594501718,0.592617829,1.011420594,62.343017578,17.396995544,0.737671435,0.999998569,-0.001677030,0.000110148,0.000229797
1036,109.029000000,fused_map_f2f,1,1,0,0.057309568,0.011660033,1.000000000,1.000000000,0.100000000,0.010989011,0.010989011,0.036123236,0.002770083,1.000000000,0.000000000,0.000000000,0.000000000,0.000000000,0.000000000,0.500000000,0.206772843,0.382709137,1.000000000,0.995464853,0.609154930,0.606392322,1.011879744,62.429374695,17.396755219,0.737519205,0.999998629,-0.001648231,0.000103984,0.000210673
1037,109.144000000,fused_map_f2f,1,1,0,0.055315876,0.021528448,1.000000000,1.000000000,0.100000000,0.010989011,0.010989011,0.036122437,0.002770083,1.000000000,0.000000000,0.000000000,0.000000000,0.000000000,0.000000000,0.487179487,0.184190617,0.365983939,1.000000000,0.994579946,0.608996540,0.605695746,1.011856525,62.604774475,17.396572113,0.737564623,0.999998569,-0.001688402,0.000092658,0.000222652
1038,109.226000000,fused_map_f2f,1,1,0,0.055770957,0.011548600,1.000000000,1.000000000,0.100000000,0.010989011,0.010989011,0.036099659,0.002770083,1.000000000,0.000000000,0.000000000,0.000000000,0.000000000,0.000000000,0.487500000,0.288366497,0.407846599,1.000000000,0.994560290,0.589041096,0.585836883,1.011194563,62.649414062,17.397001266,0.737341583,0.999998748,-0.001570592,0.000087261,0.000206268
1039,109.336000000,fused_map_f2f,1,1,0,0.054337761,0.017076839,1.000000000,1.000000000,0.100000000,0.010989011,0.010989011,0.036099265,0.002770083,1.000000000,0.000000000,0.000000000,0.000000000,0.000000000,0.000000000,0.487179487,0.215776825,0.378618422,1.000000000,0.996366939,0.587628866,0.585493975,1.011183132,62.780460358,17.396665573,0.737553537,0.999998331,-0.001811176,0.000076608,0.000190409
1040,109.418000000,fused_map_f2f,1,1,0,0.054028772,0.014905109,1.000000000,1.000000000,0.100000000,0.010989011,0.010989011,0.036097675,0.002770083,1.000000000,0.000000000,0.000000000,0.000000000,0.000000000,0.000000000,0.493506494,0.241240097,0.392599935,1.000000000,0.995020371,0.587030717,0.584107522,1.011136917,62.830764771,17.396547318,0.737726986,0.999998569,-0.001670994,0.000091269,0.000179109
1041,109.528000000,fused_map_f2f,1,1,0,0.054627984,0.015780616,1.000000000,1.000000000,0.100000000,0.010989011,0.010989011,0.036119837,0.002770083,1.000000000,0.000000000,0.000000000,0.000000000,0.000000000,0.000000000,0.443037975,0.229979746,0.357814683,1.000000000,0.994088222,0.607017544,0.603428991,1.011780966,62.883918762,17.397197723,0.737563968,0.999998569,-0.001677766,0.000070835,0.000244511
1042,109.613000000,fused_map_f2f,1,1,0,0.052883962,0.011448929,1.000000000,1.000000000,0.100000000,0.010989011,0.010989011,0.036089605,0.002770083,1.000000000,0.000000000,0.000000000,0.000000000,0.000000000,0.000000000,0.500000000,0.224401175,0.389760470,1.000000000,0.993656547,0.580756014,0.577072015,1.010902401,62.971679688,17.396820068,0.737660944,0.999998569,-0.001675757,0.000099760,0.000205859
1043,109.732000000,fused_map_f2f,1,1,0,0.051910530,0.017101223,1.000000000,1.000000000,0.100000000,0.010989011,0.010989011,0.036115777,0.002770083,1.000000000,0.000000000,0.000000000,0.000000000,0.000000000,0.000000000,0.468354430,0.248368070,0.380359886,1.000000000,0.994101633,0.603448276,0.599888917,1.011662964,63.027858734,17.397199631,0.737240374,0.999998569,-0.001692555,0.000090181,0.000197421
1044,109.819000000,fused_map_f2f,1,1,0,0.052331506,0.012113926,1.000000000,1.000000000,0.100000000,0.010989011,0.010989011,0.036099140,0.002770083,1.000000000,0.000000000,0.000000000,0.000000000,0.000000000,0.000000000,0.487500000,0.221356014,0.381042406,1.000000000,0.996826836,0.587248322,0.585384887,1.011179496,63.065773010,17.397794724,0.737137437,0.999998689,-0.001601182,0.000122122,0.000184323
1045,109.943000000,fused_map_f2f,1,1,0,0.050792072,0.015448196,1.000000000,1.000000000,0.100000000,0.010989011,0.010989011,0.036117330,0.002770083,1.000000000,0.000000000,0.000000000,0.000000000,0.000000000,0.000000000,0.463414634,0.219261710,0.365753465,1.000000000,0.994101633,0.604810997,0.601243600,1.011708120,63.163677216,17.397575378,0.737484992,0.999998569,-0.001660767,0.000111942,0.000195644
1046,110.038000000,fused_map_f2f,1,1,0,0.050103820,0.021649349,1.000000000,1.000000000,0.100000000,0.010989011,0.010989011,0.036112946,0.002770083,1.000000000,0.000000000,0.000000000,0.000000000,0.000000000,0.000000000,0.512820513,0.198829993,0.387224305,1.000000000,0.994550409,0.600694444,0.597420905,1.011580697,63.191493988,17.397735596,0.737544596,0.999998629,-0.001643343,0.000064699,0.000197261
1047,110.140000000,fused_map_f2f,1,1,0,0.050358463,0.024421813,1.000000000,1.000000000,0.100000000,0.010989011,0.010989011,0.036097370,0.002770083,1.000000000,0.000000000,0.000000000,0.000000000,0.000000000,0.000000000,0.445783133,0.269610402,0.375314040,1.000000000,0.994567678,0.587030717,0.583841777,1.011128059,63.228919983,17.397087097,0.737485886,0.999998391,-0.001774956,0.000096779,0.000196062
1048,110.225000000,fused_map_f2f,1,1,0,0.051751280,0.018514511,1.000000000,1.000000000,0.100000000,0.010989011,0.010989011,0.036100268,0.002770083,1.000000000,0.000000000,0.000000000,0.000000000,0.000000000,0.000000000,0.500000000,0.241561921,0.396624768,1.000000000,0.995462795,0.589041096,0.586368496,1.011212283,63.255340576,17.396503448,0.737306893,0.999998271,-0.001816211,0.000106122,0.000265622
1049,110.330000000,fused_map_f2f,1,1,0,0.051981108,0.014696745,1.000000000,1.000000000,0.100000000,0.010989011,0.010989011,0.036095395,0.002770083,1.000000000,0.000000000,0.000000000,0.000000000,0.000000000,0.000000000,0.480519481,0.239633330,0.384165020,1.000000000,0.995458674,0.584775087,0.582119432,1.011070648,63.288185120,17.396654129,0.737418771,0.999998331,-0.001792368,0.000143295,0.000247996
1050,110.418000000,fused_map_f2f,1,1,0,0.049519957,0.019210864,1.000000000,1.000000000,0.100000000,0.010989011,0.010989011,0.036095814,0.002770083,1.000000000,0.000000000,0.000000000,0.000000000,0.000000000,0.000000000,0.474358974,0.216151872,0.371076133,1.000000000,0.993650794,0.586206897,0.582484948,1.011082832,63.361778259,17.397457123,0.737068176,0.999998331,-0.001822378,0.000098893,0.000175041
1051,110.530000000,fused_map_f2f,1,1,0,0.050402203,0.020745398,1.000000000,1.000000000,0.100000000,0.010989011,0.010989011,0.036113235,0.002770083,1.000000000,0.000000000,0.000000000,0.000000000,0.000000000,0.000000000,0.486842105,0.223847852,0.381644404,1.000000000,0.995009074,0.600671141,0.597673236,1.011589108,63.408370972,17.396942139,0.736733675,0.999998033,-0.001971030,0.000107935,0.000164901
1052,110.614000000,fused_map_f2f,1,1,0,0.050014889,0.026944559,1.000000000,1.000000000,0.100000000,0.010989011,0.010989011,0.036123121,0.002770083,1.000000000,0.000000000,0.000000000,0.000000000,0.000000000,0.000000000,0.456790123,0.273516973,0.383480863,1.000000000,0.993645030,0.610169492,0.606291882,1.011876396,63.437709808,17.397357941,0.736546040,0.999998033,-0.001966770,0.000116604,0.000153496
1053,110.726000000,fused_map_f2f,1,1,0,0.051598467,0.021771437,1.000000000,1.000000000,0.100000000,0.010989011,0.010989011,0.036139528,0.002770083,1.000000000,0.000000000,0.000000000,0.000000000,0.000000000,0.000000000,0.481012658,0.278893016,0.400164801,1.000000000,0.992272727,0.625429553,0.620596689,1.012353223,63.468978882,17.397369385,0.736336529,0.999997854,-0.002044793,0.000142156,0.000195028
1054,110.836000000,fused_map_f2f,1,1,0,0.051743609,0.021626340,1.000000000,1.000000000,0.100000000,0.010989011,0.010989011,0.036135455,0.002770083,1.000000000,0.000000000,0.000000000,0.000000000,0.000000000,0.000000000,0.506666667,0.244125393,0.401650157,1.000000000,0.995454545,0.619863014,0.617045455,1.012234848,63.499732971,17.397224426,0.736193657,0.999997616,-0.002167866,0.000167787,0.000179030
1055,110.914000000,fused_map_f2f,1,1,0,0.050162118,0.013858504,1.000000000,1.000000000,0.100000000,0.010989011,0.010989011,0.036150707,0.002770083,1.000000000,0.000000000,0.000000000,0.000000000,0.000000000,0.000000000,0.481012658,0.226828215,0.379338881,1.000000000,0.995460735,0.633217993,0.630343649,1.012678122,63.542903900,17.397573471,0.736588418,0.999998093,-0.001926837,0.000127512,0.000153317
1056,111.021000000,fused_map_f2f,1,1,0,0.050366958,0.014240847,1.000000000,1.000000000,0.100000000,0.010989011,0.010989011,0.036161143,0.002770083,1.000000000,0.000000000,0.000000000,0.000000000,0.000000000,0.000000000,0.475000000,0.210615101,0.369246040,1.000000000,0.995456611,0.642361111,0.639442614,1.012981420,63.578380585,17.397455215,0.736395240,0.999997914,-0.002026779,0.000130802,0.000133070
1057,111.117000000,fused_map_f2f,1,1,0,0.050564982,0.014169771,1.000000000,1.000000000,0.100000000,0.010989011,0.010989011,0.036170296,0.002770083,1.000000000,0.000000000,0.000000000,0.000000000,0.000000000,0.000000000,0.487500000,0.241082280,0.388932912,1.000000000,0.993639255,0.651567944,0.647423487,1.013247450,63.611438751,17.397445679,0.736668646,0.999998033,-0.001959475,0.000130347,0.000130082
1058,111.216000000,fused_map_f2f,1,1,0,0.051437025,0.023069645,1.000000000,1.000000000,0.100000000,0.010989011,0.010989011,0.036145182,0.002770083,1.000000000,0.000000000,0.000000000,0.000000000,0.000000000,0.000000000,0.493670886,0.225253678,0.386304003,1.000000000,0.994080146,0.629251701,0.625526622,1.012517554,63.645099640,17.398048401,0.736289740,0.999998212,-0.001877802,0.000110675,0.000118938
1059,111.326000000,fused_map_f2f,1,1,0,0.051986799,0.015758544,1.000000000,1.000000000,0.100000000,0.010989011,0.010989011,0.036157942,0.002770083,1.000000000,0.000000000,0.000000000,0.000000000,0.000000000,0.000000000,0.487500000,0.205416165,0.374666466,1.000000000,0.994552882,0.640138408,0.636651499,1.012888383,63.680999756,17.397258759,0.735791504,0.999997616,-0.002164950,0.000147023,0.000137812
1060,111.436000000,fused_map_f2f,1,1,0,0.050282605,0.025978423,1.000000000,1.000000000,0.100000000,0.010989011,0.010989011,0.036126430,0.002770083,1.000000000,0.000000000,0.000000000,0.000000000,0.000000000,0.000000000,0.455696203,0.220006637,0.361420377,1.000000000,0.994988610,0.612244898,0.609176700,1.011972557,63.793720245,17.398422241,0.736505747,0.999998212,-0.001865586,0.000120683,0.000123705
1061,111.514000000,fused_map_f2f,1,1,0,0.051133632,0.013379182,1.000000000,1.000000000,0.100000000,0.010989011,0.010989011,0.036133363,0.002770083,1.000000000,0.000000000,0.000000000,0.000000000,0.000000000,0.000000000,0.480519481,0.192040922,0.365128057,1.000000000,0.995910950,0.617747440,0.615221440,1.012174048,63.832355499,17.398515701,0.736490011,0.999998271,-0.001832373,0.000128607,0.000137303
1062,111.625000000,fused_map_f2f,1,1,0,0.051789526,0.012404012,1.000000000,1.000000000,0.100000000,0.010989011,0.010989011,0.036126113,0.002770083,1.000000000,0.000000000,0.000000000,0.000000000,0.000000000,0.000000000,0.493506494,0.271201580,0.404584528,1.000000000,0.995450409,0.611683849,0.608900938,1.011963365,63.869789124,17.398717880,0.736104727,0.999998093,-0.001926226,0.000156521,0.000134003
1063,111.734000000,fused_map_f2f,1,1,0,0.050374034,0.019451426,1.000000000,1.000000000,0.100000000,0.010989011,0.010989011,0.036089413,0.002770083,1.000000000,0.000000000,0.000000000,0.000000000,0.000000000,0.000000000,0.456790123,0.203850184,0.355614148,1.000000000,0.993194192,0.580858086,0.576904877,1.010896829,63.987865448,17.397823334,0.736030757,0.999997854,-0.002071047,0.000119375,0.000116946
1064,111.813000000,fused_map_f2f,1,1,0,0.049215624,0.012524128,1.000000000,1.000000000,0.100000000,0.010989011,0.010989011,0.036113228,0.002770083,1.000000000,0.000000000,0.000000000,0.000000000,0.000000000,0.000000000,0.487804878,0.181428638,0.365254382,1.000000000,0.994979461,0.600682594,0.597666844,1.011588895,64.037750244,17.398992538,0.736438513,0.999998152,-0.001916821,0.000121441,0.000093564
1065,111.918000000,fused_map_f2f,1,1,0,0.052608489,0.014258862,1.000000000,1.000000000,0.100000000,0.010989011,0.010989011,0.036113486,0.002770083,1.000000000,0.000000000,0.000000000,0.000000000,0.000000000,0.000000000,0.468354430,0.271396061,0.389571083,1.000000000,0.990888383,0.603389831,0.597891973,1.011596399,64.086784363,17.398832321,0.736353993,0.999998212,-0.001887803,0.000108223,0.000086858
1066,112.029000000,fused_map_f2f,1,1,0,0.050889743,0.016524307,1.000000000,1.000000000,0.100000000,0.010989011,0.010989011,0.036101317,0.002770083,1.000000000,0.000000000,0.000000000,0.000000000,0.000000000,0.000000000,0.506493506,0.228061352,0.395120645,1.000000000,0.989990901,0.593220339,0.587282738,1.011242758,64.164192200,17.398975372,0.736136079,0.999998033,-0.001975168,0.000122068,0.000116388
1067,112.137000000,fused_map_f2f,1,1,0,0.051137184,0.022123458,1.000000000,1.000000000,0.100000000,0.010989011,0.010989011,0.036102335,0.002770083,1.000000000,0.000000000,0.000000000,0.000000000,0.000000000,0.000000000,0.500000000,0.178371500,0.371348600,1.000000000,0.990424077,0.593856655,0.588169929,1.011272331,64.226432800,17.399211884,0.736323178,0.999998212,-0.001871379,0.000127235,0.000112689
1068,112.241000000,fused_map_f2f,1,1,0,0.052503056,0.017993727,1.000000000,1.000000000,0.100000000,0.010989011,0.010989011,0.036122265,0.002770083,1.000000000,0.000000000,0.000000000,0.000000000,0.000000000,0.000000000,0.527027027,0.188789941,0.391732193,1.000000000,0.990892532,0.611111111,0.605545436,1.011851515,64.276382446,17.399015427,0.736376107,0.999998212,-0.001879039,0.000117365,0.000130542
1069,112.320000000,fused_map_f2f,1,1,0,0.052426373,0.018798736,1.000000000,1.000000000,0.100000000,0.010989011,0.010989011,0.036103081,0.002770083,1.000000000,0.000000000,0.000000000,0.000000000,0.000000000,0.000000000,0.455696203,0.226504158,0.364019385,1.000000000,0.991347905,0.593959732,0.588820736,1.011294025,64.378288269,17.399488449,0.735753417,0.999998331,-0.001819590,0.000110966,0.000084785
1070,112.427000000,fused_map_f2f,1,1,0,0.052355349,0.020488562,1.000000000,1.000000000,0.100000000,0.010989011,0.010989011,0.036109009,0.002770083,1.000000000,0.000000000,0.000000000,0.000000000,0.000000000,0.000000000,0.525641026,0.245612989,0.413629811,1.000000000,0.989981785,0.600000000,0.593989071,1.011466302,64.442237854,17.400260925,0.735898614,0.999998271,-0.001847247,0.000116616,0.000109602
1071,112.539000000,fused_map_f2f,1,1,0,0.051075939,0.015767539,1.000000000,1.000000000,0.100000000,0.010989011,0.010989011,0.036101820,0.002770083,1.000000000,0.000000000,0.000000000,0.000000000,0.000000000,0.000000000,0.475000000,0.197894605,0.364157842,1.000000000,0.994088222,0.591216216,0.587721077,1.011257369,64.557731628,17.400136948,0.735601485,0.999998271,-0.001836620,0.000111647,0.000113554
1072,112.627000000,fused_map_f2f,1,1,0,0.050012052,0.017543442,1.000000000,1.000000000,0.100000000,0.010989011,0.010989011,0.036087806,0.002770083,1.000000000,0.000000000,0.000000000,0.000000000,0.000000000,0.000000000,0.475000000,0.239456364,0.380782546,1.000000000,0.992248062,0.580000000,0.575503876,1.010850129,64.613327026,17.400121689,0.736186504,0.999998391,-0.001792520,0.000119124,0.000109162
1073,112.734000000,fused_map_f2f,1,1,0,0.052714581,0.031725476,1.000000000,1.000000000,0.100000000,0.010989011,0.010989011,0.036100037,0.002770083,1.000000000,0.000000000,0.000000000,0.000000000,0.000000000,0.000000000,0.469135802,0.260891089,0.385837917,1.000000000,0.990419708,0.591836735,0.586166766,1.011205559,64.678901672,17.400320053,0.736049473,0.999998331,-0.001816217,0.000132297,0.000135925
1074,112.817000000,fused_map_f2f,1,1,0,0.051368715,0.015875198,1.000000000,1.000000000,0.100000000,0.010989011,0.010989011,0.036102535,0.002770083,1.000000000,0.000000000,0.000000000,0.000000000,0.000000000,0.000000000,0.462500000,0.291851106,0.394240442,1.000000000,0.991780822,0.593220339,0.588344555,1.011278152,64.744865417,17.400863647,0.735526025,0.999998569,-0.001674612,0.000133752,0.000073269
1075,112.936000000,fused_map_f2f,1,1,0,0.051630964,0.026430805,1.000000000,1.000000000,0.100000000,0.010989011,0.010989011,0.036111474,0.002770083,1.000000000,0.000000000,0.000000000,0.000000000,0.000000000,0.000000000,0.460526316,0.241111031,0.372760202,1.000000000,0.989046098,0.602739726,0.596137374,1.011537912,64.837127686,17.400794983,0.735257089,0.999998569,-0.001663495,0.000116232,0.000072191
1076,113.015000000,fused_map_f2f,1,1,0,0.053236940,0.013874049,1.000000000,1.000000000,0.100000000,0.010989011,0.010989011,0.036096664,0.002770083,1.000000000,0.000000000,0.000000000,0.000000000,0.000000000,0.000000000,0.474358974,0.198521583,0.364024018,1.000000000,0.991814461,0.588039867,0.583226444,1.011107548,64.894615173,17.401065826,0.735084355,0.999998510,-0.001724402,0.000119494,0.000088226
1077,113.125000000,fused_map_f2f,1,1,0,0.050416255,0.015022363,1.000000000,1.000000000,0.100000000,0.010989011,0.010989011,0.036137872,0.002770083,1.000000000,0.000000000,0.000000000,0.000000000,0.000000000,0.000000000,0.487179487,0.225397332,0.382466625,1.000000000,0.991340018,0.624561404,0.619152713,1.012305090,65.035461426,17.401542664,0.735636532,0.999998689,-0.001605939,0.000120660,0.000094711
1078,113.234000000,fused_map_f2f,1,1,0,0.050290855,0.012007684,1.000000000,1.000000000,0.100000000,0.010989011,0.010989011,0.036119890,0.002770083,1.000000000,0.000000000,0.000000000,0.000000000,0.000000000,0.000000000,0.475000000,0.200605834,0.365242334,1.000000000,0.990933817,0.608996540,0.603475266,1.011782509,65.183380127,17.400920868,0.735261261,0.999998391,-0.001795321,0.000101995,0.000090921
1079,113.314000000,fused_map_f2f,1,1,0,0.051220907,0.019282052,1.000000000,1.000000000,0.100000000,0.010989011,0.010989011,0.036109474,0.002770083,1.000000000,0.000000000,0.000000000,0.000000000,0.000000000,0.000000000,0.468354430,0.213364600,0.366358498,1.000000000,0.989531179,0.600682594,0.594394155,1.011479805,65.238723755,17.400997162,0.735389948,0.999998331,-0.001801387,0.000103788,0.000079735
1080,113.436000000,fused_map_f2f,1,1,0,0.050894389,0.019577910,1.000000000,1.000000000,0.100000000,0.010989011,0.010989011,0.036123729,0.002770083,1.000000000,0.000000000,0.000000000,0.000000000,0.000000000,0.000000000,0.475000000,0.191218724,0.361487490,1.000000000,0.990445860,0.612676056,0.606822463,1.011894082,65.369285583,17.401376724,0.735203564,0.999998391,-0.001782750,0.000099543,0.000082761
1081,113.522000000,fused_map_f2f,1,1,0,0.049953740,0.014435501,1.000000000,1.000000000,0.100000000,0.010989011,0.010989011,0.036121527,0.002770083,1.000000000,0.000000000,0.000000000,0.000000000,0.000000000,0.000000000,0.493333333,0.209458089,0.379783235,1.000000000,0.989521640,0.611307420,0.604901921,1.011830064,65.420112610,17.401641846,0.735554695,0.999998569,-0.001671204,0.000072850,0.000133095
1082,113.632000000,fused_map_f2f,1,1,0,0.053197427,0.018259415,1.000000000,1.000000000,0.100000000,0.010989011,0.010989011,0.036119427,0.002770083,1.000000000,0.000000000,0.000000000,0.000000000,0.000000000,0.000000000,0.493827160,0.255984411,0.398690061,1.000000000,0.990013618,0.609154930,0.603071676,1.011769056,65.484931946,17.401851654,0.735610187,0.999998569,-0.001697619,0.000086240,0.000061330
1083,113.742000000,fused_map_f2f,1,1,0,0.051999473,0.017488936,1.000000000,1.000000000,0.100000000,0.010989011,0.010989011,0.036125240,0.002770083,1.000000000,0.000000000,0.000000000,0.000000000,0.000000000,0.000000000,0.445783133,0.255047566,0.369488906,1.000000000,0.989100817,0.614840989,0.608139725,1.011937991,65.586975098,17.401514053,0.735735536,0.999998689,-0.001617893,0.000099141,0.000054118
1084,113.825000000,fused_map_f2f,1,1,0,0.053412397,0.015497799,1.000000000,1.000000000,0.100000000,0.010989011,0.010989011,0.036120621,0.002770083,1.000000000,0.000000000,0.000000000,0.000000000,0.000000000,0.000000000,0.487500000,0.274711478,0.402384591,1.000000000,0.990463215,0.609929078,0.604112316,1.011803744,65.630012512,17.401712418,0.735050917,0.999998868,-0.001501669,0.000179939,0.000061340
1085,113.927000000,fused_map_f2f,1,1,0,0.053759237,0.022946819,1.000000000,1.000000000,0.100000000,0.010989011,0.010989011,0.036106510,0.002770083,1.000000000,0.000000000,0.000000000,0.000000000,0.000000000,0.000000000,0.500000000,0.173611711,0.369444684,1.000000000,0.988631196,0.598615917,0.591810370,1.011393679,65.684272766,17.401617050,0.735118806,0.999998689,-0.001595548,0.000197030,0.000064982
1086,114.038000000,fused_map_f2f,1,1,0,0.053102626,0.021209849,1.000000000,1.000000000,0.100000000,0.010989011,0.010989011,0.036081929,0.002770083,1.000000000,0.000000000,0.000000000,0.000000000,0.000000000,0.000000000,0.506666667,0.231963490,0.396785396,1.000000000,0.990480508,0.575862069,0.570380154,1.010679338,65.782135010,17.401805878,0.736003339,0.999998748,-0.001575999,0.000098158,0.000053944
1087,114.128000000,fused_map_f2f,1,1,0,0.053246820,0.020135037,1.000000000,1.000000000,0.100000000,0.010989011,0.010989011,0.036082234,0.002770083,1.000000000,0.000000000,0.000000000,0.000000000,0.000000000,0.000000000,0.456790123,0.222801746,0.363194772,1.000000000,0.990942029,0.575862069,0.570645927,1.010688198,65.832778931,17.401763916,0.736180365,0.999998689,-0.001598683,0.000094680,0.000034762
1088,114.220000000,fused_map_f2f,1,1,0,0.055688011,0.021927753,1.000000000,1.000000000,0.100000000,0.010989011,0.010989011,0.036087070,0.002770083,1.000000000,0.000000000,0.000000000,0.000000000,0.000000000,0.000000000,0.462500000,0.208947986,0.361079194,1.000000000,0.986449864,0.582758621,0.574862162,1.010828739,65.879905701,17.400939941,0.735965967,0.999998450,-0.001741122,0.000146402,0.000063018
1089,114.323000000,fused_map_f2f,1,1,0,0.054770494,0.021904404,1.000000000,1.000000000,0.100000000,0.010989011,0.010989011,0.036083441,0.002770083,1.000000000,0.000000000,0.000000000,0.000000000,0.000000000,0.000000000,0.520000000,0.212850829,0.397140332,1.000000000,0.992769995,0.575862069,0.571698584,1.010723286,65.951812744,17.402435303,0.735137463,0.999998808,-0.001522630,0.000100518,0.000038196
1090,114.432000000,fused_map_f2f,1,1,0,0.054102251,0.021972740,1.000000000,1.000000000,0.100000000,0.010989011,0.010989011,0.036059884,0.002770083,1.000000000,0.000000000,0.000000000,0.000000000,0.000000000,0.000000000,0.493827160,0.219988591,0.384291733,1.000000000,0.992756904,0.555183946,0.551162696,1.010038757,66.038993835,17.402334213,0.735477924,0.999998748,-0.001556462,0.000083501,0.000026895
1091,114.515000000,fused_map_f2f,1,1,0,0.057371475,0.024775244,1.000000000,1.000000000,0.100000000,0.010989011,0.010989011,0.036051914,0.002770083,1.000000000,0.000000000,0.000000000,0.000000000,0.000000000,0.000000000,0.457831325,0.208727919,0.358189963,1.000000000,0.992779783,0.548172757,0.544214831,1.009807161,66.088958740,17.402259827,0.735283315,0.999998748,-0.001564643,0.000088870,0.000028903
1092,114.628000000,fused_map_f2f,1,1,0,0.055852676,0.015716042,1.000000000,1.000000000,0.100000000,0.010989011,0.010989011,0.036068379,0.002770083,1.000000000,0.000000000,0.000000000,0.000000000,0.000000000,0.000000000,0.469135802,0.244769310,0.379389206,1.000000000,0.990036232,0.564189189,0.558567739,1.010285591,66.231796265,17.403192520,0.735574424,0.999998987,-0.001431119,0.000078032,0.000003284
1093,114.717000000,fused_map_f2f,1,1,0,0.057963969,0.014371762,1.000000000,1.000000000,0.100000000,0.010989011,0.010989011,0.036095035,0.002770083,1.000000000,0.000000000,0.000000000,0.000000000,0.000000000,0.000000000,0.487500000,0.245269268,0.390607707,1.000000000,0.991873589,0.586572438,0.581805710,1.011060190,66.278091431,17.403245926,0.735722363,0.999998927,-0.001462024,0.000111396,0.000005616
1094,114.840000000,fused_map_f2f,1,1,0,0.057536855,0.018761204,1.000000000,1.000000000,0.100000000,0.010989011,0.010989011,0.036067299,0.002770083,1.000000000,0.000000000,0.000000000,0.000000000,0.000000000,0.000000000,0.500000000,0.219953181,0.387981273,1.000000000,0.990962494,0.562711864,0.557626353,1.010254212,66.394905090,17.403167725,0.735745728,0.999998987,-0.001413601,0.000075430,0.000006221
1095,114.926000000,fused_map_f2f,1,1,0,0.058176737,0.026264018,1.000000000,1.000000000,0.100000000,0.010989011,0.010989011,0.036088608,0.002770083,1.000000000,0.000000000,0.000000000,0.000000000,0.000000000,0.000000000,0.512820513,0.297792983,0.426809501,1.000000000,0.993690852,0.579861111,0.576202681,1.010873423,66.448249817,17.402803421,0.735389233,0.999998868,-0.001514574,0.000075229,0.000009221
1096,115.014000000,fused_map_f2f,1,1,0,0.057879038,0.020542169,1.000000000,1.000000000,0.100000000,0.010989011,0.010989011,0.036062600,0.002770083,1.000000000,0.000000000,0.000000000,0.000000000,0.000000000,0.000000000,0.474358974,0.163311883,0.349940138,1.000000000,0.989644304,0.559322034,0.553529865,1.010117662,66.590576172,17.402528763,0.735517263,0.999998808,-0.001550272,0.000063421,0.000012973
1097,115.124000000,fused_map_f2f,1,1,0,0.058986850,0.018746211,1.000000000,1.000000000,0.100000000,0.010989011,0.010989011,0.036102367,0.002770083,1.000000000,0.000000000,0.000000000,0.000000000,0.000000000,0.000000000,0.520000000,0.237453435,0.406981374,1.000000000,0.992796038,0.592465753,0.588197653,1.011273255,66.644744873,17.402837753,0.735157847,0.999998868,-0.001487565,0.000062606,0.000009196
1098,115.229000000,fused_map_f2f,1,1,0,0.062263863,0.016871487,0.991038875,0.991038875,0.100000000,0.011087274,0.011087274,0.036395806,0.002795061,1.000000000,0.000000000,0.000000000,0.000000000,0.000000000,0.000000000,0.487179487,0.231648739,0.384967188,1.000000000,0.992369838,0.574324324,0.569942137,1.010664738,66.693923950,17.402692795,0.735405385,0.999998629,-0.001636182,0.000122111,0.000059223
1099,115.332000000,fused_map_f2f,1,1,0,0.058167863,0.014405421,1.000000000,1.000000000,0.100000000,0.010989011,0.010989011,0.036089204,0.002770083,1.000000000,0.000000000,0.000000000,0.000000000,0.000000000,0.000000000,0.493506494,0.187879453,0.371255677,1.000000000,0.991035410,0.581939799,0.576722948,1.010890765,66.774139404,17.403238297,0.735464990,0.999998569,-0.001676284,0.000064013,0.000001440
1100,115.413000000,fused_map_f2f,1,1,0,0.059432788,0.017266539,1.000000000,1.000000000,0.100000000,0.010989011,0.010989011,0.036102577,0.002770083,1.000000000,0.000000000,0.000000000,0.000000000,0.000000000,0.000000000,0.493506494,0.241525954,0.392714278,1.000000000,0.990608229,0.593959732,0.588381398,1.011279380,66.817543030,17.403629303,0.735628963,0.999998808,-0.001546410,0.000049803,0.000046349
1101,115.518000000,fused_map_f2f,1,1,0,0.063823381,0.012938979,0.984865785,0.984865785,0.100000000,0.011155993,0.011155993,0.036656639,0.002812531,1.000000000,0.000000000,0.000000000,0.000000000,0.000000000,0.000000000,0.500000000,0.251022425,0.400408970,1.000000000,0.992857143,0.609589041,0.605234834,1.011841161,66.878524780,17.403921127,0.735255122,0.999998689,-0.001610596,0.000079136,-0.000006661
1102,115.617000000,fused_map_f2f,1,1,0,0.061390171,0.013904757,0.994497241,0.994497241,0.100000000,0.011049144,0.011049144,0.036309478,0.002785368,1.000000000,0.000000000,0.000000000,0.000000000,0.000000000,0.000000000,0.456790123,0.260709435,0.378357848,1.000000000,0.991075413,0.606271777,0.600861052,1.011695368,66.965126038,17.403614044,0.735197842,0.999998510,-0.001708648,0.000087318,-0.000018934
1103,115.730000000,fused_map_f2f,1,1,0,0.063896721,0.018260072,0.984575478,0.984575478,0.100000000,0.011159246,0.011159246,0.036653177,0.002813358,1.000000000,0.000000000,0.000000000,0.000000000,0.000000000,0.000000000,0.513513514,0.210604663,0.392349973,1.000000000,0.988854213,0.600000000,0.593312528,1.011443751,67.040863037,17.403038025,0.734681308,0.999998569,-0.001694973,0.000085846,-0.000020990
1104,115.817000000,fused_map_f2f,1,1,0,0.065245731,0.015100976,0.979235650,0.979235650,0.100000000,0.011219415,0.011219415,0.036850060,0.002828656,1.000000000,0.000000000,0.000000000,0.000000000,0.000000000,0.000000000,0.451219512,0.231192214,0.363208593,1.000000000,0.990641711,0.602693603,0.597053422,1.011568447,67.089591980,17.403244019,0.734518230,0.999998391,-0.001784433,0.000123058,0.000080333
1105,115.934000000,fused_map_f2f,1,1,0,0.064661955,0.015159340,0.981546428,0.981546428,0.100000000,0.011193297,0.011193297,0.036774239,0.002822015,1.000000000,0.000000000,0.000000000,0.000000000,0.000000000,0.000000000,0.467532468,0.256850318,0.383259608,1.000000000,0.991532977,0.608843537,0.603688445,1.011789615,67.171020508,17.404180527,0.734726787,0.999998748,-0.001563674,0.000089087,-0.000036170
1106,116.033000000,fused_map_f2f,1,1,0,0.064297306,0.022207054,0.982989828,0.982989828,0.100000000,0.011177045,0.011177045,0.036716110,0.002817883,1.000000000,0.000000000,0.000000000,0.000000000,0.000000000,0.000000000,0.462500000,0.233868228,0.371047291,1.000000000,0.988439306,0.605442177,0.598442845,1.011614762,67.228736877,17.404148102,0.734542429,0.999998629,-0.001651344,0.000096979,-0.000028916
1107,116.133000000,fused_map_f2f,1,1,0,0.066748319,0.021832242,0.973287905,0.973287905,0.100000000,0.011287203,0.011287203,0.037069690,0.002845892,1.000000000,0.000000000,0.000000000,0.000000000,0.000000000,0.000000000,0.468354430,0.208753670,0.364514126,1.000000000,0.988879004,0.606164384,0.599423232,1.011647441,67.282157898,17.404329300,0.734472454,0.999998689,-0.001595785,0.000121748,-0.000046061
1108,116.220000000,fused_map_f2f,1,1,0,0.064886408,0.020959282,0.980657968,0.980657968,0.100000000,0.011203325,0.011203325,0.036827782,0.002824565,1.000000000,0.000000000,0.000000000,0.000000000,0.000000000,0.000000000,0.474358974,0.248177211,0.383886269,1.000000000,0.989791389,0.628472222,0.622056394,1.012401880,67.377998352,17.404466629,0.734657645,0.999998510,-0.001707280,0.000081239,-0.000059179
1109,116.328000000,fused_map_f2f,1,1,0,0.064531369,0.015741319,0.982063331,0.982063331,0.100000000,0.011187472,0.011187472,0.036773496,0.002820534,1.000000000,0.000000000,0.000000000,0.000000000,0.000000000,0.000000000,0.481012658,0.249575634,0.388437848,1.000000000,0.991134752,0.624573379,0.619036381,1.012301213,67.434799194,17.405040741,0.734741032,0.999998629,-0.001625063,0.000098753,-0.000097529
1110,116.436000000,fused_map_f2f,1,1,0,0.067581305,0.024477154,0.969990667,0.969990667,0.100000000,0.011325136,0.011325136,0.037211474,0.002855539,1.000000000,0.000000000,0.000000000,0.000000000,0.000000000,0.000000000,0.481012658,0.222128013,0.377458800,1.000000000,0.991596639,0.621993127,0.616766294,1.012225543,67.491226196,17.403949738,0.734409332,0.999998391,-0.001779159,0.000089287,-0.000044807
1111,116.519000000,fused_map_f2f,1,1,0,0.065246352,0.022173050,0.979233191,0.979233191,0.100000000,0.011219443,0.011219443,0.036887272,0.002828663,1.000000000,0.000000000,0.000000000,0.000000000,0.000000000,0.000000000,0.486842105,0.213206932,0.377388036,1.000000000,0.991563055,0.634146341,0.628796084,1.012626536,67.576713562,17.404764175,0.734476805,0.999998629,-0.001658971,0.000081682,-0.000076224
1112,116.637000000,fused_map_f2f,1,1,0,0.063682164,0.011667711,0.985424767,0.985424767,0.100000000,0.011149735,0.011149735,0.036653939,0.002810940,1.000000000,0.000000000,0.000000000,0.000000000,0.000000000,0.000000000,0.480519481,0.178097124,0.359550538,1.000000000,0.992904656,0.624573379,0.620141816,1.012338061,67.637992859,17.404224396,0.734151900,0.999998331,-0.001811486,0.000092049,-0.000070697
1113,116.742000000,fused_map_f2f,1,1,0,0.068597865,0.010479873,0.965966783,0.965966783,0.100000000,0.011371776,0.011371776,0.037365743,0.002867400,1.000000000,0.000000000,0.000000000,0.000000000,0.000000000,0.000000000,0.487179487,0.261908029,0.397070904,1.000000000,0.991589199,0.626297578,0.621029913,1.012367664,67.688201904,17.404674530,0.734497190,0.999998569,-0.001683329,0.000086369,-0.000084043
1114,116.821000000,fused_map_f2f,1,1,0,0.064857841,0.021721997,0.980771047,0.980771047,0.100000000,0.011202048,0.011202048,0.036799470,0.002824240,1.000000000,0.000000000,0.000000000,0.000000000,0.000000000,0.000000000,0.474358974,0.214356792,0.370358101,1.000000000,0.989804965,0.607508532,0.601314961,1.011710499,67.781906128,17.404628754,0.734618247,0.999998569,-0.001701390,0.000084791,-0.000073553
1115,116.929000000,fused_map_f2f,1,1,0,0.064373370,0.011320122,0.982688743,0.982688743,0.100000000,0.011180431,0.011180431,0.036724922,0.002818744,1.000000000,0.000000000,0.000000000,0.000000000,0.000000000,0.000000000,0.486486486,0.183563718,0.365317379,1.000000000,0.991138680,0.602040816,0.596705940,1.011556865,67.833328247,17.404777527,0.734505653,0.999998748,-0.001578472,0.000077766,-0.000087606
1116,117.030000000,fused_map_f2f,1,1,0,0.066695128,0.013335190,0.973498452,0.973498452,0.100000000,0.011284789,0.011284789,0.037073721,0.002845279,1.000000000,0.000000000,0.000000000,0.000000000,0.000000000,0.000000000,0.487179487,0.261439500,0.396883492,1.000000000,0.991592920,0.614583333,0.609416482,1.011980549,67.884117126,17.404388428,0.734262645,0.999998331,-0.001816300,0.000086173,-0.000073114
1117,117.134000000,fused_map_f2f,1,1,0,0.063964988,0.023386133,0.984305255,0.984305255,0.100000000,0.011162275,0.011162275,0.036656518,0.002814128,1.000000000,0.000000000,0.000000000,0.000000000,0.000000000,0.000000000,0.455696203,0.226632403,0.364070683,1.000000000,0.988515901,0.594684385,0.587854971,1.011261832,67.989341736,17.404336929,0.734450400,0.999998271,-0.001864304,0.000085646,-0.000081432
1118,117.234000000,fused_map_f2f,1,1,0,0.065035060,0.018804501,0.980069553,0.980069553,0.100000000,0.011209976,0.011209976,0.036824856,0.002826256,1.000000000,0.000000000,0.000000000,0.000000000,0.000000000,0.000000000,0.493333333,0.316537711,0.422615085,1.000000000,0.989827510,0.607508532,0.601328658,1.011710955,68.027107239,17.404344559,0.735052884,0.999998212,-0.001877456,0.000124414,-0.000097726
1119,117.313000000,fused_map_f2f,1,1,0,0.066565930,0.014034822,0.974009860,0.974009860,0.100000000,0.011278931,0.011278931,0.037029900,0.002843789,1.000000000,0.000000000,0.000000000,0.000000000,0.000000000,0.000000000,0.506329114,0.293337098,0.421132308,1.000000000,0.990274094,0.593856655,0.588080861,1.011269362,68.061141968,17.404479980,0.734194815,0.999998152,-0.001928221,0.000084632,-0.000073055
1120,117.426000000,fused_map_f2f,1,1,0,0.065392931,0.016607857,0.978652981,0.978652981,0.100000000,0.011226020,0.011226020,0.036829162,0.002830335,1.000000000,0.000000000,0.000000000,0.000000000,0.000000000,0.000000000,0.493333333,0.251844171,0.396737668,1.000000000,0.989464442,0.567114094,0.561139231,1.010371308,68.184188843,17.404424667,0.734286249,0.999998271,-0.001841107,0.000065194,-0.000069702
1121,117.534000000,fused_map_f2f,1,1,0,0.063548387,0.018049462,0.985954303,0.985954303,0.100000000,0.011143814,0.011143814,0.036583698,0.002809434,1.000000000,0.000000000,0.000000000,0.000000000,0.000000000,0.000000000,0.462500000,0.262052897,0.382321159,1.000000000,0.989399293,0.582191781,0.576020137,1.010867338,68.228538513,17.404312134,0.734303474,0.999998271,-0.001858051,0.000085145,-0.000046303
1122,117.617000000,fused_map_f2f,1,1,0,0.064972764,0.016117224,0.980316141,0.980316141,0.100000000,0.011207187,0.011207187,0.036782510,0.002825547,1.000000000,0.000000000,0.000000000,0.000000000,0.000000000,0.000000000,0.451219512,0.219089518,0.358367515,1.000000000,0.988942946,0.579124579,0.572721167,1.010757372,68.261772156,17.403879166,0.734258115,0.999998331,-0.001832532,0.000077874,-0.000067572
1123,117.735000000,fused_map_f2f,1,1,0,0.065414163,0.022227449,0.978568937,0.978568937,0.100000000,0.011226973,0.011226973,0.036859913,0.002830577,1.000000000,0.000000000,0.000000000,0.000000000,0.000000000,0.000000000,0.480519481,0.206591500,0.370948288,1.000000000,0.989417989,0.591065292,0.584810633,1.011160354,68.348129272,17.404335022,0.733954906,0.999998271,-0.001849535,0.000077914,-0.000070613
1124,117.840000000,fused_map_f2f,1,1,0,0.064590866,0.011826938,0.981827821,0.981827821,0.100000000,0.011190125,0.011190125,0.036748259,0.002821209,1.000000000,0.000000000,0.000000000,0.000000000,0.000000000,0.000000000,0.468354430,0.231825386,0.373742813,1.000000000,0.988110964,0.597222222,0.590121826,1.011337394,68.409759521,17.404277802,0.733792484,0.999998152,-0.001924820,0.000055051,-0.000075046
1125,117.916000000,fused_map_f2f,1,1,0,0.064697584,0.016789077,0.981405396,0.981405396,0.100000000,0.011194888,0.011194888,0.036751695,0.002822419,1.000000000,0.000000000,0.000000000,0.000000000,0.000000000,0.000000000,0.468354430,0.230187563,0.373087683,1.000000000,0.989431968,0.586206897,0.580011843,1.011000395,68.441360474,17.404645920,0.733940184,0.999998331,-0.001834208,0.000041340,-0.000091664
1126,118.027000000,fused_map_f2f,1,1,0,0.066650116,0.015625275,0.973676624,0.973676624,0.100000000,0.011282747,0.011282747,0.037059570,0.002844759,1.000000000,0.000000000,0.000000000,0.000000000,0.000000000,0.000000000,0.527027027,0.200978208,0.396607499,1.000000000,0.988536155,0.609929078,0.602936946,1.011764565,68.485771179,17.404003143,0.733742893,0.999998271,-0.001860093,0.000066039,-0.000062831
1127,118.134000000,fused_map_f2f,1,1,0,0.061955325,0.021822102,0.992260173,0.992260173,0.100000000,0.011073778,0.011073778,0.036362217,0.002791630,1.000000000,0.000000000,0.000000000,0.000000000,0.000000000,0.000000000,0.475000000,0.157293339,0.347917336,1.000000000,0.990308370,0.583892617,0.578233746,1.010941125,68.592559814,17.404426575,0.733633399,0.999997914,-0.002028838,0.000063697,-0.000078879
1128,118.234000000,fused_map_f2f,1,1,0,0.065464122,0.021172492,0.978371183,0.978371183,0.100000000,0.011229217,0.011229217,0.036885908,0.002831148,1.000000000,0.000000000,0.000000000,0.000000000,0.000000000,0.000000000,0.481012658,0.229270132,0.380315648,1.000000000,0.989903424,0.607017544,0.600888745,1.011696292,68.634590149,17.403795242,0.733644247,0.999997735,-0.002116173,0.000105477,-0.000006859
1129,118.314000000,fused_map_f2f,1,1,0,0.064821051,0.018297779,0.980916671,0.980916671,0.100000000,0.011200403,0.011200403,0.036787076,0.002823822,1.000000000,0.000000000,0.000000000,0.000000000,0.000000000,0.000000000,0.480519481,0.200610561,0.368555913,1.000000000,0.988591487,0.602076125,0.595207332,1.011506911,68.669120789,17.403591156,0.733453572,0.999997556,-0.002194417,0.000105477,-0.000012724
1130,118.427000000,fused_map_f2f,1,1,0,0.063890578,0.015281029,0.984599794,0.984599794,0.100000000,0.011158973,0.011158973,0.036663005,0.002813288,1.000000000,0.000000000,0.000000000,0.000000000,0.000000000,0.000000000,0.467532468,0.198735587,0.360013715,1.000000000,0.985921689,0.611111111,0.602507699,1.011750257,68.808403015,17.404249191,0.733813524,0.999997973,-0.002005254,0.000064247,-0.000120823
1131,118.529000000,fused_map_f2f,1,1,0,0.063761060,0.012647818,0.985112470,0.985112470,0.100000000,0.011153230,0.011153230,0.036644142,0.002811828,1.000000000,0.000000000,0.000000000,0.000000000,0.000000000,0.000000000,0.443037975,0.208357263,0.349165690,1.000000000,0.987703118,0.609589041,0.602092997,1.011736433,68.855827332,17.404455185,0.734030068,0.999998212,-0.001888550,0.000073522,-0.000127190
1132,118.630000000,fused_map_f2f,1,1,0,0.063641957,0.013845391,0.985583921,0.985583921,0.100000000,0.011147955,0.011147955,0.036638996,0.002810487,1.000000000,0.000000000,0.000000000,0.000000000,0.000000000,0.000000000,0.513513514,0.258378634,0.411459562,1.000000000,0.989473684,0.618705036,0.612192351,1.012073078,68.966827393,17.404104233,0.734320402,0.999998212,-0.001871576,0.000048311,-0.000122796
1133,118.716000000,fused_map_f2f,1,1,0,0.062826833,0.018969926,0.988810454,0.988810454,0.100000000,0.011111983,0.011111983,0.036489492,0.002801342,1.000000000,0.000000000,0.000000000,0.000000000,0.000000000,0.000000000,0.475000000,0.242589402,0.382035761,1.000000000,0.989039895,0.589041096,0.582585144,1.011086171,69.006721497,17.404150009,0.734123528,0.999998271,-0.001866660,0.000034551,-0.000083284
1134,118.834000000,fused_map_f2f,1,1,0,0.065060457,0.012574030,0.979969026,0.979969026,0.100000000,0.011211113,0.011211113,0.036814450,0.002826545,1.000000000,0.000000000,0.000000000,0.000000000,0.000000000,0.000000000,0.468354430,0.189615212,0.356858743,1.000000000,0.987767584,0.596610169,0.589312186,1.011310406,69.062301636,17.404523849,0.733877897,0.999998331,-0.001824697,0.000064940,-0.000111515
1135,118.939000000,fused_map_f2f,1,1,0,0.061816257,0.014731103,0.992810649,0.992810649,0.100000000,0.011067706,0.011067706,0.036369987,0.002790086,1.000000000,0.000000000,0.000000000,0.000000000,0.000000000,0.000000000,0.481012658,0.236706520,0.383290203,1.000000000,0.988163086,0.608996540,0.601787900,1.011726263,69.169082642,17.404022217,0.734366953,0.999998152,-0.001919370,0.000061889,-0.000100534
1136,119.032000000,fused_map_f2f,1,1,0,0.061352346,0.012126662,0.994646962,0.994646962,0.100000000,0.011047499,0.011047499,0.036291949,0.002784950,1.000000000,0.000000000,0.000000000,0.000000000,0.000000000,0.000000000,0.480000000,0.154685784,0.349874313,1.000000000,0.988204456,0.597269625,0.590224504,1.011340817,69.218200684,17.404479980,0.734428227,0.999998212,-0.001899547,0.000051425,-0.000097835
1137,119.122000000,fused_map_f2f,1,1,0,0.064081663,0.015557530,0.983843417,0.983843417,0.100000000,0.011167456,0.011167456,0.036689194,0.002815445,1.000000000,0.000000000,0.000000000,0.000000000,0.000000000,0.000000000,0.432098765,0.294005288,0.376861375,1.000000000,0.987730061,0.609154930,0.601680636,1.011722688,69.268554688,17.404430389,0.734273493,0.999998271,-0.001852814,0.000056908,-0.000088239
1138,119.215000000,fused_map_f2f,1,1,0,0.062052187,0.018101325,0.991876760,0.991876760,0.100000000,0.011078011,0.011078011,0.036404441,0.002792706,1.000000000,0.000000000,0.000000000,0.000000000,0.000000000,0.000000000,0.469135802,0.248625991,0.380931878,1.000000000,0.987751531,0.610526316,0.603048303,1.011768277,69.355789185,17.404224396,0.734487832,0.999998271,-0.001831556,0.000070133,-0.000105582
1139,119.334000000,fused_map_f2f,1,1,0,0.062100425,0.020784783,0.991685818,0.991685818,0.100000000,0.011080121,0.011080121,0.036403735,0.002793242,1.000000000,0.000000000,0.000000000,0.000000000,0.000000000,0.000000000,0.437500000,0.273374844,0.371849938,1.000000000,0.988641328,0.603448276,0.596593905,1.011553130,69.439636230,17.404457092,0.734472752,0.999998271,-0.001853678,0.000080836,-0.000097704
1140,119.414000000,fused_map_f2f,1,1,0,0.065938454,0.020243142,0.976493620,0.976493620,0.100000000,0.011250565,0.011250565,0.036971930,0.002836576,1.000000000,0.000000000,0.000000000,0.000000000,0.000000000,0.000000000,0.462500000,0.188791681,0.353016672,1.000000000,0.985602094,0.625000000,0.616001309,1.012200044,69.488494873,17.404104233,0.734334469,0.999998152,-0.001914394,0.000078460,-0.000106167
1141,119.517000000,fused_map_f2f,1,1,0,0.064225098,0.015578965,0.983275654,0.983275654,0.100000000,0.011173832,0.011173832,0.036739320,0.002817066,1.000000000,0.000000000,0.000000000,0.000000000,0.000000000,0.000000000,0.486842105,0.204913117,0.374070510,1.000000000,0.986080905,0.636042403,0.627189268,1.012572976,69.547019958,17.404130936,0.734008670,0.999998033,-0.001972048,0.000120527,-0.000085710
1142,119.625000000,fused_map_f2f,1,1,0,0.060924104,0.014271245,0.996342087,0.996342087,0.100000000,0.011028910,0.011028910,0.036255793,0.002780225,1.000000000,0.000000000,0.000000000,0.000000000,0.000000000,0.000000000,0.437500000,0.256596192,0.365138477,1.000000000,0.986480593,0.618881119,0.610514213,1.012017140,69.617431641,17.404470444,0.734452009,0.999998391,-0.001788925,0.000092634,-0.000125601
1143,119.725000000,fused_map_f2f,1,1,0,0.065543052,0.028443845,0.978058752,0.978058752,0.100000000,0.011232763,0.011232763,0.036922139,0.002832050,1.000000000,0.000000000,0.000000000,0.000000000,0.000000000,0.000000000,0.448717949,0.223279119,0.358542417,1.000000000,0.989135159,0.628975265,0.622141549,1.012404718,69.680801392,17.404764175,0.734279096,0.999998450,-0.001760606,0.000102168,-0.000116473
1144,119.831000000,fused_map_f2f,1,1,0,0.062847107,0.022205818,0.988730201,0.988730201,0.100000000,0.011112875,0.011112875,0.036521040,0.002801569,1.000000000,0.000000000,0.000000000,0.000000000,0.000000000,0.000000000,0.480000000,0.260260879,0.392104352,1.000000000,0.987352813,0.615120275,0.607340734,1.011911358,69.830223083,17.405164719,0.734751225,0.999998689,-0.001615229,0.000089846,-0.000162724
1145,119.913000000,fused_map_f2f,1,1,0,0.061537709,0.016549602,0.993913237,0.993913237,0.100000000,0.011055564,0.011055564,0.036342594,0.002787000,1.000000000,0.000000000,0.000000000,0.000000000,0.000000000,0.000000000,0.493506494,0.191337607,0.372638939,1.000000000,0.986574275,0.620071685,0.611746772,1.012058226,69.984153748,17.405519485,0.734657705,0.999998629,-0.001642284,0.000082068,-0.000155598
1146,120.036000000,fused_map_f2f,1,1,0,0.062210050,0.017575958,0.991251887,0.991251887,0.100000000,0.011084917,0.011084917,0.036398931,0.002794462,1.000000000,0.000000000,0.000000000,0.000000000,0.000000000,0.000000000,0.455696203,0.218008440,0.360621097,1.000000000,0.986973513,0.586805556,0.579161541,1.010972051,70.067359924,17.405481339,0.735044003,0.999998748,-0.001585926,0.000043941,-0.000110930
1147,120.134000000,fused_map_f2f,1,1,0,0.062113557,0.013091766,0.991633836,0.991633836,0.100000000,0.011080695,0.011080695,0.036367250,0.002793388,1.000000000,0.000000000,0.000000000,0.000000000,0.000000000,0.000000000,0.493333333,0.234087366,0.389634946,1.000000000,0.984368215,0.572390572,0.563443086,1.010448103,70.168571472,17.405872345,0.734510303,0.999998748,-0.001555287,0.000092900,-0.000219158
1148,120.239000000,fused_map_f2f,1,1,0,0.060778991,0.020680644,0.996916496,0.996916496,0.100000000,0.011022626,0.011022626,0.036167847,0.002778627,1.000000000,0.000000000,0.000000000,0.000000000,0.000000000,0.000000000,0.487179487,0.249180557,0.391979915,1.000000000,0.986129172,0.559322034,0.551563774,1.010052126,70.245605469,17.405679703,0.735138774,0.999998748,-0.001566572,0.000122743,-0.000216648
1149,120.325000000,fused_map_f2f,1,1,0,0.060393725,0.016067659,0.998441506,0.998441506,0.100000000,0.011005975,0.011005975,0.036119453,0.002774395,1.000000000,0.000000000,0.000000000,0.000000000,0.000000000,0.000000000,0.460526316,0.231737907,0.369010952,1.000000000,0.983578220,0.565068493,0.555789062,1.010192969,70.384086609,17.404941559,0.735164464,0.999998748,-0.001574215,0.000089976,-0.000234061
1150,120.431000000,fused_map_f2f,1,1,0,0.062964852,0.022943310,0.988264127,0.988264127,0.100000000,0.011118057,0.011118057,0.036482559,0.002802886,1.000000000,0.000000000,0.000000000,0.000000000,0.000000000,0.000000000,0.474358974,0.194924157,0.362585047,1.000000000,0.983975747,0.568965517,0.559848270,1.010328276,70.468971252,17.405603409,0.735035121,0.999998808,-0.001542038,0.000095862,-0.000211470
1151,120.513000000,fused_map_f2f,1,1,0,0.060338027,0.016509294,0.998661977,0.998661977,0.100000000,0.011003572,0.011003572,0.036114193,0.002773784,1.000000000,0.000000000,0.000000000,0.000000000,0.000000000,0.000000000,0.480519481,0.232022104,0.381120530,1.000000000,0.985738980,0.565972222,0.557900881,1.010263363,70.576469421,17.405464172,0.735174358,0.999998868,-0.001489208,0.000097543,-0.000225621
1152,120.617000000,fused_map_f2f,1,1,0,0.061097424,0.018099325,0.995656031,0.995656031,0.100000000,0.011036426,0.011036426,0.036220346,0.002782135,1.000000000,0.000000000,0.000000000,0.000000000,0.000000000,0.000000000,0.455696203,0.296646186,0.392076196,1.000000000,0.983954900,0.567944251,0.558831529,1.010294384,70.664451599,17.405334473,0.735369384,0.999998927,-0.001437532,0.000063904,-0.000224843
1153,120.722000000,fused_map_f2f,1,1,0,0.061751380,0.018401597,0.993067454,0.993067454,0.100000000,0.011064876,0.011064876,0.036292123,0.002789367,1.000000000,0.000000000,0.000000000,0.000000000,0.000000000,0.000000000,0.423076923,0.125320953,0.303974535,1.000000000,0.983982684,0.551020408,0.542194540,1.009739818,70.744064331,17.405601501,0.735429883,0.999998987,-0.001387306,0.000083302,-0.000231685
1154,120.830000000,fused_map_f2f,1,1,0,0.060725517,0.021857805,0.997128160,0.997128160,0.100000000,0.011020312,0.011020312,0.036154957,0.002778039,1.000000000,0.000000000,0.000000000,0.000000000,0.000000000,0.000000000,0.472972973,0.208878274,0.367335093,1.000000000,0.983556902,0.555932203,0.546790956,1.009893032,70.822143555,17.406063080,0.735605776,0.999998987,-0.001421381,0.000101225,-0.000214148
1155,120.928000000,fused_map_f2f,1,1,0,0.060351141,0.018446199,0.998610067,0.998610067,0.100000000,0.011004138,0.011004138,0.036132813,0.002773928,1.000000000,0.000000000,0.000000000,0.000000000,0.000000000,0.000000000,0.441558442,0.173315770,0.334261373,1.000000000,0.980993521,0.583629893,0.572537144,1.010751238,70.971992493,17.405218124,0.735031962,0.999998450,-0.001734298,0.000087756,-0.000258043
1156,121.025000000,fused_map_f2f,1,1,0,0.058657458,0.042175444,1.000000000,1.000000000,0.100000000,0.010989011,0.010989011,0.036091441,0.002770083,1.000000000,0.000000000,0.000000000,0.000000000,0.000000000,0.000000000,0.467532468,0.296913306,0.399284803,1.000000000,0.984449244,0.587813620,0.578672674,1.010955756,71.043823242,17.404878616,0.735043228,0.999998331,-0.001807312,0.000038519,-0.000252009
1157,121.131000000,fused_map_f2f,1,1,0,0.059058957,0.020903012,1.000000000,1.000000000,0.100000000,0.010989011,0.010989011,0.036071183,0.002770083,1.000000000,0.000000000,0.000000000,0.000000000,0.000000000,0.000000000,0.448717949,0.229940293,0.361206887,1.000000000,0.979220779,0.572916667,0.561011905,1.010367063,71.219482422,17.405954361,0.735682964,0.999998689,-0.001587650,0.000102178,-0.000265185
1158,121.229000000,fused_map_f2f,1,1,0,0.062026218,0.013394307,0.991979554,0.991979554,0.100000000,0.011076876,0.011076876,0.036377633,0.002792417,1.000000000,0.000000000,0.000000000,0.000000000,0.000000000,0.000000000,0.467532468,0.252600558,0.381559704,1.000000000,0.980968858,0.594306050,0.582995727,1.011099858,71.289642334,17.406410217,0.735927343,0.999998808,-0.001504497,0.000090234,-0.000282617
1159,121.329000000,fused_map_f2f,1,1,0,0.059265891,0.028802813,1.000000000,1.000000000,0.100000000,0.010989011,0.010989011,0.036081416,0.002770083,1.000000000,0.000000000,0.000000000,0.000000000,0.000000000,0.000000000,0.448717949,0.197476805,0.348221491,1.000000000,0.982297064,0.580204778,0.569933450,1.010664448,71.373611450,17.405647278,0.735665739,0.999998808,-0.001514817,0.000106646,-0.000292036
1160,121.436000000,fused_map_f2f,1,1,0,0.059996384,0.024879622,1.000000000,1.000000000,0.100000000,0.010989011,0.010989011,0.036093201,0.002770083,1.000000000,0.000000000,0.000000000,0.000000000,0.000000000,0.000000000,0.450000000,0.221185245,0.358474098,1.000000000,0.981888745,0.590909091,0.580206986,1.011006900,71.457969666,17.405824661,0.735207260,0.999998927,-0.001426693,0.000096041,-0.000277901
1161,121.518000000,fused_map_f2f,1,1,0,0.060445218,0.016513240,0.998237679,0.998237679,0.100000000,0.011008198,0.011008198,0.036173978,0.002774960,1.000000000,0.000000000,0.000000000,0.000000000,0.000000000,0.000000000,0.443037975,0.190389021,0.341978393,1.000000000,0.978897502,0.609929078,0.597058051,1.011568602,71.536758423,17.405702591,0.735496759,0.999998987,-0.001403360,0.000093690,-0.000267891
1162,121.634000000,fused_map_f2f,1,1,0,0.058821994,0.021379686,1.000000000,1.000000000,0.100000000,0.010989011,0.010989011,0.036117997,0.002770083,1.000000000,0.000000000,0.000000000,0.000000000,0.000000000,0.000000000,0.480000000,0.145323211,0.346129285,1.000000000,0.979715149,0.614285714,0.601825020,1.011727501,71.626716614,17.405710220,0.735687256,0.999998868,-0.001481411,0.000077035,-0.000276504
1163,121.734000000,fused_map_f2f,1,1,0,0.059964388,0.024318966,1.000000000,1.000000000,0.100000000,0.010989011,0.010989011,0.036074168,0.002770083,1.000000000,0.000000000,0.000000000,0.000000000,0.000000000,0.000000000,0.441558442,0.253350044,0.366275083,1.000000000,0.978036176,0.576271186,0.563614067,1.010453802,71.767517090,17.405418396,0.735056937,0.999998510,-0.001683168,0.000094123,-0.000258694
1164,121.834000000,fused_map_f2f,1,1,0,0.060517665,0.019109734,0.997950909,0.997950909,0.100000000,0.011011326,0.011011326,0.036164232,0.002775755,1.000000000,0.000000000,0.000000000,0.000000000,0.000000000,0.000000000,0.412500000,0.216018429,0.333907371,1.000000000,0.982350409,0.590277778,0.579859616,1.010995321,71.843742371,17.405998230,0.735187888,0.999998808,-0.001534822,0.000081839,-0.000226704
1165,121.933000000,fused_map_f2f,1,1,0,0.061635085,0.028768644,0.993527790,0.993527790,0.100000000,0.011059806,0.011059806,0.036305601,0.002788078,1.000000000,0.000000000,0.000000000,0.000000000,0.000000000,0.000000000,0.437500000,0.281870402,0.375248161,1.000000000,0.979399142,0.579861111,0.567915474,1.010597182,71.933456421,17.405378342,0.734665811,0.999998629,-0.001630786,0.000094965,-0.000274747
1166,122.024000000,fused_map_f2f,1,1,0,0.060056661,0.036346965,0.999775717,0.999775717,0.100000000,0.010991449,0.010991449,0.036096123,0.002770703,1.000000000,0.000000000,0.000000000,0.000000000,0.000000000,0.000000000,0.474358974,0.294974804,0.402605306,1.000000000,0.979819665,0.587813620,0.575951344,1.010865045,72.009399414,17.405582428,0.735543370,0.999998689,-0.001575859,0.000082948,-0.000272221
1167,122.127000000,fused_map_f2f,1,1,0,0.061420380,0.016944879,0.994377664,0.994377664,0.100000000,0.011050458,0.011050458,0.036269508,0.002785702,1.000000000,0.000000000,0.000000000,0.000000000,0.000000000,0.000000000,0.453333333,0.143813693,0.329525477,1.000000000,0.975986278,0.576388889,0.562547646,1.010418255,72.088951111,17.405513763,0.734651983,0.999998748,-0.001525105,0.000098869,-0.000286144
1168,122.252000000,fused_map_f2f,1,1,0,0.058450917,0.016050898,1.000000000,1.000000000,0.100000000,0.010989011,0.010989011,0.036056328,0.002770083,1.000000000,0.000000000,0.000000000,0.000000000,0.000000000,0.000000000,0.441558442,0.265016119,0.370941512,1.000000000,0.981099656,0.558620690,0.548062567,1.009935419,72.178413391,17.406185150,0.735137939,0.999998987,-0.001380403,0.000069297,-0.000277211
1169,122.315000000,fused_map_f2f,1,1,0,0.059571217,0.021059098,1.000000000,1.000000000,0.100000000,0.010989011,0.010989011,0.036056754,0.002770083,1.000000000,0.000000000,0.000000000,0.000000000,0.000000000,0.000000000,0.432098765,0.219773205,0.347168541,1.000000000,0.982471142,0.558219178,0.548434233,1.009947808,72.219703674,17.405755997,0.735099792,0.999998868,-0.001465650,0.000059594,-0.000275165
1170,122.414000000,fused_map_f2f,1,1,0,0.060374691,0.026250772,0.998516847,0.998516847,0.100000000,0.011005154,0.011005154,0.036095189,0.002774186,1.000000000,0.000000000,0.000000000,0.000000000,0.000000000,0.000000000,0.455696203,0.220672507,0.361686724,1.000000000,0.981099656,0.547297297,0.536953190,1.009565106,72.291893005,17.405757904,0.735129058,0.999998689,-0.001614496,-0.000010354,-0.000181754
1171,122.513000000,fused_map_f2f,1,1,0,0.057790424,0.018829540,1.000000000,1.000000000,0.100000000,0.010989011,0.010989011,0.036063237,0.002770083,1.000000000,0.000000000,0.000000000,0.000000000,0.000000000,0.000000000,0.474358974,0.198755490,0.364117580,1.000000000,0.978997000,0.565972222,0.554085107,1.010136170,72.376785278,17.405584335,0.735201597,0.999998569,-0.001655631,0.000083660,-0.000289142
1172,122.624000000,fused_map_f2f,1,1,0,0.058372409,0.022803113,1.000000000,1.000000000,0.100000000,0.010989011,0.010989011,0.036062071,0.002770083,1.000000000,0.000000000,0.000000000,0.000000000,0.000000000,0.000000000,0.453333333,0.246205252,0.370482101,1.000000000,0.976404976,0.566433566,0.553068553,1.010102285,72.458007812,17.406219482,0.735677123,0.999998689,-0.001567359,0.000054798,-0.000356405
1173,122.736000000,fused_map_f2f,1,1,0,0.057155551,0.020531369,1.000000000,1.000000000,0.100000000,0.010989011,0.010989011,0.036064579,0.002770083,1.000000000,0.000000000,0.000000000,0.000000000,0.000000000,0.000000000,0.513888889,0.268431055,0.415705755,1.000000000,0.980265980,0.566433566,0.555255555,1.010175185,72.572868347,17.406711578,0.735443294,0.999998808,-0.001497268,0.000087416,-0.000318843
1174,122.814000000,fused_map_f2f,1,1,0,0.057532726,0.014658998,1.000000000,1.000000000,0.100000000,0.010989011,0.010989011,0.036054999,0.002770083,1.000000000,0.000000000,0.000000000,0.000000000,0.000000000,0.000000000,0.454545455,0.192347838,0.349666408,1.000000000,0.976374570,0.560137457,0.546903969,1.009896799,72.632362366,17.406183243,0.734919131,0.999998808,-0.001504726,0.000095011,-0.000312910
1175,122.916000000,fused_map_f2f,1,1,0,0.058201939,0.018206782,1.000000000,1.000000000,0.100000000,0.010989011,0.010989011,0.036076155,0.002770083,1.000000000,0.000000000,0.000000000,0.000000000,0.000000000,0.000000000,0.486111111,0.189275447,0.367376845,1.000000000,0.979014989,0.577464789,0.565346684,1.010511556,72.772338867,17.406564713,0.735029638,0.999998629,-0.001602781,0.000105446,-0.000307738
1176,123.019000000,fused_map_f2f,1,1,0,0.058148987,0.020210670,1.000000000,1.000000000,0.100000000,0.010989011,0.010989011,0.036074639,0.002770083,1.000000000,0.000000000,0.000000000,0.000000000,0.000000000,0.000000000,0.443037975,0.245168903,0.363890346,1.000000000,0.978549979,0.576388889,0.564025335,1.010467511,72.841957092,17.406826019,0.735081494,0.999998629,-0.001627710,0.000109204,-0.000291694
1177,123.124000000,fused_map_f2f,1,1,0,0.060694586,0.024261882,0.997250599,0.997250599,0.100000000,0.011018974,0.011018974,0.036167193,0.002777699,1.000000000,0.000000000,0.000000000,0.000000000,0.000000000,0.000000000,0.480519481,0.247519185,0.387319362,1.000000000,0.976942784,0.574394464,0.561150526,1.010371684,72.975891113,17.406263351,0.735249937,0.999998689,-0.001563436,0.000104217,-0.000308053
1178,123.231000000,fused_map_f2f,1,1,0,0.058903188,0.027607628,1.000000000,1.000000000,0.100000000,0.010989011,0.010989011,0.036069382,0.002770083,1.000000000,0.000000000,0.000000000,0.000000000,0.000000000,0.000000000,0.472972973,0.215142143,0.369840641,1.000000000,0.978186484,0.571917808,0.559442270,1.010314742,73.055862427,17.406621933,0.735469937,0.999998808,-0.001502582,0.000069361,-0.000334916
1179,123.329000000,fused_map_f2f,1,1,0,0.060580655,0.021309208,0.997701573,0.997701573,0.100000000,0.011014048,0.011014048,0.036147277,0.002776447,1.000000000,0.000000000,0.000000000,0.000000000,0.000000000,0.000000000,0.443037975,0.197178906,0.344694347,1.000000000,0.978186484,0.569965870,0.557532911,1.010251097,73.147415161,17.406597137,0.734962821,0.999998927,-0.001413192,0.000104979,-0.000282139
1180,123.429000000,fused_map_f2f,1,1,0,0.057730659,0.018139199,1.000000000,1.000000000,0.100000000,0.010989011,0.010989011,0.036081686,0.002770083,1.000000000,0.000000000,0.000000000,0.000000000,0.000000000,0.000000000,0.467532468,0.280902392,0.392880437,1.000000000,0.976455479,0.583916084,0.570168060,1.010672269,73.231536865,17.406841278,0.735500991,0.999999046,-0.001333775,0.000094489,-0.000292537
1181,123.542000000,fused_map_f2f,1,1,0,0.059152838,0.031480232,1.000000000,1.000000000,0.100000000,0.010989011,0.010989011,0.036079712,0.002770083,1.000000000,0.000000000,0.000000000,0.000000000,0.000000000,0.000000000,0.467532468,0.200776683,0.360830154,1.000000000,0.976913211,0.581881533,0.568447757,1.010614925,73.380516052,17.406505585,0.735839486,0.999999046,-0.001332687,0.000094113,-0.000296188
1182,123.616000000,fused_map_f2f,1,1,0,0.057715420,0.013935844,1.000000000,1.000000000,0.100000000,0.010989011,0.010989011,0.036098913,0.002770083,1.000000000,0.000000000,0.000000000,0.000000000,0.000000000,0.000000000,0.467532468,0.219718493,0.368406878,1.000000000,0.976445396,0.599303136,0.585186788,1.011172893,73.432113647,17.406524658,0.735843420,0.999999106,-0.001282398,0.000064552,-0.000270016
1183,123.725000000,fused_map_f2f,1,1,0,0.058499730,0.026172568,1.000000000,1.000000000,0.100000000,0.010989011,0.010989011,0.036078550,0.002770083,1.000000000,0.000000000,0.000000000,0.000000000,0.000000000,0.000000000,0.448717949,0.239217084,0.364917603,1.000000000,0.976515798,0.581081081,0.567434856,1.010581162,73.596282959,17.406188965,0.735060632,0.999998689,-0.001558794,0.000097170,-0.000315979
1184,123.819000000,fused_map_f2f,1,1,0,0.059713404,0.015679229,1.000000000,1.000000000,0.100000000,0.010989011,0.010989011,0.036104006,0.002770083,1.000000000,0.000000000,0.000000000,0.000000000,0.000000000,0.000000000,0.474358974,0.235443468,0.378792772,1.000000000,0.978167808,0.602787456,0.589627285,1.011320910,73.664436340,17.406131744,0.734804213,0.999998689,-0.001587408,0.000111063,-0.000315923
1185,123.929000000,fused_map_f2f,1,1,0,0.059543756,0.020522574,1.000000000,1.000000000,0.100000000,0.010989011,0.010989011,0.036075365,0.002770083,1.000000000,0.000000000,0.000000000,0.000000000,0.000000000,0.000000000,0.440000000,0.208301289,0.347320516,1.000000000,0.976525822,0.578231293,0.564657788,1.010488593,73.802062988,17.405906677,0.735204339,0.999998748,-0.001545966,0.000109226,-0.000316957
1186,124.028000000,fused_map_f2f,1,1,0,0.060428358,0.016262439,0.998304418,0.998304418,0.100000000,0.011007470,0.011007470,0.036130862,0.002774775,1.000000000,0.000000000,0.000000000,0.000000000,0.000000000,0.000000000,0.520547945,0.200842289,0.392665683,1.000000000,0.975160600,0.575862069,0.561558000,1.010385267,73.872726440,17.406385422,0.735477626,0.999998927,-0.001422902,0.000083410,-0.000315546
1187,124.130000000,fused_map_f2f,1,1,0,0.059780674,0.024023901,1.000000000,1.000000000,0.100000000,0.010989011,0.010989011,0.036055483,0.002770083,1.000000000,0.000000000,0.000000000,0.000000000,0.000000000,0.000000000,0.467532468,0.279229204,0.392211162,1.000000000,0.975234842,0.561224490,0.547325677,1.009910856,73.959632874,17.406299591,0.735272706,0.999998927,-0.001428649,0.000111687,-0.000318524
1188,124.232000000,fused_map_f2f,1,1,0,0.058251019,0.023092590,1.000000000,1.000000000,0.100000000,0.010989011,0.010989011,0.036061393,0.002770083,1.000000000,0.000000000,0.000000000,0.000000000,0.000000000,0.000000000,0.480000000,0.172722334,0.357088934,1.000000000,0.972626176,0.568027211,0.552478134,1.010082604,74.036315918,17.406023026,0.735650599,0.999998808,-0.001490349,0.000109723,-0.000303986
1189,124.325000000,fused_map_f2f,1,1,0,0.059206231,0.016286041,1.000000000,1.000000000,0.100000000,0.010989011,0.010989011,0.036071693,0.002770083,1.000000000,0.000000000,0.000000000,0.000000000,0.000000000,0.000000000,0.467532468,0.232321663,0.373448146,1.000000000,0.971355280,0.578014184,0.561457130,1.010381904,74.147453308,17.405754089,0.735216677,0.999998689,-0.001591539,0.000118318,-0.000290029
1190,124.428000000,fused_map_f2f,1,1,0,0.057591792,0.018924961,1.000000000,1.000000000,0.100000000,0.010989011,0.010989011,0.036065437,0.002770083,1.000000000,0.000000000,0.000000000,0.000000000,0.000000000,0.000000000,0.506493506,0.333698695,0.437375582,1.000000000,0.971330766,0.572413793,0.556003128,1.010200104,74.216217041,17.405864716,0.735834837,0.999998868,-0.001465099,0.000118200,-0.000292662
1191,124.527000000,fused_map_f2f,1,1,0,0.059695169,0.014835231,1.000000000,1.000000000,0.100000000,0.010989011,0.010989011,0.036074966,0.002770083,1.000000000,0.000000000,0.000000000,0.000000000,0.000000000,0.000000000,0.480519481,0.266106054,0.394754110,1.000000000,0.972245944,0.580419580,0.564310583,1.010477019,74.278877258,17.406267166,0.735690534,0.999999106,-0.001267393,0.000155338,-0.000289694
1192,124.633000000,fused_map_f2f,1,1,0,0.058877698,0.027919212,1.000000000,1.000000000,0.100000000,0.010989011,0.010989011,0.036083529,0.002770083,1.000000000,0.000000000,0.000000000,0.000000000,0.000000000,0.000000000,0.493506494,0.266696564,0.402782522,1.000000000,0.971002132,0.588850174,0.571774775,1.010725826,74.353721619,17.406139374,0.735652268,0.999999285,-0.001155062,0.000125294,-0.000284393
1193,124.714000000,fused_map_f2f,1,1,0,0.057512801,0.014881085,1.000000000,1.000000000,0.100000000,0.010989011,0.010989011,0.036086960,0.002770083,1.000000000,0.000000000,0.000000000,0.000000000,0.000000000,0.000000000,0.459459459,0.145572434,0.333904649,1.000000000,0.970563140,0.592198582,0.574766115,1.010825537,74.408843994,17.406480789,0.736175120,0.999999404,-0.001085930,0.000084686,-0.000222807
1194,124.821000000,fused_map_f2f,1,1,0,0.058649407,0.020415108,1.000000000,1.000000000,0.100000000,0.010989011,0.010989011,0.036069104,0.002770083,1.000000000,0.000000000,0.000000000,0.000000000,0.000000000,0.000000000,0.474358974,0.217132466,0.371468371,1.000000000,0.974413646,0.573883162,0.559199584,1.010306653,74.471733093,17.406990051,0.736159682,0.999999404,-0.001064276,0.000058500,-0.000263931
1195,124.927000000,fused_map_f2f,1,1,0,0.058226433,0.016550061,1.000000000,1.000000000,0.100000000,0.010989011,0.010989011,0.036070488,0.002770083,1.000000000,0.000000000,0.000000000,0.000000000,0.000000000,0.000000000,0.461538462,0.291686640,0.393597733,1.000000000,0.970059880,0.577702703,0.560406215,1.010346874,74.629058838,17.405591965,0.735755801,0.999998868,-0.001465085,0.000108097,-0.000285149
1196,125.041000000,fused_map_f2f,1,1,0,0.058442200,0.017705789,1.000000000,1.000000000,0.100000000,0.010989011,0.010989011,0.036064381,0.002770083,1.000000000,0.000000000,0.000000000,0.000000000,0.000000000,0.000000000,0.472972973,0.167331224,0.350716274,1.000000000,0.970563140,0.571917808,0.555082344,1.010169411,74.828231812,17.405550003,0.735420763,0.999998748,-0.001554801,0.000105832,-0.000312476
1197,125.136000000,fused_map_f2f,1,1,0,0.059849219,0.019457894,1.000000000,1.000000000,0.100000000,0.010989011,0.010989011,0.036072603,0.002770083,1.000000000,0.000000000,0.000000000,0.000000000,0.000000000,0.000000000,0.462500000,0.190608791,0.353743517,1.000000000,0.970550576,0.579310345,0.562249989,1.010408333,74.889747620,17.405637741,0.735539496,0.999998689,-0.001572751,0.000040467,-0.000296733
1198,125.234000000,fused_map_f2f,1,1,0,0.057635212,0.021697517,1.000000000,1.000000000,0.100000000,0.010989011,0.010989011,0.036074435,0.002770083,1.000000000,0.000000000,0.000000000,0.000000000,0.000000000,0.000000000,0.526315789,0.232463821,0.408775002,1.000000000,0.970500214,0.580985915,0.563846955,1.010461565,74.979377747,17.406066895,0.735228777,0.999998748,-0.001542866,0.000094869,-0.000295549
1199,125.315000000,fused_map_f2f,1,1,0,0.057552877,0.020391026,1.000000000,1.000000000,0.100000000,0.010989011,0.010989011,0.036075381,0.002770083,1.000000000,0.000000000,0.000000000,0.000000000,0.000000000,0.000000000,0.460526316,0.188771930,0.351824562,1.000000000,0.972305070,0.580756014,0.564672017,1.010489067,75.027732849,17.405975342,0.734940350,0.999999046,-0.001348784,0.000162096,-0.000317554
1200,125.427000000,fused_map_f2f,1,1,0,0.060295859,0.022232760,0.998828892,0.998828892,0.100000000,0.011001754,0.011001754,0.036129194,0.002773322,1.000000000,0.000000000,0.000000000,0.000000000,0.000000000,0.000000000,0.473684211,0.239320078,0.379938557,1.000000000,0.968003413,0.595070423,0.576030200,1.010867673,75.099784851,17.405565262,0.734681547,0.999998808,-0.001508259,0.000110925,-0.000261830
1201,125.521000000,fused_map_f2f,1,1,0,0.057441917,0.012720607,1.000000000,1.000000000,0.100000000,0.010989011,0.010989011,0.036107680,0.002770083,1.000000000,0.000000000,0.000000000,0.000000000,0.000000000,0.000000000,0.541666667,0.196104836,0.403441935,1.000000000,0.971014493,0.610526316,0.592829901,1.011427663,75.185386658,17.405672073,0.735267639,0.999998748,-0.001526970,0.000113147,-0.000269415
1202,125.613000000,fused_map_f2f,1,1,0,0.056631459,0.016819380,1.000000000,1.000000000,0.100000000,0.010989011,0.010989011,0.036093609,0.002770083,1.000000000,0.000000000,0.000000000,0.000000000,0.000000000,0.000000000,0.468354430,0.214571330,0.366841190,1.000000000,0.967604433,0.600000000,0.580562660,1.011018755,75.243316650,17.405981064,0.735175848,0.999998808,-0.001495667,0.000109997,-0.000295460
1203,125.724000000,fused_map_f2f,1,1,0,0.057337501,0.019112227,1.000000000,1.000000000,0.100000000,0.010989011,0.010989011,0.036111633,0.002770083,1.000000000,0.000000000,0.000000000,0.000000000,0.000000000,0.000000000,0.486842105,0.193229384,0.369397017,1.000000000,0.968949383,0.615384615,0.596276544,1.011542551,75.344696045,17.405782700,0.734883904,0.999998987,-0.001377512,0.000118954,-0.000275553
1204,125.826000000,fused_map_f2f,1,1,0,0.056240531,0.013885122,1.000000000,1.000000000,0.100000000,0.010989011,0.010989011,0.036102913,0.002770083,1.000000000,0.000000000,0.000000000,0.000000000,0.000000000,0.000000000,0.473684211,0.221785807,0.372924849,1.000000000,0.967590618,0.608391608,0.588674013,1.011289134,75.424812317,17.405664444,0.735283554,0.999998927,-0.001444130,0.000104406,-0.000251674
1205,125.940000000,fused_map_f2f,1,1,0,0.057578412,0.016287708,1.000000000,1.000000000,0.100000000,0.010989011,0.010989011,0.036123585,0.002770083,1.000000000,0.000000000,0.000000000,0.000000000,0.000000000,0.000000000,0.486486486,0.245993133,0.390289145,1.000000000,0.967247980,0.627240143,0.606696761,1.011889892,75.542037964,17.405506134,0.734483242,0.999998987,-0.001362592,0.000118597,-0.000257406
1206,126.015000000,fused_map_f2f,1,1,0,0.055284038,0.028259283,1.000000000,1.000000000,0.100000000,0.010989011,0.010989011,0.036107363,0.002770083,1.000000000,0.000000000,0.000000000,0.000000000,0.000000000,0.000000000,0.540540541,0.319122777,0.451973435,1.000000000,0.969322539,0.611307420,0.592554061,1.011418469,75.611686707,17.405908585,0.734937787,0.999998987,-0.001380902,0.000112758,-0.000249335
1207,126.114000000,fused_map_f2f,1,1,0,0.056549403,0.015907471,1.000000000,1.000000000,0.100000000,0.010989011,0.010989011,0.036083823,0.002770083,1.000000000,0.000000000,0.000000000,0.000000000,0.000000000,0.000000000,0.513157895,0.285674729,0.422164629,1.000000000,0.966766084,0.591695502,0.572031143,1.010734371,75.774391174,17.404863358,0.734328985,0.999998629,-0.001617980,0.000101463,-0.000258964
1208,126.220000000,fused_map_f2f,1,1,0,0.057637218,0.014794147,1.000000000,1.000000000,0.100000000,0.010989011,0.010989011,0.036089442,0.002770083,1.000000000,0.000000000,0.000000000,0.000000000,0.000000000,0.000000000,0.480519481,0.189825383,0.364241841,1.000000000,0.967206133,0.596491228,0.576929974,1.010897666,75.861648560,17.405261993,0.734720051,0.999998748,-0.001547238,0.000038854,-0.000247839
1209,126.329000000,fused_map_f2f,1,1,0,0.057351635,0.019036585,1.000000000,1.000000000,0.100000000,0.010989011,0.010989011,0.036051810,0.002770083,1.000000000,0.000000000,0.000000000,0.000000000,0.000000000,0.000000000,0.474358974,0.300055004,0.404637386,1.000000000,0.965487857,0.563573883,0.544123741,1.009804125,76.030357361,17.405658722,0.734869540,0.999999046,-0.001363969,0.000098078,-0.000251978
1210,126.427000000,fused_map_f2f,1,1,0,0.057421684,0.021517955,1.000000000,1.000000000,0.100000000,0.010989011,0.010989011,0.036063634,0.002770083,1.000000000,0.000000000,0.000000000,0.000000000,0.000000000,0.000000000,0.513157895,0.219988686,0.395890211,1.000000000,0.965121225,0.574468085,0.554431342,1.010147711,76.183586121,17.405517578,0.735086679,0.999998927,-0.001434727,0.000105690,-0.000253128
1211,126.536000000,fused_map_f2f,1,1,0,0.060000086,0.019637122,0.999999660,0.999999660,0.100000000,0.010989015,0.010989015,0.036032680,0.002770084,1.000000000,0.000000000,0.000000000,0.000000000,0.000000000,0.000000000,0.506493506,0.282514970,0.416902092,1.000000000,0.965870307,0.546075085,0.527437710,1.009247924,76.284576416,17.405645370,0.734856904,0.999998987,-0.001393332,0.000070327,-0.000259018
1212,126.618000000,fused_map_f2f,1,1,0,0.058394760,0.019064611,1.000000000,1.000000000,0.100000000,0.010989011,0.010989011,0.036040249,0.002770083,1.000000000,0.000000000,0.000000000,0.000000000,0.000000000,0.000000000,0.450000000,0.239041338,0.365616535,1.000000000,0.964620631,0.553633218,0.534046024,1.009468201,76.366104126,17.405355453,0.734604657,0.999998808,-0.001510088,0.000107669,-0.000237135
1213,126.726000000,fused_map_f2f,1,1,0,0.059035807,0.021331454,1.000000000,1.000000000,0.100000000,0.010989011,0.010989011,0.036025121,0.002770083,1.000000000,0.000000000,0.000000000,0.000000000,0.000000000,0.000000000,0.506666667,0.280768050,0.416307220,1.000000000,0.962600935,0.541095890,0.520859410,1.009028647,76.470657349,17.405399323,0.734434128,0.999998748,-0.001546189,0.000068966,-0.000210091
1214,126.826000000,fused_map_f2f,1,1,0,0.057442010,0.016563399,1.000000000,1.000000000,0.100000000,0.010989011,0.010989011,0.036024678,0.002770083,1.000000000,0.000000000,0.000000000,0.000000000,0.000000000,0.000000000,0.520547945,0.207811870,0.395453515,1.000000000,0.964209629,0.539792388,0.520473018,1.009015767,76.588836670,17.405462265,0.734737337,0.999998629,-0.001653971,0.000097095,-0.000212393
1215,126.932000000,fused_map_f2f,1,1,0,0.060337123,0.019186249,0.998665553,0.998665553,0.100000000,0.011003533,0.011003533,0.036069769,0.002773774,1.000000000,0.000000000,0.000000000,0.000000000,0.000000000,0.000000000,0.513513514,0.231629819,0.400760036,1.000000000,0.962585034,0.539518900,0.519332819,1.008977761,76.687606812,17.405267715,0.734895766,0.999998629,-0.001628097,0.000098420,-0.000215310
1216,127.037000000,fused_map_f2f,1,1,0,0.057297920,0.023543318,1.000000000,1.000000000,0.100000000,0.010989011,0.010989011,0.036026433,0.002770083,1.000000000,0.000000000,0.000000000,0.000000000,0.000000000,0.000000000,0.527027027,0.212858455,0.401359598,1.000000000,0.960884354,0.543252595,0.522002919,1.009066764,76.805778503,17.405244827,0.734870732,0.999998689,-0.001586525,0.000106859,-0.000187530
1217,127.115000000,fused_map_f2f,1,1,0,0.059276275,0.018951493,1.000000000,1.000000000,0.100000000,0.010989011,0.010989011,0.036026713,0.002770083,1.000000000,0.000000000,0.000000000,0.000000000,0.000000000,0.000000000,0.493150685,0.187303857,0.370811954,1.000000000,0.965165675,0.541095890,0.522247181,1.009074906,76.872360229,17.405389786,0.734840989,0.999998927,-0.001457344,0.000129473,-0.000160066
1218,127.222000000,fused_map_f2f,1,1,0,0.056957931,0.014967449,1.000000000,1.000000000,0.100000000,0.010989011,0.010989011,0.036037534,0.002770083,1.000000000,0.000000000,0.000000000,0.000000000,0.000000000,0.000000000,0.506493506,0.216226711,0.390386788,1.000000000,0.963041631,0.552083333,0.531679234,1.009389308,77.020294189,17.405435562,0.733873367,0.999998808,-0.001535933,0.000092870,-0.000191497
1219,127.325000000,fused_map_f2f,1,1,0,0.056751259,0.017176295,1.000000000,1.000000000,0.100000000,0.010989011,0.010989011,0.036046134,0.002770083,1.000000000,0.000000000,0.000000000,0.000000000,0.000000000,0.000000000,0.506849315,0.241236290,0.400604105,1.000000000,0.963057325,0.559859155,0.539176460,1.009639215,77.212646484,17.405387878,0.734046996,0.999998748,-0.001562287,0.000101572,-0.000193404
1220,127.428000000,fused_map_f2f,1,1,0,0.057570271,0.029483402,1.000000000,1.000000000,0.100000000,0.010989011,0.010989011,0.036042850,0.002770083,1.000000000,0.000000000,0.000000000,0.000000000,0.000000000,0.000000000,0.493150685,0.214425371,0.381660559,1.000000000,0.961440678,0.557823129,0.536313848,1.009543795,77.379066467,17.405088425,0.734173775,0.999998808,-0.001511776,0.000093580,-0.000193302
1221,127.528000000,fused_map_f2f,1,1,0,0.059794331,0.020148613,1.000000000,1.000000000,0.100000000,0.010989011,0.010989011,0.036072908,0.002770083,1.000000000,0.000000000,0.000000000,0.000000000,0.000000000,0.000000000,0.571428571,0.198292100,0.422173983,1.000000000,0.961391599,0.585106383,0.562516361,1.010417212,77.466651917,17.405532837,0.734308481,0.999999106,-0.001334654,0.000112671,-0.000186576
1222,127.626000000,fused_map_f2f,1,1,0,0.058398086,0.018420277,1.000000000,1.000000000,0.100000000,0.010989011,0.010989011,0.036073045,0.002770083,1.000000000,0.000000000,0.000000000,0.000000000,0.000000000,0.000000000,0.549295775,0.226737862,0.420272610,1.000000000,0.958811040,0.586805556,0.562635645,1.010421188,77.591781616,17.404605865,0.733936250,0.999998629,-0.001623378,0.000088054,-0.000163945
1223,127.736000000,fused_map_f2f,1,1,0,0.058963121,0.021641029,1.000000000,1.000000000,0.100000000,0.010989011,0.010989011,0.036067260,0.002770083,1.000000000,0.000000000,0.000000000,0.000000000,0.000000000,0.000000000,0.513888889,0.209421359,0.392101877,1.000000000,0.961928934,0.579661017,0.557592704,1.010253090,77.784294128,17.404548645,0.734236479,0.999998808,-0.001529217,0.000093699,-0.000146154
1224,127.813000000,fused_map_f2f,1,1,0,0.059348999,0.024268919,1.000000000,1.000000000,0.100000000,0.010989011,0.010989011,0.036064841,0.002770083,1.000000000,0.000000000,0.000000000,0.000000000,0.000000000,0.000000000,0.513888889,0.220561946,0.396558112,1.000000000,0.960659898,0.578231293,0.555483615,1.010182787,77.849418640,17.404369354,0.734181166,0.999998629,-0.001626172,0.000076657,-0.000137778
1225,127.913000000,fused_map_f2f,1,1,0,0.061551786,0.016997009,0.993857513,0.993857513,0.100000000,0.011056177,0.011056177,0.036290857,0.002787156,1.000000000,0.000000000,0.000000000,0.000000000,0.000000000,0.000000000,0.571428571,0.213281063,0.428169568,1.000000000,0.959830867,0.588850174,0.565196573,1.010506552,77.943901062,17.404697418,0.733684659,0.999998868,-0.001484374,0.000103544,-0.000120706
1226,128.038000000,fused_map_f2f,1,1,0,0.059014339,0.019731614,1.000000000,1.000000000,0.100000000,0.010989011,0.010989011,0.036053262,0.002770083,1.000000000,0.000000000,0.000000000,0.000000000,0.000000000,0.000000000,0.527027027,0.190544612,0.392434061,1.000000000,0.961082910,0.567474048,0.545389610,1.009846320,78.064430237,17.404365540,0.733962417,0.999998868,-0.001474473,0.000069931,-0.000136468
1227,128.133000000,fused_map_f2f,1,1,0,0.059164407,0.020071987,1.000000000,1.000000000,0.100000000,0.010989011,0.010989011,0.036049921,0.002770083,1.000000000,0.000000000,0.000000000,0.000000000,0.000000000,0.000000000,0.527027027,0.257247448,0.419115195,1.000000000,0.961815868,0.564013841,0.542477462,1.009749249,78.183631897,17.404674530,0.734269142,0.999998868,-0.001491822,0.000102292,-0.000109167
1228,128.232000000,fused_map_f2f,1,1,0,0.062168698,0.024568686,0.991415570,0.991415570,0.100000000,0.011083108,0.011083108,0.036356558,0.002794002,1.000000000,0.000000000,0.000000000,0.000000000,0.000000000,0.000000000,0.534246575,0.277124903,0.431397907,1.000000000,0.961505922,0.569444444,0.547524206,1.009917474,78.274147034,17.404937744,0.734940290,0.999998987,-0.001411968,0.000034280,-0.000051212
1229,128.339000000,fused_map_f2f,1,1,0,0.058624807,0.016613987,1.000000000,1.000000000,0.100000000,0.010989011,0.010989011,0.036069041,0.002770083,1.000000000,0.000000000,0.000000000,0.000000000,0.000000000,0.000000000,0.500000000,0.235755428,0.394302171,1.000000000,0.961457010,0.581560284,0.559145211,1.010304840,78.377799988,17.404298782,0.734180331,0.999998808,-0.001520053,0.000081714,-0.000084845
1230,128.418000000,fused_map_f2f,1,1,0,0.060386636,0.025415119,0.998469565,0.998469565,0.100000000,0.011005669,0.011005669,0.036117322,0.002774317,1.000000000,0.000000000,0.000000000,0.000000000,0.000000000,0.000000000,0.547945205,0.228047265,0.419986029,1.000000000,0.960726351,0.577464789,0.554785640,1.010159521,78.437538147,17.404472351,0.734204829,0.999998808,-0.001522621,0.000101568,-0.000052866
1231,128.521000000,fused_map_f2f,1,1,0,0.059660437,0.021212179,1.000000000,1.000000000,0.100000000,0.010989011,0.010989011,0.036052521,0.002770083,1.000000000,0.000000000,0.000000000,0.000000000,0.000000000,0.000000000,0.591549296,0.193351198,0.432270057,1.000000000,0.961505922,0.566552901,0.544743970,1.009824799,78.581672668,17.404399872,0.734576821,0.999998748,-0.001583754,0.000098886,-0.000097423
1232,128.632000000,fused_map_f2f,1,1,0,0.061959547,0.029014670,0.992243460,0.992243460,0.100000000,0.011073963,0.011073963,0.036333597,0.002791677,1.000000000,0.000000000,0.000000000,0.000000000,0.000000000,0.000000000,0.583333333,0.268494842,0.457397937,1.000000000,0.961082910,0.575342466,0.552951811,1.010098394,78.669860840,17.404191971,0.734720170,0.999998629,-0.001656330,0.000052256,-0.000061968
1233,128.713000000,fused_map_f2f,1,1,0,0.059822936,0.021473477,1.000000000,1.000000000,0.100000000,0.010989011,0.010989011,0.036056380,0.002770083,1.000000000,0.000000000,0.000000000,0.000000000,0.000000000,0.000000000,0.563380282,0.240607495,0.434271167,1.000000000,0.958368734,0.571917808,0.548108146,1.009936938,78.780792236,17.404466629,0.734398961,0.999998808,-0.001531446,0.000105081,-0.000105053
1234,128.834000000,fused_map_f2f,1,1,0,0.063318022,0.020672894,0.986866163,0.986866163,0.100000000,0.011133631,0.011133631,0.036527254,0.002806846,1.000000000,0.000000000,0.000000000,0.000000000,0.000000000,0.000000000,0.534246575,0.265272482,0.426656938,1.000000000,0.958828523,0.579310345,0.555459282,1.010181976,78.885116577,17.404443741,0.734582961,0.999998748,-0.001570463,0.000062761,-0.000059385
1235,128.930000000,fused_map_f2f,1,1,0,0.062348856,0.020112999,0.990702446,0.990702446,0.100000000,0.011090997,0.011090997,0.036390586,0.002796007,1.000000000,0.000000000,0.000000000,0.000000000,0.000000000,0.000000000,0.542857143,0.208609698,0.409158165,1.000000000,0.962240136,0.576923077,0.555138540,1.010171285,78.967498779,17.404321671,0.734152853,0.999998927,-0.001442288,0.000110106,-0.000094371
1236,129.030000000,fused_map_f2f,1,1,0,0.061487661,0.024418195,0.994111343,0.994111343,0.100000000,0.011053385,0.011053385,0.036272721,0.002786446,1.000000000,0.000000000,0.000000000,0.000000000,0.000000000,0.000000000,0.547945205,0.231502024,0.421367933,1.000000000,0.957609156,0.581881533,0.557215084,1.010240503,79.040580750,17.404174805,0.734472275,0.999998868,-0.001470759,0.000072335,-0.000114528
1237,129.135000000,fused_map_f2f,1,1,0,0.063114425,0.020039253,0.987672067,0.987672067,0.100000000,0.011124648,0.011124648,0.036502809,0.002804562,1.000000000,0.000000000,0.000000000,0.000000000,0.000000000,0.000000000,0.520547945,0.300398566,0.432488194,1.000000000,0.958527296,0.583333333,0.559140923,1.010304697,79.158020020,17.403551102,0.733813882,0.999998450,-0.001746730,0.000119004,-0.000090047
1238,129.214000000,fused_map_f2f,1,1,0,0.061801071,0.017420904,0.992870760,0.992870760,0.100000000,0.011067044,0.011067044,0.036341096,0.002789918,1.000000000,0.000000000,0.000000000,0.000000000,0.000000000,0.000000000,0.555555556,0.242643426,0.430390704,1.000000000,0.957573186,0.604240283,0.578604293,1.010953476,79.226089478,17.403938293,0.734073102,0.999998569,-0.001659168,0.000109522,-0.000083444
1239,129.337000000,fused_map_f2f,1,1,0,0.063632919,0.026536375,0.985619696,0.985619696,0.100000000,0.011147555,0.011147555,0.036594060,0.002810385,1.000000000,0.000000000,0.000000000,0.000000000,0.000000000,0.000000000,0.535211268,0.266991760,0.427923465,1.000000000,0.955508475,0.601398601,0.574641460,1.010821382,79.416122437,17.403802872,0.734039247,0.999998510,-0.001706398,0.000131411,-0.000110902
1240,129.419000000,fused_map_f2f,1,1,0,0.064064304,0.013023967,0.983912129,0.983912129,0.100000000,0.011166685,0.011166685,0.036665268,0.002815249,1.000000000,0.000000000,0.000000000,0.000000000,0.000000000,0.000000000,0.549295775,0.241375896,0.426127823,1.000000000,0.956263270,0.609929078,0.583252774,1.011108426,79.474899292,17.403558731,0.734119833,0.999998510,-0.001724244,0.000137873,-0.000155322
1241,129.515000000,fused_map_f2f,1,1,0,0.064061637,0.016759653,0.983922688,0.983922688,0.100000000,0.011166567,0.011166567,0.036638016,0.002815219,1.000000000,0.000000000,0.000000000,0.000000000,0.000000000,0.000000000,0.541666667,0.207391999,0.407956799,1.000000000,0.959830867,0.583617747,0.560174328,1.010339144,79.585479736,17.403684616,0.733920932,0.999998212,-0.001890337,0.000126845,-0.000102140
1242,129.615000000,fused_map_f2f,1,1,0,0.064069963,0.016303790,0.983889730,0.983889730,0.100000000,0.011166936,0.011166936,0.036640925,0.002815313,1.000000000,0.000000000,0.000000000,0.000000000,0.000000000,0.000000000,0.533333333,0.257442116,0.422976847,1.000000000,0.958121827,0.586206897,0.561657623,1.010388587,79.656204224,17.403518677,0.734306633,0.999998093,-0.001960639,0.000071387,-0.000081023
1243,129.720000000,fused_map_f2f,1,1,0,0.064240559,0.022668300,0.983214454,0.983214454,0.100000000,0.011174520,0.011174520,0.036675853,0.002817241,1.000000000,0.000000000,0.000000000,0.000000000,0.000000000,0.000000000,0.563380282,0.296207822,0.456511298,1.000000000,0.958174905,0.595744681,0.570827603,1.010694253,79.777061462,17.403619766,0.734260559,0.999998271,-0.001849500,0.000118771,-0.000104820
1244,129.816000000,fused_map_f2f,1,1,0,0.065061104,0.028756255,0.979966465,0.979966465,0.100000000,0.011211142,0.011211142,0.036776764,0.002826552,1.000000000,0.000000000,0.000000000,0.000000000,0.000000000,0.000000000,0.567164179,0.235504631,0.434500360,1.000000000,0.957221516,0.581881533,0.556989523,1.010232984,79.853797913,17.403564453,0.734084487,0.999998331,-0.001829143,0.000065399,-0.000077655
1245,129.943000000,fused_map_f2f,1,1,0,0.063863147,0.034707751,0.984708376,0.984708376,0.100000000,0.011157756,0.011157756,0.036610732,0.002812979,1.000000000,0.000000000,0.000000000,0.000000000,0.000000000,0.000000000,0.541666667,0.276608509,0.435643404,1.000000000,0.957275804,0.585964912,0.560930032,1.010364334,79.984497070,17.402730942,0.733783722,0.999997973,-0.001996814,0.000116566,-0.000075390
1246,130.015000000,fused_map_f2f,1,1,0,0.063657122,0.015450006,0.985523891,0.985523891,0.100000000,0.011148626,0.011148626,0.036577715,0.002810658,1.000000000,0.000000000,0.000000000,0.000000000,0.000000000,0.000000000,0.579710145,0.313579879,0.473258038,1.000000000,0.956889265,0.582758621,0.557635468,1.010254516,80.043594360,17.402830124,0.733902574,0.999997973,-0.002012757,0.000108876,-0.000071662
1247,130.114000000,fused_map_f2f,1,1,0,0.063622675,0.017425303,0.985660246,0.985660246,0.100000000,0.011147101,0.011147101,0.036579402,0.002810270,1.000000000,0.000000000,0.000000000,0.000000000,0.000000000,0.000000000,0.541666667,0.262030923,0.429812369,1.000000000,0.956576728,0.588850174,0.563280373,1.010442679,80.188026428,17.402662277,0.734017968,0.999998093,-0.001928312,0.000119627,-0.000079461
1248,130.216000000,fused_map_f2f,1,1,0,0.065497814,0.017103800,0.978237819,0.978237819,0.100000000,0.011230730,0.011230730,0.036822104,0.002831533,1.000000000,0.000000000,0.000000000,0.000000000,0.000000000,0.000000000,0.565217391,0.252182184,0.440003308,1.000000000,0.954622561,0.568027211,0.542251591,1.009741720,80.267501831,17.402629852,0.733855963,0.999998093,-0.001951684,0.000110253,-0.000072247
1249,130.317000000,fused_map_f2f,1,1,0,0.065357675,0.016231215,0.978792535,0.978792535,0.100000000,0.011224437,0.011224437,0.036827429,0.002829933,1.000000000,0.000000000,0.000000000,0.000000000,0.000000000,0.000000000,0.549295775,0.199102582,0.409218498,1.000000000,0.958086367,0.588652482,0.563979918,1.010465997,80.343185425,17.402423859,0.733731449,0.999998093,-0.001954292,0.000125847,-0.000079130
1250,130.423000000,fused_map_f2f,1,1,0,0.063626538,0.027069429,0.985644956,0.985644956,0.100000000,0.011147272,0.011147272,0.036567083,0.002810314,1.000000000,0.000000000,0.000000000,0.000000000,0.000000000,0.000000000,0.549295775,0.253065410,0.430803629,1.000000000,0.952906237,0.579505300,0.552214215,1.010073807,80.421569824,17.402097702,0.733948410,0.999997914,-0.002033622,0.000112923,-0.000081977
1251,130.521000000,fused_map_f2f,1,1,0,0.064557343,0.019764177,0.981960516,0.981960516,0.100000000,0.011188630,0.011188630,0.036694246,0.002820828,1.000000000,0.000000000,0.000000000,0.000000000,0.000000000,0.000000000,0.555555556,0.223003747,0.422534832,1.000000000,0.956374418,0.572916667,0.547922843,1.009930761,80.482505798,17.402036667,0.733841062,0.999998093,-0.001943445,0.000129983,-0.000083422
1252,130.629000000,fused_map_f2f,1,1,0,0.062900129,0.022489321,0.988520321,0.988520321,0.100000000,0.011115208,0.011115208,0.036484772,0.002802162,1.000000000,0.000000000,0.000000000,0.000000000,0.000000000,0.000000000,0.521126761,0.255023769,0.414685564,1.000000000,0.957221516,0.595070423,0.569614212,1.010653807,80.592185974,17.402509689,0.734569788,0.999998212,-0.001883926,0.000114983,-0.000084754
1253,130.739000000,fused_map_f2f,1,1,0,0.064673631,0.026186678,0.981500209,0.981500209,0.100000000,0.011193819,0.011193819,0.036747142,0.002822148,1.000000000,0.000000000,0.000000000,0.000000000,0.000000000,0.000000000,0.527027027,0.273099808,0.425456140,1.000000000,0.953911205,0.607017544,0.579040837,1.010968028,80.670669556,17.402122498,0.734134614,0.999998271,-0.001840113,0.000111832,-0.000079952
1254,130.816000000,fused_map_f2f,1,1,0,0.063466687,0.025596780,0.986277698,0.986277698,0.100000000,0.011140200,0.011140200,0.036553309,0.002808516,1.000000000,0.000000000,0.000000000,0.000000000,0.000000000,0.000000000,0.563380282,0.214404984,0.423790163,1.000000000,0.952662722,0.587628866,0.559812115,1.010327070,80.727210999,17.402685165,0.734106660,0.999998391,-0.001766058,0.000100922,-0.000082045
1255,130.920000000,fused_map_f2f,1,1,0,0.063178772,0.022926422,0.987417359,0.987417359,0.100000000,0.011127486,0.011127486,0.036521215,0.002805283,1.000000000,0.000000000,0.000000000,0.000000000,0.000000000,0.000000000,0.573529412,0.281550940,0.456738023,1.000000000,0.955255382,0.593750000,0.567182883,1.010572763,80.817077637,17.402334213,0.734279752,0.999998331,-0.001826667,0.000105179,-0.000080327
1256,131.016000000,fused_map_f2f,1,1,0,0.064168564,0.019063530,0.983499435,0.983499435,0.100000000,0.011171318,0.011171318,0.036662056,0.002816427,1.000000000,0.000000000,0.000000000,0.000000000,0.000000000,0.000000000,0.527777778,0.181851561,0.389407291,1.000000000,0.953989025,0.595155709,0.567772015,1.010592400,80.876716614,17.402412415,0.733880818,0.999998450,-0.001731540,0.000125897,-0.000073679
1257,131.115000000,fused_map_f2f,1,1,0,0.062896352,0.021013680,0.988535275,0.988535275,0.100000000,0.011115042,0.011115042,0.036495222,0.002802120,1.000000000,0.000000000,0.000000000,0.000000000,0.000000000,0.000000000,0.565217391,0.228993658,0.430727898,1.000000000,0.956006768,0.605734767,0.579086537,1.010969551,80.959335327,17.402614594,0.734198809,0.999998450,-0.001758959,0.000105389,-0.000090745
1258,131.225000000,fused_map_f2f,1,1,0,0.063110509,0.016776106,0.987687567,0.987687567,0.100000000,0.011124475,0.011124475,0.036506903,0.002804518,1.000000000,0.000000000,0.000000000,0.000000000,0.000000000,0.000000000,0.555555556,0.221172891,0.421802490,1.000000000,0.952762547,0.591065292,0.563144873,1.010438162,81.029243469,17.402791977,0.734032214,0.999998569,-0.001657514,0.000115747,-0.000100295
1259,131.326000000,fused_map_f2f,1,1,0,0.064279784,0.025042845,0.983059190,0.983059190,0.100000000,0.011176265,0.011176265,0.036698802,0.002817685,1.000000000,0.000000000,0.000000000,0.000000000,0.000000000,0.000000000,0.569444444,0.261246186,0.446165141,1.000000000,0.954775993,0.613475177,0.585731372,1.011191046,81.094978333,17.402551651,0.733979285,0.999998569,-0.001690306,0.000066252,-0.000077574
1260,131.425000000,fused_map_f2f,1,1,0,0.062049249,0.017154102,0.991888389,0.991888389,0.100000000,0.011077883,0.011077883,0.036386438,0.002792673,1.000000000,0.000000000,0.000000000,0.000000000,0.000000000,0.000000000,0.585714286,0.201208609,0.431912015,1.000000000,0.955217575,0.615384615,0.587826200,1.011260873,81.159164429,17.402860641,0.733746648,0.999998808,-0.001527298,0.000096332,-0.000115874
1261,131.529000000,fused_map_f2f,1,1,0,0.061791475,0.017094074,0.992908746,0.992908746,0.100000000,0.011066625,0.011066625,0.036371709,0.002789812,1.000000000,0.000000000,0.000000000,0.000000000,0.000000000,0.000000000,0.565217391,0.199386942,0.418885211,1.000000000,0.955141769,0.634751773,0.606277931,1.011875931,81.221366882,17.403137207,0.734911382,0.999998689,-0.001624807,0.000083568,-0.000086280
1262,131.629000000,fused_map_f2f,1,1,0,0.062398856,0.014170181,0.990504527,0.990504527,0.100000000,0.011093189,0.011093189,0.036450686,0.002796564,1.000000000,0.000000000,0.000000000,0.000000000,0.000000000,0.000000000,0.549295775,0.224270842,0.419285802,1.000000000,0.956925676,0.628070175,0.601016477,1.011700549,81.266677856,17.402811050,0.734378874,0.999998808,-0.001543096,0.000099176,-0.000091677
1263,131.727000000,fused_map_f2f,1,1,0,0.062405945,0.020878205,0.990476468,0.990476468,0.100000000,0.011093499,0.011093499,0.036444714,0.002796643,1.000000000,0.000000000,0.000000000,0.000000000,0.000000000,0.000000000,0.573529412,0.214609450,0.429961427,1.000000000,0.953989025,0.623693380,0.594996639,1.011499888,81.337509155,17.402910233,0.734442949,0.999998689,-0.001589974,0.000103445,-0.000102256
1264,131.830000000,fused_map_f2f,1,1,0,0.061862805,0.028578674,0.992626399,0.992626399,0.100000000,0.011069738,0.011069738,0.036375549,0.002790603,1.000000000,0.000000000,0.000000000,0.000000000,0.000000000,0.000000000,0.527777778,0.213263304,0.401971988,1.000000000,0.956852792,0.628070175,0.600970701,1.011699023,81.391670227,17.403024673,0.734489381,0.999998927,-0.001445322,0.000108657,-0.000103951
1265,131.929000000,fused_map_f2f,1,1,0,0.061527880,0.010618164,0.993952142,0.993952142,0.100000000,0.011055136,0.011055136,0.036342037,0.002786891,1.000000000,0.000000000,0.000000000,0.000000000,0.000000000,0.000000000,0.535211268,0.237388182,0.416082033,1.000000000,0.953085376,0.642599278,0.612451975,1.012081732,81.442512512,17.402725220,0.735035062,0.999998808,-0.001520765,0.000092874,-0.000091637
1266,132.024000000,fused_map_f2f,1,1,0,0.062942623,0.018842453,0.988352117,0.988352117,0.100000000,0.011117078,0.011117078,0.036536692,0.002802637,1.000000000,0.000000000,0.000000000,0.000000000,0.000000000,0.000000000,0.597014925,0.223496297,0.447607474,1.000000000,0.956871036,0.636690647,0.609230839,1.011974361,81.491706848,17.402511597,0.734263957,0.999998569,-0.001670611,0.000095677,-0.000106747
1267,132.130000000,fused_map_f2f,1,1,0,0.062099645,0.032309737,0.991688905,0.991688905,0.100000000,0.011080087,0.011080087,0.036409542,0.002793234,1.000000000,0.000000000,0.000000000,0.000000000,0.000000000,0.000000000,0.541666667,0.218099084,0.412239634,1.000000000,0.958033065,0.628070175,0.601711995,1.011723733,81.546783447,17.402959824,0.734300971,0.999998927,-0.001476948,0.000071107,-0.000047353
1268,132.229000000,fused_map_f2f,1,1,0,0.059761167,0.015613238,1.000000000,1.000000000,0.100000000,0.010989011,0.010989011,0.036119425,0.002770083,1.000000000,0.000000000,0.000000000,0.000000000,0.000000000,0.000000000,0.563380282,0.288074332,0.453257902,1.000000000,0.958210215,0.629370629,0.603069366,1.011768979,81.600685120,17.402872086,0.734856665,0.999998868,-0.001496224,0.000103382,-0.000069532
1269,132.334000000,fused_map_f2f,1,1,0,0.061077537,0.024366067,0.995734751,0.995734751,0.100000000,0.011035563,0.011035563,0.036283304,0.002781916,1.000000000,0.000000000,0.000000000,0.000000000,0.000000000,0.000000000,0.540540541,0.248031792,0.423537041,1.000000000,0.954641797,0.645161290,0.615897934,1.012196598,81.650512695,17.403299332,0.734828889,0.999998987,-0.001414512,0.000097182,-0.000066692
1270,132.416000000,fused_map_f2f,1,1,0,0.061955615,0.012933246,0.992259025,0.992259025,0.100000000,0.011073791,0.011073791,0.036383715,0.002791633,1.000000000,0.000000000,0.000000000,0.000000000,0.000000000,0.000000000,0.533333333,0.258395770,0.423358308,1.000000000,0.956889265,0.623693380,0.596805500,1.011560183,81.688278198,17.403612137,0.735179722,0.999999166,-0.001264305,0.000102441,-0.000083686
1271,132.518000000,fused_map_f2f,1,1,0,0.059419545,0.018480472,1.000000000,1.000000000,0.100000000,0.010989011,0.010989011,0.036118037,0.002770083,1.000000000,0.000000000,0.000000000,0.000000000,0.000000000,0.000000000,0.540540541,0.199785879,0.404238676,1.000000000,0.956889265,0.628975265,0.601859679,1.011728656,81.785568237,17.402765274,0.734775782,0.999998868,-0.001499888,0.000093457,-0.000077377
1272,132.623000000,fused_map_f2f,1,1,0,0.059356556,0.013076106,1.000000000,1.000000000,0.100000000,0.010989011,0.010989011,0.036100959,0.002770083,1.000000000,0.000000000,0.000000000,0.000000000,0.000000000,0.000000000,0.550724638,0.198791209,0.409951266,1.000000000,0.956300382,0.613793103,0.586970579,1.011232353,81.840995789,17.403099060,0.734747767,0.999998927,-0.001462335,0.000121694,-0.000060406
1273,132.735000000,fused_map_f2f,1,1,0,0.060039660,0.022507168,0.999843012,0.999843012,0.100000000,0.010990717,0.010990717,0.036110524,0.002770517,1.000000000,0.000000000,0.000000000,0.000000000,0.000000000,0.000000000,0.557142857,0.282968759,0.447473218,1.000000000,0.955489614,0.618055556,0.590545664,1.011351522,81.914062500,17.403455734,0.734755099,0.999998987,-0.001404581,0.000093416,-0.000076574
1274,132.816000000,fused_map_f2f,1,1,0,0.059037175,0.016743208,1.000000000,1.000000000,0.100000000,0.010989011,0.010989011,0.036109379,0.002770083,1.000000000,0.000000000,0.000000000,0.000000000,0.000000000,0.000000000,0.571428571,0.231381346,0.435409681,1.000000000,0.959002536,0.619718310,0.594311431,1.011477048,81.972259521,17.403083801,0.735012650,0.999998868,-0.001515185,0.000077223,-0.000071201
1275,132.933000000,fused_map_f2f,1,1,0,0.059648968,0.022122581,1.000000000,1.000000000,0.100000000,0.010989011,0.010989011,0.036113497,0.002770083,1.000000000,0.000000000,0.000000000,0.000000000,0.000000000,0.000000000,0.549295775,0.207183381,0.412450817,1.000000000,0.954603309,0.626334520,0.597901005,1.011596700,82.030693054,17.403347015,0.735011995,0.999999046,-0.001386190,0.000079976,-0.000041793
1276,133.019000000,fused_map_f2f,1,1,0,0.060623821,0.026838318,0.997530710,0.997530710,0.100000000,0.011015914,0.011015914,0.036195486,0.002776921,1.000000000,0.000000000,0.000000000,0.000000000,0.000000000,0.000000000,0.527777778,0.301682314,0.437339592,1.000000000,0.955564960,0.621908127,0.594273615,1.011475787,82.073562622,17.403230667,0.734976351,0.999999046,-0.001376564,0.000061757,-0.000072510
1277,133.135000000,fused_map_f2f,1,1,0,0.060065366,0.014798518,0.999741259,0.999741259,0.100000000,0.010991824,0.010991824,0.036099684,0.002770798,1.000000000,0.000000000,0.000000000,0.000000000,0.000000000,0.000000000,0.507042254,0.205002174,0.386226222,1.000000000,0.956706282,0.604166667,0.578010045,1.010933668,82.165443420,17.404056549,0.735452235,0.999999046,-0.001357783,0.000088565,-0.000095231
1278,133.233000000,fused_map_f2f,1,1,0,0.059337543,0.015798339,1.000000000,1.000000000,0.100000000,0.010989011,0.010989011,0.036119907,0.002770083,1.000000000,0.000000000,0.000000000,0.000000000,0.000000000,0.000000000,0.584615385,0.244118872,0.448416780,1.000000000,0.959304790,0.629090909,0.603489923,1.011782997,82.222564697,17.403551102,0.735189259,0.999998868,-0.001475798,0.000092591,-0.000105285
1279,133.337000000,fused_map_f2f,1,1,0,0.061578136,0.027355588,0.993753211,0.993753211,0.100000000,0.011057325,0.011057325,0.036332971,0.002787447,1.000000000,0.000000000,0.000000000,0.000000000,0.000000000,0.000000000,0.550724638,0.232416045,0.423401201,1.000000000,0.957627119,0.625000000,0.598516949,1.011617232,82.282104492,17.403423309,0.735192299,0.999998868,-0.001501945,0.000113965,-0.000109454
1280,133.430000000,fused_map_f2f,1,1,0,0.059656393,0.018518225,1.000000000,1.000000000,0.100000000,0.010989011,0.010989011,0.036120660,0.002770083,1.000000000,0.000000000,0.000000000,0.000000000,0.000000000,0.000000000,0.500000000,0.268835448,0.407534179,1.000000000,0.957130730,0.631205674,0.604146347,1.011804878,82.360015869,17.403379440,0.735156655,0.999998808,-0.001516867,0.000080489,-0.000112498
1281,133.531000000,fused_map_f2f,1,1,0,0.059925661,0.022340545,1.000000000,1.000000000,0.100000000,0.010989011,0.010989011,0.036116445,0.002770083,1.000000000,0.000000000,0.000000000,0.000000000,0.000000000,0.000000000,0.563380282,0.177524233,0.409037862,1.000000000,0.953290870,0.629893238,0.600471474,1.011682382,82.429809570,17.402828217,0.734851003,0.999998629,-0.001637277,0.000081417,-0.000096799
1282,133.613000000,fused_map_f2f,1,1,0,0.061584609,0.015981947,0.993727589,0.993727589,0.100000000,0.011057607,0.011057607,0.036347903,0.002787519,1.000000000,0.000000000,0.000000000,0.000000000,0.000000000,0.000000000,0.565217391,0.213281417,0.424443002,1.000000000,0.953754773,0.640287770,0.610677517,1.012022584,82.476974487,17.403171539,0.735038400,0.999998629,-0.001625667,0.000090077,-0.000103623
1283,133.737000000,fused_map_f2f,1,1,0,0.060218109,0.022422186,0.999136653,0.999136653,0.100000000,0.010998402,0.010998402,0.036131547,0.002772470,1.000000000,0.000000000,0.000000000,0.000000000,0.000000000,0.000000000,0.615384615,0.241881600,0.465983409,1.000000000,0.957039558,0.613793103,0.587424280,1.011247476,82.564521790,17.403303146,0.735405028,0.999998868,-0.001484484,0.000084891,-0.000088707
1284,133.833000000,fused_map_f2f,1,1,0,0.060547034,0.014643532,0.997834659,0.997834659,0.100000000,0.011012595,0.011012595,0.036178407,0.002776078,1.000000000,0.000000000,0.000000000,0.000000000,0.000000000,0.000000000,0.557142857,0.244176466,0.431956301,1.000000000,0.955744681,0.615916955,0.588659354,1.011288645,82.630355835,17.402891159,0.735197008,0.999998748,-0.001579252,0.000084237,-0.000094935
1285,133.935000000,fused_map_f2f,1,1,0,0.062186102,0.029090451,0.991346678,0.991346678,0.100000000,0.011083869,0.011083869,0.036419482,0.002794195,1.000000000,0.000000000,0.000000000,0.000000000,0.000000000,0.000000000,0.567164179,0.233594469,0.433736295,1.000000000,0.952279506,0.629893238,0.599834422,1.011661147,82.693885803,17.403158188,0.734566510,0.999998808,-0.001531505,0.000086066,-0.000111408
1286,134.033000000,fused_map_f2f,1,1,0,0.060251536,0.014714868,0.999004338,0.999004338,0.100000000,0.010999843,0.010999843,0.036143825,0.002772836,1.000000000,0.000000000,0.000000000,0.000000000,0.000000000,0.000000000,0.567164179,0.173710863,0.409782853,1.000000000,0.951873935,0.624137931,0.594100629,1.011470021,82.760917664,17.402799606,0.734872937,0.999998748,-0.001568813,0.000096959,-0.000118727
1287,134.141000000,fused_map_f2f,1,1,0,0.060149549,0.018319015,0.999408036,0.999408036,0.100000000,0.010995448,0.010995448,0.036136933,0.002771719,1.000000000,0.000000000,0.000000000,0.000000000,0.000000000,0.000000000,0.558823529,0.250865090,0.435640154,1.000000000,0.951385928,0.631034483,0.600357327,1.011678578,82.829757690,17.401994705,0.735437572,0.999998629,-0.001641265,0.000086976,-0.000107597
1288,134.234000000,fused_map_f2f,1,1,0,0.060345433,0.024753260,0.998632662,0.998632662,0.100000000,0.011003892,0.011003892,0.036166040,0.002773865,1.000000000,0.000000000,0.000000000,0.000000000,0.000000000,0.000000000,0.528571429,0.198753306,0.396644180,1.000000000,0.952320136,0.632302405,0.602154313,1.011738477,82.980628967,17.401617050,0.734587848,0.999998331,-0.001813152,0.000082336,-0.000132251
1289,134.331000000,fused_map_f2f,1,1,0,0.059984444,0.017473615,1.000000000,1.000000000,0.100000000,0.010989011,0.010989011,0.036118547,0.002770083,1.000000000,0.000000000,0.000000000,0.000000000,0.000000000,0.000000000,0.535211268,0.225378317,0.411278087,1.000000000,0.949787234,0.634146341,0.602304100,1.011743470,83.045227051,17.401430130,0.734836519,0.999998271,-0.001842180,0.000084018,-0.000131709
1290,134.422000000,fused_map_f2f,1,1,0,0.060544585,0.024700210,0.997844352,0.997844352,0.100000000,0.011012489,0.011012489,0.036199396,0.002776051,1.000000000,0.000000000,0.000000000,0.000000000,0.000000000,0.000000000,0.582089552,0.236185994,0.443728129,1.000000000,0.949404762,0.639575972,0.607216473,1.011907216,83.178611755,17.401866913,0.735507548,0.999998569,-0.001689059,0.000066969,-0.000158173
1291,134.539000000,fused_map_f2f,1,1,0,0.061202771,0.017587687,0.995239032,0.995239032,0.100000000,0.011040999,0.011040999,0.036289211,0.002783298,1.000000000,0.000000000,0.000000000,0.000000000,0.000000000,0.000000000,0.552238806,0.233813835,0.424868818,1.000000000,0.947952218,0.639175258,0.605907604,1.011863587,83.257247925,17.402080536,0.735715091,0.999998748,-0.001560539,0.000063454,-0.000129196
1292,134.641000000,fused_map_f2f,1,1,0,0.060841368,0.019845391,0.996669585,0.996669585,0.100000000,0.011025326,0.011025326,0.036240971,0.002779314,1.000000000,0.000000000,0.000000000,0.000000000,0.000000000,0.000000000,0.520547945,0.227987346,0.403523705,1.000000000,0.950617284,0.639175258,0.607611047,1.011920368,83.362174988,17.401849747,0.735795379,0.999998927,-0.001466350,0.000082198,-0.000126477
1293,134.734000000,fused_map_f2f,1,1,0,0.060530191,0.025180418,0.997901327,0.997901327,0.100000000,0.011011867,0.011011867,0.036210476,0.002775893,1.000000000,0.000000000,0.000000000,0.000000000,0.000000000,0.000000000,0.557142857,0.221148431,0.422745087,1.000000000,0.951167728,0.650349650,0.618591599,1.012286387,83.404998779,17.401460648,0.735936642,0.999998868,-0.001503726,0.000068711,-0.000129036
1294,134.837000000,fused_map_f2f,1,1,0,0.062665771,0.011821047,0.989447991,0.989447991,0.100000000,0.011104902,0.011104902,0.036509916,0.002799542,1.000000000,0.000000000,0.000000000,0.000000000,0.000000000,0.000000000,0.534246575,0.234064848,0.414173884,1.000000000,0.946322908,0.654929577,0.619774862,1.012325829,83.458671570,17.401000977,0.735312521,0.999998927,-0.001440422,0.000063894,-0.000101734
1295,134.928000000,fused_map_f2f,1,1,0,0.061969480,0.016973092,0.992204141,0.992204141,0.100000000,0.011074397,0.011074397,0.036415239,0.002791787,1.000000000,0.000000000,0.000000000,0.000000000,0.000000000,0.000000000,0.536231884,0.235842341,0.416076067,1.000000000,0.945269410,0.658450704,0.622413309,1.012413777,83.537948608,17.400699615,0.735540926,0.999998748,-0.001558433,0.000054435,-0.000103529
1296,135.029000000,fused_map_f2f,1,1,0,0.061642688,0.015601397,0.993497693,0.993497693,0.100000000,0.011060137,0.011060137,0.036365714,0.002788162,1.000000000,0.000000000,0.000000000,0.000000000,0.000000000,0.000000000,0.536231884,0.296063195,0.440164409,1.000000000,0.943691787,0.656028369,0.619088583,1.012302953,83.596763611,17.400026321,0.735660732,0.999998629,-0.001626224,0.000064469,-0.000127032
1297,135.129000000,fused_map_f2f,1,1,0,0.060595770,0.021398965,0.997641745,0.997641745,0.100000000,0.011014701,0.011014701,0.036229840,0.002776613,1.000000000,0.000000000,0.000000000,0.000000000,0.000000000,0.000000000,0.514285714,0.202811610,0.389696073,1.000000000,0.944680851,0.664285714,0.627537994,1.012584600,83.645797729,17.400325775,0.735913396,0.999998868,-0.001472038,0.000066273,-0.000115858
1298,135.236000000,fused_map_f2f,1,1,0,0.063648101,0.020917010,0.985559601,0.985559601,0.100000000,0.011148227,0.011148227,0.036636200,0.002810556,1.000000000,0.000000000,0.000000000,0.000000000,0.000000000,0.000000000,0.535211268,0.171707650,0.389809821,1.000000000,0.949576271,0.641379310,0.609038574,1.011967952,83.701782227,17.400499344,0.736077309,0.999998987,-0.001424762,0.000059187,-0.000109798
1299,135.318000000,fused_map_f2f,1,1,0,0.060939178,0.013705793,0.996282422,0.996282422,0.100000000,0.011029564,0.011029564,0.036245577,0.002780391,1.000000000,0.000000000,0.000000000,0.000000000,0.000000000,0.000000000,0.520000000,0.210557253,0.396222901,1.000000000,0.943500425,0.635738832,0.599819858,1.011660662,83.772521973,17.400440216,0.736107886,0.999999166,-0.001262631,0.000046435,-0.000111882
1300,135.423000000,fused_map_f2f,1,1,0,0.062136281,0.019506250,0.991543890,0.991543890,0.100000000,0.011081689,0.011081689,0.036404389,0.002793641,1.000000000,0.000000000,0.000000000,0.000000000,0.000000000,0.000000000,0.549295775,0.215121245,0.415625963,1.000000000,0.943996606,0.627986348,0.592816981,1.011427233,83.822929382,17.399925232,0.735837996,0.999999046,-0.001362592,0.000068618,-0.000116023
1301,135.532000000,fused_map_f2f,1,1,0,0.063082495,0.017072478,0.987798458,0.987798458,0.100000000,0.011123240,0.011123240,0.036549356,0.002804204,1.000000000,0.000000000,0.000000000,0.000000000,0.000000000,0.000000000,0.563380282,0.237083831,0.432861701,1.000000000,0.944044086,0.638888889,0.603139277,1.011771309,83.870208740,17.400362015,0.735073090,0.999999166,-0.001273811,0.000058163,-0.000116586
1302,135.626000000,fused_map_f2f,1,1,0,0.062509419,0.015614278,0.990066883,0.990066883,0.100000000,0.011098038,0.011098038,0.036480995,0.002797797,1.000000000,0.000000000,0.000000000,0.000000000,0.000000000,0.000000000,0.579710145,0.243002859,0.445027230,1.000000000,0.942723801,0.651079137,0.613787799,1.012126260,83.942558289,17.400756836,0.735661089,0.999999285,-0.001168729,0.000060378,-0.000108482
1303,135.734000000,fused_map_f2f,1,1,0,0.063096505,0.019080045,0.987743001,0.987743001,0.100000000,0.011123858,0.011123858,0.036543492,0.002804361,1.000000000,0.000000000,0.000000000,0.000000000,0.000000000,0.000000000,0.611940299,0.248407664,0.466527245,1.000000000,0.942348453,0.632867133,0.596381363,1.011546045,83.991096497,17.399730682,0.735508978,0.999998927,-0.001443089,0.000065925,-0.000108877
1304,135.832000000,fused_map_f2f,1,1,0,0.061569532,0.020744548,0.993787267,0.993787267,0.100000000,0.011056950,0.011056950,0.036326826,0.002787352,1.000000000,0.000000000,0.000000000,0.000000000,0.000000000,0.000000000,0.527777778,0.162929289,0.381838382,1.000000000,0.941677309,0.631034483,0.594230854,1.011474362,84.039352417,17.400333405,0.735854626,0.999999225,-0.001232578,0.000050024,-0.000096742
1305,135.922000000,fused_map_f2f,1,1,0,0.063818232,0.017727090,0.984886164,0.984886164,0.100000000,0.011155765,0.011155765,0.036633594,0.002812473,1.000000000,0.000000000,0.000000000,0.000000000,0.000000000,0.000000000,0.557142857,0.204064606,0.415911557,1.000000000,0.947189097,0.618729097,0.586053455,1.011201782,84.081619263,17.400030136,0.735681593,0.999999106,-0.001348620,0.000055250,-0.000103235
1306,136.032000000,fused_map_f2f,1,1,0,0.062950745,0.015999157,0.988319968,0.988319968,0.100000000,0.011117436,0.011117436,0.036529389,0.002802728,1.000000000,0.000000000,0.000000000,0.000000000,0.000000000,0.000000000,0.506849315,0.224679589,0.393981425,1.000000000,0.947323704,0.635416667,0.601945270,1.011731509,84.184226990,17.399896622,0.735744476,0.999999166,-0.001261683,0.000058384,-0.000126782
1307,136.135000000,fused_map_f2f,1,1,0,0.061793482,0.017591719,0.992900802,0.992900802,0.100000000,0.011066712,0.011066712,0.036363298,0.002789834,1.000000000,0.000000000,0.000000000,0.000000000,0.000000000,0.000000000,0.542857143,0.169426529,0.393484897,1.000000000,0.942783945,0.635087719,0.598750506,1.011625017,84.230781555,17.399644852,0.735523164,0.999999166,-0.001267089,0.000034026,-0.000142590
1308,136.229000000,fused_map_f2f,1,1,0,0.063606525,0.015482667,0.985724173,0.985724173,0.100000000,0.011146386,0.011146386,0.036627685,0.002810088,1.000000000,0.000000000,0.000000000,0.000000000,0.000000000,0.000000000,0.528571429,0.225639690,0.407398733,1.000000000,0.944989339,0.642105263,0.606782628,1.011892754,84.276214600,17.399570465,0.735736430,0.999999166,-0.001259501,0.000058201,-0.000105867
1309,136.333000000,fused_map_f2f,1,1,0,0.062303309,0.016667996,0.990882735,0.990882735,0.100000000,0.011089001,0.011089001,0.036455535,0.002795500,1.000000000,0.000000000,0.000000000,0.000000000,0.000000000,0.000000000,0.579710145,0.225552397,0.438047046,1.000000000,0.943734015,0.653571429,0.616797589,1.012226586,84.370491028,17.399875641,0.735478699,0.999999106,-0.001303573,0.000062052,-0.000122243
1310,136.436000000,fused_map_f2f,1,1,0,0.061978695,0.024335426,0.992167666,0.992167666,0.100000000,0.011074799,0.011074799,0.036437659,0.002791890,1.000000000,0.000000000,0.000000000,0.000000000,0.000000000,0.000000000,0.550724638,0.232369272,0.423382491,1.000000000,0.945299145,0.677777778,0.640702754,1.013023425,84.412849426,17.399492264,0.735345781,0.999998927,-0.001440494,0.000095779,-0.000162395
1311,136.527000000,fused_map_f2f,1,1,0,0.063694589,0.017646065,0.985375585,0.985375585,0.100000000,0.011150285,0.011150285,0.036639219,0.002811080,1.000000000,0.000000000,0.000000000,0.000000000,0.000000000,0.000000000,0.557142857,0.296357116,0.452828561,1.000000000,0.945980434,0.640569395,0.605966114,1.011865537,84.452308655,17.399913788,0.735511839,0.999999106,-0.001308857,0.000062487,-0.000127797
1312,136.620000000,fused_map_f2f,1,1,0,0.063790944,0.016366639,0.984994179,0.984994179,0.100000000,0.011154555,0.011154555,0.036646065,0.002812165,1.000000000,0.000000000,0.000000000,0.000000000,0.000000000,0.000000000,0.579710145,0.323214742,0.477111984,1.000000000,0.946314444,0.634146341,0.600101843,1.011670061,84.490676880,17.399904251,0.734850705,0.999999166,-0.001251750,0.000055983,-0.000121119
1313,136.718000000,fused_map_f2f,1,1,0,0.062643980,0.021066563,0.989534246,0.989534246,0.100000000,0.011103945,0.011103945,0.036489031,0.002799299,1.000000000,0.000000000,0.000000000,0.000000000,0.000000000,0.000000000,0.534246575,0.320053790,0.448569461,1.000000000,0.945415778,0.639285714,0.604390801,1.011813027,84.555397034,17.400722504,0.735783279,0.999999404,-0.001074732,0.000055125,-0.000126484
1314,136.813000000,fused_map_f2f,1,1,0,0.063577785,0.015586711,0.985837934,0.985837934,0.100000000,0.011145114,0.011145114,0.036600293,0.002809765,1.000000000,0.000000000,0.000000000,0.000000000,0.000000000,0.000000000,0.567164179,0.312539251,0.465314208,1.000000000,0.949296975,0.618055556,0.586718269,1.011223942,84.590026855,17.400203705,0.735804796,0.999999285,-0.001183542,0.000063828,-0.000139715
1315,136.931000000,fused_map_f2f,1,1,0,0.063331073,0.026976360,0.986814503,0.986814503,0.100000000,0.011134208,0.011134208,0.036571892,0.002806992,1.000000000,0.000000000,0.000000000,0.000000000,0.000000000,0.000000000,0.542857143,0.232945153,0.418892347,1.000000000,0.945036216,0.626760563,0.592311431,1.011410381,84.636795044,17.399959564,0.734958708,0.999999225,-0.001223263,0.000056793,-0.000129944
1316,137.032000000,fused_map_f2f,1,1,0,0.065181148,0.017363391,0.979491288,0.979491288,0.100000000,0.011216519,0.011216519,0.036843039,0.002827919,1.000000000,0.000000000,0.000000000,0.000000000,0.000000000,0.000000000,0.521739130,0.200470636,0.393231733,1.000000000,0.947525597,0.632142857,0.598971538,1.011632385,84.676834106,17.400398254,0.734785318,0.999999344,-0.001106937,0.000064988,-0.000120517
1317,137.122000000,fused_map_f2f,1,1,0,0.064575381,0.022751929,0.981889116,0.981889116,0.100000000,0.011189435,0.011189435,0.036758558,0.002821033,1.000000000,0.000000000,0.000000000,0.000000000,0.000000000,0.000000000,0.550724638,0.252376390,0.431385339,1.000000000,0.946581197,0.634751773,0.600844093,1.011694803,84.747528076,17.400943756,0.735172749,0.999999344,-0.001141898,0.000056679,-0.000138858
1318,137.214000000,fused_map_f2f,1,1,0,0.065596194,0.026207596,0.977848397,0.977848397,0.100000000,0.011235153,0.011235153,0.036877297,0.002832657,1.000000000,0.000000000,0.000000000,0.000000000,0.000000000,0.000000000,0.542857143,0.194832198,0.403647165,1.000000000,0.945888368,0.610344828,0.577318073,1.010910602,84.788520813,17.399887085,0.734978080,0.999999106,-0.001318946,0.000035275,-0.000121047
1319,137.332000000,fused_map_f2f,1,1,0,0.065490332,0.015793187,0.978267435,0.978267435,0.100000000,0.011230394,0.011230394,0.036885598,0.002831447,1.000000000,0.000000000,0.000000000,0.000000000,0.000000000,0.000000000,0.588235294,0.248668282,0.452408489,1.000000000,0.948422847,0.629893238,0.597405139,1.011580171,84.841369629,17.400857925,0.735210896,0.999999225,-0.001234606,0.000061086,-0.000168135
1320,137.432000000,fused_map_f2f,1,1,0,0.067807985,0.014689827,0.969093394,0.969093394,0.100000000,0.011335503,0.011335503,0.037225359,0.002858175,1.000000000,0.000000000,0.000000000,0.000000000,0.000000000,0.000000000,0.567164179,0.266217477,0.446785498,1.000000000,0.945934440,0.634751773,0.600433563,1.011681119,84.880004883,17.400827408,0.734571457,0.999999106,-0.001298638,0.000076091,-0.000192470
1321,137.521000000,fused_map_f2f,1,1,0,0.066699727,0.016123806,0.973480249,0.973480249,0.100000000,0.011284998,0.011284998,0.037052940,0.002845332,1.000000000,0.000000000,0.000000000,0.000000000,0.000000000,0.000000000,0.536231884,0.217701462,0.408819715,1.000000000,0.944562900,0.625874126,0.591177479,1.011372583,84.937255859,17.400484085,0.734696269,0.999999285,-0.001165078,0.000076841,-0.000209705
1322,137.620000000,fused_map_f2f,1,1,0,0.064666310,0.018836483,0.981529190,0.981529190,0.100000000,0.011193492,0.011193492,0.036767215,0.002822065,1.000000000,0.000000000,0.000000000,0.000000000,0.000000000,0.000000000,0.573529412,0.282075595,0.456947885,1.000000000,0.947996590,0.629893238,0.597136642,1.011571221,84.984703064,17.400583267,0.735060573,0.999999166,-0.001247781,0.000069859,-0.000212918
1323,137.714000000,fused_map_f2f,1,1,0,0.064903214,0.014301792,0.980591445,0.980591445,0.100000000,0.011204076,0.011204076,0.036809932,0.002824756,1.000000000,0.000000000,0.000000000,0.000000000,0.000000000,0.000000000,0.550724638,0.253033335,0.431648117,1.000000000,0.946360153,0.638989170,0.604713889,1.011823796,85.028022766,17.400329590,0.735080242,0.999999166,-0.001287653,0.000061275,-0.000189284
1324,137.831000000,fused_map_f2f,1,1,0,0.066490097,0.020151171,0.974310032,0.974310032,0.100000000,0.011275495,0.011275495,0.037020499,0.002842915,1.000000000,0.000000000,0.000000000,0.000000000,0.000000000,0.000000000,0.535211268,0.261639097,0.425782399,1.000000000,0.948356808,0.621527778,0.589430099,1.011314337,85.078742981,17.400270462,0.734328628,0.999999285,-0.001187256,0.000072094,-0.000241583
1325,137.920000000,fused_map_f2f,1,1,0,0.065160093,0.019622968,0.979574631,0.979574631,0.100000000,0.011215576,0.011215576,0.036845346,0.002827680,1.000000000,0.000000000,0.000000000,0.000000000,0.000000000,0.000000000,0.528571429,0.276964946,0.427928836,1.000000000,0.947435897,0.637010676,0.603526782,1.011784226,85.128128052,17.400829315,0.734550595,0.999999404,-0.001077753,0.000070896,-0.000240556
1326,138.020000000,fused_map_f2f,1,1,0,0.064478828,0.023375004,0.982271304,0.982271304,0.100000000,0.011185130,0.011185130,0.036750923,0.002819938,1.000000000,0.000000000,0.000000000,0.000000000,0.000000000,0.000000000,0.528571429,0.224009615,0.406746703,1.000000000,0.949572650,0.638297872,0.606110202,1.011870340,85.170890808,17.400367737,0.734272480,0.999999225,-0.001216918,0.000072981,-0.000256807
1327,138.113000000,fused_map_f2f,1,1,0,0.064586255,0.019043176,0.981846073,0.981846073,0.100000000,0.011189920,0.011189920,0.036765904,0.002821156,1.000000000,0.000000000,0.000000000,0.000000000,0.000000000,0.000000000,0.506849315,0.261201802,0.408590310,1.000000000,0.948224219,0.638888889,0.605809918,1.011860331,85.208290100,17.400072098,0.734176159,0.999999106,-0.001285277,0.000073408,-0.000259203
1328,138.231000000,fused_map_f2f,1,1,0,0.067368831,0.012493364,0.970831711,0.970831711,0.100000000,0.011315436,0.011315436,0.037177842,0.002853072,1.000000000,0.000000000,0.000000000,0.000000000,0.000000000,0.000000000,0.560606061,0.230236525,0.428458246,1.000000000,0.950085324,0.646853147,0.614565682,1.012152189,85.247650146,17.400053024,0.734824598,0.999999225,-0.001176036,0.000072138,-0.000265440
1329,138.323000000,fused_map_f2f,1,1,0,0.067429782,0.014332521,0.970590447,0.970590447,0.100000000,0.011318217,0.011318217,0.037181594,0.002853779,1.000000000,0.000000000,0.000000000,0.000000000,0.000000000,0.000000000,0.579710145,0.234414150,0.441591747,1.000000000,0.949935815,0.642361111,0.610201826,1.012006728,85.284477234,17.400131226,0.734409690,0.999999046,-0.001317299,0.000070520,-0.000281388
1330,138.426000000,fused_map_f2f,1,1,0,0.065897672,0.020400024,0.976655050,0.976655050,0.100000000,0.011248726,0.011248726,0.036960213,0.002836109,1.000000000,0.000000000,0.000000000,0.000000000,0.000000000,0.000000000,0.557142857,0.235668173,0.428552983,1.000000000,0.951219512,0.642361111,0.611026423,1.012034214,85.391738892,17.400043488,0.734808385,0.999999285,-0.001165640,0.000064534,-0.000288667
1331,138.518000000,fused_map_f2f,1,1,0,0.066580268,0.017234061,0.973953107,0.973953107,0.100000000,0.011279580,0.011279580,0.037047224,0.002843954,1.000000000,0.000000000,0.000000000,0.000000000,0.000000000,0.000000000,0.558823529,0.281905363,0.448056263,1.000000000,0.951114923,0.631944444,0.601051791,1.011701726,85.432754517,17.399635315,0.735020995,0.999999225,-0.001200418,0.000062553,-0.000293183
1332,138.627000000,fused_map_f2f,1,1,0,0.067306649,0.014442030,0.971077848,0.971077848,0.100000000,0.011312600,0.011312600,0.037154285,0.002852351,1.000000000,0.000000000,0.000000000,0.000000000,0.000000000,0.000000000,0.579710145,0.251383279,0.448379399,1.000000000,0.951135877,0.633217993,0.602276351,1.011742545,85.477401733,17.399520874,0.734932601,0.999999106,-0.001276061,0.000095394,-0.000280205
1333,138.721000000,fused_map_f2f,1,1,0,0.065954442,0.017228446,0.976430334,0.976430334,0.100000000,0.011251286,0.011251286,0.036971592,0.002836759,1.000000000,0.000000000,0.000000000,0.000000000,0.000000000,0.000000000,0.535211268,0.294147085,0.438785595,1.000000000,0.952830189,0.644128114,0.613744712,1.012124824,85.582084656,17.399904251,0.734851062,0.999999225,-0.001207038,0.000060927,-0.000295052
1334,138.834000000,fused_map_f2f,1,1,0,0.066717361,0.018959098,0.973410446,0.973410446,0.100000000,0.011285798,0.011285798,0.037080515,0.002845535,1.000000000,0.000000000,0.000000000,0.000000000,0.000000000,0.000000000,0.536231884,0.171644081,0.390396763,1.000000000,0.951177730,0.643884892,0.612448970,1.012081632,85.631614685,17.400133133,0.734910727,0.999999344,-0.001055361,0.000068184,-0.000312192
1335,138.931000000,fused_map_f2f,1,1,0,0.066967778,0.017274514,0.972419213,0.972419213,0.100000000,0.011297172,0.011297172,0.037126370,0.002848427,1.000000000,0.000000000,0.000000000,0.000000000,0.000000000,0.000000000,0.571428571,0.240447835,0.439036277,1.000000000,0.949377949,0.653571429,0.620486303,1.012349543,85.662528992,17.400136948,0.734555423,0.999999404,-0.001023844,0.000072112,-0.000314705
1336,139.028000000,fused_map_f2f,1,1,0,0.068817019,0.039043695,0.965099301,0.965099301,0.100000000,0.011381881,0.011381881,0.037370649,0.002869970,1.000000000,0.000000000,0.000000000,0.000000000,0.000000000,0.000000000,0.558823529,0.275432448,0.445467097,1.000000000,0.950749465,0.628865979,0.597893993,1.011596466,85.696029663,17.400028229,0.734047055,0.999999225,-0.001165797,0.000071374,-0.000333324
1337,139.123000000,fused_map_f2f,1,1,0,0.067435911,0.022595269,0.970566185,0.970566185,0.100000000,0.011318497,0.011318497,0.037182092,0.002853850,1.000000000,0.000000000,0.000000000,0.000000000,0.000000000,0.000000000,0.552238806,0.279295954,0.443061665,1.000000000,0.952708512,0.640138408,0.609865311,1.011995510,85.752395630,17.400152206,0.734514117,0.999999225,-0.001168359,0.000069180,-0.000327220
1338,139.226000000,fused_map_f2f,1,1,0,0.068228460,0.024458968,0.967429011,0.967429011,0.100000000,0.011354783,0.011354783,0.037303053,0.002863078,1.000000000,0.000000000,0.000000000,0.000000000,0.000000000,0.000000000,0.528571429,0.311637643,0.441797914,1.000000000,0.953218884,0.644128114,0.613995082,1.012133169,85.786262512,17.399665833,0.734603465,0.999999166,-0.001228133,0.000065903,-0.000358202
1339,139.318000000,fused_map_f2f,1,1,0,0.067085394,0.014132869,0.971953648,0.971953648,0.100000000,0.011302522,0.011302522,0.037121137,0.002849788,1.000000000,0.000000000,0.000000000,0.000000000,0.000000000,0.000000000,0.550724638,0.198540962,0.409851168,1.000000000,0.951827957,0.631944444,0.601502389,1.011716746,85.816864014,17.400005341,0.735031247,0.999999285,-0.001117840,0.000069518,-0.000355722
1340,139.413000000,fused_map_f2f,1,1,0,0.068054244,0.032789718,0.968118618,0.968118618,0.100000000,0.011346787,0.011346787,0.037271659,0.002861044,1.000000000,0.000000000,0.000000000,0.000000000,0.000000000,0.000000000,0.567164179,0.213971542,0.425887124,1.000000000,0.951890034,0.639860140,0.609076491,1.011969216,85.836997986,17.400428772,0.734159648,0.999999404,-0.001023673,0.000083851,-0.000367055
1341,139.540000000,fused_map_f2f,1,1,0,0.069430111,0.015476231,0.962672478,0.962672478,0.100000000,0.011410247,0.011410247,0.037462627,0.002877184,1.000000000,0.000000000,0.000000000,0.000000000,0.000000000,0.000000000,0.575757576,0.194513861,0.423260090,1.000000000,0.951724138,0.629370629,0.598987220,1.011632907,85.884246826,17.399602890,0.734343410,0.999999166,-0.001258804,0.000061375,-0.000343509
1342,139.615000000,fused_map_f2f,1,1,0,0.067508470,0.021640010,0.970278971,0.970278971,0.100000000,0.011321809,0.011321809,0.037166748,0.002854692,1.000000000,0.000000000,0.000000000,0.000000000,0.000000000,0.000000000,0.542857143,0.245927752,0.424085386,1.000000000,0.954467354,0.615916955,0.587872626,1.011262421,85.957992554,17.399944305,0.734096587,0.999999225,-0.001185905,0.000077423,-0.000347777
1343,139.714000000,fused_map_f2f,1,1,0,0.065641153,0.010393217,0.977670436,0.977670436,0.100000000,0.011237175,0.011237175,0.036866615,0.002833171,1.000000000,0.000000000,0.000000000,0.000000000,0.000000000,0.000000000,0.550724638,0.269979249,0.438426482,1.000000000,0.954251187,0.589655172,0.562679148,1.010422638,85.996414185,17.399543762,0.734504580,0.999999285,-0.001119715,0.000068065,-0.000358572
1344,139.826000000,fused_map_f2f,1,1,0,0.066043903,0.012662535,0.976076217,0.976076217,0.100000000,0.011255322,0.011255322,0.036941855,0.002837786,1.000000000,0.000000000,0.000000000,0.000000000,0.000000000,0.000000000,0.513888889,0.210614154,0.392578995,1.000000000,0.952175786,0.606382979,0.577383190,1.010912773,86.033653259,17.399642944,0.734027267,0.999999166,-0.001223818,0.000070145,-0.000364954
1345,139.926000000,fused_map_f2f,1,1,0,0.067625346,0.030272480,0.969816340,0.969816340,0.100000000,0.011327149,0.011327149,0.037151381,0.002856050,1.000000000,0.000000000,0.000000000,0.000000000,0.000000000,0.000000000,0.500000000,0.234723510,0.393889404,1.000000000,0.951661631,0.588850174,0.560386117,1.010346204,86.063491821,17.399671555,0.734236658,0.999999106,-0.001265750,0.000073349,-0.000359197
1346,140.024000000,fused_map_f2f,1,1,0,0.068133144,0.010566022,0.967806304,0.967806304,0.100000000,0.011350407,0.011350407,0.037221648,0.002861965,1.000000000,0.000000000,0.000000000,0.000000000,0.000000000,0.000000000,0.528571429,0.250877767,0.417493964,1.000000000,0.952915767,0.584507042,0.556985976,1.010232866,86.105751038,17.399364471,0.734075010,0.999999225,-0.001177774,0.000077004,-0.000356943
1347,140.118000000,fused_map_f2f,1,1,0,0.067369357,0.017942424,0.970829628,0.970829628,0.100000000,0.011315460,0.011315460,0.037105276,0.002853078,1.000000000,0.000000000,0.000000000,0.000000000,0.000000000,0.000000000,0.541666667,0.263907029,0.430562812,1.000000000,0.955094991,0.578947368,0.552949732,1.010098324,86.149009705,17.399826050,0.734378934,0.999999285,-0.001148958,0.000076899,-0.000358520
1348,140.217000000,fused_map_f2f,1,1,0,0.067023974,0.016657803,0.972196771,0.972196771,0.100000000,0.011299727,0.011299727,0.037045114,0.002849077,1.000000000,0.000000000,0.000000000,0.000000000,0.000000000,0.000000000,0.506666667,0.341166162,0.440466465,1.000000000,0.954604410,0.570422535,0.544527868,1.009817596,86.188079834,17.399785995,0.734185338,0.999999225,-0.001153990,0.000050836,-0.000366467
1349,140.333000000,fused_map_f2f,1,1,0,0.067295091,0.022619393,0.971123598,0.971123598,0.100000000,0.011312073,0.011312073,0.037085427,0.002852217,1.000000000,0.000000000,0.000000000,0.000000000,0.000000000,0.000000000,0.542857143,0.292846248,0.442852785,1.000000000,0.955075594,0.570934256,0.545285374,1.009842846,86.241249084,17.399185181,0.734470606,0.999999225,-0.001167370,0.000083538,-0.000350427
1350,140.428000000,fused_map_f2f,1,1,0,0.069974908,0.017625853,0.960515990,0.960515990,0.100000000,0.011435571,0.011435571,0.037491887,0.002883625,1.000000000,0.000000000,0.000000000,0.000000000,0.000000000,0.000000000,0.521126761,0.272634647,0.421729915,1.000000000,0.956822107,0.580645161,0.555574127,1.010185804,86.284446716,17.399541855,0.734108567,0.999999285,-0.001159719,0.000087390,-0.000343153
1351,140.523000000,fused_map_f2f,1,1,0,0.068912688,0.029773145,0.964720611,0.964720611,0.100000000,0.011386298,0.011386298,0.037334384,0.002871093,1.000000000,0.000000000,0.000000000,0.000000000,0.000000000,0.000000000,0.528571429,0.219856516,0.405085464,1.000000000,0.954604410,0.581818182,0.555406202,1.010180207,86.335830688,17.399045944,0.733813226,0.999999106,-0.001272489,0.000085453,-0.000340744
1352,140.615000000,fused_map_f2f,1,1,0,0.069130066,0.013462651,0.963860154,0.963860154,0.100000000,0.011396347,0.011396347,0.037358604,0.002873649,1.000000000,0.000000000,0.000000000,0.000000000,0.000000000,0.000000000,0.521739130,0.297044206,0.431861161,1.000000000,0.954545455,0.574912892,0.548780488,1.009959350,86.379241943,17.399045944,0.734107614,0.999999166,-0.001244818,0.000089174,-0.000341814
1353,140.720000000,fused_map_f2f,1,1,0,0.068868391,0.013801959,0.964895953,0.964895953,0.100000000,0.011384253,0.011384253,0.037327315,0.002870573,1.000000000,0.000000000,0.000000000,0.000000000,0.000000000,0.000000000,0.528571429,0.276835171,0.427876926,1.000000000,0.957630783,0.579505300,0.554952114,1.010165070,86.436531067,17.398944855,0.733707726,0.999999046,-0.001325180,0.000092824,-0.000375669
1354,140.822000000,fused_map_f2f,1,1,0,0.070708019,0.013583816,0.957614090,0.957614090,0.100000000,0.011469828,0.011469828,0.037603021,0.002892338,1.000000000,0.000000000,0.000000000,0.000000000,0.000000000,0.000000000,0.542857143,0.197710226,0.404798376,1.000000000,0.955469088,0.583038869,0.557075617,1.010235854,86.492477417,17.399587631,0.734449327,0.999999285,-0.001111882,0.000089003,-0.000335683
1355,140.914000000,fused_map_f2f,1,1,0,0.069302373,0.021450166,0.963178107,0.963178107,0.100000000,0.011404325,0.011404325,0.037401326,0.002875678,1.000000000,0.000000000,0.000000000,0.000000000,0.000000000,0.000000000,0.528571429,0.272275859,0.426053201,1.000000000,0.955920484,0.589285714,0.563310285,1.010443676,86.551589966,17.399974823,0.734463811,0.999999404,-0.001036619,0.000089051,-0.000345142
1356,141.013000000,fused_map_f2f,1,1,0,0.067954175,0.017394188,0.968514723,0.968514723,0.100000000,0.011342199,0.011342199,0.037192316,0.002859878,1.000000000,0.000000000,0.000000000,0.000000000,0.000000000,0.000000000,0.553846154,0.218815467,0.419833879,1.000000000,0.955652174,0.580071174,0.554346279,1.010144876,86.606887817,17.399793625,0.734560490,0.999999344,-0.001075528,0.000078985,-0.000325305
1357,141.131000000,fused_map_f2f,1,1,0,0.071028795,0.034250281,0.956344351,0.956344351,0.100000000,0.011484881,0.011484881,0.037627482,0.002896167,1.000000000,0.000000000,0.000000000,0.000000000,0.000000000,0.000000000,0.507042254,0.282857401,0.417368313,1.000000000,0.954545455,0.562937063,0.537349015,1.009578300,86.676742554,17.399480820,0.734596431,0.999999285,-0.001155848,0.000084776,-0.000319065
1358,141.231000000,fused_map_f2f,1,1,0,0.066760407,0.020076895,0.973240057,0.973240057,0.100000000,0.011287751,0.011287751,0.037008479,0.002846032,1.000000000,0.000000000,0.000000000,0.000000000,0.000000000,0.000000000,0.565217391,0.308044996,0.462348433,1.000000000,0.955314534,0.571428571,0.545894019,1.009863134,86.793647766,17.399244308,0.734701931,0.999999166,-0.001227935,0.000101664,-0.000351409
1359,141.326000000,fused_map_f2f,1,1,0,0.068060935,0.028749291,0.968092131,0.968092131,0.100000000,0.011347094,0.011347094,0.037176709,0.002861123,1.000000000,0.000000000,0.000000000,0.000000000,0.000000000,0.000000000,0.541666667,0.243572702,0.422429081,1.000000000,0.953559028,0.553633218,0.527921953,1.009264065,86.845382690,17.399793625,0.734574795,0.999999344,-0.001063381,0.000089803,-0.000347728
1360,141.423000000,fused_map_f2f,1,1,0,0.071588834,0.019124378,0.954127533,0.954127533,0.100000000,0.011511258,0.011511258,0.037719902,0.002902876,1.000000000,0.000000000,0.000000000,0.000000000,0.000000000,0.000000000,0.514285714,0.203404437,0.389933203,1.000000000,0.956597222,0.568965517,0.544270833,1.009809028,86.897972107,17.399377823,0.734331667,0.999999344,-0.001072149,0.000078303,-0.000365117
1361,141.513000000,fused_map_f2f,1,1,0,0.070520972,0.014997921,0.958354485,0.958354485,0.100000000,0.011461068,0.011461068,0.037572981,0.002890110,1.000000000,0.000000000,0.000000000,0.000000000,0.000000000,0.000000000,0.542857143,0.342494176,0.462711956,1.000000000,0.955844156,0.580985915,0.555331992,1.010177733,86.952682495,17.399269104,0.734832287,0.999999285,-0.001132914,0.000091832,-0.000356441
1362,141.635000000,fused_map_f2f,1,1,0,0.068315144,0.018531709,0.967085887,0.967085887,0.100000000,0.011358766,0.011358766,0.037240623,0.002864091,1.000000000,0.000000000,0.000000000,0.000000000,0.000000000,0.000000000,0.500000000,0.190045714,0.376018286,1.000000000,0.953478261,0.577319588,0.550461676,1.010015389,87.022323608,17.399770737,0.734579444,0.999999285,-0.001125869,0.000081770,-0.000340825
1363,141.728000000,fused_map_f2f,1,1,0,0.070875664,0.022265769,0.956950497,0.956950497,0.100000000,0.011477690,0.011477690,0.037635709,0.002894338,1.000000000,0.000000000,0.000000000,0.000000000,0.000000000,0.000000000,0.536231884,0.240034184,0.417752804,1.000000000,0.953498479,0.590909091,0.563430919,1.010447697,87.063201904,17.399682999,0.735044122,0.999999344,-0.001077027,0.000076281,-0.000333460
1364,141.832000000,fused_map_f2f,1,1,0,0.071705804,0.019530580,0.953664527,0.953664527,0.100000000,0.011516782,0.011516782,0.037751051,0.002904282,1.000000000,0.000000000,0.000000000,0.000000000,0.000000000,0.000000000,0.514285714,0.228820926,0.400099799,1.000000000,0.951431049,0.583916084,0.555555893,1.010185196,87.138206482,17.399808884,0.734939873,0.999999404,-0.001051087,0.000081809,-0.000341501
1365,141.924000000,fused_map_f2f,1,1,0,0.071616659,0.026276907,0.954017390,0.954017390,0.100000000,0.011512572,0.011512572,0.037725211,0.002903211,1.000000000,0.000000000,0.000000000,0.000000000,0.000000000,0.000000000,0.486486486,0.276497635,0.402490946,1.000000000,0.955748373,0.570446735,0.545203539,1.009840118,87.196372986,17.399259567,0.735075593,0.999999225,-0.001194105,0.000081487,-0.000329403
1366,142.020000000,fused_map_f2f,1,1,0,0.073491638,0.024138835,0.946595599,0.946595599,0.100000000,0.011601789,0.011601789,0.038029897,0.002925907,1.000000000,0.000000000,0.000000000,0.000000000,0.000000000,0.000000000,0.541666667,0.315287967,0.451115187,1.000000000,0.953913043,0.589041096,0.561893985,1.010396466,87.248680115,17.399835587,0.735182762,0.999999464,-0.000971374,0.000072050,-0.000328161
1367,142.119000000,fused_map_f2f,1,1,0,0.074895314,0.018395202,0.941039383,0.941039383,0.100000000,0.011669490,0.011669490,0.038261961,0.002943131,1.000000000,0.000000000,0.000000000,0.000000000,0.000000000,0.000000000,0.486486486,0.247286518,0.390806499,1.000000000,0.953043478,0.603508772,0.575170099,1.010839003,87.309127808,17.399089813,0.734773278,0.999999285,-0.001157517,0.000082565,-0.000333667
1368,142.214000000,fused_map_f2f,1,1,0,0.071692605,0.016760790,0.953716773,0.953716773,0.100000000,0.011516159,0.011516159,0.037756592,0.002904123,1.000000000,0.000000000,0.000000000,0.000000000,0.000000000,0.000000000,0.521739130,0.301272848,0.433552617,1.000000000,0.954128440,0.588850174,0.561838698,1.010394623,87.360557556,17.399415970,0.735419750,0.999999464,-0.000961441,0.000089385,-0.000332055
1369,142.333000000,fused_map_f2f,1,1,0,0.072325642,0.023419400,0.951211000,0.951211000,0.100000000,0.011546146,0.011546146,0.037840276,0.002911751,1.000000000,0.000000000,0.000000000,0.000000000,0.000000000,0.000000000,0.507042254,0.294104629,0.421867204,1.000000000,0.951676099,0.579861111,0.551839960,1.010061332,87.428382874,17.398851395,0.735259414,0.999999225,-0.001190905,0.000091219,-0.000298166
1370,142.426000000,fused_map_f2f,1,1,0,0.074308855,0.012760126,0.943360782,0.943360782,0.100000000,0.011641109,0.011641109,0.038144988,0.002935910,1.000000000,0.000000000,0.000000000,0.000000000,0.000000000,0.000000000,0.507246377,0.322962454,0.433532808,1.000000000,0.951902055,0.581314879,0.553354828,1.010111828,87.467956543,17.399047852,0.735234559,0.999999285,-0.001127398,0.000086364,-0.000306216
1371,142.520000000,fused_map_f2f,1,1,0,0.073347917,0.011726284,0.947164495,0.947164495,0.100000000,0.011594901,0.011594901,0.038033230,0.002924154,1.000000000,0.000000000,0.000000000,0.000000000,0.000000000,0.000000000,0.514285714,0.282804587,0.421693263,1.000000000,0.951358457,0.612676056,0.582874548,1.011095818,87.540100098,17.399780273,0.735206962,0.999999523,-0.000896895,0.000092168,-0.000303117
1372,142.631000000,fused_map_f2f,1,1,0,0.072309358,0.023245675,0.951275460,0.951275460,0.100000000,0.011545372,0.011545372,0.037874464,0.002911554,1.000000000,0.000000000,0.000000000,0.000000000,0.000000000,0.000000000,0.536231884,0.324646282,0.451597643,1.000000000,0.950503723,0.612676056,0.582350873,1.011078362,87.586280823,17.399276733,0.735249817,0.999999404,-0.001027713,0.000089689,-0.000302773
1373,142.733000000,fused_map_f2f,1,1,0,0.072549166,0.034863827,0.950326219,0.950326219,0.100000000,0.011556771,0.011556771,0.037909926,0.002914454,1.000000000,0.000000000,0.000000000,0.000000000,0.000000000,0.000000000,0.472222222,0.157230071,0.346225362,1.000000000,0.952859014,0.610344828,0.581572570,1.011052419,87.633590698,17.399900436,0.735512197,0.999999464,-0.000954022,0.000082338,-0.000310960
1374,142.821000000,fused_map_f2f,1,1,0,0.071942096,0.043608839,0.952729202,0.952729202,0.100000000,0.011527958,0.011527958,0.037796884,0.002907125,1.000000000,0.000000000,0.000000000,0.000000000,0.000000000,0.000000000,0.485714286,0.274005194,0.401030649,1.000000000,0.949781659,0.593856655,0.564034160,1.010467805,87.651321411,17.399156570,0.734816074,0.999999344,-0.001095741,0.000092638,-0.000315977
1375,142.917000000,fused_map_f2f,1,1,0,0.074037415,0.014864965,0.944435233,0.944435233,0.100000000,0.011628019,0.011628019,0.038122005,0.002932580,1.000000000,0.000000000,0.000000000,0.000000000,0.000000000,0.000000000,0.507042254,0.191550185,0.380845426,1.000000000,0.949211909,0.599303136,0.568865674,1.010628856,87.743164062,17.399040222,0.735274911,0.999999344,-0.001079664,0.000080247,-0.000305907
1376,143.014000000,fused_map_f2f,1,1,0,0.073055989,0.057977381,0.948320042,0.948320042,0.100000000,0.011580936,0.011580936,0.037966510,0.002920602,1.000000000,0.000000000,0.000000000,0.000000000,0.000000000,0.000000000,0.521739130,0.218220774,0.400331788,1.000000000,0.951775537,0.593103448,0.564501353,1.010483378,87.788337708,17.399242401,0.735172987,0.999999344,-0.001100794,0.000078950,-0.000311202
1377,143.134000000,fused_map_f2f,1,1,0,0.074514777,0.019521595,0.942545673,0.942545673,0.100000000,0.011651059,0.011651059,0.038173511,0.002938442,1.000000000,0.000000000,0.000000000,0.000000000,0.000000000,0.000000000,0.528571429,0.247152598,0.416003896,1.000000000,0.953275109,0.577702703,0.550709607,1.010023654,87.843215942,17.399108887,0.734657466,0.999999285,-0.001151350,0.000082831,-0.000317841
1378,143.228000000,fused_map_f2f,1,1,0,0.076562767,0.021662952,0.934439046,0.934439046,0.100000000,0.011750948,0.011750948,0.038488314,0.002963858,1.000000000,0.000000000,0.000000000,0.000000000,0.000000000,0.000000000,0.492957746,0.323952480,0.425355640,1.000000000,0.948774081,0.577319588,0.547745861,1.009924862,87.884948730,17.398988724,0.734628499,0.999999285,-0.001123689,0.000084488,-0.000314630
1379,143.318000000,fused_map_f2f,1,1,0,0.074178750,0.016161812,0.943875783,0.943875783,0.100000000,0.011634831,0.011634831,0.038110703,0.002934313,1.000000000,0.000000000,0.000000000,0.000000000,0.000000000,0.000000000,0.500000000,0.273531733,0.409412693,1.000000000,0.946929825,0.571917808,0.541566030,1.009718868,87.980316162,17.399196625,0.735388339,0.999999404,-0.001020703,0.000082036,-0.000313473
1380,143.422000000,fused_map_f2f,1,1,0,0.074139244,0.018337882,0.944032159,0.944032159,0.100000000,0.011632926,0.011632926,0.038089291,0.002933828,1.000000000,0.000000000,0.000000000,0.000000000,0.000000000,0.000000000,0.514705882,0.242403392,0.405784886,1.000000000,0.945590171,0.559322034,0.528889418,1.009296314,88.025634766,17.399202347,0.735116780,0.999999464,-0.000984633,0.000089088,-0.000297160
1381,143.533000000,fused_map_f2f,1,1,0,0.076228603,0.030662254,0.935761778,0.935761778,0.100000000,0.011734533,0.011734533,0.038443180,0.002959681,1.000000000,0.000000000,0.000000000,0.000000000,0.000000000,0.000000000,0.479452055,0.272619706,0.396719115,1.000000000,0.949561404,0.583038869,0.553631207,1.010121040,88.067047119,17.399311066,0.734599471,0.999999404,-0.001014680,0.000086414,-0.000307735
1382,143.624000000,fused_map_f2f,1,1,0,0.077271527,0.019314945,0.931633540,0.931633540,0.100000000,0.011785918,0.011785918,0.038608395,0.002972757,1.000000000,0.000000000,0.000000000,0.000000000,0.000000000,0.000000000,0.466666667,0.221305714,0.368522286,1.000000000,0.944857768,0.587188612,0.554809721,1.010160324,88.106826782,17.399053574,0.734487176,0.999999464,-0.000979788,0.000085576,-0.000312464
1383,143.713000000,fused_map_f2f,1,1,0,0.076551406,0.019476046,0.934484019,0.934484019,0.100000000,0.011750390,0.011750390,0.038474650,0.002963716,1.000000000,0.000000000,0.000000000,0.000000000,0.000000000,0.000000000,0.479452055,0.196838890,0.366406789,1.000000000,0.944809461,0.569444444,0.538016499,1.009600550,88.146415710,17.399568558,0.734577358,0.999999464,-0.000939550,0.000091229,-0.000304693
1384,143.826000000,fused_map_f2f,1,1,0,0.075386452,0.024983582,0.939095294,0.939095294,0.100000000,0.011693366,0.011693366,0.038289737,0.002949206,1.000000000,0.000000000,0.000000000,0.000000000,0.000000000,0.000000000,0.507246377,0.239467324,0.400134756,1.000000000,0.945151382,0.566433566,0.535365468,1.009512182,88.192298889,17.398780823,0.735008776,0.999999285,-0.001167917,0.000074347,-0.000272570
1385,143.921000000,fused_map_f2f,1,1,0,0.074319716,0.017583023,0.943317791,0.943317791,0.100000000,0.011641633,0.011641633,0.038132619,0.002936044,1.000000000,0.000000000,0.000000000,0.000000000,0.000000000,0.000000000,0.513888889,0.244611031,0.406177746,1.000000000,0.945614035,0.572916667,0.541758041,1.009725268,88.213409424,17.399045944,0.734661639,0.999999344,-0.001068832,0.000083487,-0.000269051
1386,144.014000000,fused_map_f2f,1,1,0,0.076156090,0.043683819,0.936048812,0.936048812,0.100000000,0.011730977,0.011730977,0.038430247,0.002958776,1.000000000,0.000000000,0.000000000,0.000000000,0.000000000,0.000000000,0.472222222,0.238827506,0.378864336,1.000000000,0.946836555,0.583333333,0.552321324,1.010077377,88.239562988,17.399353027,0.734893441,0.999999404,-0.001047506,0.000070398,-0.000269972
1387,144.114000000,fused_map_f2f,1,1,0,0.078136860,0.021490100,0.928208263,0.928208263,0.100000000,0.011828896,0.011828896,0.038735989,0.002983694,1.000000000,0.000000000,0.000000000,0.000000000,0.000000000,0.000000000,0.544117647,0.272941266,0.435647095,1.000000000,0.946052632,0.578397213,0.547194205,1.009906474,88.272468567,17.398677826,0.734369457,0.999999404,-0.001068512,0.000071824,-0.000257766
1388,144.239000000,fused_map_f2f,1,1,0,0.076805702,0.014631636,0.933477429,0.933477429,0.100000000,0.011762911,0.011762911,0.038523256,0.002966902,1.000000000,0.000000000,0.000000000,0.000000000,0.000000000,0.000000000,0.500000000,0.142583308,0.357033323,1.000000000,0.942781690,0.578231293,0.545145875,1.009838196,88.341613770,17.398756027,0.734794617,0.999999225,-0.001201586,0.000083334,-0.000230562
1389,144.328000000,fused_map_f2f,1,1,0,0.077092393,0.021003713,0.932342613,0.932342613,0.100000000,0.011777060,0.011777060,0.038582673,0.002970503,1.000000000,0.000000000,0.000000000,0.000000000,0.000000000,0.000000000,0.472972973,0.189459061,0.359567408,1.000000000,0.945671378,0.588850174,0.556858756,1.010228625,88.382835388,17.399654388,0.734901726,0.999999344,-0.001123130,0.000071074,-0.000233036
1390,144.423000000,fused_map_f2f,1,1,0,0.076399479,0.013118119,0.935085396,0.935085396,0.100000000,0.011742921,0.011742921,0.038494836,0.002961816,1.000000000,0.000000000,0.000000000,0.000000000,0.000000000,0.000000000,0.478873239,0.237793868,0.382441491,1.000000000,0.946672543,0.606382979,0.574046116,1.010801537,88.426651001,17.399457932,0.734963596,0.999999344,-0.001129610,0.000036188,-0.000254937
1391,144.520000000,fused_map_f2f,1,1,0,0.076193135,0.034579640,0.935902175,0.935902175,0.100000000,0.011732793,0.011732793,0.038444487,0.002959238,1.000000000,0.000000000,0.000000000,0.000000000,0.000000000,0.000000000,0.500000000,0.160903735,0.364361494,1.000000000,0.948435434,0.589655172,0.559249859,1.010308329,88.435966492,17.399040222,0.734782636,0.999999166,-0.001261755,0.000074195,-0.000215433
1392,144.618000000,fused_map_f2f,1,1,0,0.076270966,0.014675954,0.935594091,0.935594091,0.100000000,0.011736611,0.011736611,0.038468956,0.002960210,1.000000000,0.000000000,0.000000000,0.000000000,0.000000000,0.000000000,0.507462687,0.202091536,0.385314226,1.000000000,0.945551129,0.602112676,0.569328321,1.010644277,88.436264038,17.399730682,0.734907687,0.999999404,-0.001071707,0.000061525,-0.000216775
1393,144.716000000,fused_map_f2f,1,1,0,0.077312901,0.028817614,0.931469766,0.931469766,0.100000000,0.011787966,0.011787966,0.038636191,0.002973278,1.000000000,0.000000000,0.000000000,0.000000000,0.000000000,0.000000000,0.507042254,0.223114865,0.393471298,1.000000000,0.945767196,0.604982206,0.572172325,1.010739077,88.456710815,17.398939133,0.734445870,0.999999225,-0.001213593,0.000078862,-0.000216604
1394,144.832000000,fused_map_f2f,1,1,0,0.078742327,0.017567130,0.925811624,0.925811624,0.100000000,0.011859154,0.011859154,0.038833764,0.002991395,1.000000000,0.000000000,0.000000000,0.000000000,0.000000000,0.000000000,0.492753623,0.236299485,0.390171968,1.000000000,0.948898678,0.577854671,0.548325534,1.009944184,88.505249023,17.399494171,0.734596252,0.999999225,-0.001203042,0.000071992,-0.000188989
1395,144.932000000,fused_map_f2f,1,1,0,0.077736525,0.013956313,0.929792924,0.929792924,0.100000000,0.011808974,0.011808974,0.038667136,0.002978624,1.000000000,0.000000000,0.000000000,0.000000000,0.000000000,0.000000000,0.486486486,0.251383824,0.392445422,1.000000000,0.943287550,0.575438596,0.542804064,1.009760135,88.550445557,17.399490356,0.734608769,0.999999285,-0.001153326,0.000079889,-0.000188557
1396,145.033000000,fused_map_f2f,1,1,0,0.077469673,0.026324230,0.930849213,0.930849213,0.100000000,0.011795732,0.011795732,0.038623694,0.002975254,1.000000000,0.000000000,0.000000000,0.000000000,0.000000000,0.000000000,0.500000000,0.260663685,0.404265474,1.000000000,0.945647371,0.572916667,0.541777139,1.009725905,88.595237732,17.398893356,0.734032571,0.999998987,-0.001424434,0.000086956,-0.000166825
1397,145.113000000,fused_map_f2f,1,1,0,0.078425161,0.016442079,0.927067070,0.927067070,0.100000000,0.011843284,0.011843284,0.038784562,0.002987356,1.000000000,0.000000000,0.000000000,0.000000000,0.000000000,0.000000000,0.507246377,0.214727446,0.390238805,1.000000000,0.941385435,0.583629893,0.549420681,1.009980689,88.624809265,17.398206711,0.734402239,0.999998927,-0.001426740,0.000086176,-0.000157236
1398,145.223000000,fused_map_f2f,1,1,0,0.079295596,0.015923539,0.923621598,0.923621598,0.100000000,0.011886939,0.011886939,0.038903312,0.002998467,1.000000000,0.000000000,0.000000000,0.000000000,0.000000000,0.000000000,0.485714286,0.267565452,0.398454752,1.000000000,0.941489362,0.566101695,0.532978723,1.009432624,88.657829285,17.399391174,0.733999074,0.999999285,-0.001178829,0.000096122,-0.000156913
1399,145.321000000,fused_map_f2f,1,1,0,0.081007585,0.094959352,0.916844974,0.916844974,0.086161923,0.010333933,0.010333933,0.033972025,0.002603663,1.000000000,0.000000000,0.000000000,0.000000000,0.000000000,0.000000000,0.500000000,0.248763362,0.399505345,1.000000000,0.944665781,0.593639576,0.560790994,1.010359700,88.699226379,17.399009705,0.733502090,0.999999166,-0.001265043,0.000098201,-0.000117238
1400,145.426000000,fused_map_f2f,1,1,0,0.078834978,0.013535701,0.925444877,0.925444877,0.100000000,0.011863798,0.011863798,0.038855821,0.002992577,1.000000000,0.000000000,0.000000000,0.000000000,0.000000000,0.000000000,0.478873239,0.264279233,0.393035637,1.000000000,0.945825933,0.585964912,0.554220810,1.010140694,88.740211487,17.399312973,0.733866572,0.999999344,-0.001146152,0.000070618,-0.000157934
1401,145.518000000,fused_map_f2f,1,1,0,0.080993891,0.035625293,0.916899183,0.916899183,0.100000000,0.011973047,0.011973047,0.039178667,0.003020384,1.000000000,0.000000000,0.000000000,0.000000000,0.000000000,0.000000000,0.507462687,0.169135657,0.372131875,1.000000000,0.941829485,0.567010309,0.534027028,1.009467568,88.769828796,17.399173737,0.733991683,0.999999046,-0.001354611,0.000068368,-0.000160995
1402,145.615000000,fused_map_f2f,1,1,0,0.079862813,0.020920984,0.921376365,0.921376365,0.100000000,0.011915561,0.011915561,0.039002779,0.003005752,1.000000000,0.000000000,0.000000000,0.000000000,0.000000000,0.000000000,0.507462687,0.268026565,0.411688238,1.000000000,0.942086649,0.572916667,0.539737143,1.009657905,88.811538696,17.398521423,0.733814061,0.999999046,-0.001344054,0.000083035,-0.000172300
1403,145.741000000,fused_map_f2f,1,1,0,0.080242094,0.030590685,0.919875046,0.919875046,0.100000000,0.011934776,0.011934776,0.039077311,0.003010642,1.000000000,0.000000000,0.000000000,0.000000000,0.000000000,0.000000000,0.507246377,0.234201923,0.398028595,1.000000000,0.940888889,0.585106383,0.550520095,1.010017336,88.844062805,17.399089813,0.733967602,0.999999046,-0.001342454,0.000085892,-0.000150815
1404,145.830000000,fused_map_f2f,1,1,0,0.080708728,0.013089260,0.918027953,0.918027953,0.100000000,0.011958502,0.011958502,0.039150919,0.003016682,1.000000000,0.000000000,0.000000000,0.000000000,0.000000000,0.000000000,0.500000000,0.201678757,0.380671503,1.000000000,0.940133038,0.583916084,0.548958802,1.009965293,88.849113464,17.398881912,0.734077513,0.999999166,-0.001285773,0.000081920,-0.000145447
1405,145.930000000,fused_map_f2f,1,1,0,0.083309951,0.013063082,0.907731444,0.907731444,0.100000000,0.012092508,0.012092508,0.039589720,0.003050796,1.000000000,0.000000000,0.000000000,0.000000000,0.000000000,0.000000000,0.485714286,0.207201044,0.374308989,1.000000000,0.941228458,0.593639576,0.558750463,1.010291682,88.888854980,17.398698807,0.733828247,0.999998987,-0.001423473,0.000082838,-0.000123506
1406,146.039000000,fused_map_f2f,1,1,0,0.082776582,0.014530484,0.909842696,0.909842696,0.100000000,0.012064787,0.012064787,0.039493290,0.003043738,1.000000000,0.000000000,0.000000000,0.000000000,0.000000000,0.000000000,0.521739130,0.191348016,0.389582685,1.000000000,0.941411451,0.586572438,0.552206010,1.010073534,88.934967041,17.398933411,0.733891070,0.999998868,-0.001480836,0.000090335,-0.000110837
1407,146.114000000,fused_map_f2f,1,1,0,0.080647908,0.048926042,0.918268698,0.918268698,0.100000000,0.011955404,0.011955404,0.039142800,0.003015893,1.000000000,0.000000000,0.000000000,0.000000000,0.000000000,0.000000000,0.492753623,0.170747118,0.363951021,1.000000000,0.942538976,0.583916084,0.550363668,1.010012122,88.965873718,17.398555756,0.733794570,0.999998808,-0.001538785,0.000098780,-0.000128435
1408,146.230000000,fused_map_f2f,1,1,0,0.081548390,0.018924318,0.914704288,0.914704288,0.100000000,0.012001433,0.012001433,0.039300723,0.003027610,1.000000000,0.000000000,0.000000000,0.000000000,0.000000000,0.000000000,0.485294118,0.185048116,0.365195717,1.000000000,0.939165187,0.595744681,0.559502664,1.010316755,89.013191223,17.398460388,0.734313190,0.999998689,-0.001610378,0.000080719,-0.000127529
1409,146.331000000,fused_map_f2f,1,1,0,0.083138932,0.024669291,0.908408393,0.908408393,0.100000000,0.012083606,0.012083606,0.039537151,0.003048529,1.000000000,0.000000000,0.000000000,0.000000000,0.000000000,0.000000000,0.444444444,0.266543379,0.373284018,1.000000000,0.939111111,0.574394464,0.539420223,1.009647341,89.047248840,17.398572922,0.734090209,0.999998629,-0.001634669,0.000099297,-0.000123559
1410,146.419000000,fused_map_f2f,1,1,0,0.082748851,0.026527391,0.909952466,0.909952466,0.100000000,0.012063349,0.012063349,0.039477909,0.003043372,1.000000000,0.000000000,0.000000000,0.000000000,0.000000000,0.000000000,0.486111111,0.185158701,0.365730147,1.000000000,0.937081660,0.580071174,0.543574059,1.009785802,89.074844360,17.399196625,0.733658850,0.999998868,-0.001492386,0.000092663,-0.000110573
1411,146.532000000,fused_map_f2f,1,1,0,0.084252099,0.015245596,0.904002107,0.904002107,0.100000000,0.012141788,0.012141788,0.039717205,0.003063343,1.000000000,0.000000000,0.000000000,0.000000000,0.000000000,0.000000000,0.485714286,0.276646974,0.402087361,1.000000000,0.941990183,0.568421053,0.535447051,1.009514902,89.129791260,17.398963928,0.733666897,0.999998927,-0.001428305,0.000088433,-0.000100540
1412,146.625000000,fused_map_f2f,1,1,0,0.081266814,0.013940306,0.915818861,0.915818861,0.100000000,0.011987002,0.011987002,0.039229094,0.003023936,1.000000000,0.000000000,0.000000000,0.000000000,0.000000000,0.000000000,0.450704225,0.181950089,0.343202571,1.000000000,0.939732143,0.573426573,0.538867383,1.009628913,89.172660828,17.398427963,0.733934581,0.999998689,-0.001586307,0.000089850,-0.000110083
1413,146.722000000,fused_map_f2f,1,1,0,0.084153222,0.024254230,0.904393495,0.904393495,0.100000000,0.012136598,0.012136598,0.039702670,0.003062021,1.000000000,0.000000000,0.000000000,0.000000000,0.000000000,0.000000000,0.471428571,0.217921474,0.370025732,1.000000000,0.938948307,0.571929825,0.537012540,1.009567085,89.216453552,17.397987366,0.733721972,0.999998391,-0.001783375,0.000052061,-0.000171757
1414,146.815000000,fused_map_f2f,1,1,0,0.085733766,0.019117269,0.898137175,0.898137175,0.100000000,0.012220107,0.012220107,0.039947834,0.003083285,1.000000000,0.000000000,0.000000000,0.000000000,0.000000000,0.000000000,0.470588235,0.172511458,0.351357524,1.000000000,0.936436885,0.556313993,0.520952943,1.009031765,89.235626221,17.398836136,0.733711004,0.999998987,-0.001409992,0.000109328,-0.000132539
1415,146.913000000,fused_map_f2f,1,1,0,0.085541546,0.014217994,0.898898046,0.898898046,0.100000000,0.012209889,0.012209889,0.039934056,0.003080683,1.000000000,0.000000000,0.000000000,0.000000000,0.000000000,0.000000000,0.500000000,0.221570127,0.388628051,1.000000000,0.938310237,0.570934256,0.535713457,1.009523782,89.233100891,17.398763657,0.733602166,0.999998868,-0.001495708,0.000101233,-0.000109264
1416,147.029000000,fused_map_f2f,1,1,0,0.082996174,0.023414790,0.908973478,0.908973478,0.100000000,0.012076184,0.012076184,0.039518342,0.003046640,1.000000000,0.000000000,0.000000000,0.000000000,0.000000000,0.000000000,0.507246377,0.240938932,0.400723399,1.000000000,0.935960591,0.580419580,0.543249854,1.009774995,89.241836548,17.398601532,0.733816028,0.999998748,-0.001563051,0.000099082,-0.000113037
1417,147.121000000,fused_map_f2f,1,1,0,0.083125207,0.017115242,0.908462722,0.908462722,0.100000000,0.012082892,0.012082892,0.039537954,0.003048348,1.000000000,0.000000000,0.000000000,0.000000000,0.000000000,0.000000000,0.445945946,0.274920683,0.377535841,1.000000000,0.935960591,0.578947368,0.541871921,1.009729064,89.231567383,17.398603439,0.733632267,0.999998868,-0.001476619,0.000103866,-0.000125412
1418,147.219000000,fused_map_f2f,1,1,0,0.083225516,0.029030780,0.908065664,0.908065664,0.100000000,0.012088111,0.012088111,0.039541967,0.003049676,1.000000000,0.000000000,0.000000000,0.000000000,0.000000000,0.000000000,0.507246377,0.170156588,0.372410461,1.000000000,0.937191566,0.567474048,0.531831892,1.009394396,89.251701355,17.398485184,0.733024657,0.999998629,-0.001624523,0.000115208,-0.000108756
1419,147.325000000,fused_map_f2f,1,1,0,0.088563051,0.015213014,0.886937923,0.886937923,0.100000000,0.012372499,0.012372499,0.040443396,0.003122096,1.000000000,0.000000000,0.000000000,0.000000000,0.000000000,0.000000000,0.515151515,0.186281504,0.383603511,1.000000000,0.940674157,0.563380282,0.529957272,1.009331909,89.305351257,17.398410797,0.733560979,0.999998569,-0.001665552,0.000045844,-0.000132993
1420,147.418000000,fused_map_f2f,1,1,0,0.086116297,0.026359717,0.896622993,0.896622993,0.100000000,0.012240491,0.012240491,0.040013347,0.003088476,1.000000000,0.000000000,0.000000000,0.000000000,0.000000000,0.000000000,0.471428571,0.189402299,0.358618062,1.000000000,0.937500000,0.556313993,0.521544369,1.009051479,89.348541260,17.398590088,0.733853638,0.999998689,-0.001619577,0.000011133,-0.000166157
1421,147.534000000,fused_map_f2f,1,1,0,0.085234352,0.018171355,0.900114024,0.900114024,0.100000000,0.012193596,0.012193596,0.039888551,0.003076535,1.000000000,0.000000000,0.000000000,0.000000000,0.000000000,0.000000000,0.492753623,0.214332233,0.381385067,1.000000000,0.935426009,0.578014184,0.540689502,1.009689650,89.396713257,17.398431778,0.733459413,0.999998689,-0.001586798,0.000103405,-0.000108350
1422,147.630000000,fused_map_f2f,1,1,0,0.084906335,0.033600245,0.901412422,0.901412422,0.100000000,0.012176246,0.012176246,0.039818005,0.003072117,1.000000000,0.000000000,0.000000000,0.000000000,0.000000000,0.000000000,0.470588235,0.245356266,0.380495448,1.000000000,0.937050360,0.564013841,0.528509372,1.009283646,89.406448364,17.399085999,0.733529210,0.999998927,-0.001432772,0.000107315,-0.000099689
1423,147.720000000,fused_map_f2f,1,1,0,0.085223365,0.027980962,0.900157515,0.900157515,0.100000000,0.012193014,0.012193014,0.039896182,0.003076386,1.000000000,0.000000000,0.000000000,0.000000000,0.000000000,0.000000000,0.457142857,0.255094041,0.376323331,1.000000000,0.937865826,0.584507042,0.548189180,1.009939639,89.434150696,17.399181366,0.733586431,0.999999046,-0.001372853,0.000108864,-0.000108131
1424,147.816000000,fused_map_f2f,1,1,0,0.088388802,0.018052746,0.887627658,0.887627658,0.100000000,0.012363004,0.012363004,0.040438066,0.003119677,1.000000000,0.000000000,0.000000000,0.000000000,0.000000000,0.000000000,0.485294118,0.171352587,0.359717505,1.000000000,0.938876404,0.585106383,0.549342577,1.009978086,89.412696838,17.398889542,0.734016538,0.999998987,-0.001404542,0.000095005,-0.000126893
1425,147.935000000,fused_map_f2f,1,1,0,0.090001452,0.020427997,0.881244251,0.881244251,0.100000000,0.012451442,0.012451442,0.040714882,0.003142204,1.000000000,0.000000000,0.000000000,0.000000000,0.000000000,0.000000000,0.515151515,0.244503682,0.406892382,1.000000000,0.934743474,0.584229391,0.546104610,1.009870154,89.431434631,17.398323059,0.733207762,0.999998927,-0.001447208,0.000112445,-0.000122848
1426,148.023000000,fused_map_f2f,1,1,0,0.090074687,0.025672935,0.880954364,0.880954364,0.100000000,0.012455488,0.012455488,0.040715079,0.003143235,1.000000000,0.000000000,0.000000000,0.000000000,0.000000000,0.000000000,0.470588235,0.219681348,0.370225480,1.000000000,0.933544304,0.574468085,0.536291409,1.009543047,89.471481323,17.399314880,0.733372450,0.999999166,-0.001265615,0.000113450,-0.000122182
1427,148.122000000,fused_map_f2f,1,1,0,0.091113111,0.023769650,0.876843936,0.876843936,0.100000000,0.012513146,0.012513146,0.040893697,0.003157923,1.000000000,0.000000000,0.000000000,0.000000000,0.000000000,0.000000000,0.507462687,0.217662451,0.391542592,1.000000000,0.931674208,0.571942446,0.532864026,1.009428801,89.546615601,17.398969650,0.733244836,0.999998987,-0.001385890,0.000102524,-0.000107201
1428,148.219000000,fused_map_f2f,1,1,0,0.089489680,0.018126303,0.883270017,0.883270017,0.100000000,0.012423240,0.012423240,0.040585733,0.003135020,1.000000000,0.000000000,0.000000000,0.000000000,0.000000000,0.000000000,0.458333333,0.258626917,0.378450767,1.000000000,0.936708861,0.550173010,0.515351934,1.008845064,89.612007141,17.398355484,0.733682811,0.999998987,-0.001391619,0.000114472,-0.000123057
1429,148.321000000,fused_map_f2f,1,1,0,0.091877351,0.013174690,0.873818820,0.873818820,0.100000000,0.012555922,0.012555922,0.041014325,0.003168821,1.000000000,0.000000000,0.000000000,0.000000000,0.000000000,0.000000000,0.484848485,0.166048255,0.357328393,1.000000000,0.934929959,0.557491289,0.521215308,1.009040510,89.646163940,17.398265839,0.733065069,0.999998927,-0.001436895,0.000105589,-0.000084760
1430,148.418000000,fused_map_f2f,1,1,0,0.092118686,0.027002268,0.872863533,0.872863533,0.100000000,0.012569491,0.012569491,0.041061688,0.003172278,1.000000000,0.000000000,0.000000000,0.000000000,0.000000000,0.000000000,0.463768116,0.171684380,0.346934622,1.000000000,0.934329710,0.561403509,0.524535978,1.009151199,89.731834412,17.399000168,0.732835650,0.999999225,-0.001221209,0.000096891,-0.000099619
1431,148.536000000,fused_map_f2f,1,1,0,0.089690108,0.040272309,0.882476656,0.882476656,0.100000000,0.012434269,0.012434269,0.040625756,0.003137830,1.000000000,0.000000000,0.000000000,0.000000000,0.000000000,0.000000000,0.478260870,0.218316407,0.374283085,1.000000000,0.933333333,0.556338028,0.519248826,1.008974961,89.814613342,17.398014069,0.733177006,0.999998808,-0.001510907,0.000093687,-0.000100671
1432,148.630000000,fused_map_f2f,1,1,0,0.094201750,0.019510651,0.864618072,0.864618072,0.100000000,0.012687839,0.012687839,0.041413484,0.003202434,1.000000000,0.000000000,0.000000000,0.000000000,0.000000000,0.000000000,0.507462687,0.231876347,0.397228151,1.000000000,0.934204597,0.542253521,0.506575732,1.008552524,89.883316040,17.397403717,0.732723296,0.999998987,-0.001388977,0.000099607,-0.000114916
1433,148.721000000,fused_map_f2f,1,1,0,0.093705260,0.022865906,0.866583346,0.866583346,0.100000000,0.012659430,0.012659430,0.041310499,0.003195194,1.000000000,0.000000000,0.000000000,0.000000000,0.000000000,0.000000000,0.500000000,0.216810881,0.386724352,1.000000000,0.932095971,0.532871972,0.496687818,1.008222927,89.946418762,17.396305084,0.733028650,0.999998808,-0.001513697,0.000039915,-0.000127161
1434,148.820000000,fused_map_f2f,1,1,0,0.094927765,0.039815566,0.861744263,0.861744263,0.100000000,0.012729613,0.012729613,0.041531073,0.003213079,1.000000000,0.000000000,0.000000000,0.000000000,0.000000000,0.000000000,0.507462687,0.186513548,0.379083031,1.000000000,0.936708861,0.528813559,0.495344347,1.008178145,90.023033142,17.397583008,0.732758164,0.999998748,-0.001565973,0.000108587,-0.000109602
1435,148.935000000,fused_map_f2f,1,1,0,0.095885668,0.028470830,0.857952562,0.857952562,0.100000000,0.012785152,0.012785152,0.041706945,0.003227233,1.000000000,0.000000000,0.000000000,0.000000000,0.000000000,0.000000000,0.492753623,0.175473147,0.365841433,1.000000000,0.936334698,0.529010239,0.495330642,1.008177688,90.167198181,17.397777557,0.733292997,0.999998987,-0.001416430,0.000110752,-0.000101262
1436,149.022000000,fused_map_f2f,1,1,0,0.094646800,0.030964834,0.862856416,0.862856416,0.100000000,0.012713414,0.012713414,0.041494520,0.003208951,1.000000000,0.000000000,0.000000000,0.000000000,0.000000000,0.000000000,0.514705882,0.208083353,0.392056870,1.000000000,0.934703196,0.541958042,0.506569914,1.008552330,90.233222961,17.397552490,0.733346462,0.999998808,-0.001538402,0.000106221,-0.000114997
1437,149.123000000,fused_map_f2f,1,1,0,0.095433020,0.016262755,0.859744297,0.859744297,0.100000000,0.012758847,0.012758847,0.041645134,0.003220529,1.000000000,0.000000000,0.000000000,0.000000000,0.000000000,0.000000000,0.529411765,0.258482258,0.421039962,1.000000000,0.934126258,0.547703180,0.511623922,1.008720797,90.368370056,17.398073196,0.733820736,0.999999166,-0.001272967,0.000111087,-0.000084346
1438,149.219000000,fused_map_f2f,1,1,0,0.097621996,0.049253527,0.851079600,0.851079600,0.100000000,0.012887069,0.012887069,0.042061317,0.003253210,1.000000000,0.000000000,0.000000000,0.000000000,0.000000000,0.000000000,0.587301587,0.243408284,0.449744266,1.000000000,0.934485896,0.555555556,0.519158831,1.008971961,90.438247681,17.398143768,0.733320773,0.999999225,-0.001229429,0.000108740,-0.000079094
1439,149.335000000,fused_map_f2f,1,1,0,0.099111625,0.033284323,0.845183150,0.845183150,0.100000000,0.012975809,0.012975809,0.042319482,0.003275832,1.000000000,0.000000000,0.000000000,0.000000000,0.000000000,0.000000000,0.545454545,0.202508635,0.408276181,1.000000000,0.935733820,0.536585366,0.502101074,1.008403369,90.568695068,17.397716522,0.732924759,0.999999046,-0.001361677,0.000105109,-0.000089225
1440,149.434000000,fused_map_f2f,1,1,0,0.098909132,0.025920004,0.845984685,0.845984685,0.100000000,0.012963675,0.012963675,0.042290866,0.003272739,1.000000000,0.000000000,0.000000000,0.000000000,0.000000000,0.000000000,0.500000000,0.229503076,0.391801231,1.000000000,0.937184778,0.543554007,0.509410541,1.008647018,90.639259338,17.397636414,0.733264804,0.999999166,-0.001285684,0.000094603,-0.000079658
1441,149.523000000,fused_map_f2f,1,1,0,0.100300530,0.024090707,0.840477070,0.840477070,0.100000000,0.013047517,0.013047517,0.042562325,0.003294114,1.000000000,0.000000000,0.000000000,0.000000000,0.000000000,0.000000000,0.530303030,0.293909225,0.435745508,1.000000000,0.935070873,0.549645390,0.513957395,1.008798580,90.748390198,17.396800995,0.732901156,0.999999166,-0.001270111,0.000102955,-0.000092928
1442,149.613000000,fused_map_f2f,1,1,0,0.098623518,0.031381779,0.847115241,0.847115241,0.100000000,0.012946597,0.012946597,0.042255607,0.003268385,1.000000000,0.000000000,0.000000000,0.000000000,0.000000000,0.000000000,0.522388060,0.228443011,0.404810040,1.000000000,0.934772623,0.560000000,0.523472669,1.009115756,90.809318542,17.396697998,0.733011961,0.999998927,-0.001453214,0.000086850,-0.000075031
1443,149.734000000,fused_map_f2f,1,1,0,0.102003455,0.019365700,0.833736323,0.833736323,0.100000000,0.013151618,0.013151618,0.042882563,0.003320659,1.000000000,0.000000000,0.000000000,0.000000000,0.000000000,0.000000000,0.523076923,0.215057308,0.399869077,1.000000000,0.933701657,0.543252595,0.507235849,1.008574528,90.897468567,17.396293640,0.732465744,0.999999046,-0.001356560,0.000074120,-0.000076915
1444,149.816000000,fused_map_f2f,1,1,0,0.100969247,0.033668741,0.837830066,0.837830066,0.100000000,0.013088199,0.013088199,0.042700946,0.003304487,1.000000000,0.000000000,0.000000000,0.000000000,0.000000000,0.000000000,0.514705882,0.194954452,0.386805310,1.000000000,0.936317490,0.556737589,0.521283141,1.009042771,90.954132080,17.397052765,0.732618451,0.999999046,-0.001371316,0.000081013,-0.000064398
1445,149.933000000,fused_map_f2f,1,1,0,0.100782731,0.015177041,0.838568355,0.838568355,0.100000000,0.013076827,0.013076827,0.042669391,0.003301587,1.000000000,0.000000000,0.000000000,0.000000000,0.000000000,0.000000000,0.500000000,0.203321325,0.381328530,1.000000000,0.936258661,0.560283688,0.524570455,1.009152349,91.032707214,17.396125793,0.732309282,0.999998927,-0.001448531,0.000097011,-0.000063972
1446,150.029000000,fused_map_f2f,1,1,0,0.105071825,0.020851080,0.821590691,0.821590691,0.100000000,0.013343445,0.013343445,0.043497635,0.003369583,1.000000000,0.000000000,0.000000000,0.000000000,0.000000000,0.000000000,0.492537313,0.253998170,0.397121656,1.000000000,0.940470697,0.546075085,0.513567616,1.008785587,91.092758179,17.395631790,0.731835604,0.999998808,-0.001555861,0.000067026,-0.000067998
1447,150.116000000,fused_map_f2f,1,1,0,0.104085388,0.018009853,0.825495338,0.825495338,0.100000000,0.013281168,0.013281168,0.043314181,0.003353698,1.000000000,0.000000000,0.000000000,0.000000000,0.000000000,0.000000000,0.514285714,1.000000000,0.708571429,1.000000000,0.936346863,0.558922559,0.523345385,1.009111513,91.150001526,17.396263123,0.731774032,0.999998927,-0.001452350,0.000038270,0.000011789
1448,150.213000000,fused_map_f2f,1,1,0,0.103440383,0.018726363,0.828048483,0.828048483,0.100000000,0.013240760,0.013240760,0.043241365,0.003343392,1.000000000,0.000000000,0.000000000,0.000000000,0.000000000,0.000000000,0.538461538,1.000000000,0.723076923,1.000000000,0.934782609,0.602941176,0.563618926,1.010453964,91.220825195,17.397022247,0.732172728,0.999999106,-0.001317381,0.000094976,-0.000047611
1449,150.322000000,fused_map_f2f,1,1,0,0.103306365,0.020143400,0.828578971,0.828578971,0.100000000,0.013232395,0.013232395,0.043179182,0.003341258,1.000000000,0.000000000,0.000000000,0.000000000,0.000000000,0.000000000,0.555555556,0.198993432,0.412930706,1.000000000,0.933984193,0.575438596,0.537450553,1.009581685,91.387702942,17.397592545,0.732050359,0.999999225,-0.001249211,0.000083889,-0.000044567
1450,150.420000000,fused_map_f2f,1,1,0,0.108122218,0.032963869,0.809516221,0.809516221,0.100000000,0.013539777,0.013539777,0.044158298,0.003419670,1.000000000,0.000000000,0.000000000,0.000000000,0.000000000,0.000000000,0.514705882,0.214495966,0.394621916,1.000000000,0.939422181,0.577617329,0.542626530,1.009754218,91.453910828,17.397157669,0.732401013,0.999999344,-0.001143121,0.000083381,-0.000044530
1451,150.517000000,fused_map_f2f,1,1,0,0.105864564,0.027684179,0.818452768,0.818452768,0.100000000,0.013393919,0.013393919,0.043679868,0.003382458,1.000000000,0.000000000,0.000000000,0.000000000,0.000000000,0.000000000,0.584615385,1.000000000,0.750769231,1.000000000,0.940847694,0.563380282,0.530055039,1.009335168,91.571090698,17.397317886,0.732535481,0.999999523,-0.000979851,0.000080817,-0.000064820
1452,150.637000000,fused_map_f2f,1,1,0,0.106740838,0.031486257,0.814984183,0.814984183,0.100000000,0.013450157,0.013450157,0.043853322,0.003396805,1.000000000,0.000000000,0.000000000,0.000000000,0.000000000,0.000000000,0.544117647,1.000000000,0.726470588,1.000000000,0.937177684,0.562277580,0.526954000,1.009231800,91.655273438,17.397382736,0.732606888,0.999999523,-0.000967273,0.000085795,-0.000075348
1453,150.732000000,fused_map_f2f,1,1,0,0.106743741,0.018758663,0.814972694,0.814972694,0.100000000,0.013450344,0.013450344,0.043836844,0.003396853,1.000000000,0.000000000,0.000000000,0.000000000,0.000000000,0.000000000,0.523076923,0.316694432,0.440523927,1.000000000,0.935981308,0.549828179,0.514628898,1.008820963,91.725830078,17.397142410,0.732079566,0.999999523,-0.000956797,0.000079053,-0.000085871
1454,150.829000000,fused_map_f2f,1,1,0,0.105287249,0.015971627,0.820737973,0.820737973,0.100000000,0.013357124,0.013357124,0.043539319,0.003373072,1.000000000,0.000000000,0.000000000,0.000000000,0.000000000,0.000000000,0.545454545,1.000000000,0.727272727,1.000000000,0.936768150,0.547038328,0.512448082,1.008748269,91.793632507,17.396945953,0.732407033,0.999999285,-0.001211269,0.000069344,-0.000073577
1455,150.933000000,fused_map_f2f,1,1,0,0.105469204,0.016305308,0.820017733,0.820017733,0.100000000,0.013368699,0.013368699,0.043598237,0.003376024,1.000000000,0.000000000,0.000000000,0.000000000,0.000000000,0.000000000,0.553846154,0.244132177,0.429960563,1.000000000,0.936120244,0.564748201,0.528672224,1.009289074,91.851371765,17.396869659,0.732156217,0.999999225,-0.001224521,0.000056589,-0.000091644
1456,151.015000000,fused_map_f2f,1,1,0,0.106175088,0.029722448,0.817223610,0.817223610,0.100000000,0.013413794,0.013413794,0.043714969,0.003387528,1.000000000,0.000000000,0.000000000,0.000000000,0.000000000,0.000000000,0.538461538,0.222300599,0.411997162,1.000000000,0.938765897,0.543252595,0.509987010,1.008666234,91.895416260,17.396888733,0.731416583,0.999999344,-0.001152678,0.000078786,-0.000082155
1457,151.115000000,fused_map_f2f,1,1,0,0.106990289,0.017126701,0.813996775,0.813996775,0.100000000,0.013466252,0.013466252,0.043882224,0.003400911,1.000000000,0.000000000,0.000000000,0.000000000,0.000000000,0.000000000,0.514705882,1.000000000,0.708823529,1.000000000,0.935939708,0.546099291,0.511116011,1.008703867,91.950187683,17.396406174,0.731368601,0.999999344,-0.001126918,0.000068525,-0.000085533
1458,151.214000000,fused_map_f2f,1,1,0,0.102286351,0.012709680,0.832616526,0.832616526,0.100000000,0.013169073,0.013169073,0.042930719,0.003325110,1.000000000,0.000000000,0.000000000,0.000000000,0.000000000,0.000000000,0.514705882,1.000000000,0.708823529,1.000000000,0.939322672,0.534482759,0.502051773,1.008401726,92.008552551,17.396787643,0.731313765,0.999999464,-0.001008694,0.000032147,-0.000040710
1459,151.333000000,fused_map_f2f,1,1,0,0.104793855,0.026644043,0.822690992,0.822690992,0.100000000,0.013325837,0.013325837,0.043436678,0.003365091,1.000000000,0.000000000,0.000000000,0.000000000,0.000000000,0.000000000,0.544117647,0.321464536,0.455056403,1.000000000,0.940481814,0.541958042,0.509701682,1.008656723,92.078620911,17.396583557,0.732056379,0.999999404,-0.001086318,0.000069202,-0.000056361
1460,151.424000000,fused_map_f2f,1,1,0,0.103258110,0.028395068,0.828769982,0.828769982,0.100000000,0.013229386,0.013229386,0.043139093,0.003340491,1.000000000,0.000000000,0.000000000,0.000000000,0.000000000,0.000000000,0.521739130,0.242762436,0.410148453,1.000000000,0.935545024,0.550522648,0.515038724,1.008834624,92.137695312,17.397367477,0.731816530,0.999999642,-0.000834510,0.000062156,-0.000022498
1461,151.518000000,fused_map_f2f,1,1,0,0.104172761,0.039335754,0.825149488,0.825149488,0.100000000,0.013286661,0.013286661,0.043304289,0.003355099,1.000000000,0.000000000,0.000000000,0.000000000,0.000000000,0.000000000,0.536231884,0.245582754,0.419972232,1.000000000,0.939105614,0.536082474,0.503438061,1.008447935,92.195846558,17.397214890,0.731711030,0.999999583,-0.000903043,0.000016805,-0.000017821
1462,151.613000000,fused_map_f2f,1,1,0,0.101323666,0.020752629,0.836427154,0.836427154,0.100000000,0.013109864,0.013109864,0.042744150,0.003310011,1.000000000,0.000000000,0.000000000,0.000000000,0.000000000,0.000000000,0.555555556,0.356196359,0.475811877,1.000000000,0.938512869,0.535460993,0.502537033,1.008417901,92.254219055,17.396619797,0.731508911,0.999999642,-0.000855151,0.000066916,-0.000053628
1463,151.730000000,fused_map_f2f,1,1,0,0.102487009,0.019239947,0.831822255,0.831822255,0.100000000,0.013181482,0.013181482,0.042977191,0.003328274,1.000000000,0.000000000,0.000000000,0.000000000,0.000000000,0.000000000,0.500000000,0.273107032,0.409242813,1.000000000,0.938483548,0.540636042,0.507378031,1.008579268,92.342163086,17.397451401,0.731591403,0.999999583,-0.000905689,0.000057550,-0.000007592
1464,151.818000000,fused_map_f2f,1,1,0,0.101605350,0.014732387,0.835312158,0.835312158,0.100000000,0.013127133,0.013127133,0.042834398,0.003314415,1.000000000,0.000000000,0.000000000,0.000000000,0.000000000,0.000000000,0.521739130,0.191175754,0.389513780,1.000000000,0.939408397,0.562962963,0.528852135,1.009295071,92.394226074,17.397043228,0.731188595,0.999999642,-0.000834694,0.000060068,-0.000016970
1465,151.920000000,fused_map_f2f,1,1,0,0.104745859,0.047453504,0.822880974,0.822880974,0.100000000,0.013322802,0.013322802,0.043404648,0.003364317,1.000000000,0.000000000,0.000000000,0.000000000,0.000000000,0.000000000,0.545454545,0.193141126,0.404529178,1.000000000,0.940669856,0.524475524,0.493358316,1.008111944,92.456565857,17.396907806,0.731393099,0.999999702,-0.000795343,0.000056268,-0.000033336
1466,152.015000000,fused_map_f2f,1,1,0,0.102528052,0.032189951,0.831659793,0.831659793,0.100000000,0.013184023,0.013184023,0.042962682,0.003328922,1.000000000,0.000000000,0.000000000,0.000000000,0.000000000,0.000000000,0.590909091,0.267813468,0.461670842,1.000000000,0.939059501,0.522648084,0.490797649,1.008026588,92.576240540,17.396699905,0.730920374,0.999999642,-0.000859602,0.000069532,-0.000022789
1467,152.129000000,fused_map_f2f,1,1,0,0.104773045,0.016931758,0.822773364,0.822773364,0.100000000,0.013324521,0.013324521,0.043421947,0.003364756,1.000000000,0.000000000,0.000000000,0.000000000,0.000000000,0.000000000,0.545454545,0.196605957,0.405915110,1.000000000,0.937950938,0.535211268,0.502001910,1.008400064,92.649353027,17.396293640,0.731113613,0.999999583,-0.000911860,0.000000401,-0.000007677
1468,152.222000000,fused_map_f2f,1,1,0,0.103998435,0.027502285,0.825839529,0.825839529,0.100000000,0.013275707,0.013275707,0.043252937,0.003352305,1.000000000,0.000000000,0.000000000,0.000000000,0.000000000,0.000000000,0.538461538,0.262375276,0.428027033,1.000000000,0.939846006,0.522648084,0.491208714,1.008040290,92.781700134,17.397233963,0.731597543,0.999999702,-0.000736572,0.000051260,-0.000031361
1469,152.321000000,fused_map_f2f,1,1,0,0.104451770,0.022898515,0.824045076,0.824045076,0.100000000,0.013304231,0.013304231,0.043338931,0.003359580,1.000000000,0.000000000,0.000000000,0.000000000,0.000000000,0.000000000,0.567164179,0.308140064,0.463554533,1.000000000,0.940378090,0.519163763,0.488210228,1.007940341,92.853492737,17.397884369,0.731961489,0.999999702,-0.000765529,0.000052269,0.000005728
1470,152.433000000,fused_map_f2f,1,1,0,0.105914028,0.021416064,0.818256973,0.818256973,0.100000000,0.013397081,0.013397081,0.043626218,0.003383265,1.000000000,0.000000000,0.000000000,0.000000000,0.000000000,0.000000000,0.537313433,0.276598360,0.433027404,1.000000000,0.941347552,0.514084507,0.483932192,1.007797740,92.966438293,17.397661209,0.731316924,0.999999762,-0.000676622,0.000064372,-0.000000869
1471,152.529000000,fused_map_f2f,1,1,0,0.104215904,0.022738617,0.824978714,0.824978714,0.100000000,0.013289375,0.013289375,0.043297178,0.003355791,1.000000000,0.000000000,0.000000000,0.000000000,0.000000000,0.000000000,0.546875000,0.224567715,0.417952086,1.000000000,0.938656280,0.524137931,0.491985361,1.008066179,93.027404785,17.398342133,0.731912971,0.999999821,-0.000543557,0.000041176,0.000028596
1472,152.620000000,fused_map_f2f,1,1,0,0.105327735,0.036984831,0.820577714,0.820577714,0.100000000,0.013359697,0.013359697,0.043545897,0.003373728,1.000000000,0.000000000,0.000000000,0.000000000,0.000000000,0.000000000,0.514705882,0.308545823,0.432241859,1.000000000,0.939629990,0.544169611,0.511318087,1.008710603,93.088516235,17.398300171,0.731761098,0.999999821,-0.000578796,0.000064118,0.000028253
1473,152.731000000,fused_map_f2f,1,1,0,0.106833848,0.019173650,0.814616019,0.814616019,0.100000000,0.013456154,0.013456154,0.043841264,0.003398335,1.000000000,0.000000000,0.000000000,0.000000000,0.000000000,0.000000000,0.514705882,0.200159838,0.388887465,1.000000000,0.938506589,0.537634409,0.504573435,1.008485781,93.169639587,17.398536682,0.732333541,0.999999881,-0.000418342,0.000075239,0.000006409
1474,152.833000000,fused_map_f2f,1,1,0,0.107308952,0.033972124,0.812735398,0.812735398,0.100000000,0.013486870,0.013486870,0.043916592,0.003406172,1.000000000,0.000000000,0.000000000,0.000000000,0.000000000,0.000000000,0.529411765,0.268105601,0.424889299,1.000000000,0.942326491,0.518900344,0.488973540,1.007965785,93.236984253,17.397771835,0.731851697,0.999999881,-0.000403479,0.000071148,-0.000014584
1475,152.921000000,fused_map_f2f,1,1,0,0.108489548,0.017628605,0.808062205,0.808062205,0.100000000,0.013563810,0.013563810,0.044185327,0.003425803,1.000000000,0.000000000,0.000000000,0.000000000,0.000000000,0.000000000,0.569230769,0.285829123,0.455870111,1.000000000,0.941695247,0.539007092,0.507580417,1.008586014,93.294349670,17.398073196,0.731796563,0.999999940,-0.000321956,0.000064070,-0.000015888
1476,153.018000000,fused_map_f2f,1,1,0,0.106550566,0.024484749,0.815737342,0.815737342,0.100000000,0.013437905,0.013437905,0.043757641,0.003393679,1.000000000,0.000000000,0.000000000,0.000000000,0.000000000,0.000000000,0.529411765,0.295851999,0.435987858,1.000000000,0.939823875,0.516891892,0.485787341,1.007859578,93.376907349,17.398092270,0.732151210,0.999999881,-0.000475617,0.000061682,0.000006126
1477,153.115000000,fused_map_f2f,1,1,0,0.109196586,0.025079256,0.805263513,0.805263513,0.100000000,0.013610309,0.013610309,0.044325752,0.003437668,1.000000000,0.000000000,0.000000000,0.000000000,0.000000000,0.000000000,0.612903226,0.255647937,0.470001110,1.000000000,0.942815249,0.533568905,0.503056900,1.008435230,93.441459656,17.397994995,0.732235551,0.999999940,-0.000312088,0.000080607,-0.000015501
1478,153.222000000,fused_map_f2f,1,1,0,0.109575326,0.038218679,0.803764335,0.803764335,0.100000000,0.013635349,0.013635349,0.044413704,0.003444058,1.000000000,0.000000000,0.000000000,0.000000000,0.000000000,0.000000000,0.587301587,0.280207476,0.464463943,1.000000000,0.942787286,0.540350877,0.509435937,1.008647865,93.535438538,17.398574829,0.732408166,0.999999881,-0.000459443,0.000070579,-0.000003220
1479,153.316000000,fused_map_f2f,1,1,0,0.108958897,0.030954425,0.806204366,0.806204366,0.100000000,0.013594642,0.013594642,0.044330535,0.003433670,1.000000000,0.000000000,0.000000000,0.000000000,0.000000000,0.000000000,0.562500000,0.277540317,0.448516127,1.000000000,0.945668135,0.572953737,0.541824092,1.009727470,93.597991943,17.399526596,0.732144237,1.000000000,-0.000186476,0.000069315,-0.000005675
1480,153.439000000,fused_map_f2f,1,1,0,0.110128647,0.025907092,0.801574106,0.801574106,0.100000000,0.013672097,0.013672097,0.044547763,0.003453436,1.000000000,0.000000000,0.000000000,0.000000000,0.000000000,0.000000000,0.560606061,0.237184087,0.431237271,1.000000000,0.945454545,0.552447552,0.522314050,1.009077135,93.680557251,17.399837494,0.732617259,1.000000000,0.000026723,0.000067890,-0.000062037
1481,153.513000000,fused_map_f2f,1,1,0,0.108706943,0.034541855,0.807201683,0.807201683,0.100000000,0.013578073,0.013578073,0.044232640,0.003429442,1.000000000,0.000000000,0.000000000,0.000000000,0.000000000,0.000000000,0.548387097,0.344385676,0.466786529,1.000000000,0.943842365,0.539518900,0.509220795,1.008640693,93.815528870,17.400489807,0.732255697,1.000000000,-0.000067511,0.000077375,0.000005623
1482,153.624000000,fused_map_f2f,1,1,0,0.113030977,0.013723740,0.790085718,0.790085718,0.100000000,0.013868142,0.013868142,0.045168484,0.003503475,1.000000000,0.000000000,0.000000000,0.000000000,0.000000000,0.000000000,0.553846154,0.395302762,0.490428797,1.000000000,0.944963145,0.554385965,0.523874305,1.009129143,93.889053345,17.401277542,0.732591927,1.000000000,0.000107321,0.000072997,-0.000051405
1483,153.716000000,fused_map_f2f,1,1,0,0.110749390,0.068345404,0.799116996,0.799116996,0.096696611,0.013266557,0.013266557,0.043251173,0.003349971,1.000000000,0.000000000,0.000000000,0.000000000,0.000000000,0.000000000,0.523076923,0.289733373,0.429739503,1.000000000,0.945786102,0.540350877,0.511056350,1.008701878,93.980499268,17.400995255,0.732426584,1.000000000,-0.000150434,0.000072016,-0.000006655
1484,153.817000000,fused_map_f2f,1,1,0,0.113166142,0.020140288,0.789550686,0.789550686,0.100000000,0.013877409,0.013877409,0.045193730,0.003505841,1.000000000,0.000000000,0.000000000,0.000000000,0.000000000,0.000000000,0.536231884,0.262357063,0.426681956,1.000000000,0.949604743,0.548736462,0.521082747,1.009036092,94.059646606,17.400428772,0.732697666,1.000000000,-0.000127856,0.000068856,-0.000061430
1485,153.914000000,fused_map_f2f,1,1,0,0.113271439,0.025283960,0.789133888,0.789133888,0.100000000,0.013884637,0.013884637,0.045196078,0.003507686,1.000000000,0.000000000,0.000000000,0.000000000,0.000000000,0.000000000,0.521739130,0.315830631,0.439375730,1.000000000,0.949311024,0.533807829,0.506749657,1.008558322,94.168701172,17.401607513,0.732166052,1.000000000,-0.000065239,0.000063373,-0.000048140
1486,154.032000000,fused_map_f2f,1,1,0,0.115135836,0.024238168,0.781753982,0.781753982,0.100000000,0.014013873,0.014013873,0.045598584,0.003540682,1.000000000,0.000000000,0.000000000,0.000000000,0.000000000,0.000000000,0.587301587,0.421443766,0.520958459,1.000000000,0.949135802,0.530465950,0.503484225,1.008449474,94.270309448,17.400835037,0.732497990,0.999999940,-0.000210159,0.000065352,-0.000047348
1487,154.132000000,fused_map_f2f,1,1,0,0.115698729,0.021012534,0.779525866,0.779525866,0.100000000,0.014053366,0.014053366,0.045719978,0.003550767,1.000000000,0.000000000,0.000000000,0.000000000,0.000000000,0.000000000,0.531250000,0.229942555,0.410727022,1.000000000,0.949704142,0.527972028,0.501417222,1.008380574,94.360092163,17.400985718,0.732508302,1.000000000,-0.000110987,0.000066080,-0.000037639
1488,154.221000000,fused_map_f2f,1,1,0,0.117836026,0.015419174,0.771065730,0.771065730,0.100000000,0.014205370,0.014205370,0.046192292,0.003589586,1.000000000,0.000000000,0.000000000,0.000000000,0.000000000,0.000000000,0.567164179,0.274554509,0.450120311,1.000000000,0.948894349,0.523972603,0.497194642,1.008239821,94.430610657,17.400787354,0.732861817,1.000000000,0.000055157,0.000053026,-0.000065993
1489,154.313000000,fused_map_f2f,1,1,0,0.117853433,0.030885081,0.770996829,0.770996829,0.100000000,0.014206621,0.014206621,0.046191476,0.003589906,1.000000000,0.000000000,0.000000000,0.000000000,0.000000000,0.000000000,0.544117647,1.000000000,0.726470588,1.000000000,0.951399116,0.519163763,0.493931945,1.008131065,94.551185608,17.399950027,0.732124209,1.000000000,-0.000054408,0.000071050,-0.000052314
1490,154.415000000,fused_map_f2f,1,1,0,0.118611689,0.020057936,0.767995397,0.767995397,0.100000000,0.014261351,0.014261351,0.046369025,0.003603885,1.000000000,0.000000000,0.000000000,0.000000000,0.000000000,0.000000000,0.569230769,0.323205886,0.470820816,1.000000000,0.952686052,0.522336770,0.497622955,1.008254099,94.648841858,17.400253296,0.732179344,1.000000000,-0.000107435,0.000071331,-0.000043295
1491,154.525000000,fused_map_f2f,1,1,0,0.120667609,0.033119431,0.759857380,0.759857380,0.100000000,0.014411887,0.014411887,0.046853610,0.003642342,1.000000000,0.000000000,0.000000000,0.000000000,0.000000000,0.000000000,0.580645161,0.299237276,0.468082007,1.000000000,0.953966699,0.529616725,0.505236719,1.008507891,94.772270203,17.398811340,0.732298076,0.999999940,-0.000197845,0.000067080,-0.000076545
1492,154.617000000,fused_map_f2f,1,1,0,0.118778675,0.017916798,0.767334410,0.767334410,0.100000000,0.014273460,0.014273460,0.046430729,0.003606978,1.000000000,0.000000000,0.000000000,0.000000000,0.000000000,0.000000000,0.545454545,1.000000000,0.727272727,1.000000000,0.952263780,0.539518900,0.513764307,1.008792144,94.855606079,17.399471283,0.732557297,1.000000000,-0.000185044,0.000062851,-0.000058300
1493,154.732000000,fused_map_f2f,1,1,0,0.118674979,0.027689177,0.767744875,0.767744875,0.100000000,0.014265938,0.014265938,0.046386489,0.003605057,1.000000000,0.000000000,0.000000000,0.000000000,0.000000000,0.000000000,0.560606061,0.311765247,0.461069735,1.000000000,0.951038576,0.525423729,0.499698235,1.008323274,94.998756409,17.399951935,0.732424617,0.999999940,-0.000216675,0.000063407,-0.000069110
1494,154.832000000,fused_map_f2f,1,1,0,0.121877378,0.027411362,0.755068713,0.755068713,0.100000000,0.014501963,0.014501963,0.047134287,0.003665357,1.000000000,0.000000000,0.000000000,0.000000000,0.000000000,0.000000000,0.584615385,0.377612325,0.501814161,1.000000000,0.954835542,0.527397260,0.503577649,1.008452588,95.173706055,17.399255753,0.732404113,1.000000000,-0.000060987,0.000064334,-0.000074777
1495,154.930000000,fused_map_f2f,1,1,0,0.122409237,0.027738932,0.752963437,0.752963437,0.100000000,0.014541920,0.014541920,0.047301680,0.003675567,1.000000000,0.000000000,0.000000000,0.000000000,0.000000000,0.000000000,0.521739130,0.274382397,0.422796437,1.000000000,0.957037037,0.555555556,0.531687243,1.009389575,95.275497437,17.398822784,0.732302725,0.999999940,0.000072664,0.000055306,-0.000214715
1496,155.026000000,fused_map_f2f,1,1,0,0.119610339,0.024521605,0.764042410,0.764042410,0.100000000,0.014334078,0.014334078,0.046659047,0.003622463,1.000000000,0.000000000,0.000000000,0.000000000,0.000000000,0.000000000,0.515625000,0.266480412,0.415967165,1.000000000,0.955533597,0.564459930,0.539360427,1.009645348,95.376419067,17.398895264,0.732168376,1.000000000,-0.000109228,0.000051675,-0.000092215
1497,155.129000000,fused_map_f2f,1,1,0,0.124462838,0.021227198,0.744834600,0.744834600,0.100000000,0.014698292,0.014698292,0.047811224,0.003715532,1.000000000,0.000000000,0.000000000,0.000000000,0.000000000,0.000000000,0.545454545,1.000000000,0.727272727,1.000000000,0.958024691,0.567474048,0.543654150,1.009788472,95.490295410,17.398941040,0.732282102,0.999999940,-0.000237658,0.000060674,-0.000073894
1498,155.222000000,fused_map_f2f,1,1,0,0.124035661,0.042410657,0.746525508,0.746525508,0.100000000,0.014665488,0.014665488,0.047769279,0.003707147,1.000000000,0.000000000,0.000000000,0.000000000,0.000000000,0.000000000,0.553846154,0.274956724,0.442290382,1.000000000,0.955752212,0.611510791,0.584452792,1.011148426,95.597625732,17.399522781,0.732304931,0.999999940,-0.000195354,0.000055737,-0.000084342
1499,155.318000000,fused_map_f2f,1,1,0,0.125654939,0.025081636,0.740115867,0.740115867,0.100000000,0.014790618,0.014790618,0.048155113,0.003739133,1.000000000,0.000000000,0.000000000,0.000000000,0.000000000,0.000000000,0.612903226,1.000000000,0.767741935,1.000000000,0.958559447,0.604240283,0.579200232,1.010973341,95.713745117,17.399192810,0.732119441,0.999999940,-0.000343600,0.000053500,-0.000090840
1500,155.419000000,fused_map_f2f,1,1,0,0.126035107,0.025425951,0.738611036,0.738611036,0.100000000,0.014820305,0.014820305,0.048220031,0.003746722,1.000000000,0.000000000,0.000000000,0.000000000,0.000000000,0.000000000,0.580645161,0.378627943,0.499838274,1.000000000,0.955984174,0.586206897,0.560404516,1.010346817,95.823677063,17.399051666,0.732722938,1.000000000,-0.000094917,0.000055574,-0.000147902
1501,155.516000000,fused_map_f2f,1,1,0,0.127218561,0.023986465,0.733926529,0.733926529,0.100000000,0.014913490,0.014913490,0.048498831,0.003770546,1.000000000,0.000000000,0.000000000,0.000000000,0.000000000,0.000000000,0.571428571,0.341781877,0.479569894,1.000000000,0.959586003,0.574394464,0.551180888,1.010039363,95.937004089,17.399740219,0.732193828,1.000000000,-0.000164469,0.000054150,-0.000102706
1502,155.629000000,fused_map_f2f,1,1,0,0.128595675,0.030164263,0.728475454,0.728475454,0.100000000,0.015023409,0.015023409,0.048798450,0.003798654,1.000000000,0.000000000,0.000000000,0.000000000,0.000000000,0.000000000,0.538461538,0.279141834,0.434733657,1.000000000,0.957656327,0.544520548,0.521463548,1.009048785,96.059494019,17.400791168,0.732151687,0.999999940,-0.000249394,0.000048867,-0.000106222
1503,155.724000000,fused_map_f2f,1,1,0,0.131569381,0.053036826,0.716704534,0.716704534,0.100000000,0.015266381,0.015266381,0.049538541,0.003860801,1.000000000,0.000000000,0.000000000,0.000000000,0.000000000,0.000000000,0.619047619,1.000000000,0.771428571,1.000000000,0.960157403,0.528619529,0.507557954,1.008585265,96.197067261,17.400119781,0.732630193,0.999999940,-0.000171118,0.000049698,-0.000127803
1504,155.820000000,fused_map_f2f,1,1,0,0.132495906,0.019337604,0.713037040,0.713037040,0.100000000,0.015343699,0.015343699,0.049789386,0.003880582,1.000000000,0.000000000,0.000000000,0.000000000,0.000000000,0.000000000,0.564516129,1.000000000,0.738709677,1.000000000,0.956308297,0.536585366,0.513141037,1.008771368,96.374946594,17.400077820,0.732353091,0.999999940,-0.000125962,0.000060853,-0.000140657
1505,155.920000000,fused_map_f2f,1,1,0,0.133773389,0.021098279,0.707980335,0.707980335,0.100000000,0.015451597,0.015451597,0.050122927,0.003908190,1.000000000,0.000000000,0.000000000,0.000000000,0.000000000,0.000000000,0.571428571,0.235261025,0.436961553,1.000000000,0.961217477,0.531034483,0.510439626,1.008681321,96.479194641,17.399866104,0.732472777,1.000000000,0.000020438,-0.000002316,-0.000107161
1506,156.014000000,fused_map_f2f,1,1,0,0.133277707,0.023406365,0.709942411,0.709942411,0.100000000,0.015409551,0.015409551,0.050011942,0.003897431,1.000000000,0.000000000,0.000000000,0.000000000,0.000000000,0.000000000,0.580645161,0.416199431,0.514866869,1.000000000,0.963778757,0.543252595,0.523575311,1.009119177,96.581878662,17.399778366,0.732283413,0.999999940,-0.000150327,0.000035658,-0.000145214
1507,156.122000000,fused_map_f2f,1,1,0,0.139351083,0.028754960,0.685901962,0.685901962,0.100000000,0.015941037,0.015941037,0.051661637,0.004033483,1.000000000,0.000000000,0.000000000,0.000000000,0.000000000,0.000000000,0.548387097,0.265287548,0.435147277,1.000000000,0.964580301,0.534722222,0.515782522,1.008859417,96.754592896,17.400012970,0.731853247,0.999999940,-0.000286117,0.000034338,-0.000149214
1508,156.222000000,fused_map_f2f,1,1,0,0.139854236,0.020827504,0.683910316,0.683910316,0.100000000,0.015986717,0.015986717,0.051788169,0.004045181,1.000000000,0.000000000,0.000000000,0.000000000,0.000000000,0.000000000,0.555555556,0.276727232,0.444024226,1.000000000,0.961780358,0.525951557,0.505849877,1.008528329,96.860466003,17.399581909,0.731643319,0.999999940,-0.000283295,0.000042007,-0.000136278
1509,156.316000000,fused_map_f2f,1,1,0,0.138038074,0.020232684,0.691099289,0.691099289,0.100000000,0.015823051,0.015823051,0.051280423,0.004003271,1.000000000,0.000000000,0.000000000,0.000000000,0.000000000,0.000000000,0.546875000,0.223811380,0.417649552,1.000000000,0.961315280,0.528368794,0.507928996,1.008597633,96.962333679,17.399103165,0.731684864,0.999999940,-0.000337401,0.000086497,-0.000170871
1510,156.418000000,fused_map_f2f,1,1,0,0.139277120,0.023974330,0.686194735,0.686194735,0.100000000,0.015934344,0.015934344,0.051631883,0.004031769,1.000000000,0.000000000,0.000000000,0.000000000,0.000000000,0.000000000,0.553846154,0.409695225,0.496185782,1.000000000,0.966553563,0.527972028,0.510313245,1.008677108,97.074516296,17.399625778,0.731628299,0.999999940,-0.000239169,0.000047257,-0.000114466
1511,156.530000000,fused_map_f2f,1,1,0,0.137470578,0.024999173,0.693345628,0.693345628,0.100000000,0.015772595,0.015772595,0.051101244,0.003990353,1.000000000,0.000000000,0.000000000,0.000000000,0.000000000,0.000000000,0.580645161,0.457325659,0.531317360,1.000000000,0.965766635,0.512027491,0.494499067,1.008149969,97.209510803,17.400281906,0.731851876,1.000000000,-0.000155374,0.000036015,-0.000093677
1512,156.621000000,fused_map_f2f,1,1,0,0.138837257,0.040826084,0.687935859,0.687935859,0.100000000,0.015894656,0.015894656,0.051517084,0.004021606,1.000000000,0.000000000,0.000000000,0.000000000,0.000000000,0.000000000,0.562500000,0.241992481,0.434296992,1.000000000,0.965717045,0.534296029,0.515978782,1.008865959,97.376770020,17.399574280,0.731345415,1.000000000,-0.000094427,0.000031748,-0.000062762
1513,156.725000000,fused_map_f2f,1,1,0,0.139441507,0.018934036,0.685544034,0.685544034,0.100000000,0.015949227,0.015949227,0.051668964,0.004035580,1.000000000,0.000000000,0.000000000,0.000000000,0.000000000,0.000000000,0.603448276,0.410282803,0.526182087,1.000000000,0.965301205,0.522648084,0.504512825,1.008483761,97.488090515,17.399353027,0.731612206,1.000000000,-0.000159127,0.000033260,-0.000084702
1514,156.816000000,fused_map_f2f,1,1,0,0.138489683,0.027355362,0.689311671,0.689311671,0.100000000,0.015863435,0.015863435,0.051427034,0.004013611,1.000000000,0.000000000,0.000000000,0.000000000,0.000000000,0.000000000,0.587301587,0.330959961,0.484764937,1.000000000,0.967354777,0.538194444,0.520624967,1.009020832,97.638755798,17.399206161,0.731541872,1.000000000,-0.000137162,0.000017302,-0.000069905
1515,156.929000000,fused_map_f2f,1,1,0,0.137562344,0.023419095,0.692982388,0.692982388,0.100000000,0.015780732,0.015780732,0.051162372,0.003992436,1.000000000,0.000000000,0.000000000,0.000000000,0.000000000,0.000000000,0.596774194,1.000000000,0.758064516,1.000000000,0.967276227,0.534246575,0.516764012,1.008892134,97.767662048,17.399480820,0.731898725,1.000000000,-0.000166933,0.000019090,-0.000070934
1516,157.023000000,fused_map_f2f,1,1,0,0.136397289,0.052597534,0.697594063,0.697594063,0.100000000,0.015678044,0.015678044,0.050874899,0.003966147,1.000000000,0.000000000,0.000000000,0.000000000,0.000000000,0.000000000,0.606557377,1.000000000,0.763934426,1.000000000,0.968750000,0.555160142,0.537811388,1.009593713,97.853981018,17.398868561,0.731644273,0.999999940,-0.000216793,0.000022014,-0.000082331
1517,157.121000000,fused_map_f2f,1,1,0,0.138125967,0.029714869,0.690751382,0.690751382,0.100000000,0.015830895,0.015830895,0.051330364,0.004005279,1.000000000,0.000000000,0.000000000,0.000000000,0.000000000,0.000000000,0.590163934,1.000000000,0.754098361,1.000000000,0.969769674,0.540069686,0.523743204,1.009124773,97.955146790,17.398483276,0.731947720,0.999999940,-0.000287463,0.000022674,-0.000093751
1518,157.222000000,fused_map_f2f,1,1,0,0.135990173,0.021606451,0.699205566,0.699205566,0.100000000,0.015642475,0.015642475,0.050696532,0.003957042,1.000000000,0.000000000,0.000000000,0.000000000,0.000000000,0.000000000,0.555555556,0.288924245,0.448903031,1.000000000,0.971756821,0.510067114,0.495661198,1.008188707,98.047798157,17.397773743,0.731977522,0.999999881,-0.000418668,-0.000057866,-0.000102507
1519,157.323000000,fused_map_f2f,1,1,0,0.138298383,0.021713005,0.690068901,0.690068901,0.100000000,0.015846303,0.015846303,0.051348380,0.004009224,1.000000000,0.000000000,0.000000000,0.000000000,0.000000000,0.000000000,0.569230769,0.406988059,0.504333685,1.000000000,0.970433953,0.520408163,0.505021751,1.008500725,98.156036377,17.399078369,0.732358813,1.000000000,-0.000167023,0.000012714,-0.000073864
1520,157.430000000,fused_map_f2f,1,1,0,0.134463569,0.018841748,0.705248373,0.705248373,0.100000000,0.015510524,0.015510524,0.050302854,0.003923270,1.000000000,0.000000000,0.000000000,0.000000000,0.000000000,0.000000000,0.555555556,0.216600152,0.419973394,1.000000000,0.972367794,0.522033898,0.507608950,1.008586965,98.247932434,17.399581909,0.732512355,1.000000000,0.000048535,-0.000000063,-0.000097759
1521,157.514000000,fused_map_f2f,1,1,0,0.135760430,0.021148226,0.700114963,0.700114963,0.100000000,0.015622474,0.015622474,0.050642109,0.003951923,1.000000000,0.000000000,0.000000000,0.000000000,0.000000000,0.000000000,0.553846154,1.000000000,0.732307692,1.000000000,0.969407266,0.516556291,0.500753422,1.008358447,98.327087402,17.398452759,0.732235968,1.000000000,-0.000091194,0.000015022,-0.000084068
1522,157.623000000,fused_map_f2f,1,1,0,0.133008139,0.032476541,0.711009449,0.711009449,0.100000000,0.015386781,0.015386781,0.049924058,0.003891605,1.000000000,0.000000000,0.000000000,0.000000000,0.000000000,0.000000000,0.571428571,1.000000000,0.742857143,1.000000000,0.970448046,0.528619529,0.512997788,1.008766593,98.421531677,17.398464203,0.732441247,1.000000000,-0.000087199,0.000005026,-0.000058440
1523,157.717000000,fused_map_f2f,1,1,0,0.134135463,0.014893423,0.706547126,0.706547126,0.100000000,0.015482455,0.015482455,0.050208526,0.003916087,1.000000000,0.000000000,0.000000000,0.000000000,0.000000000,0.000000000,0.600000000,1.000000000,0.760000000,1.000000000,0.975296912,0.516233766,0.503481198,1.008449373,98.576004028,17.398748398,0.732481778,1.000000000,-0.000095076,-0.000000255,-0.000043651
1524,157.832000000,fused_map_f2f,1,1,0,0.134471515,0.031147963,0.705216921,0.705216921,0.100000000,0.015511205,0.015511205,0.050322007,0.003923444,1.000000000,0.000000000,0.000000000,0.000000000,0.000000000,0.000000000,0.531250000,1.000000000,0.718750000,1.000000000,0.969581749,0.534653465,0.518390242,1.008946341,98.673271179,17.398435593,0.731950939,1.000000000,-0.000164967,0.000005108,-0.000041884
1525,157.938000000,fused_map_f2f,1,1,0,0.135959875,0.016834024,0.699325493,0.699325493,0.100000000,0.015639835,0.015639835,0.050726978,0.003956366,1.000000000,0.000000000,0.000000000,0.000000000,0.000000000,0.000000000,0.590163934,1.000000000,0.754098361,1.000000000,0.975378788,0.533112583,0.519986705,1.008999557,98.823783875,17.398591995,0.731967688,1.000000000,-0.000184797,-0.000001722,-0.000065471
1526,158.033000000,fused_map_f2f,1,1,0,0.135902651,0.021703459,0.699552007,0.699552007,0.100000000,0.015634850,0.015634850,0.050728887,0.003955090,1.000000000,0.000000000,0.000000000,0.000000000,0.000000000,0.000000000,0.557377049,0.384104676,0.488068100,1.000000000,0.973484848,0.545454545,0.530991736,1.009366391,98.896804810,17.398902893,0.731687844,1.000000000,-0.000004070,-0.000031881,-0.000103042
1527,158.129000000,fused_map_f2f,1,1,0,0.133833175,0.037254229,0.707743682,0.707743682,0.100000000,0.015456684,0.015456684,0.050140726,0.003909492,1.000000000,0.000000000,0.000000000,0.000000000,0.000000000,0.000000000,0.606557377,1.000000000,0.763934426,1.000000000,0.972104019,0.526315789,0.511633694,1.008721123,98.983467102,17.398738861,0.732253194,1.000000000,-0.000085478,-0.000008086,-0.000071314
1528,158.221000000,fused_map_f2f,1,1,0,0.131991574,0.025751032,0.715033354,0.715033354,0.100000000,0.015301516,0.015301516,0.049681733,0.003869789,1.000000000,0.000000000,0.000000000,0.000000000,0.000000000,0.000000000,0.500000000,0.237213025,0.394885210,1.000000000,0.971711457,0.544217687,0.528822562,1.009294085,99.052497864,17.398349762,0.732272208,0.999999940,-0.000224817,-0.000001881,-0.000063353
1529,158.316000000,fused_map_f2f,1,1,0,0.134008690,0.024626320,0.707048935,0.707048935,0.100000000,0.015471636,0.015471636,0.050196558,0.003913318,1.000000000,0.000000000,0.000000000,0.000000000,0.000000000,0.000000000,0.578125000,1.000000000,0.746875000,1.000000000,0.973684211,0.531353135,0.517370158,1.008912339,99.151016235,17.398637772,0.732282043,1.000000000,-0.000106651,-0.000023158,-0.000094148
1530,158.433000000,fused_map_f2f,1,1,0,0.135832874,0.024617195,0.699828209,0.699828209,0.100000000,0.015628776,0.015628776,0.050696527,0.003953536,1.000000000,0.000000000,0.000000000,0.000000000,0.000000000,0.000000000,0.580645161,1.000000000,0.748387097,1.000000000,0.973327094,0.536912752,0.522591728,1.009086391,99.235816956,17.398675919,0.732686698,1.000000000,-0.000170961,-0.000045721,-0.000095762
1531,158.523000000,fused_map_f2f,1,1,0,0.132850988,0.021038403,0.711631507,0.711631507,0.100000000,0.015373538,0.015373538,0.049926380,0.003888216,1.000000000,0.000000000,0.000000000,0.000000000,0.000000000,0.000000000,0.571428571,1.000000000,0.742857143,1.000000000,0.975655431,0.554455446,0.540957467,1.009698582,99.376754761,17.398351669,0.732268155,1.000000000,-0.000079911,-0.000011991,-0.000104641
1532,158.627000000,fused_map_f2f,1,1,0,0.133654205,0.045929912,0.708452106,0.708452106,0.100000000,0.015441466,0.015441466,0.050151264,0.003905598,1.000000000,0.000000000,0.000000000,0.000000000,0.000000000,0.000000000,0.587301587,1.000000000,0.752380952,1.000000000,0.972417017,0.564189189,0.548627169,1.009954239,99.461891174,17.398670197,0.732382655,1.000000000,-0.000047803,-0.000020531,-0.000107345
1533,158.732000000,fused_map_f2f,1,1,0,0.134846124,0.016712162,0.703734093,0.703734093,0.100000000,0.015543381,0.015543381,0.050470320,0.003931679,1.000000000,0.000000000,0.000000000,0.000000000,0.000000000,0.000000000,0.593220339,1.000000000,0.755932203,1.000000000,0.978047641,0.560810811,0.548499691,1.009949990,99.550552368,17.398603439,0.732206225,1.000000000,0.000069947,-0.000020655,-0.000141829
1534,158.817000000,fused_map_f2f,1,1,0,0.133919090,0.034983075,0.707403602,0.707403602,0.100000000,0.015463999,0.015463999,0.050184850,0.003911364,1.000000000,0.000000000,0.000000000,0.000000000,0.000000000,0.000000000,0.603448276,1.000000000,0.762068966,1.000000000,0.975700935,0.538194444,0.525116822,1.009170561,99.617401123,17.398830414,0.732307017,0.999999940,0.000158453,-0.000060304,-0.000195733
1535,158.935000000,fused_map_f2f,1,1,0,0.137702701,0.018644432,0.692426808,0.692426808,0.100000000,0.015793194,0.015793194,0.051167688,0.003995626,1.000000000,0.000000000,0.000000000,0.000000000,0.000000000,0.000000000,0.568965517,1.000000000,0.741379310,1.000000000,0.975417440,0.508305648,0.495810194,1.008193673,99.781150818,17.399024963,0.732517302,1.000000000,0.000082521,-0.000023314,-0.000101983
1536,159.031000000,fused_map_f2f,1,1,0,0.135029441,0.017148114,0.703008463,0.703008463,0.100000000,0.015559175,0.015559175,0.050442466,0.003935721,1.000000000,0.000000000,0.000000000,0.000000000,0.000000000,0.000000000,0.539682540,1.000000000,0.723809524,1.000000000,0.976323120,0.511784512,0.499667051,1.008322235,99.853469849,17.399215698,0.732680917,0.999999940,0.000250336,-0.000036502,-0.000090178
1537,159.123000000,fused_map_f2f,1,1,0,0.137299238,0.028734760,0.694023848,0.694023848,0.100000000,0.015757425,0.015757425,0.051062246,0.003986469,1.000000000,0.000000000,0.000000000,0.000000000,0.000000000,0.000000000,0.566666667,1.000000000,0.740000000,1.000000000,0.976905312,0.511551155,0.499737041,1.008324568,99.973335266,17.399469376,0.732743680,0.999999940,0.000377540,-0.000039194,-0.000109321
1538,159.219000000,fused_map_f2f,1,1,0,0.134802503,0.016096704,0.703906760,0.703906760,0.100000000,0.015539627,0.015539627,0.050408315,0.003930718,1.000000000,0.000000000,0.000000000,0.000000000,0.000000000,0.000000000,0.557377049,1.000000000,0.734426230,1.000000000,0.976776591,0.529010239,0.516724818,1.008890827,100.043136597,17.399366379,0.733084738,0.999999881,0.000468202,-0.000078649,-0.000124738
1539,159.320000000,fused_map_f2f,1,1,0,0.132976279,0.016247194,0.711135561,0.711135561,0.100000000,0.015384095,0.015384095,0.049907007,0.003890917,1.000000000,0.000000000,0.000000000,0.000000000,0.000000000,0.000000000,0.564516129,1.000000000,0.738709677,1.000000000,0.979185939,0.518272425,0.507485071,1.008582836,100.170135498,17.399244308,0.732974648,0.999999881,0.000413470,-0.000049799,-0.000125520
1540,159.414000000,fused_map_f2f,1,1,0,0.134499808,0.018813869,0.705104928,0.705104928,0.100000000,0.015513631,0.015513631,0.050318284,0.003924065,1.000000000,0.000000000,0.000000000,0.000000000,0.000000000,0.000000000,0.573770492,1.000000000,0.744262295,1.000000000,0.980120203,0.521594684,0.511225488,1.008707516,100.236129761,17.399362564,0.732697785,0.999999881,0.000388694,-0.000065878,-0.000146099
1541,159.539000000,fused_map_f2f,1,1,0,0.135355237,0.019218216,0.701718855,0.701718855,0.100000000,0.015587323,0.015587323,0.050567756,0.003942926,1.000000000,0.000000000,0.000000000,0.000000000,0.000000000,0.000000000,0.507936508,1.000000000,0.704761905,1.000000000,0.983818770,0.531772575,0.523167841,1.009105595,100.368408203,17.400089264,0.733082771,0.999999881,0.000407062,-0.000041453,-0.000121895
1542,159.617000000,fused_map_f2f,1,1,0,0.135458984,0.015262344,0.701308189,0.701308189,0.100000000,0.015596308,0.015596308,0.050613757,0.003945225,1.000000000,0.000000000,0.000000000,0.000000000,0.000000000,0.000000000,0.593220339,1.000000000,0.755932203,1.000000000,0.982035928,0.544217687,0.534441321,1.009481377,100.424423218,17.400062561,0.733337641,0.999999881,0.000438349,-0.000076809,-0.000137411
1543,159.713000000,fused_map_f2f,1,1,0,0.134989448,0.016932681,0.703166770,0.703166770,0.100000000,0.015555726,0.015555726,0.050471781,0.003934838,1.000000000,0.000000000,0.000000000,0.000000000,0.000000000,0.000000000,0.566666667,1.000000000,0.740000000,1.000000000,0.981088561,0.535117057,0.524997223,1.009166574,100.495849609,17.399993896,0.732987225,0.999999881,0.000412714,-0.000045431,-0.000118237
1544,159.823000000,fused_map_f2f,1,1,0,0.132144361,0.020393936,0.714428572,0.714428572,0.100000000,0.015314271,0.015314271,0.049697829,0.003873052,1.000000000,0.000000000,0.000000000,0.000000000,0.000000000,0.000000000,0.593220339,1.000000000,0.755932203,1.000000000,0.981549815,0.523178808,0.513526062,1.008784202,100.586410522,17.400056839,0.732973754,0.999999940,0.000385306,-0.000043166,-0.000113123
1545,159.918000000,fused_map_f2f,1,1,0,0.135663669,0.026495508,0.700497975,0.700497975,0.100000000,0.015614066,0.015614066,0.050668073,0.003949770,1.000000000,0.000000000,0.000000000,0.000000000,0.000000000,0.000000000,0.586206897,1.000000000,0.751724138,1.000000000,0.983915441,0.542372881,0.533649053,1.009454968,100.651786804,17.400074005,0.733078480,0.999999881,0.000376682,-0.000059043,-0.000110409
1546,160.022000000,fused_map_f2f,1,1,0,0.136837441,0.018988472,0.695851796,0.695851796,0.100000000,0.015716682,0.015716682,0.050965535,0.003976038,1.000000000,0.000000000,0.000000000,0.000000000,0.000000000,0.000000000,0.603448276,1.000000000,0.762068966,1.000000000,0.982632541,0.528052805,0.518881870,1.008962729,100.730987549,17.400732040,0.732688487,0.999999881,0.000475194,-0.000059319,-0.000127430
1547,160.117000000,fused_map_f2f,1,1,0,0.133164392,0.016578135,0.710390950,0.710390950,0.100000000,0.015399971,0.015399971,0.049990989,0.003894980,1.000000000,0.000000000,0.000000000,0.000000000,0.000000000,0.000000000,0.593220339,1.000000000,0.755932203,1.000000000,0.982592762,0.538720539,0.529342902,1.009311430,100.801223755,17.400173187,0.732937694,0.999999881,0.000437638,-0.000054515,-0.000129023
1548,160.221000000,fused_map_f2f,1,1,0,0.133129231,0.023576368,0.710530125,0.710530125,0.100000000,0.015397001,0.015397001,0.049939801,0.003894220,1.000000000,0.000000000,0.000000000,0.000000000,0.000000000,0.000000000,0.568965517,1.000000000,0.741379310,1.000000000,0.982568807,0.511551155,0.502634208,1.008421140,100.876472473,17.400741577,0.732945859,0.999999881,0.000454594,-0.000056691,-0.000100738
1549,160.316000000,fused_map_f2f,1,1,0,0.134291545,0.033751708,0.705929303,0.705929303,0.100000000,0.015495795,0.015495795,0.050309897,0.003919501,1.000000000,0.000000000,0.000000000,0.000000000,0.000000000,0.000000000,0.614035088,1.000000000,0.768421053,1.000000000,0.984467794,0.549828179,0.541288134,1.009709604,100.950500488,17.400669098,0.732951820,0.999999940,0.000351439,-0.000057611,-0.000111813
1550,160.431000000,fused_map_f2f,1,1,0,0.134588118,0.020378044,0.704755365,0.704755365,0.100000000,0.015521206,0.015521206,0.050378659,0.003926004,1.000000000,0.000000000,0.000000000,0.000000000,0.000000000,0.000000000,0.600000000,1.000000000,0.760000000,1.000000000,0.983105023,0.543624161,0.534439643,1.009481321,101.034019470,17.400859833,0.733078837,0.999999881,0.000464092,-0.000055418,-0.000129114
1551,160.523000000,fused_map_f2f,1,1,0,0.136012561,0.015522099,0.699116947,0.699116947,0.100000000,0.015644427,0.015644427,0.050756662,0.003957542,1.000000000,0.000000000,0.000000000,0.000000000,0.000000000,0.000000000,0.559322034,1.000000000,0.735593220,1.000000000,0.983097305,0.538720539,0.529614710,1.009320490,101.100692749,17.400573730,0.732696831,0.999999881,0.000433015,-0.000061891,-0.000139181
1552,160.615000000,fused_map_f2f,1,1,0,0.134807044,0.020178854,0.703888784,0.703888784,0.100000000,0.015540018,0.015540018,0.050405380,0.003930818,1.000000000,0.000000000,0.000000000,0.000000000,0.000000000,0.000000000,0.533333333,1.000000000,0.720000000,1.000000000,0.982640475,0.523178808,0.514096672,1.008803222,101.175865173,17.400711060,0.732946932,0.999999940,0.000304942,-0.000064390,-0.000140562
1553,160.724000000,fused_map_f2f,1,1,0,0.135184344,0.018227875,0.702395304,0.702395304,0.100000000,0.015572545,0.015572545,0.050532945,0.003939143,1.000000000,0.000000000,0.000000000,0.000000000,0.000000000,0.000000000,0.533333333,1.000000000,0.720000000,1.000000000,0.983554134,0.539249147,0.530380728,1.009346024,101.247886658,17.400886536,0.732994735,0.999999881,0.000371138,-0.000084195,-0.000161067
1554,160.823000000,fused_map_f2f,1,1,0,0.137029778,0.017123775,0.695090463,0.695090463,0.100000000,0.015733626,0.015733626,0.051021947,0.003980376,1.000000000,0.000000000,0.000000000,0.000000000,0.000000000,0.000000000,0.586206897,1.000000000,0.751724138,1.000000000,0.984545455,0.529209622,0.521030928,1.009034364,101.365104675,17.400499344,0.732989848,0.999999940,0.000207676,-0.000061841,-0.000148015
1555,160.917000000,fused_map_f2f,1,1,0,0.136739483,0.014805839,0.696239547,0.696239547,0.100000000,0.015708066,0.015708066,0.050943409,0.003973833,1.000000000,0.000000000,0.000000000,0.000000000,0.000000000,0.000000000,0.589285714,1.000000000,0.753571429,1.000000000,0.983181818,0.530821918,0.521894458,1.009063149,101.425743103,17.400583267,0.732960939,0.999999940,0.000219440,-0.000066087,-0.000179324
1556,161.088000000,fused_map_f2f,1,1,0,0.136120841,0.019242832,0.698688339,0.698688339,0.100000000,0.015653874,0.015653874,0.050764136,0.003959960,1.000000000,0.000000000,0.000000000,0.000000000,0.000000000,0.000000000,0.568965517,1.000000000,0.741379310,1.000000000,0.981900452,0.525252525,0.515745692,1.008858190,101.567184448,17.400497437,0.732707500,0.999999940,0.000221650,-0.000055324,-0.000154832
1557,161.116000000,fused_map_f2f,1,1,0,0.137782238,0.018524051,0.692111975,0.692111975,0.100000000,0.015800265,0.015800265,0.051211367,0.003997437,1.000000000,0.000000000,0.000000000,0.000000000,0.000000000,0.000000000,0.568965517,1.000000000,0.741379310,1.000000000,0.980081485,0.519607843,0.509258026,1.008641934,101.584579468,17.400487900,0.732637763,0.999999940,0.000320493,-0.000069666,-0.000162077
1558,161.236000000,fused_map_f2f,1,1,0,0.139273649,0.024413903,0.686208472,0.686208472,0.100000000,0.015934030,0.015934030,0.051712969,0.004031688,1.000000000,0.000000000,0.000000000,0.000000000,0.000000000,0.000000000,0.542372881,1.000000000,0.725423729,1.000000000,0.981809914,0.571428571,0.561034236,1.010367808,101.666076660,17.400590897,0.732356250,0.999999940,0.000326570,-0.000053847,-0.000156461
1559,161.321000000,fused_map_f2f,1,1,0,0.141773352,0.024627821,0.676313817,0.676313817,0.100000000,0.016163381,0.016163381,0.052363813,0.004090432,1.000000000,0.000000000,0.000000000,0.000000000,0.000000000,0.000000000,0.636363636,1.000000000,0.781818182,1.000000000,0.983242754,0.529605263,0.520730537,1.009024351,101.758560181,17.399965286,0.733147740,1.000000000,0.000084576,-0.000056988,-0.000155245
1560,161.419000000,fused_map_f2f,1,1,0,0.141603124,0.014234325,0.676987636,0.676987636,0.100000000,0.016147553,0.016147553,0.052322975,0.004086377,1.000000000,0.000000000,0.000000000,0.000000000,0.000000000,0.000000000,0.607142857,1.000000000,0.764285714,1.000000000,0.980481162,0.536423841,0.525953471,1.009198449,101.830581665,17.399726868,0.732790112,0.999999940,0.000128530,-0.000057192,-0.000147826
1561,161.520000000,fused_map_f2f,1,1,0,0.142052803,0.024699988,0.675207653,0.675207653,0.100000000,0.016189432,0.016189432,0.052465142,0.004097105,1.000000000,0.000000000,0.000000000,0.000000000,0.000000000,0.000000000,0.551724138,1.000000000,0.731034483,1.000000000,0.981389015,0.543046358,0.532939730,1.009431324,101.935264587,17.399080276,0.732262433,0.999999940,0.000185793,-0.000063575,-0.000157302
1562,161.617000000,fused_map_f2f,1,1,0,0.144676791,0.017535883,0.664821036,0.664821036,0.100000000,0.016438205,0.016438205,0.053224963,0.004160849,1.000000000,0.000000000,0.000000000,0.000000000,0.000000000,0.000000000,0.568965517,1.000000000,0.741379310,1.000000000,0.984657040,0.531353135,0.523200605,1.009106687,102.011230469,17.399251938,0.733042538,1.000000000,0.000005344,-0.000052097,-0.000149906
1563,161.725000000,fused_map_f2f,1,1,0,0.144631836,0.018342857,0.664998982,0.664998982,0.100000000,0.016433878,0.016433878,0.053203465,0.004159740,1.000000000,0.000000000,0.000000000,0.000000000,0.000000000,0.000000000,0.551724138,1.000000000,0.731034483,1.000000000,0.980995475,0.528428094,0.518385569,1.008946186,102.091644287,17.399631500,0.733272791,0.999999940,0.000128488,-0.000083509,-0.000187399
1564,161.831000000,fused_map_f2f,1,1,0,0.144477431,0.020472812,0.665610167,0.665610167,0.100000000,0.016419036,0.016419036,0.053144719,0.004155936,1.000000000,0.000000000,0.000000000,0.000000000,0.000000000,0.000000000,0.557377049,1.000000000,0.734426230,1.000000000,0.979176098,0.521739130,0.510874486,1.008695816,102.187683105,17.399106979,0.732603848,1.000000000,0.000075848,-0.000046286,-0.000159578
1565,161.931000000,fused_map_f2f,1,1,0,0.143997872,0.022282598,0.667508424,0.667508424,0.100000000,0.016373108,0.016373108,0.053015377,0.004144167,1.000000000,0.000000000,0.000000000,0.000000000,0.000000000,0.000000000,0.607142857,1.000000000,0.764285714,1.000000000,0.981422746,0.529010239,0.519182681,1.008972756,102.266304016,17.399005890,0.732427537,0.999999940,0.000240523,-0.000039606,-0.000155082
1566,162.026000000,fused_map_f2f,1,1,0,0.143873903,0.015799861,0.667999134,0.667999134,0.100000000,0.016361277,0.016361277,0.052956917,0.004141135,1.000000000,0.000000000,0.000000000,0.000000000,0.000000000,0.000000000,0.568965517,1.000000000,0.741379310,1.000000000,0.983128135,0.514851485,0.506164980,1.008538833,102.383567810,17.398315430,0.732472122,0.999999940,0.000124926,-0.000055129,-0.000165826
1567,162.118000000,fused_map_f2f,1,1,0,0.145850100,0.017737438,0.660176689,0.660176689,0.100000000,0.016551934,0.016551934,0.053541613,0.004189998,1.000000000,0.000000000,0.000000000,0.000000000,0.000000000,0.000000000,0.553571429,1.000000000,0.732142857,1.000000000,0.982224248,0.509740260,0.500679243,1.008355975,102.455810547,17.398494720,0.732263684,0.999999940,0.000224447,-0.000064535,-0.000165542
1568,162.236000000,fused_map_f2f,1,1,0,0.148456447,0.019662098,0.649859896,0.649859896,0.100000000,0.016810285,0.016810285,0.054352799,0.004256233,1.000000000,0.000000000,0.000000000,0.000000000,0.000000000,0.000000000,0.551724138,1.000000000,0.731034483,1.000000000,0.981464738,0.514563107,0.505025545,1.008500851,102.572044373,17.398574829,0.732074857,0.999999940,0.000165720,-0.000046660,-0.000164757
1569,162.392000000,fused_map_f2f,1,1,0,0.147853684,0.025585093,0.652245836,0.652245836,0.100000000,0.016749822,0.016749822,0.054188803,0.004240729,1.000000000,0.000000000,0.000000000,0.000000000,0.000000000,0.000000000,0.551724138,1.000000000,0.731034483,1.000000000,0.983643798,0.527868852,0.519234923,1.008974497,102.744880676,17.398647308,0.731558323,0.999999940,0.000241850,-0.000056028,-0.000154310
1570,162.422000000,fused_map_f2f,1,1,0,0.145753254,0.013631538,0.660560036,0.660560036,0.100000000,0.016542487,0.016542487,0.053525063,0.004187576,1.000000000,0.000000000,0.000000000,0.000000000,0.000000000,0.000000000,0.596491228,1.000000000,0.757894737,1.000000000,0.984545455,0.516339869,0.508360071,1.008612002,102.787193298,17.398323059,0.731689632,1.000000000,0.000036547,-0.000047044,-0.000152331
1571,162.513000000,fused_map_f2f,1,1,0,0.149798803,0.026883357,0.644546403,0.644546403,0.100000000,0.016946517,0.016946517,0.054788887,0.004291169,1.000000000,0.000000000,0.000000000,0.000000000,0.000000000,0.000000000,0.568965517,1.000000000,0.741379310,1.000000000,0.982304900,0.521594684,0.512365014,1.008745500,102.871528625,17.398420334,0.731902003,1.000000000,0.000096908,-0.000068845,-0.000164438
1572,162.631000000,fused_map_f2f,1,1,0,0.150579099,0.070550967,0.641457733,0.641457733,0.095823575,0.016327228,0.016327228,0.052880118,0.004132410,1.000000000,0.000000000,0.000000000,0.000000000,0.000000000,0.000000000,0.456140351,0.532425053,0.486654232,1.000000000,0.985557987,0.531561462,0.523884644,1.009129488,102.939849854,17.368946075,0.745992780,0.999714255,0.008012504,-0.001153859,0.022491392
1573,162.729000000,fused_map_f2f,1,1,0,0.154510021,0.121332560,0.625897832,0.625897832,0.075722528,0.013264169,0.013264169,0.043200590,0.003349362,1.000000000,0.000000000,0.000000000,0.000000000,0.000000000,0.000000000,0.562500000,0.747934318,0.636673727,1.000000000,0.986140277,0.486322188,0.479581898,1.007652730,102.967788696,17.327930450,0.767221093,0.998627484,0.026493987,-0.016623572,0.042010538
1574,162.827000000,fused_map_f2f,1,1,0,0.146086419,0.095643097,0.659241260,0.659241260,0.085891274,0.014269876,0.014269876,0.046331044,0.003606062,1.000000000,0.000000000,0.000000000,0.000000000,0.000000000,0.000000000,0.560975610,0.804421866,0.658354112,1.000000000,0.986486486,0.459537572,0.453327605,1.006777587,103.008453369,17.302463531,0.781688571,0.997301996,0.044350885,-0.040107928,0.042579431
1575,162.913000000,fused_map_f2f,1,1,0,0.148498990,0.083539457,0.649691498,0.649691498,0.090682298,0.015271764,0.015271764,0.049458038,0.003862178,1.000000000,0.000000000,0.000000000,0.000000000,0.000000000,0.000000000,0.605263158,0.815030455,0.689170077,1.000000000,0.987023520,0.450867052,0.445016385,1.006500546,103.072113037,17.301816940,0.785243392,0.996832669,0.049406514,-0.049397569,0.037992969
1576,163.016000000,fused_map_f2f,1,1,0,0.146622853,0.035419398,0.657117872,0.657117872,0.100000000,0.016627700,0.016627700,0.053691181,0.004209420,1.000000000,0.000000000,0.000000000,0.000000000,0.000000000,0.000000000,0.657142857,0.804070068,0.715913742,1.000000000,0.986981286,0.455331412,0.449403582,1.006646786,103.190795898,17.308273315,0.784956992,0.996967435,0.049251430,-0.050315976,0.033144508
1577,163.116000000,fused_map_f2f,1,1,0,0.148656733,0.024197556,0.649067100,0.649067100,0.100000000,0.016830472,0.016830472,0.054329624,0.004261409,1.000000000,0.000000000,0.000000000,0.000000000,0.000000000,0.000000000,0.657142857,0.864059224,0.739909404,1.000000000,0.985679214,0.461095101,0.454491857,1.006816395,103.297645569,17.315866470,0.784324825,0.997074842,0.049194191,-0.050759166,0.029071279
1578,163.225000000,fused_map_f2f,1,1,0,0.147082021,0.019679147,0.655300332,0.655300332,0.100000000,0.016673050,0.016673050,0.053851884,0.004221046,1.000000000,0.000000000,0.000000000,0.000000000,0.000000000,0.000000000,0.657142857,1.000000000,0.794285714,1.000000000,0.985696772,0.467836257,0.461144688,1.007038156,103.412399292,17.323181152,0.782571435,0.997180402,0.048919868,-0.051003471,0.025233442
1579,163.314000000,fused_map_f2f,1,1,0,0.150679674,0.052456309,0.641059626,0.641059626,0.100000000,0.017037120,0.017037120,0.054980100,0.004314409,1.000000000,0.000000000,0.000000000,0.000000000,0.000000000,0.000000000,0.638888889,1.000000000,0.783333333,1.000000000,0.989028850,0.464912281,0.459811658,1.006993722,103.496574402,17.325794220,0.784691453,0.997252882,0.050056182,-0.049153205,0.023770930
1580,163.429000000,fused_map_f2f,1,1,0,0.151088604,0.034956330,0.639440943,0.639440943,0.100000000,0.017079511,0.017079511,0.055090404,0.004325283,1.000000000,0.000000000,0.000000000,0.000000000,0.000000000,0.000000000,0.694444444,1.000000000,0.816666667,1.000000000,0.987903226,0.452991453,0.447511718,1.006583724,103.571571350,17.329502106,0.827896118,0.997604251,0.050189339,-0.042960960,0.020521907
1581,163.514000000,fused_map_f2f,1,1,0,0.148262880,0.045739786,0.650626102,0.650626102,0.100000000,0.016790821,0.016790821,0.054215994,0.004251242,1.000000000,0.000000000,0.000000000,0.000000000,0.000000000,0.000000000,0.764705882,1.000000000,0.858823529,1.000000000,0.985898469,0.466666667,0.460085952,1.007002865,103.647109985,17.334308624,0.836572051,0.997664273,0.048486616,-0.044553991,0.018165892
1582,163.615000000,fused_map_f2f,1,1,0,0.147648366,0.021910352,0.653058551,0.653058551,0.100000000,0.016729326,0.016729326,0.054037363,0.004235474,1.000000000,0.000000000,0.000000000,0.000000000,0.000000000,0.000000000,0.812500000,1.000000000,0.887500000,1.000000000,0.987086360,0.473529412,0.467414423,1.007247147,103.740524292,17.337474823,0.836964726,0.997734606,0.047939979,-0.044302505,0.016268449
1583,163.730000000,fused_map_f2f,1,1,0,0.152017353,0.016705905,0.635764645,0.635764645,0.100000000,0.017176577,0.017176577,0.055430510,0.004350185,1.000000000,0.000000000,0.000000000,0.000000000,0.000000000,0.000000000,0.812500000,1.000000000,0.887500000,1.000000000,0.984615385,0.477477477,0.470131670,1.007337722,103.848403931,17.341178894,0.836292088,0.997774124,0.047693565,-0.044455700,0.013992747
1584,163.833000000,fused_map_f2f,1,1,0,0.153687415,0.019498801,0.629153982,0.629153982,0.100000000,0.017353923,0.017353923,0.055965033,0.004395693,1.000000000,0.000000000,0.000000000,0.000000000,0.000000000,0.000000000,0.787878788,1.000000000,0.872727273,1.000000000,0.988278092,0.466858790,0.461386314,1.007046210,103.949043274,17.344284058,0.834563613,0.997803390,0.047450267,-0.044578854,0.012234280
1585,163.929000000,fused_map_f2f,1,1,0,0.156933700,0.017289996,0.616304103,0.616304103,0.100000000,0.017709343,0.017709343,0.057067349,0.004486931,1.000000000,0.000000000,0.000000000,0.000000000,0.000000000,0.000000000,0.777777778,1.000000000,0.866666667,1.000000000,0.987873888,0.468208092,0.462530549,1.007084352,104.028594971,17.347194672,0.833553314,0.997809410,0.047513001,-0.044718169,0.010918402
1586,164.013000000,fused_map_f2f,1,1,0,0.156510694,0.040717538,0.617978503,0.617978503,0.100000000,0.017662207,0.017662207,0.056970706,0.004474828,1.000000000,0.000000000,0.000000000,0.000000000,0.000000000,0.000000000,0.591836735,1.000000000,0.755102041,1.000000000,0.989387755,0.495468278,0.490210247,1.008007008,104.128227234,17.362140656,0.856371939,0.999032199,0.035465658,-0.026008651,0.000617603
1587,164.113000000,fused_map_f2f,1,1,0,0.158230927,0.032807507,0.611169245,0.611169245,0.100000000,0.017855475,0.017855475,0.057588806,0.004524458,1.000000000,0.000000000,0.000000000,0.000000000,0.000000000,0.000000000,0.578947368,1.000000000,0.747368421,1.000000000,0.987694832,0.507552870,0.501307347,1.008376912,104.209899902,17.373800278,0.870929122,0.999536455,0.027172646,-0.012966014,-0.004511617
1588,164.216000000,fused_map_f2f,1,1,0,0.159364107,0.066355627,0.606683742,0.606683742,0.097484231,0.017540587,0.017540587,0.056618421,0.004443604,1.000000000,0.000000000,0.000000000,0.000000000,0.000000000,0.000000000,0.592592593,1.000000000,0.755555556,1.000000000,0.990184049,0.509036145,0.504039471,1.008467982,104.284446716,17.373752594,0.871098578,0.999567151,0.026562417,-0.011760368,-0.004642540
1589,164.319000000,fused_map_f2f,1,1,0,0.157567542,0.027089751,0.613795146,0.613795146,0.100000000,0.017780445,0.017780445,0.057360634,0.004505189,1.000000000,0.000000000,0.000000000,0.000000000,0.000000000,0.000000000,0.600000000,1.000000000,0.760000000,1.000000000,0.988856789,0.509259259,0.503584476,1.008452816,104.360664368,17.372678757,0.871445417,0.999578297,0.026495688,-0.011127986,-0.004175043
1590,164.426000000,fused_map_f2f,1,1,0,0.155218426,0.016079579,0.623093730,0.623093730,0.100000000,0.017519751,0.017519751,0.056512529,0.004438256,1.000000000,0.000000000,0.000000000,0.000000000,0.000000000,0.000000000,0.559322034,1.000000000,0.735593220,1.000000000,0.988100123,0.486404834,0.480616676,1.007687223,104.429130554,17.371519089,0.870149136,0.999583066,0.026435833,-0.011107317,-0.003394540
1591,164.525000000,fused_map_f2f,1,1,0,0.157511413,0.013047467,0.614017323,0.614017323,0.100000000,0.017774125,0.017774125,0.057287163,0.004503567,1.000000000,0.000000000,0.000000000,0.000000000,0.000000000,0.000000000,0.542372881,1.000000000,0.725423729,1.000000000,0.988515176,0.478915663,0.473415401,1.007447180,104.492164612,17.369482040,0.868860304,0.999599099,0.025914766,-0.011066730,-0.002749650
1592,164.633000000,fused_map_f2f,1,1,0,0.158842751,0.013623722,0.608747442,0.608747442,0.100000000,0.017925236,0.017925236,0.057761961,0.004542376,1.000000000,0.000000000,0.000000000,0.000000000,0.000000000,0.000000000,0.584905660,1.000000000,0.750943396,1.000000000,0.990990991,0.481927711,0.477586020,1.007586201,104.596939087,17.371135712,0.869555950,0.999577224,0.026799737,-0.011076352,-0.002115904
1593,164.718000000,fused_map_f2f,1,1,0,0.157399829,0.011300580,0.614459008,0.614459008,0.100000000,0.017761576,0.017761576,0.057282013,0.004500344,1.000000000,0.000000000,0.000000000,0.000000000,0.000000000,0.000000000,0.517241379,1.000000000,0.710344828,1.000000000,0.990546650,0.496969697,0.492271669,1.008075722,104.645629883,17.369318008,0.868405104,0.999583185,0.026596984,-0.011077451,-0.001828696
1594,164.819000000,fused_map_f2f,1,1,0,0.159516886,0.013355041,0.606078993,0.606078993,0.100000000,0.018002737,0.018002737,0.058034633,0.004562284,1.000000000,0.000000000,0.000000000,0.000000000,0.000000000,0.000000000,0.600000000,1.000000000,0.760000000,1.000000000,0.991806637,0.500000000,0.495903318,1.008196777,104.707176208,17.368864059,0.866361678,0.999589682,0.026391437,-0.011054531,-0.001320874
1595,164.925000000,fused_map_f2f,1,1,0,0.164582966,0.013535183,0.586025761,0.586025761,0.100000000,0.018607310,0.018607310,0.059911039,0.004717665,1.000000000,0.000000000,0.000000000,0.000000000,0.000000000,0.000000000,0.553571429,1.000000000,0.732142857,1.000000000,0.990196078,0.505952381,0.500992063,1.008366402,104.768089294,17.368354797,0.865622520,0.999591708,0.026338786,-0.011036444,-0.000948888
1596,165.023000000,fused_map_f2f,1,1,0,0.158610909,0.012388609,0.609665151,0.609665151,0.100000000,0.017898737,0.017898737,0.057723589,0.004535570,1.000000000,0.000000000,0.000000000,0.000000000,0.000000000,0.000000000,0.561403509,1.000000000,0.736842105,1.000000000,0.991816694,0.505952381,0.501812018,1.008393734,104.823165894,17.368192673,0.864937842,0.999590456,0.026402477,-0.011021294,-0.000648788
1597,165.124000000,fused_map_f2f,1,1,0,0.159019041,0.010103751,0.608049630,0.608049630,0.100000000,0.017945439,0.017945439,0.057842080,0.004547566,1.000000000,0.000000000,0.000000000,0.000000000,0.000000000,0.000000000,0.596153846,1.000000000,0.757692308,1.000000000,0.991873222,0.491379310,0.487385980,1.007912866,104.881057739,17.367959976,0.863154054,0.999586284,0.026564378,-0.011020596,-0.000390908
1598,165.230000000,fused_map_f2f,1,1,0,0.162248633,0.011151071,0.595265826,0.595265826,0.100000000,0.018323769,0.018323769,0.059024810,0.004644775,1.000000000,0.000000000,0.000000000,0.000000000,0.000000000,0.000000000,0.571428571,1.000000000,0.742857143,1.000000000,0.989833266,0.500000000,0.494916633,1.008163888,104.968597412,17.365484238,0.861746788,0.999608517,0.025724150,-0.011005826,-0.000119141
1599,165.318000000,fused_map_f2f,1,1,0,0.165688094,0.013615447,0.581651296,0.581651296,0.100000000,0.018744628,0.018744628,0.060352726,0.004752977,1.000000000,0.000000000,0.000000000,0.000000000,0.000000000,0.000000000,0.615384615,1.000000000,0.769230769,1.000000000,0.989033306,0.516417910,0.510754513,1.008691817,105.020202637,17.367235184,0.861843348,0.999588430,0.026487894,-0.011015470,0.000020331
1600,165.422000000,fused_map_f2f,1,1,0,0.163413298,0.017135567,0.590655697,0.590655697,0.100000000,0.018464148,0.018464148,0.059528107,0.004680858,1.000000000,0.000000000,0.000000000,0.000000000,0.000000000,0.000000000,0.592592593,1.000000000,0.755555556,1.000000000,0.989002037,0.538699690,0.532775091,1.009425836,105.072517395,17.366485596,0.860800028,0.999588192,0.026498215,-0.011013320,0.000182435
1601,165.526000000,fused_map_f2f,1,1,0,0.166200721,0.011199955,0.579622145,0.579622145,0.100000000,0.018809016,0.018809016,0.060543840,0.004769537,1.000000000,0.000000000,0.000000000,0.000000000,0.000000000,0.000000000,0.551724138,1.000000000,0.731034483,1.000000000,0.990224033,0.511834320,0.506830644,1.008561021,105.187980652,17.366868973,0.859462500,0.999586999,0.026540495,-0.011018103,0.000328788
1602,165.621000000,fused_map_f2f,1,1,0,0.168921095,0.011448803,0.568853999,0.568853999,0.100000000,0.019158241,0.019158241,0.061671453,0.004859383,1.000000000,0.000000000,0.000000000,0.000000000,0.000000000,0.000000000,0.578947368,1.000000000,0.747368421,1.000000000,0.989452333,0.539823009,0.534129135,1.009470971,105.233970642,17.366334915,0.858636737,0.999588907,0.026465692,-0.011020337,0.000390878
1603,165.727000000,fused_map_f2f,1,1,0,0.169894179,0.011427261,0.565002208,0.565002208,0.100000000,0.019286329,0.019286329,0.062072126,0.004892349,1.000000000,0.000000000,0.000000000,0.000000000,0.000000000,0.000000000,0.534482759,1.000000000,0.720689655,1.000000000,0.991056911,0.542274052,0.537424447,1.009580815,105.353988647,17.369260788,0.859108925,0.999560654,0.027505513,-0.011032769,0.000520239
1604,165.823000000,fused_map_f2f,1,1,0,0.170962815,0.011347917,0.560772191,0.560772191,0.100000000,0.019428983,0.019428983,0.062536367,0.004929071,1.000000000,0.000000000,0.000000000,0.000000000,0.000000000,0.000000000,0.542372881,1.000000000,0.725423729,1.000000000,0.991480730,0.555223881,0.550493779,1.010016459,105.425933838,17.367883682,0.856768191,0.999578655,0.026855666,-0.010999389,0.000605501
1605,165.925000000,fused_map_f2f,1,1,0,0.176083510,0.013037697,0.540502772,0.540502772,0.100000000,0.020142914,0.020142914,0.064769014,0.005112971,1.000000000,0.000000000,0.000000000,0.000000000,0.000000000,0.000000000,0.525423729,1.000000000,0.715254237,1.000000000,0.991045991,0.575301205,0.570149953,1.010671665,105.495735168,17.367456436,0.856239557,0.999580324,0.026796607,-0.010985024,0.000689424
1606,166.016000000,fused_map_f2f,1,1,0,0.182402018,0.012272568,0.515492013,0.515492013,0.100000000,0.021099592,0.021099592,0.067708590,0.005359714,1.000000000,0.000000000,0.000000000,0.000000000,0.000000000,0.000000000,0.603773585,1.000000000,0.762264151,1.000000000,0.991064175,0.580060423,0.574877105,1.010829237,105.608512878,17.367967606,0.855741024,0.999579668,0.026822770,-0.010979678,0.000758721
1607,166.125000000,fused_map_f2f,1,1,0,0.175310479,0.011536420,0.543562689,0.543562689,0.100000000,0.020031794,0.020031794,0.064410650,0.005084335,1.000000000,0.000000000,0.000000000,0.000000000,0.000000000,0.000000000,0.584905660,1.000000000,0.750943396,1.000000000,0.990665584,0.566765579,0.561475153,1.010382505,105.674163818,17.367797852,0.854608059,0.999577880,0.026923247,-0.010887292,0.000819802
1608,166.213000000,fused_map_f2f,1,1,0,0.179148606,0.012058624,0.528370103,0.528370103,0.100000000,0.020595918,0.020595918,0.066134099,0.005229763,1.000000000,0.000000000,0.000000000,0.000000000,0.000000000,0.000000000,0.592592593,1.000000000,0.755555556,1.000000000,0.991886410,0.563049853,0.558481498,1.010282717,105.756446838,17.367979050,0.853566647,0.999577582,0.026895413,-0.010979746,0.000864720
1609,166.320000000,fused_map_f2f,1,1,0,0.189702165,0.013405971,0.486595597,0.486595597,0.100000000,0.022324616,0.022324616,0.071453658,0.005676193,1.000000000,0.000000000,0.000000000,0.000000000,0.000000000,0.000000000,0.574074074,1.000000000,0.744444444,1.000000000,0.991525424,0.585074627,0.580116367,1.011003879,105.829788208,17.368354797,0.852936804,0.999578476,0.026859777,-0.010983478,0.000933050
1610,166.426000000,fused_map_f2f,1,1,0,0.178994271,0.013890160,0.528981010,0.528981010,0.100000000,0.020572622,0.020572622,0.066089865,0.005223755,1.000000000,0.000000000,0.000000000,0.000000000,0.000000000,0.000000000,0.526315789,1.000000000,0.715789474,1.000000000,0.991107518,0.576923077,0.571792799,1.010726427,105.889488220,17.368450165,0.851833463,0.999579370,0.026834631,-0.010967621,0.000881162
1611,166.521000000,fused_map_f2f,1,1,0,0.180795216,0.013032620,0.521852269,0.521852269,0.100000000,0.020847795,0.020847795,0.066915238,0.005294736,1.000000000,0.000000000,0.000000000,0.000000000,0.000000000,0.000000000,0.584905660,1.000000000,0.750943396,1.000000000,0.991928975,0.568115942,0.563530664,1.010451022,106.001785278,17.368587494,0.850906193,0.999579728,0.026809452,-0.010982170,0.001012624
1612,166.620000000,fused_map_f2f,1,1,0,0.187005510,0.012096407,0.497269856,0.497269856,0.100000000,0.021855875,0.021855875,0.069985835,0.005555026,1.000000000,0.000000000,0.000000000,0.000000000,0.000000000,0.000000000,0.592592593,1.000000000,0.755555556,1.000000000,0.991559486,0.565597668,0.560823732,1.010360791,106.061462402,17.368474960,0.850454450,0.999581277,0.026792491,-0.010880870,0.001013856
1613,166.722000000,fused_map_f2f,1,1,0,0.183874463,0.012281642,0.509663584,0.509663584,0.100000000,0.021335735,0.021335735,0.068378578,0.005420674,1.000000000,0.000000000,0.000000000,0.000000000,0.000000000,0.000000000,0.545454545,1.000000000,0.727272727,1.000000000,0.991974318,0.554913295,0.550459737,1.010015325,106.146041870,17.369289398,0.849449575,0.999580920,0.026768500,-0.010971575,0.001071426
1614,166.829000000,fused_map_f2f,1,1,0,0.185528665,0.012674353,0.503115700,0.503115700,0.100000000,0.021607413,0.021607413,0.069259446,0.005490835,1.000000000,0.000000000,0.000000000,0.000000000,0.000000000,0.000000000,0.596153846,1.000000000,0.757692308,1.000000000,0.992393915,0.579579580,0.575171248,1.010839042,106.215370178,17.368282318,0.848075926,0.999581218,0.026757939,-0.010971066,0.001044046
1615,166.919000000,fused_map_f2f,1,1,0,0.190159351,0.012271126,0.484785904,0.484785904,0.100000000,0.022406086,0.022406086,0.071680426,0.005697261,1.000000000,0.000000000,0.000000000,0.000000000,0.000000000,0.000000000,0.543859649,1.000000000,0.726315789,1.000000000,0.992000000,0.575221239,0.570619469,1.010687316,106.269592285,17.367723465,0.846876204,0.999584258,0.026646372,-0.010963511,0.001029060
1616,167.020000000,fused_map_f2f,1,1,0,0.192221072,0.010925250,0.476624923,0.476624923,0.100000000,0.022780993,0.022780993,0.072834181,0.005794247,1.000000000,0.000000000,0.000000000,0.000000000,0.000000000,0.000000000,0.607843137,1.000000000,0.764705882,1.000000000,0.991633466,0.582582583,0.577708386,1.010923613,106.385559082,17.369483948,0.847034037,0.999566853,0.027284473,-0.010978593,0.001027007
1617,167.114000000,fused_map_f2f,1,1,0,0.194500675,0.012345788,0.467601494,0.467601494,0.100000000,0.023210400,0.023210400,0.074143198,0.005905400,1.000000000,0.000000000,0.000000000,0.000000000,0.000000000,0.000000000,0.545454545,1.000000000,0.727272727,1.000000000,0.993235177,0.585074627,0.581116701,1.011037223,106.447578430,17.368873596,0.845033348,0.999575019,0.026988583,-0.010967898,0.001000368
1618,167.221000000,fused_map_f2f,1,1,0,0.198484311,0.012393686,0.451832936,0.451832936,0.100000000,0.024000981,0.024000981,0.076518367,0.006110234,1.000000000,0.000000000,0.000000000,0.000000000,0.000000000,0.000000000,0.563636364,1.000000000,0.738181818,1.000000000,0.992041385,0.579579580,0.574966929,1.010832231,106.537078857,17.367862701,0.844431996,0.999587476,0.026527537,-0.010960062,0.001007086
1619,167.323000000,fused_map_f2f,1,1,0,0.198833995,0.013013905,0.450448771,0.450448771,0.100000000,0.024072957,0.024072957,0.076682052,0.006128895,1.000000000,0.000000000,0.000000000,0.000000000,0.000000000,0.000000000,0.517857143,1.000000000,0.710714286,1.000000000,0.992072929,0.556521739,0.552110152,1.010070338,106.608451843,17.369737625,0.844514310,0.999566734,0.027286740,-0.010990544,0.000973865
1620,167.431000000,fused_map_f2f,1,1,0,0.201733040,0.014640864,0.438973383,0.438973383,0.100000000,0.024686723,0.024686723,0.078544077,0.006288105,1.000000000,0.000000000,0.000000000,0.000000000,0.000000000,0.000000000,0.566037736,1.000000000,0.739622642,1.000000000,0.993248610,0.562130178,0.558335017,1.010277834,106.678482056,17.369356155,0.843266964,0.999568462,0.027222179,-0.010994813,0.000973263
1621,167.515000000,fused_map_f2f,1,1,0,0.201085662,0.014079070,0.441535922,0.441535922,0.100000000,0.024546966,0.024546966,0.078090760,0.006251839,1.000000000,0.000000000,0.000000000,0.000000000,0.000000000,0.000000000,0.545454545,1.000000000,0.727272727,1.000000000,0.993264659,0.548104956,0.544413283,1.009813776,106.832260132,17.368814468,0.841745913,0.999582648,0.026709771,-0.010959976,0.001002440
1622,167.624000000,fused_map_f2f,1,1,0,0.201246038,0.013545815,0.440901101,0.440901101,0.100000000,0.024581440,0.024581440,0.078183168,0.006260784,1.000000000,0.000000000,0.000000000,0.000000000,0.000000000,0.000000000,0.537037037,1.000000000,0.722222222,1.000000000,0.993715632,0.543103448,0.539690387,1.009656346,107.023132324,17.369083405,0.841198146,0.999575257,0.026982402,-0.010968425,0.000980120
1623,167.728000000,fused_map_f2f,1,1,0,0.192900253,0.012996035,0.473936500,0.473936500,0.100000000,0.022907259,0.022907259,0.073139579,0.005826924,1.000000000,0.000000000,0.000000000,0.000000000,0.000000000,0.000000000,0.537037037,1.000000000,0.722222222,1.000000000,0.993703266,0.546511628,0.543070390,1.009769013,107.235755920,17.369659424,0.839627802,0.999577999,0.026883900,-0.010960692,0.001001961
1624,167.818000000,fused_map_f2f,1,1,0,0.195247584,0.012443234,0.464644980,0.464644980,0.100000000,0.023354638,0.023354638,0.074449109,0.005942753,1.000000000,0.000000000,0.000000000,0.000000000,0.000000000,0.000000000,0.547169811,1.000000000,0.728301887,1.000000000,0.993317610,0.527220630,0.523697537,1.009123251,107.285812378,17.369619370,0.838680685,0.999577224,0.026919894,-0.010941277,0.000986977
1625,167.918000000,fused_map_f2f,1,1,0,0.202440970,0.012737732,0.436171159,0.436171159,0.100000000,0.024841385,0.024841385,0.078907940,0.006328248,1.000000000,0.000000000,0.000000000,0.000000000,0.000000000,0.000000000,0.537037037,1.000000000,0.722222222,1.000000000,0.993356780,0.519774011,0.516321038,1.008877368,107.418640137,17.370481491,0.837769210,0.999581993,0.026734985,-0.010960899,0.000978906
1626,168.023000000,fused_map_f2f,1,1,0,0.193216621,0.014552157,0.472684208,0.472684208,0.100000000,0.022966554,0.022966554,0.073303723,0.005842271,1.000000000,0.000000000,0.000000000,0.000000000,0.000000000,0.000000000,0.557692308,1.000000000,0.734615385,1.000000000,0.994136044,0.539358601,0.536195825,1.009539861,107.626884460,17.370599747,0.836656928,0.999580324,0.026800761,-0.010951996,0.000980368
1627,168.114000000,fused_map_f2f,1,1,0,0.190900178,0.014542105,0.481853461,0.481853461,0.100000000,0.022539370,0.022539370,0.072014137,0.005731735,1.000000000,0.000000000,0.000000000,0.000000000,0.000000000,0.000000000,0.557692308,1.000000000,0.734615385,1.000000000,0.995321637,0.540935673,0.538404979,1.009613499,107.806007385,17.370267868,0.835216701,0.999581397,0.026761843,-0.010954648,0.000954119
1628,168.216000000,fused_map_f2f,1,1,0,0.195758051,0.011371257,0.462624382,0.462624382,0.100000000,0.023454251,0.023454251,0.074786821,0.005968554,1.000000000,0.000000000,0.000000000,0.000000000,0.000000000,0.000000000,0.588235294,1.000000000,0.752941176,1.000000000,0.994573643,0.542772861,0.539827582,1.009660919,107.869285583,17.370340347,0.834243715,0.999580324,0.026792631,-0.010974562,0.000938253
1629,168.321000000,fused_map_f2f,1,1,0,0.196765914,0.012465964,0.458634924,0.458634924,0.100000000,0.023653443,0.023653443,0.075412776,0.006020159,1.000000000,0.000000000,0.000000000,0.000000000,0.000000000,0.000000000,0.560000000,1.000000000,0.736000000,1.000000000,0.993798450,0.553892216,0.550457225,1.010015241,108.043754578,17.370452881,0.833243668,0.999579906,0.026818454,-0.010951661,0.000902011
1630,168.422000000,fused_map_f2f,1,1,0,0.191389419,0.012928872,0.479916884,0.479916884,0.100000000,0.022628264,0.022628264,0.072272966,0.005754731,1.000000000,0.000000000,0.000000000,0.000000000,0.000000000,0.000000000,0.568627451,1.000000000,0.741176471,1.000000000,0.994201778,0.536656891,0.533545236,1.009451508,108.229606628,17.370002747,0.831873536,0.999580860,0.026782878,-0.010959079,0.000872239
1631,168.527000000,fused_map_f2f,1,1,0,0.195226273,0.014331364,0.464729335,0.464729335,0.100000000,0.023350497,0.023350497,0.074414898,0.005941680,1.000000000,0.000000000,0.000000000,0.000000000,0.000000000,0.000000000,0.568627451,1.000000000,0.741176471,1.000000000,0.993464052,0.517543860,0.514161220,1.008805374,108.429420471,17.368940353,0.831224620,0.999589503,0.026462156,-0.010948353,0.000865883
1632,168.619000000,fused_map_f2f,1,1,0,0.193769824,0.013524125,0.470494446,0.470494446,0.100000000,0.023070978,0.023070978,0.073547388,0.005869302,1.000000000,0.000000000,0.000000000,0.000000000,0.000000000,0.000000000,0.560000000,1.000000000,0.736000000,1.000000000,0.993867382,0.507163324,0.504053085,1.008468436,108.534721375,17.369876862,0.830410480,0.999576807,0.026933242,-0.010954478,0.000847770
1633,168.728000000,fused_map_f2f,1,1,0,0.196361164,0.014062628,0.460237058,0.460237058,0.100000000,0.023573044,0.023573044,0.075074597,0.005999328,1.000000000,0.000000000,0.000000000,0.000000000,0.000000000,0.000000000,0.591836735,1.000000000,0.755102041,1.000000000,0.995024876,0.511428571,0.508884151,1.008629472,108.610809326,17.368488312,0.829634011,0.999578655,0.026865570,-0.010947473,0.000950280
1634,168.828000000,fused_map_f2f,1,1,0,0.213774458,0.017711082,0.391309437,0.391309437,0.100000000,0.027610695,0.027610695,0.087178370,0.007048637,1.000000000,0.000000000,0.000000000,0.000000000,0.000000000,0.000000000,0.500000000,1.000000000,0.700000000,1.000000000,0.994309560,0.524079320,0.521097078,1.009036569,108.677024841,17.368535995,0.828751922,0.999578416,0.026880670,-0.010937481,0.000916458
1635,168.930000000,fused_map_f2f,1,1,0,0.202723094,0.013611571,0.435054420,0.435054420,0.100000000,0.024903562,0.024903562,0.079132289,0.006344389,1.000000000,0.000000000,0.000000000,0.000000000,0.000000000,0.000000000,0.529411765,1.000000000,0.717647059,1.000000000,0.994298746,0.535087719,0.532037048,1.009401235,108.807601929,17.370132446,0.827204227,0.999568939,0.027228620,-0.010948637,0.000798965
1636,169.019000000,fused_map_f2f,1,1,0,0.209449158,0.010452968,0.408430416,0.408430416,0.100000000,0.026483936,0.026483936,0.083883410,0.006755162,1.000000000,0.000000000,0.000000000,0.000000000,0.000000000,0.000000000,0.500000000,1.000000000,0.700000000,1.000000000,0.994688923,0.544927536,0.542033384,1.009734446,108.870620728,17.370000839,0.826428056,0.999567628,0.027273212,-0.010956265,0.000777551
1637,169.122000000,fused_map_f2f,1,1,0,0.219041522,0.014277186,0.370460644,0.370460644,0.100000000,0.029119323,0.029119323,0.091675596,0.007442368,1.000000000,0.000000000,0.000000000,0.000000000,0.000000000,0.000000000,0.500000000,1.000000000,0.700000000,1.000000000,0.994754590,0.538681948,0.535856341,1.009528545,108.945510864,17.369470596,0.825417936,0.999568284,0.027262414,-0.010927613,0.000761822
1638,169.228000000,fused_map_f2f,1,1,0,0.211498839,0.014206134,0.400317096,0.400317096,0.100000000,0.027006197,0.027006197,0.085401876,0.006891127,1.000000000,0.000000000,0.000000000,0.000000000,0.000000000,0.000000000,0.591836735,1.000000000,0.755102041,1.000000000,0.996265870,0.529914530,0.527935760,1.009264525,109.021995544,17.369237900,0.824415505,0.999567270,0.027288875,-0.010957131,0.000725153
1639,169.323000000,fused_map_f2f,1,1,0,0.212690964,0.014361539,0.395598269,0.395598269,0.100000000,0.027319535,0.027319535,0.086339482,0.006972753,1.000000000,0.000000000,0.000000000,0.000000000,0.000000000,0.000000000,0.549019608,1.000000000,0.729411765,1.000000000,0.995169082,0.533141210,0.530565649,1.009352188,109.161979675,17.371681213,0.823544443,0.999571681,0.027122956,-0.010961012,0.000796054
1640,169.415000000,fused_map_f2f,1,1,0,0.215987321,0.013987374,0.382550189,0.382550189,0.100000000,0.028225053,0.028225053,0.089005608,0.007208866,1.000000000,0.000000000,0.000000000,0.000000000,0.000000000,0.000000000,0.520000000,1.000000000,0.712000000,1.000000000,0.995174462,0.526912181,0.524369546,1.009145652,109.236869812,17.371313095,0.822628498,0.999570787,0.027155844,-0.010965460,0.000712533
1641,169.513000000,fused_map_f2f,1,1,0,0.217295151,0.014244059,0.377373361,0.377373361,0.100000000,0.028601172,0.028601172,0.090104494,0.007307035,1.000000000,0.000000000,0.000000000,0.000000000,0.000000000,0.000000000,0.500000000,1.000000000,0.700000000,1.000000000,0.995580110,0.522222222,0.519914058,1.008997135,109.326141357,17.371242523,0.821693182,0.999570608,0.027149683,-0.010994240,0.000746736
1642,169.613000000,fused_map_f2f,1,1,0,0.222799527,0.019210374,0.355585204,0.355585204,0.100000000,0.030300580,0.030300580,0.095092168,0.007751297,1.000000000,0.000000000,0.000000000,0.000000000,0.000000000,0.000000000,0.509433962,1.000000000,0.705660377,1.000000000,0.995257205,0.519444444,0.516980826,1.008899361,109.426948547,17.371995926,0.821712971,0.999562800,0.027440500,-0.010985628,0.000725995
1643,169.720000000,fused_map_f2f,1,1,0,0.216969701,0.018223237,0.378661600,0.378661600,0.100000000,0.028506642,0.028506642,0.089826150,0.007282357,1.000000000,0.000000000,0.000000000,0.000000000,0.000000000,0.000000000,0.540000000,1.000000000,0.724000000,1.000000000,0.993779729,0.523415978,0.520160189,1.009005340,109.659278870,17.371192932,0.820242465,0.999569118,0.027214307,-0.010973652,0.000706293
1644,169.820000000,fused_map_f2f,1,1,0,0.222277535,0.017359949,0.357651423,0.357651423,0.100000000,0.030130803,0.030130803,0.094651380,0.007706861,1.000000000,0.000000000,0.000000000,0.000000000,0.000000000,0.000000000,0.520833333,1.000000000,0.712500000,1.000000000,0.995664740,0.539325843,0.536987725,1.009566257,109.857315063,17.371761322,0.818988085,0.999571264,0.027130479,-0.010983214,0.000719240
1645,169.922000000,fused_map_f2f,1,1,0,0.211875236,0.015718482,0.398827190,0.398827190,0.100000000,0.027104350,0.027104350,0.085771579,0.006916692,1.000000000,0.000000000,0.000000000,0.000000000,0.000000000,0.000000000,0.529411765,1.000000000,0.717647059,1.000000000,0.996382055,0.560109290,0.558082845,1.010269428,110.039993286,17.371129990,0.818067491,0.999572456,0.027089192,-0.010983191,0.000684106
1646,170.030000000,fused_map_f2f,1,1,0,0.223076004,0.015183820,0.354490817,0.354490817,0.100000000,0.030391282,0.030391282,0.095492950,0.007775040,1.000000000,0.000000000,0.000000000,0.000000000,0.000000000,0.000000000,0.481481481,1.000000000,0.688888889,1.000000000,0.996047431,0.566666667,0.564426877,1.010480896,110.181419373,17.370903015,0.816773713,0.999576926,0.026915843,-0.011001701,0.000651581
1647,170.114000000,fused_map_f2f,1,1,0,0.216386505,0.014007665,0.380970085,0.380970085,0.100000000,0.028338801,0.028338801,0.089477162,0.007238549,1.000000000,0.000000000,0.000000000,0.000000000,0.000000000,0.000000000,0.480000000,1.000000000,0.688000000,1.000000000,0.996050269,0.577030812,0.574751696,1.010825057,110.262641907,17.370534897,0.815547764,0.999575496,0.026972577,-0.010996938,0.000615295
1648,170.214000000,fused_map_f2f,1,1,0,0.211744679,0.013613367,0.399343980,0.399343980,0.100000000,0.027070224,0.027070224,0.085661509,0.006907803,1.000000000,0.000000000,0.000000000,0.000000000,0.000000000,0.000000000,0.460000000,1.000000000,0.676000000,1.000000000,0.996417055,0.556756757,0.554761928,1.010158731,110.460334778,17.369691849,0.815302074,0.999579489,0.026827525,-0.010987611,0.000610947
1649,170.319000000,fused_map_f2f,1,1,0,0.210228245,0.016879481,0.405346532,0.405346532,0.100000000,0.026680051,0.026680051,0.084526966,0.006806205,1.000000000,0.000000000,0.000000000,0.000000000,0.000000000,0.000000000,0.461538462,1.000000000,0.676923077,1.000000000,0.997506234,0.566666667,0.565253533,1.010508451,110.625457764,17.369686127,0.814216018,0.999578178,0.026882680,-0.010976026,0.000625506
1650,170.424000000,fused_map_f2f,1,1,0,0.205134184,0.014686091,0.425510523,0.425510523,0.100000000,0.025447917,0.025447917,0.080825048,0.006485766,1.000000000,0.000000000,0.000000000,0.000000000,0.000000000,0.000000000,0.470588235,1.000000000,0.682352941,1.000000000,0.996462681,0.558988764,0.557011443,1.010233715,110.824340820,17.368516922,0.812675536,0.999580622,0.026785668,-0.010985625,0.000625542
1651,170.525000000,fused_map_f2f,1,1,0,0.211872917,0.018391180,0.398836369,0.398836369,0.100000000,0.027103743,0.027103743,0.085786643,0.006916534,1.000000000,0.000000000,0.000000000,0.000000000,0.000000000,0.000000000,0.450980392,1.000000000,0.670588235,1.000000000,0.997184090,0.566197183,0.564602823,1.010486761,111.042480469,17.367755890,0.811760426,0.999582708,0.026709087,-0.010988241,0.000585468
1652,170.632000000,fused_map_f2f,1,1,0,0.199190887,0.015403134,0.449036071,0.449036071,0.100000000,0.024146863,0.024146863,0.076883058,0.006148058,1.000000000,0.000000000,0.000000000,0.000000000,0.000000000,0.000000000,0.440000000,1.000000000,0.664000000,1.000000000,0.996134926,0.544959128,0.542852821,1.009761761,111.217010498,17.366552353,0.810637116,0.999583781,0.026670450,-0.010983697,0.000569009
1653,170.714000000,fused_map_f2f,1,1,0,0.194989910,0.011725659,0.465664938,0.465664938,0.100000000,0.023304675,0.023304675,0.074366554,0.005929813,1.000000000,0.000000000,0.000000000,0.000000000,0.000000000,0.000000000,0.458333333,1.000000000,0.675000000,1.000000000,0.996850945,0.555555556,0.553806080,1.010126869,111.417465210,17.365903854,0.809653699,0.999584734,0.026631286,-0.010993724,0.000533128
1654,170.830000000,fused_map_f2f,1,1,0,0.196560383,0.013298295,0.459448482,0.459448482,0.100000000,0.023612548,0.023612548,0.075312430,0.006009563,1.000000000,0.000000000,0.000000000,0.000000000,0.000000000,0.000000000,0.458333333,1.000000000,0.675000000,1.000000000,0.996183206,0.562674095,0.560526484,1.010350883,111.547546387,17.366500854,0.809074879,0.999581099,0.026762206,-0.011009102,0.000490840
1655,170.925000000,fused_map_f2f,1,1,0,0.195088115,0.015718984,0.465276212,0.465276212,0.100000000,0.023323692,0.023323692,0.074424445,0.005934738,1.000000000,0.000000000,0.000000000,0.000000000,0.000000000,0.000000000,0.460000000,1.000000000,0.676000000,1.000000000,0.995509499,0.556473829,0.553974983,1.010132499,111.647102356,17.365083694,0.807325423,0.999588013,0.026507141,-0.010997450,0.000448426
1656,171.023000000,fused_map_f2f,1,1,0,0.202596918,0.012949225,0.435553866,0.435553866,0.100000000,0.024875716,0.024875716,0.079111435,0.006337160,1.000000000,0.000000000,0.000000000,0.000000000,0.000000000,0.000000000,0.440000000,1.000000000,0.664000000,1.000000000,0.995870613,0.560439560,0.558125288,1.010270843,111.710060120,17.364749908,0.806179523,0.999587655,0.026528047,-0.010980016,0.000423807
1657,171.123000000,fused_map_f2f,1,1,0,0.204737286,0.018963305,0.427081577,0.427081577,0.100000000,0.025356679,0.025356679,0.080594584,0.006462062,1.000000000,0.000000000,0.000000000,0.000000000,0.000000000,0.000000000,0.488888889,1.000000000,0.693333333,1.000000000,0.995189003,0.577348066,0.574570447,1.010819015,111.808517456,17.365007401,0.805726230,0.999587297,0.026537508,-0.010990894,0.000433833
1658,171.234000000,fused_map_f2f,1,1,0,0.205833424,0.012405296,0.422742698,0.422742698,0.100000000,0.025610265,0.025610265,0.081377660,0.006527953,1.000000000,0.000000000,0.000000000,0.000000000,0.000000000,0.000000000,0.440000000,1.000000000,0.664000000,1.000000000,0.995538778,0.586592179,0.583975261,1.011132509,111.863456726,17.364614487,0.804418683,0.999587715,0.026514247,-0.011010449,0.000373974
1659,171.323000000,fused_map_f2f,1,1,0,0.184260955,0.010374925,0.508133719,0.508133719,0.100000000,0.021398597,0.021398597,0.068636552,0.005436906,1.000000000,0.000000000,0.000000000,0.000000000,0.000000000,0.000000000,0.479166667,1.000000000,0.687500000,1.000000000,0.995535714,0.584487535,0.581878215,1.011062607,112.235443115,17.365001678,0.803879976,0.999585986,0.026583465,-0.011005311,0.000392567
1660,171.431000000,fused_map_f2f,1,1,0,0.163641874,0.013887872,0.589750915,0.589750915,0.100000000,0.018491951,0.018491951,0.059660335,0.004688006,1.000000000,0.000000000,0.000000000,0.000000000,0.000000000,0.000000000,0.500000000,1.000000000,0.700000000,1.000000000,0.993176390,0.561643836,0.557811397,1.010260380,112.824050903,17.365457535,0.802472472,0.999592781,0.026327370,-0.011000968,0.000387097
1661,171.526000000,fused_map_f2f,1,1,0,0.161663175,0.009927497,0.597583265,0.597583265,0.100000000,0.018254007,0.018254007,0.058895100,0.004626845,1.000000000,0.000000000,0.000000000,0.000000000,0.000000000,0.000000000,0.477272727,1.000000000,0.686363636,1.000000000,0.997277986,0.543243243,0.541764527,1.009725484,113.041809082,17.365602493,0.801982403,0.999589741,0.026438151,-0.011008323,0.000392276
1662,171.627000000,fused_map_f2f,1,1,0,0.153484513,0.010917644,0.629957134,0.629957134,0.100000000,0.017332181,0.017332181,0.056034475,0.004390113,1.000000000,0.000000000,0.000000000,0.000000000,0.000000000,0.000000000,0.408163265,1.000000000,0.644897959,1.000000000,0.996603261,0.541554960,0.539715439,1.009657181,113.259590149,17.365774155,0.800693393,0.999590218,0.026420226,-0.011011520,0.000403963
1663,171.728000000,fused_map_f2f,1,1,0,0.145525156,0.011608518,0.661462924,0.661462924,0.100000000,0.016520280,0.016520280,0.053525458,0.004181884,1.000000000,0.000000000,0.000000000,0.000000000,0.000000000,0.000000000,0.512195122,1.000000000,0.707317073,1.000000000,0.996618194,0.551820728,0.549954578,1.009998486,113.445228577,17.366159439,0.799646258,0.999589622,0.026441161,-0.011012590,0.000410207
1664,171.816000000,fused_map_f2f,1,1,0,0.147491665,0.009786425,0.653678825,0.653678825,0.100000000,0.016713717,0.016713717,0.054120050,0.004231472,1.000000000,0.000000000,0.000000000,0.000000000,0.000000000,0.000000000,0.425531915,1.000000000,0.655319149,1.000000000,0.996967655,0.546703297,0.545045504,1.009834850,113.482040405,17.365747452,0.798881888,0.999589264,0.026467364,-0.010985013,0.000376467
1665,171.915000000,fused_map_f2f,1,1,0,0.074524221,0.008614427,0.942508291,0.942508291,0.100000000,0.011651515,0.011651515,0.038126659,0.002938558,1.000000000,0.000000000,0.000000000,0.000000000,0.000000000,0.000000000,0.413043478,1.000000000,0.647826087,1.000000000,0.997991968,0.511873351,0.510845493,1.008694850,114.791458130,17.365125656,0.798082530,0.999591589,0.026382947,-0.010980635,0.000171786
1666,172.020000000,fused_map_f2f,1,1,0,0.075443807,0.011267105,0.938868263,0.938868263,0.100000000,0.011696160,0.011696160,0.038260800,0.002949917,1.000000000,0.000000000,0.000000000,0.000000000,0.000000000,0.000000000,0.441860465,1.000000000,0.665116279,1.000000000,0.997996661,0.505263158,0.504250945,1.008475031,114.914093018,17.363969803,0.797073543,0.999591291,0.026395096,-0.010976012,0.000321918
1667,172.140000000,fused_map_f2f,1,1,0,0.073680343,0.010798800,0.945848643,0.945848643,0.100000000,0.011610845,0.011610845,0.037984408,0.002928210,1.000000000,0.000000000,0.000000000,0.000000000,0.000000000,0.000000000,0.434782609,1.000000000,0.660869565,1.000000000,0.997998666,0.501319261,0.500315954,1.008343865,114.970970154,17.364017487,0.795837581,0.999590397,0.026428610,-0.010976517,0.000348398
1668,172.235000000,fused_map_f2f,1,1,0,0.072152818,0.012798242,0.951895096,0.951895096,0.100000000,0.011537943,0.011537943,0.037747568,0.002909665,1.000000000,0.000000000,0.000000000,0.000000000,0.000000000,0.000000000,0.444444444,1.000000000,0.666666667,1.000000000,0.997996661,0.497422680,0.496426174,1.008214206,115.011665344,17.363780975,0.794878185,0.999590397,0.026428262,-0.010976790,0.000358063
1669,172.325000000,fused_map_f2f,1,1,0,0.074271969,0.015008380,0.943506790,0.943506790,0.100000000,0.011639328,0.011639328,0.038078491,0.002935457,1.000000000,0.000000000,0.000000000,0.000000000,0.000000000,0.000000000,0.404255319,1.000000000,0.642553191,1.000000000,0.998333333,0.503957784,0.503117854,1.008437262,115.043273926,17.363775253,0.794035792,0.999590397,0.026432887,-0.010966560,0.000332609
1670,172.431000000,fused_map_f2f,1,1,0,0.076133222,0.017869794,0.936139328,0.936139328,0.100000000,0.011729856,0.011729856,0.038368299,0.002958491,1.000000000,0.000000000,0.000000000,0.000000000,0.000000000,0.000000000,0.475000000,1.000000000,0.685000000,1.000000000,0.998338870,0.505291005,0.504451651,1.008481722,115.085098267,17.363027573,0.793081582,0.999592900,0.026333351,-0.010974399,0.000361222
1671,172.520000000,fused_map_f2f,1,1,0,0.075772406,0.009772326,0.937567559,0.937567559,0.100000000,0.011712197,0.011712197,0.038306064,0.002953998,1.000000000,0.000000000,0.000000000,0.000000000,0.000000000,0.000000000,0.422222222,1.000000000,0.653333333,1.000000000,0.999006293,0.500000000,0.499503147,1.008316772,115.122474670,17.362993240,0.792465091,0.999593914,0.026295755,-0.010973467,0.000360230
1672,172.626000000,fused_map_f2f,1,1,0,0.075922954,0.009702068,0.936971640,0.936971640,0.100000000,0.011719558,0.011719558,0.038310275,0.002955871,1.000000000,0.000000000,0.000000000,0.000000000,0.000000000,0.000000000,0.431818182,1.000000000,0.659090909,1.000000000,0.998340524,0.484536082,0.483732007,1.007791067,115.158630371,17.362588882,0.791306555,0.999593139,0.026316280,-0.010991198,0.000388838
1673,172.730000000,fused_map_f2f,1,1,0,0.073885157,0.009315864,0.945037920,0.945037920,0.100000000,0.011620690,0.011620690,0.038017515,0.002930715,1.000000000,0.000000000,0.000000000,0.000000000,0.000000000,0.000000000,0.431818182,1.000000000,0.659090909,1.000000000,0.998344371,0.502604167,0.501772041,1.008392401,115.203849792,17.362968445,0.790167749,0.999591827,0.026372386,-0.010979341,0.000382660
1674,172.839000000,fused_map_f2f,1,1,0,0.073540614,0.010865797,0.946401738,0.946401738,0.100000000,0.011604138,0.011604138,0.038042870,0.002926504,1.000000000,0.000000000,0.000000000,0.000000000,0.000000000,0.000000000,0.463414634,1.000000000,0.678048780,1.000000000,0.997355372,0.567934783,0.566432806,1.010547760,115.238975525,17.362609863,0.788914025,0.999593616,0.026306026,-0.010978899,0.000378118
1675,172.932000000,fused_map_f2f,1,1,0,0.075361041,0.010964170,0.939195880,0.939195880,0.100000000,0.011692128,0.011692128,0.038339385,0.002948891,1.000000000,0.000000000,0.000000000,0.000000000,0.000000000,0.000000000,0.452380952,1.000000000,0.671428571,1.000000000,0.998680304,0.580213904,0.579448198,1.010981607,115.271057129,17.362884521,0.787974596,0.999593914,0.026293240,-0.010977852,0.000375954
1676,173.017000000,fused_map_f2f,1,1,0,0.076152933,0.011754748,0.936061307,0.936061307,0.100000000,0.011730822,0.011730822,0.038467540,0.002958737,1.000000000,0.000000000,0.000000000,0.000000000,0.000000000,0.000000000,0.475000000,1.000000000,0.685000000,1.000000000,0.997695094,0.584656085,0.583308507,1.011110284,115.306556702,17.362880707,0.787359834,0.999593198,0.026318956,-0.010981797,0.000375112
1677,173.123000000,fused_map_f2f,1,1,0,0.075849122,0.011410381,0.937263892,0.937263892,0.100000000,0.011715947,0.011715947,0.038435682,0.002954952,1.000000000,0.000000000,0.000000000,0.000000000,0.000000000,0.000000000,0.441860465,1.000000000,0.665116279,1.000000000,0.998027613,0.597297297,0.596119196,1.011537307,115.351737976,17.362598419,0.786283910,0.999591887,0.026367594,-0.010983974,0.000397704
1678,173.215000000,fused_map_f2f,1,1,0,0.074882285,0.011828909,0.941090957,0.941090957,0.100000000,0.011668858,0.011668858,0.038291923,0.002942970,1.000000000,0.000000000,0.000000000,0.000000000,0.000000000,0.000000000,0.439024390,1.000000000,0.663414634,1.000000000,0.999010228,0.602122016,0.601526052,1.011717535,115.385826111,17.362661362,0.785545409,0.999592721,0.026343152,-0.010965864,0.000391885
1679,173.329000000,fused_map_f2f,1,1,0,0.074078830,0.013917585,0.944271299,0.944271299,0.100000000,0.011630014,0.011630014,0.038261973,0.002933087,1.000000000,0.000000000,0.000000000,0.000000000,0.000000000,0.000000000,0.439024390,1.000000000,0.663414634,1.000000000,0.999014131,0.680000000,0.679329609,1.014310987,115.430633545,17.362630844,0.784354329,0.999592662,0.026339250,-0.010982966,0.000379764
1680,173.432000000,fused_map_f2f,1,1,0,0.075849264,0.011962374,0.937263329,0.937263329,0.100000000,0.011715954,0.011715954,0.038531060,0.002954954,1.000000000,0.000000000,0.000000000,0.000000000,0.000000000,0.000000000,0.400000000,1.000000000,0.640000000,1.000000000,0.998357424,0.675531915,0.674422303,1.014147410,115.467475891,17.362415314,0.783476412,0.999593139,0.026310060,-0.011009471,0.000368318
1681,173.522000000,fused_map_f2f,1,1,0,0.076306547,0.011748564,0.935453253,0.935453253,0.100000000,0.011738358,0.011738358,0.038606522,0.002960654,1.000000000,0.000000000,0.000000000,0.000000000,0.000000000,0.000000000,0.500000000,1.000000000,0.700000000,1.000000000,0.999015425,0.678191489,0.677523759,1.014250792,115.500579834,17.362022400,0.782829881,0.999593854,0.026278175,-0.011019232,0.000371817
1682,173.625000000,fused_map_f2f,1,1,0,0.075400966,0.010820483,0.939037843,0.939037843,0.100000000,0.011694073,0.011694073,0.038461030,0.002949386,1.000000000,0.000000000,0.000000000,0.000000000,0.000000000,0.000000000,0.439024390,1.000000000,0.663414634,1.000000000,0.997065536,0.676392573,0.674407724,1.014146924,115.544212341,17.362096786,0.781880319,0.999593794,0.026292244,-0.010994701,0.000375927
1683,173.737000000,fused_map_f2f,1,1,0,0.074021503,0.013566687,0.944498218,0.944498218,0.100000000,0.011627253,0.011627253,0.038258948,0.002932385,1.000000000,0.000000000,0.000000000,0.000000000,0.000000000,0.000000000,0.418604651,1.000000000,0.651162791,1.000000000,0.998039216,0.685483871,0.684139785,1.014471326,115.588722229,17.363016129,0.780993640,0.999593019,0.026316870,-0.011003377,0.000355300
1684,173.824000000,fused_map_f2f,1,1,0,0.074012356,0.011110855,0.944534425,0.944534425,0.100000000,0.011626812,0.011626812,0.038252893,0.002932273,1.000000000,0.000000000,0.000000000,0.000000000,0.000000000,0.000000000,0.439024390,1.000000000,0.663414634,1.000000000,0.999020568,0.680965147,0.680298188,1.014343273,115.622734070,17.362556458,0.779866457,0.999593019,0.026321445,-0.010992881,0.000353824
1685,173.926000000,fused_map_f2f,1,1,0,0.073647377,0.011670582,0.945979133,0.945979133,0.100000000,0.011609262,0.011609262,0.038190216,0.002927808,1.000000000,0.000000000,0.000000000,0.000000000,0.000000000,0.000000000,0.487179487,1.000000000,0.692307692,1.000000000,0.997713912,0.676470588,0.674924117,1.014164137,115.659179688,17.362386703,0.778954089,0.999593258,0.026320366,-0.010975728,0.000364320
1686,174.013000000,fused_map_f2f,1,1,0,0.075653940,0.012398557,0.938036486,0.938036486,0.100000000,0.011706410,0.011706410,0.038498163,0.002952525,1.000000000,0.000000000,0.000000000,0.000000000,0.000000000,0.000000000,0.400000000,1.000000000,0.640000000,1.000000000,0.998048146,0.673796791,0.672481638,1.014082721,115.691108704,17.362506866,0.777995348,0.999593496,0.026309753,-0.010976087,0.000366117
1687,174.117000000,fused_map_f2f,1,1,0,0.074312275,0.012661900,0.943347245,0.943347245,0.100000000,0.011641274,0.011641274,0.038290263,0.002935952,1.000000000,0.000000000,0.000000000,0.000000000,0.000000000,0.000000000,0.431818182,1.000000000,0.659090909,1.000000000,0.998703404,0.673796791,0.672923149,1.014097438,115.733078003,17.362771988,0.776999950,0.999592304,0.026347999,-0.010993379,0.000371688
1688,174.225000000,fused_map_f2f,1,1,0,0.073176711,0.012285512,0.947842187,0.947842187,0.100000000,0.011586707,0.011586707,0.038113645,0.002922070,1.000000000,0.000000000,0.000000000,0.000000000,0.000000000,0.000000000,0.452380952,1.000000000,0.671428571,1.000000000,0.997736093,0.672823219,0.671300010,1.014043334,115.774887085,17.362247467,0.776010931,0.999593258,0.026312113,-0.010991961,0.000363026
1689,174.326000000,fused_map_f2f,1,1,0,0.072594287,0.013142916,0.950147615,0.950147615,0.100000000,0.011558918,0.011558918,0.038041683,0.002915000,1.000000000,0.000000000,0.000000000,0.000000000,0.000000000,0.000000000,0.475000000,1.000000000,0.685000000,1.000000000,0.998705502,0.686327078,0.685438628,1.014514621,115.813102722,17.361738205,0.774954855,0.999592364,0.026351701,-0.010983651,0.000358524
1690,174.417000000,fused_map_f2f,1,1,0,0.072380270,0.011393639,0.950994764,0.950994764,0.100000000,0.011548741,0.011548741,0.037995259,0.002912411,1.000000000,0.000000000,0.000000000,0.000000000,0.000000000,0.000000000,0.439024390,1.000000000,0.663414634,1.000000000,0.997735361,0.675461741,0.673932064,1.014131069,115.846031189,17.361604691,0.774047017,0.999592066,0.026359912,-0.010986796,0.000376246
1691,174.518000000,fused_map_f2f,1,1,0,0.074569591,0.015025639,0.942328701,0.942328701,0.100000000,0.011653710,0.011653710,0.038323859,0.002939116,1.000000000,0.000000000,0.000000000,0.000000000,0.000000000,0.000000000,0.463414634,1.000000000,0.678048780,1.000000000,0.999031633,0.668449198,0.667801894,1.013926730,115.881652832,17.361782074,0.772933781,0.999592364,0.026355350,-0.010971287,0.000353247
1692,174.632000000,fused_map_f2f,1,1,0,0.073519380,0.014986944,0.946485788,0.946485788,0.100000000,0.011603119,0.011603119,0.038171203,0.002926245,1.000000000,0.000000000,0.000000000,0.000000000,0.000000000,0.000000000,0.428571429,1.000000000,0.657142857,1.000000000,0.998392800,0.676549865,0.675462514,1.014182084,115.928871155,17.362625122,0.771939754,0.999592721,0.026333176,-0.010995246,0.000387727
1693,174.717000000,fused_map_f2f,1,1,0,0.073564254,0.010876439,0.946308161,0.946308161,0.100000000,0.011605272,0.011605272,0.038177665,0.002926793,1.000000000,0.000000000,0.000000000,0.000000000,0.000000000,0.000000000,0.400000000,1.000000000,0.640000000,1.000000000,0.997747748,0.676630435,0.675106492,1.014170216,115.955879211,17.361843109,0.771303236,0.999593973,0.026279906,-0.011003789,0.000416610
1694,174.826000000,fused_map_f2f,1,1,0,0.073493321,0.011852889,0.946588938,0.946588938,0.100000000,0.011601870,0.011601870,0.038156357,0.002925927,1.000000000,0.000000000,0.000000000,0.000000000,0.000000000,0.000000000,0.441860465,1.000000000,0.665116279,1.000000000,0.998383446,0.667553191,0.666474056,1.013882469,115.992820740,17.362459183,0.770193219,0.999592125,0.026354674,-0.010993729,0.000380731
1695,174.933000000,fused_map_f2f,1,1,0,0.072338674,0.014313815,0.951159416,0.951159416,0.100000000,0.011546764,0.011546764,0.037986807,0.002911908,1.000000000,0.000000000,0.000000000,0.000000000,0.000000000,0.000000000,0.475000000,1.000000000,0.685000000,1.000000000,0.997742664,0.673684211,0.672163479,1.014072116,116.026809692,17.362627029,0.769067526,0.999592245,0.026349705,-0.010997054,0.000367391
1696,175.022000000,fused_map_f2f,1,1,0,0.072223910,0.011326024,0.951613691,0.951613691,0.100000000,0.011541316,0.011541316,0.037959906,0.002910522,1.000000000,0.000000000,0.000000000,0.000000000,0.000000000,0.000000000,0.418604651,1.000000000,0.651162791,1.000000000,0.997744845,0.665789474,0.664288015,1.013809601,116.054138184,17.362522125,0.768115699,0.999592245,0.026349014,-0.011000003,0.000361187
1697,175.122000000,fused_map_f2f,1,1,0,0.074012295,0.012678470,0.944534666,0.944534666,0.100000000,0.011626809,0.011626809,0.038256263,0.002932272,1.000000000,0.000000000,0.000000000,0.000000000,0.000000000,0.000000000,0.439024390,1.000000000,0.663414634,1.000000000,0.997747023,0.684636119,0.683093649,1.014436455,116.085823059,17.362613678,0.766915679,0.999592006,0.026360653,-0.010990451,0.000369109
1698,175.222000000,fused_map_f2f,1,1,0,0.074559666,0.011791046,0.942367991,0.942367991,0.100000000,0.011653230,0.011653230,0.038333705,0.002938994,1.000000000,0.000000000,0.000000000,0.000000000,0.000000000,0.000000000,0.428571429,1.000000000,0.657142857,1.000000000,0.998396922,0.678284182,0.677196840,1.014239895,116.122238159,17.362747192,0.766384244,0.999593139,0.026314590,-0.010997988,0.000394622
1699,175.316000000,fused_map_f2f,1,1,0,0.073728947,0.012590007,0.945656252,0.945656252,0.100000000,0.011613179,0.011613179,0.038209764,0.002928804,1.000000000,0.000000000,0.000000000,0.000000000,0.000000000,0.000000000,0.452380952,1.000000000,0.671428571,1.000000000,0.998397949,0.681818182,0.680725875,1.014357529,116.154533386,17.362407684,0.765481889,0.999592662,0.026334001,-0.010996455,0.000393151
1700,175.431000000,fused_map_f2f,1,1,0,0.073283116,0.011389598,0.947421000,0.947421000,0.100000000,0.011591799,0.011591799,0.038138081,0.002923365,1.000000000,0.000000000,0.000000000,0.000000000,0.000000000,0.000000000,0.461538462,1.000000000,0.676923077,1.000000000,0.998389694,0.679144385,0.678050755,1.014268358,116.193222046,17.362424850,0.764295578,0.999591529,0.026372606,-0.011005237,0.000392747
1701,175.515000000,fused_map_f2f,1,1,0,0.072795619,0.013348934,0.949350675,0.949350675,0.100000000,0.011568509,0.011568509,0.038063754,0.002917440,1.000000000,0.000000000,0.000000000,0.000000000,0.000000000,0.000000000,0.428571429,1.000000000,0.657142857,1.000000000,0.997430132,0.680000000,0.678252490,1.014275083,116.222145081,17.362842560,0.763476253,0.999590993,0.026394663,-0.011001611,0.000389075
1702,175.626000000,fused_map_f2f,1,1,0,0.072469365,0.011375938,0.950642097,0.950642097,0.100000000,0.011552975,0.011552975,0.038043179,0.002913488,1.000000000,0.000000000,0.000000000,0.000000000,0.000000000,0.000000000,0.409090909,1.000000000,0.645454545,1.000000000,0.997747023,0.704109589,0.702523246,1.015084108,116.257469177,17.362571716,0.762745082,0.999592006,0.026349766,-0.011018317,0.000385959
1703,175.728000000,fused_map_f2f,1,1,0,0.074232357,0.017975296,0.943663587,0.943663587,0.100000000,0.011637417,0.011637417,0.038286823,0.002934971,1.000000000,0.000000000,0.000000000,0.000000000,0.000000000,0.000000000,0.439024390,1.000000000,0.663414634,1.000000000,0.997747748,0.681818182,0.680282555,1.014342752,116.289634705,17.363080978,0.761633933,0.999592662,0.026335873,-0.010990765,0.000380200
1704,175.831000000,fused_map_f2f,1,1,0,0.075038041,0.011321777,0.940474423,0.940474423,0.100000000,0.011676419,0.011676419,0.038421884,0.002944894,1.000000000,0.000000000,0.000000000,0.000000000,0.000000000,0.000000000,0.404255319,1.000000000,0.642553191,1.000000000,0.998076307,0.690026954,0.688699554,1.014623318,116.324989319,17.362857819,0.760641515,0.999592781,0.026324589,-0.011005560,0.000379458
1705,175.914000000,fused_map_f2f,1,1,0,0.072640100,0.010390437,0.949966270,0.949966270,0.100000000,0.011561099,0.011561099,0.038072088,0.002915555,1.000000000,0.000000000,0.000000000,0.000000000,0.000000000,0.000000000,0.418604651,1.000000000,0.651162791,1.000000000,0.998399488,0.706043956,0.704913924,1.015163797,116.350433350,17.362730026,0.760035157,0.999593139,0.026320456,-0.010986402,0.000337857
1706,176.023000000,fused_map_f2f,1,1,0,0.072220451,0.010236563,0.951627382,0.951627382,0.100000000,0.011541152,0.011541152,0.037988242,0.002910481,1.000000000,0.000000000,0.000000000,0.000000000,0.000000000,0.000000000,0.431818182,1.000000000,0.659090909,1.000000000,0.998073218,0.689655172,0.688326357,1.014610879,116.391296387,17.361986160,0.758968294,0.999593973,0.026285030,-0.010995332,0.000356230
1707,176.120000000,fused_map_f2f,1,1,0,0.070779400,0.012162404,0.957331541,0.957331541,0.100000000,0.011473174,0.011473174,0.037781751,0.002893189,1.000000000,0.000000000,0.000000000,0.000000000,0.000000000,0.000000000,0.450000000,1.000000000,0.670000000,1.000000000,0.998386576,0.698924731,0.697797069,1.014926569,116.423034668,17.362567902,0.757967830,0.999593437,0.026303420,-0.010999189,0.000358467
1708,176.229000000,fused_map_f2f,1,1,0,0.071556548,0.017829224,0.954255333,0.954255333,0.100000000,0.011509734,0.011509734,0.037893489,0.002902489,1.000000000,0.000000000,0.000000000,0.000000000,0.000000000,0.000000000,0.404761905,1.000000000,0.642857143,1.000000000,0.998709677,0.694148936,0.693253260,1.014775109,116.458496094,17.362806320,0.757170320,0.999593735,0.026292229,-0.010999456,0.000365324
1709,176.329000000,fused_map_f2f,1,1,0,0.073599762,0.015505456,0.946167609,0.946167609,0.100000000,0.011606976,0.011606976,0.038243757,0.002927226,1.000000000,0.000000000,0.000000000,0.000000000,0.000000000,0.000000000,0.486486486,1.000000000,0.691891892,1.000000000,0.998383969,0.726519337,0.725345259,1.015844842,116.489501953,17.362295151,0.756145775,0.999594331,0.026267948,-0.011005415,0.000350909
1710,176.425000000,fused_map_f2f,1,1,0,0.073567934,0.012937352,0.946293593,0.946293593,0.100000000,0.011605449,0.011605449,0.038206544,0.002926838,1.000000000,0.000000000,0.000000000,0.000000000,0.000000000,0.000000000,0.428571429,1.000000000,0.657142857,1.000000000,0.998710925,0.699468085,0.698566418,1.014952214,116.522621155,17.363147736,0.755161941,0.999593914,0.026280506,-0.011010579,0.000378352
1711,176.517000000,fused_map_f2f,1,1,0,0.071901449,0.013200875,0.952890096,0.952890096,0.100000000,0.011526034,0.011526034,0.037949896,0.002906635,1.000000000,0.000000000,0.000000000,0.000000000,0.000000000,0.000000000,0.452380952,1.000000000,0.671428571,1.000000000,0.998387097,0.697860963,0.696735380,1.014891179,116.555953979,17.362878799,0.754202545,0.999594629,0.026246393,-0.011027179,0.000405403
1712,176.617000000,fused_map_f2f,1,1,0,0.071186078,0.017863420,0.955721774,0.955721774,0.100000000,0.011492277,0.011492277,0.037842591,0.002898048,1.000000000,0.000000000,0.000000000,0.000000000,0.000000000,0.000000000,0.439024390,1.000000000,0.663414634,1.000000000,0.998714240,0.698369565,0.697471629,1.014915721,116.591842651,17.363296509,0.753421247,0.999601245,0.026087603,-0.010805664,0.000141685
1713,176.723000000,fused_map_f2f,1,1,0,0.072018400,0.024765966,0.952427165,0.952427165,0.100000000,0.011531572,0.011531572,0.037945851,0.002908044,1.000000000,0.000000000,0.000000000,0.000000000,0.000000000,0.000000000,0.450000000,1.000000000,0.670000000,1.000000000,0.997741935,0.680107527,0.678571800,1.014285727,116.628860474,17.364173889,0.752999842,0.999618590,0.025638590,-0.010254744,-0.000441547
1714,176.827000000,fused_map_f2f,1,1,0,0.075043408,0.028745718,0.940453175,0.940453175,0.100000000,0.011676679,0.011676679,0.038386266,0.002944960,1.000000000,0.000000000,0.000000000,0.000000000,0.000000000,0.000000000,0.441860465,1.000000000,0.665116279,1.000000000,0.997412678,0.660377358,0.658668750,1.013622292,116.667442322,17.363191605,0.753170729,0.999638259,0.025101734,-0.009624947,-0.000771292
1715,176.918000000,fused_map_f2f,1,1,0,0.072581939,0.020120470,0.950196492,0.950196492,0.100000000,0.011558331,0.011558331,0.037984988,0.002914851,1.000000000,0.000000000,0.000000000,0.000000000,0.000000000,0.000000000,0.418604651,1.000000000,0.651162791,1.000000000,0.997735361,0.641304348,0.639852025,1.012995067,116.701896667,17.363277435,0.752541482,0.999652326,0.024722910,-0.009096693,-0.001091770
1716,177.032000000,fused_map_f2f,1,1,0,0.073334697,0.028733225,0.947216824,0.947216824,0.100000000,0.011594268,0.011594268,0.038087585,0.002923993,1.000000000,0.000000000,0.000000000,0.000000000,0.000000000,0.000000000,0.513513514,1.000000000,0.708108108,1.000000000,0.999353169,0.630026810,0.629619289,1.012653976,116.742431641,17.363433838,0.752847910,0.999668777,0.024262667,-0.008449605,-0.001489743
1717,177.115000000,fused_map_f2f,1,1,0,0.074037238,0.021341332,0.944435933,0.944435933,0.100000000,0.011628011,0.011628011,0.038191676,0.002932578,1.000000000,0.000000000,0.000000000,0.000000000,0.000000000,0.000000000,0.418604651,1.000000000,0.651162791,1.000000000,0.998057624,0.627717391,0.626498128,1.012549938,116.770446777,17.363845825,0.752178729,0.999679744,0.023942530,-0.007994415,-0.001812279
1718,177.216000000,fused_map_f2f,1,1,0,0.074701159,0.023832329,0.941807912,0.941807912,0.100000000,0.011660079,0.011660079,0.038273769,0.002940737,1.000000000,0.000000000,0.000000000,0.000000000,0.000000000,0.000000000,0.391304348,1.000000000,0.634782609,1.000000000,0.998376623,0.610666667,0.609675325,1.011989177,116.804855347,17.366491318,0.751199424,0.999692619,0.023564545,-0.007420251,-0.002070496
1719,177.326000000,fused_map_f2f,1,1,0,0.073154716,0.025900276,0.947929251,0.947929251,0.100000000,0.011585655,0.011585655,0.038056631,0.002921802,1.000000000,0.000000000,0.000000000,0.000000000,0.000000000,0.000000000,0.409090909,1.000000000,0.645454545,1.000000000,0.999021207,0.627397260,0.626783168,1.012559439,116.837577820,17.367513657,0.751192033,0.999709070,0.023022879,-0.006780937,-0.002406314
1720,177.413000000,fused_map_f2f,1,1,0,0.070717629,0.018570056,0.957576051,0.957576051,0.100000000,0.011470278,0.011470278,0.037675584,0.002892452,1.000000000,0.000000000,0.000000000,0.000000000,0.000000000,0.000000000,0.391304348,1.000000000,0.634782609,1.000000000,0.999015748,0.617250674,0.616643144,1.012221438,116.863227844,17.367938995,0.750598013,0.999719083,0.022686029,-0.006295030,-0.002727826
1721,177.529000000,fused_map_f2f,1,1,0,0.071655870,0.028128211,0.953862182,0.953862182,0.100000000,0.011514423,0.011514423,0.037811525,0.002903682,1.000000000,0.000000000,0.000000000,0.000000000,0.000000000,0.000000000,0.418604651,1.000000000,0.651162791,1.000000000,0.999018967,0.612903226,0.612301947,1.012076732,116.902404785,17.369407654,0.749980211,0.999730766,0.022322083,-0.005586950,-0.002987917
1722,177.633000000,fused_map_f2f,1,1,0,0.077286663,0.028930847,0.931573627,0.931573627,0.100000000,0.011786667,0.011786667,0.038678882,0.002972948,1.000000000,0.000000000,0.000000000,0.000000000,0.000000000,0.000000000,0.400000000,1.000000000,0.640000000,1.000000000,0.998359042,0.611413043,0.610409740,1.012013658,116.937873840,17.368997574,0.749994278,0.999743879,0.021857083,-0.004939362,-0.003171795
1723,177.731000000,fused_map_f2f,1,1,0,0.078301511,0.027059738,0.927556518,0.927556518,0.100000000,0.011837109,0.011837109,0.038830071,0.002985785,1.000000000,0.000000000,0.000000000,0.000000000,0.000000000,0.000000000,0.352941176,1.000000000,0.611764706,1.000000000,0.998688954,0.603217158,0.602426313,1.011747544,116.966758728,17.369333267,0.749763668,0.999752879,0.021539755,-0.004341561,-0.003373696
1724,177.815000000,fused_map_f2f,1,1,0,0.079120796,0.032332391,0.924313516,0.924313516,0.100000000,0.011878147,0.011878147,0.038956959,0.002996229,1.000000000,0.000000000,0.000000000,0.000000000,0.000000000,0.000000000,0.387755102,1.000000000,0.632653061,1.000000000,0.997691293,0.600536193,0.599149731,1.011638324,116.989166260,17.369295120,0.749535739,0.999760866,0.021231903,-0.003827933,-0.003579933
1725,177.924000000,fused_map_f2f,1,1,0,0.076362078,0.032363588,0.935233440,0.935233440,0.100000000,0.011741084,0.011741084,0.038532550,0.002961348,1.000000000,0.000000000,0.000000000,0.000000000,0.000000000,0.000000000,0.395833333,1.000000000,0.637500000,1.000000000,0.998023064,0.610958904,0.609751078,1.011991703,117.017700195,17.369920731,0.749326706,0.999770880,0.020813273,-0.003234501,-0.003815002
1726,178.027000000,fused_map_f2f,1,1,0,0.076305135,0.027711338,0.935458841,0.935458841,0.100000000,0.011738288,0.011738288,0.038536116,0.002960637,1.000000000,0.000000000,0.000000000,0.000000000,0.000000000,0.000000000,0.431818182,1.000000000,0.659090909,1.000000000,0.997012944,0.621848739,0.619991242,1.012333041,117.042617798,17.370721817,0.749281108,0.999779940,0.020446349,-0.002533422,-0.003957142
1727,178.119000000,fused_map_f2f,1,1,0,0.076840807,0.029753921,0.933338473,0.933338473,0.100000000,0.011764642,0.011764642,0.038632189,0.002967343,1.000000000,0.000000000,0.000000000,0.000000000,0.000000000,0.000000000,0.382978723,1.000000000,0.629787234,1.000000000,0.998011928,0.630985915,0.629731470,1.012657716,117.064666748,17.370532990,0.749132991,0.999787450,0.020104965,-0.001976287,-0.004123793
1728,178.226000000,fused_map_f2f,1,1,0,0.079973834,0.026853776,0.920936906,0.920936906,0.100000000,0.011921179,0.011921179,0.039134261,0.003007182,1.000000000,0.000000000,0.000000000,0.000000000,0.000000000,0.000000000,0.382978723,1.000000000,0.629787234,1.000000000,0.998008629,0.632768362,0.631508285,1.012716943,117.094451904,17.370306015,0.748724639,0.999795139,0.019740500,-0.001343654,-0.004268820
1729,178.329000000,fused_map_f2f,1,1,0,0.069799904,0.023669587,0.961208712,0.961208712,0.100000000,0.011427424,0.011427424,0.037553737,0.002881553,1.000000000,0.000000000,0.000000000,0.000000000,0.000000000,0.000000000,0.367346939,1.000000000,0.620408163,1.000000000,0.998670213,0.630252101,0.629414000,1.012647133,117.115661621,17.369836807,0.748739302,0.999803543,0.019323466,-0.000726959,-0.004355098
1730,178.413000000,fused_map_f2f,1,1,0,0.066016599,0.019904054,0.976184297,0.976184297,0.100000000,0.011254090,0.011254090,0.036999191,0.002837472,1.000000000,0.000000000,0.000000000,0.000000000,0.000000000,0.000000000,0.400000000,1.000000000,0.640000000,1.000000000,0.999667553,0.629834254,0.629624868,1.012654162,117.132263184,17.370414734,0.748415828,0.999808967,0.019029254,-0.000241356,-0.004454894
1731,178.529000000,fused_map_f2f,1,1,0,0.067665999,0.015338799,0.969655419,0.969655419,0.100000000,0.011329007,0.011329007,0.037237449,0.002856523,1.000000000,0.000000000,0.000000000,0.000000000,0.000000000,0.000000000,0.395833333,1.000000000,0.637500000,1.000000000,0.998663102,0.629120879,0.628279808,1.012609327,117.152435303,17.371782303,0.747556448,0.999820173,0.018447785,-0.000211994,-0.004395975
1732,178.613000000,fused_map_f2f,1,1,0,0.066797700,0.017879295,0.973092438,0.973092438,0.100000000,0.011289444,0.011289444,0.037122531,0.002846462,1.000000000,0.000000000,0.000000000,0.000000000,0.000000000,0.000000000,0.418604651,1.000000000,0.651162791,1.000000000,0.998997996,0.638888889,0.638248720,1.012941624,117.166648865,17.372390747,0.747562110,0.999828696,0.017983969,-0.000196033,-0.004365376
1733,178.730000000,fused_map_f2f,1,1,0,0.066600457,0.011170864,0.973873192,0.973873192,0.100000000,0.011280496,0.011280496,0.037083844,0.002844187,1.000000000,0.000000000,0.000000000,0.000000000,0.000000000,0.000000000,0.375000000,1.000000000,0.625000000,1.000000000,0.999330432,0.630136986,0.629715067,1.012657169,117.187591553,17.375295639,0.746564388,0.999840558,0.017331108,-0.000209952,-0.004289477
1734,178.816000000,fused_map_f2f,1,1,0,0.067410499,0.019163422,0.970666774,0.970666774,0.100000000,0.011317337,0.011317337,0.037224597,0.002853555,1.000000000,0.000000000,0.000000000,0.000000000,0.000000000,0.000000000,0.409090909,1.000000000,0.645454545,1.000000000,0.998992612,0.649717514,0.649062997,1.013302100,117.202873230,17.376167297,0.746304095,0.999848366,0.016893394,-0.000207978,-0.004224833
1735,178.920000000,fused_map_f2f,1,1,0,0.070362033,0.010850550,0.958983620,0.958983620,0.100000000,0.011453635,0.011453635,0.037659574,0.002888219,1.000000000,0.000000000,0.000000000,0.000000000,0.000000000,0.000000000,0.391304348,1.000000000,0.634782609,1.000000000,0.998652745,0.648725212,0.647851214,1.013261707,117.219856262,17.376747131,0.746083021,0.999857962,0.016315484,-0.000176164,-0.004228629
1736,179.018000000,fused_map_f2f,1,1,0,0.071253973,0.014310647,0.955453023,0.955453023,0.100000000,0.011495472,0.011495472,0.037774028,0.002898861,1.000000000,0.000000000,0.000000000,0.000000000,0.000000000,0.000000000,0.409090909,1.000000000,0.645454545,1.000000000,0.999324324,0.632022472,0.631595430,1.012719848,117.239822388,17.376728058,0.745880663,0.999866605,0.015796309,-0.000193326,-0.004151324
1737,179.127000000,fused_map_f2f,1,1,0,0.073503761,0.012571187,0.946547612,0.946547612,0.100000000,0.011602370,0.011602370,0.038126838,0.002926054,1.000000000,0.000000000,0.000000000,0.000000000,0.000000000,0.000000000,0.465116279,1.000000000,0.679069767,1.000000000,0.996618194,0.642857143,0.640683125,1.013022771,117.258720398,17.377063751,0.745117486,0.999876618,0.015156372,-0.000189556,-0.004125455
1738,179.231000000,fused_map_f2f,1,1,0,0.071737649,0.015208898,0.953538473,0.953538473,0.100000000,0.011518287,0.011518287,0.037861957,0.002904664,1.000000000,0.000000000,0.000000000,0.000000000,0.000000000,0.000000000,0.441860465,1.000000000,0.665116279,1.000000000,0.999324324,0.644508671,0.644073192,1.013135773,117.277809143,17.377096176,0.744916081,0.999885440,0.014570514,-0.000186333,-0.004098493
1739,179.315000000,fused_map_f2f,1,1,0,0.069927410,0.015786050,0.960704002,0.960704002,0.100000000,0.011433359,0.011433359,0.037590833,0.002883062,1.000000000,0.000000000,0.000000000,0.000000000,0.000000000,0.000000000,0.400000000,1.000000000,0.640000000,1.000000000,0.998315931,0.645714286,0.644626858,1.013154229,117.294616699,17.377229691,0.745056987,0.999893486,0.014010084,-0.000184875,-0.004087299
1740,179.417000000,fused_map_f2f,1,1,0,0.067910700,0.014607855,0.968686811,0.968686811,0.100000000,0.011340207,0.011340207,0.037293069,0.002859371,1.000000000,0.000000000,0.000000000,0.000000000,0.000000000,0.000000000,0.431818182,1.000000000,0.659090909,1.000000000,0.998648649,0.645892351,0.645019524,1.013167317,117.310844421,17.376996994,0.744793952,0.999901891,0.013390819,-0.000185362,-0.004103589
1741,179.524000000,fused_map_f2f,1,1,0,0.066974607,0.015927987,0.972392181,0.972392181,0.100000000,0.011297482,0.011297482,0.037164417,0.002848506,1.000000000,0.000000000,0.000000000,0.000000000,0.000000000,0.000000000,0.391304348,1.000000000,0.634782609,1.000000000,0.997620666,0.653521127,0.651966182,1.013398873,117.329063416,17.377658844,0.744644403,0.999909103,0.012840929,-0.000181240,-0.004102414
1742,179.626000000,fused_map_f2f,1,1,0,0.066840378,0.019243186,0.972923504,0.972923504,0.100000000,0.011291382,0.011291382,0.037168755,0.002846955,1.000000000,0.000000000,0.000000000,0.000000000,0.000000000,0.000000000,0.382978723,1.000000000,0.629787234,1.000000000,0.998299898,0.673410405,0.672265538,1.014075518,117.347358704,17.379331589,0.744013727,0.999915361,0.012343582,-0.000178758,-0.004111819
1743,179.714000000,fused_map_f2f,1,1,0,0.066390594,0.015361825,0.974703898,0.974703898,0.100000000,0.011270990,0.011270990,0.037092969,0.002841770,1.000000000,0.000000000,0.000000000,0.000000000,0.000000000,0.000000000,0.409090909,1.000000000,0.645454545,1.000000000,0.997958489,0.664756447,0.663399340,1.013779978,117.361236572,17.380844116,0.743449986,0.999920249,0.011903479,-0.000176535,-0.004217686
1744,179.814000000,fused_map_f2f,1,1,0,0.067896144,0.015789156,0.968744428,0.968744428,0.100000000,0.011339540,0.011339540,0.037328712,0.002859202,1.000000000,0.000000000,0.000000000,0.000000000,0.000000000,0.000000000,0.391304348,1.000000000,0.634782609,1.000000000,0.998297583,0.678160920,0.677006407,1.014233547,117.378211975,17.381992340,0.742669404,0.999928474,0.011226048,-0.000174529,-0.004120201
1745,179.925000000,fused_map_f2f,1,1,0,0.068000730,0.013108622,0.968330444,0.968330444,0.100000000,0.011344333,0.011344333,0.037358401,0.002860420,1.000000000,0.000000000,0.000000000,0.000000000,0.000000000,0.000000000,0.409090909,1.000000000,0.645454545,1.000000000,0.997954313,0.690544413,0.689131775,1.014637726,117.397560120,17.382804871,0.742348969,0.999935150,0.010588628,-0.000175168,-0.004181740
1746,180.021000000,fused_map_f2f,1,1,0,0.070420784,0.017961353,0.958751062,0.958751062,0.100000000,0.011456382,0.011456382,0.037729629,0.002888918,1.000000000,0.000000000,0.000000000,0.000000000,0.000000000,0.000000000,0.382978723,1.000000000,0.629787234,1.000000000,0.999314834,0.699708455,0.699229038,1.014974301,117.413436890,17.384004593,0.741935313,0.999939263,0.010145481,-0.000206130,-0.004300109
1747,180.133000000,fused_map_f2f,1,1,0,0.071207444,0.014475213,0.955637201,0.955637201,0.100000000,0.011493282,0.011493282,0.037820838,0.002898304,1.000000000,0.000000000,0.000000000,0.000000000,0.000000000,0.000000000,0.367346939,1.000000000,0.620408163,1.000000000,0.999313187,0.677053824,0.676588815,1.014219627,117.432006836,17.384759903,0.741784513,0.999944448,0.009589823,-0.000197056,-0.004360306
1748,180.216000000,fused_map_f2f,1,1,0,0.071367638,0.019128958,0.955003098,0.955003098,0.100000000,0.011500826,0.011500826,0.037854628,0.002900223,1.000000000,0.000000000,0.000000000,0.000000000,0.000000000,0.000000000,0.375000000,1.000000000,0.625000000,1.000000000,0.997941681,0.686046512,0.684634409,1.014487814,117.445602417,17.385196686,0.741437197,0.999948025,0.009186995,-0.000193646,-0.004422255
1749,180.317000000,fused_map_f2f,1,1,0,0.070808003,0.013426699,0.957218320,0.957218320,0.100000000,0.011474516,0.011474516,0.037750346,0.002893530,1.000000000,0.000000000,0.000000000,0.000000000,0.000000000,0.000000000,0.409090909,1.000000000,0.645454545,1.000000000,0.998968008,0.668587896,0.667897919,1.013929931,117.465225220,17.384368896,0.740511954,0.999953806,0.008560190,-0.000160571,-0.004364925
1750,180.425000000,fused_map_f2f,1,1,0,0.069311884,0.016061209,0.963140460,0.963140460,0.100000000,0.011404766,0.011404766,0.037565556,0.002875790,1.000000000,0.000000000,0.000000000,0.000000000,0.000000000,0.000000000,0.367346939,1.000000000,0.620408163,1.000000000,0.999308676,0.700906344,0.700421791,1.015014060,117.483039856,17.384746552,0.740370154,0.999958336,0.007960514,-0.000129839,-0.004465190
1751,180.530000000,fused_map_f2f,1,1,0,0.067680794,0.011303407,0.969596857,0.969596857,0.100000000,0.011329684,0.011329684,0.037310087,0.002856695,1.000000000,0.000000000,0.000000000,0.000000000,0.000000000,0.000000000,0.441860465,1.000000000,0.665116279,1.000000000,0.999653019,0.688235294,0.687996489,1.014599883,117.506805420,17.383981705,0.740367711,0.999964178,0.007187413,-0.000149671,-0.004459978
1752,180.639000000,fused_map_f2f,1,1,0,0.067904801,0.015882867,0.968710161,0.968710161,0.100000000,0.011339937,0.011339937,0.037378131,0.002859302,1.000000000,0.000000000,0.000000000,0.000000000,0.000000000,0.000000000,0.400000000,1.000000000,0.640000000,1.000000000,0.998249912,0.719033233,0.717774862,1.015592495,117.525115967,17.383680344,0.740497053,0.999968052,0.006581702,-0.000147399,-0.004535855
1753,180.725000000,fused_map_f2f,1,1,0,0.068440356,0.021451860,0.966590258,0.966590258,0.100000000,0.011364524,0.011364524,0.037430618,0.002865555,1.000000000,0.000000000,0.000000000,0.000000000,0.000000000,0.000000000,0.400000000,1.000000000,0.640000000,1.000000000,0.998593530,0.696428571,0.695449066,1.014848302,117.540214539,17.385738373,0.740015328,0.999970436,0.006175804,-0.000149883,-0.004578904
1754,180.828000000,fused_map_f2f,1,1,0,0.067836875,0.016402368,0.968979038,0.968979038,0.100000000,0.011336826,0.011336826,0.037319478,0.002858511,1.000000000,0.000000000,0.000000000,0.000000000,0.000000000,0.000000000,0.400000000,1.000000000,0.640000000,1.000000000,0.998582566,0.677514793,0.676554460,1.014218482,117.556846619,17.387681961,0.739642739,0.999973714,0.005545984,-0.000143798,-0.004661735
1755,180.927000000,fused_map_f2f,1,1,0,0.068513479,0.019133288,0.966300813,0.966300813,0.100000000,0.011367890,0.011367890,0.037409091,0.002866411,1.000000000,0.000000000,0.000000000,0.000000000,0.000000000,0.000000000,0.461538462,1.000000000,0.676923077,1.000000000,0.999291283,0.668621701,0.668147837,1.013938261,117.572044373,17.388692856,0.739228964,0.999975979,0.005027457,-0.000156888,-0.004764995
1756,181.024000000,fused_map_f2f,1,1,0,0.070235539,0.014036501,0.959484325,0.959484325,0.100000000,0.011447727,0.011447727,0.037654717,0.002886716,1.000000000,0.000000000,0.000000000,0.000000000,0.000000000,0.000000000,0.418604651,1.000000000,0.651162791,1.000000000,0.998226321,0.660818713,0.659646633,1.013654888,117.591308594,17.390266418,0.738579750,0.999978304,0.004512167,-0.000154333,-0.004795625
1757,181.131000000,fused_map_f2f,1,1,0,0.072513036,0.015626251,0.950469233,0.950469233,0.100000000,0.011555052,0.011555052,0.037989404,0.002914017,1.000000000,0.000000000,0.000000000,0.000000000,0.000000000,0.000000000,0.441860465,1.000000000,0.665116279,1.000000000,0.998575499,0.653179191,0.652248736,1.013408291,117.611587524,17.391029358,0.738283038,0.999980569,0.003915649,-0.000149128,-0.004850649
1758,181.221000000,fused_map_f2f,1,1,0,0.073156055,0.015700843,0.947923947,0.947923947,0.100000000,0.011585719,0.011585719,0.038091338,0.002921818,1.000000000,0.000000000,0.000000000,0.000000000,0.000000000,0.000000000,0.500000000,1.000000000,0.700000000,1.000000000,0.999284692,0.655882353,0.655413195,1.013513773,117.624954224,17.391544342,0.737858713,0.999981642,0.003464122,-0.000178704,-0.004962291
1759,181.333000000,fused_map_f2f,1,1,0,0.071493979,0.013117286,0.954503001,0.954503001,0.100000000,0.011506782,0.011506782,0.037863103,0.002901738,1.000000000,0.000000000,0.000000000,0.000000000,0.000000000,0.000000000,0.409090909,1.000000000,0.645454545,1.000000000,0.998578536,0.676737160,0.675775203,1.014192507,117.647506714,17.391351700,0.737314165,0.999983549,0.002756658,-0.000150054,-0.005022487
1760,181.439000000,fused_map_f2f,1,1,0,0.070271634,0.020920381,0.959341450,0.959341450,0.100000000,0.011449412,0.011449412,0.037678281,0.002887145,1.000000000,0.000000000,0.000000000,0.000000000,0.000000000,0.000000000,0.439024390,1.000000000,0.663414634,1.000000000,0.998593036,0.675840979,0.674890094,1.014163003,117.665725708,17.391794205,0.737302065,0.999984622,0.002106104,-0.000153242,-0.005130069
1761,181.527000000,fused_map_f2f,1,1,0,0.069434581,0.014561860,0.962654783,0.962654783,0.100000000,0.011410454,0.011410454,0.037545270,0.002877236,1.000000000,0.000000000,0.000000000,0.000000000,0.000000000,0.000000000,0.418604651,1.000000000,0.651162791,1.000000000,0.998948107,0.668693009,0.667989615,1.013932987,117.684776306,17.391315460,0.737373710,0.999985397,0.001534565,-0.000135055,-0.005173021
1762,181.632000000,fused_map_f2f,1,1,0,0.070356918,0.014319513,0.959003867,0.959003867,0.100000000,0.011453396,0.011453396,0.037692041,0.002888158,1.000000000,0.000000000,0.000000000,0.000000000,0.000000000,0.000000000,0.386363636,1.000000000,0.631818182,1.000000000,0.998232591,0.676923077,0.675726677,1.014190889,117.703735352,17.392051697,0.737057924,0.999985456,0.000938233,-0.000136963,-0.005309735
1763,181.726000000,fused_map_f2f,1,1,0,0.070267486,0.015723664,0.959357869,0.959357869,0.100000000,0.011449218,0.011449218,0.037650800,0.002887096,1.000000000,0.000000000,0.000000000,0.000000000,0.000000000,0.000000000,0.428571429,1.000000000,0.657142857,1.000000000,0.999284436,0.652818991,0.652351858,1.013411729,117.718795776,17.392522812,0.736783981,0.999984920,0.000528875,-0.000146624,-0.005457777
1764,181.814000000,fused_map_f2f,1,1,0,0.069718174,0.012598479,0.961532228,0.961532228,0.100000000,0.011423623,0.011423623,0.037587775,0.002880586,1.000000000,0.000000000,0.000000000,0.000000000,0.000000000,0.000000000,0.428571429,1.000000000,0.657142857,1.000000000,0.997852541,0.669696970,0.668258823,1.013941961,117.736351013,17.393257141,0.736814380,0.999985039,0.000309928,-0.000127290,-0.005457147
1765,181.920000000,fused_map_f2f,1,1,0,0.071214110,0.012388706,0.955610814,0.955610814,0.100000000,0.011493596,0.011493596,0.037829296,0.002898384,1.000000000,0.000000000,0.000000000,0.000000000,0.000000000,0.000000000,0.409090909,1.000000000,0.645454545,1.000000000,0.998204023,0.684049080,0.682820543,1.014427351,117.751945496,17.393598557,0.736976624,0.999985814,0.000316648,-0.000113562,-0.005316779
1766,182.034000000,fused_map_f2f,1,1,0,0.070412811,0.017166385,0.958782625,0.958782625,0.100000000,0.011456009,0.011456009,0.037733698,0.002888823,1.000000000,0.000000000,0.000000000,0.000000000,0.000000000,0.000000000,0.418604651,1.000000000,0.651162791,1.000000000,0.998923187,0.704402516,0.703644006,1.015121467,117.772697449,17.393360138,0.737025201,0.999986768,0.000295396,-0.000128930,-0.005128905
1767,182.124000000,fused_map_f2f,1,1,0,0.070060784,0.012775166,0.960176062,0.960176062,0.100000000,0.011439574,0.011439574,0.037651390,0.002884643,1.000000000,0.000000000,0.000000000,0.000000000,0.000000000,0.000000000,0.461538462,1.000000000,0.676923077,1.000000000,0.998200144,0.680000000,0.678776098,1.014292537,117.787147522,17.393371582,0.736777306,0.999987245,0.000339809,-0.000128590,-0.005040281
1768,182.221000000,fused_map_f2f,1,1,0,0.069244033,0.011828424,0.963409036,0.963409036,0.100000000,0.011401623,0.011401623,0.037538818,0.002874990,1.000000000,0.000000000,0.000000000,0.000000000,0.000000000,0.000000000,0.395348837,1.000000000,0.637209302,1.000000000,0.997832370,0.687878788,0.686387721,1.014546257,117.802589417,17.393383026,0.736854732,0.999987721,0.000355785,-0.000115693,-0.004942946
1769,182.320000000,fused_map_f2f,1,1,0,0.070093777,0.016389826,0.960045467,0.960045467,0.100000000,0.011441112,0.011441112,0.037698662,0.002885034,1.000000000,0.000000000,0.000000000,0.000000000,0.000000000,0.000000000,0.418604651,1.000000000,0.651162791,1.000000000,0.998194294,0.715625000,0.714332792,1.015477760,117.819541931,17.393301010,0.736827731,0.999988258,0.000361154,-0.000124260,-0.004827815
1770,182.425000000,fused_map_f2f,1,1,0,0.069966187,0.014546151,0.960550508,0.960550508,0.100000000,0.011435165,0.011435165,0.037663851,0.002883521,1.000000000,0.000000000,0.000000000,0.000000000,0.000000000,0.000000000,0.400000000,1.000000000,0.640000000,1.000000000,0.998552298,0.702127660,0.701111188,1.015037040,117.836547852,17.393192291,0.736857653,0.999988616,0.000342114,-0.000130389,-0.004754431
1771,182.526000000,fused_map_f2f,1,1,0,0.069182529,0.011623440,0.963652491,0.963652491,0.100000000,0.011398775,0.011398775,0.037533609,0.002874266,1.000000000,0.000000000,0.000000000,0.000000000,0.000000000,0.000000000,0.409090909,1.000000000,0.645454545,1.000000000,0.998550199,0.690690691,0.689689327,1.014656311,117.853942871,17.392757416,0.737038195,0.999989212,0.000341311,-0.000125236,-0.004631434
1772,182.614000000,fused_map_f2f,1,1,0,0.070763135,0.009687487,0.957395923,0.957395923,0.100000000,0.011472411,0.011472411,0.037782645,0.002892995,1.000000000,0.000000000,0.000000000,0.000000000,0.000000000,0.000000000,0.439024390,1.000000000,0.663414634,1.000000000,0.998191027,0.701863354,0.700593703,1.015019790,117.867858887,17.392526627,0.736825585,0.999989569,0.000323768,-0.000117837,-0.004551933
1773,182.731000000,fused_map_f2f,1,1,0,0.069657880,0.016838058,0.961770891,0.961770891,0.100000000,0.011420821,0.011420821,0.037606220,0.002879873,1.000000000,0.000000000,0.000000000,0.000000000,0.000000000,0.000000000,0.425000000,1.000000000,0.655000000,1.000000000,0.999275625,0.691823899,0.691322759,1.014710759,117.885826111,17.392318726,0.736961126,0.999989927,0.000328949,-0.000078658,-0.004472790
1774,182.843000000,fused_map_f2f,1,1,0,0.070498264,0.017563253,0.958444371,0.958444371,0.100000000,0.011460005,0.011460005,0.037697938,0.002889840,1.000000000,0.000000000,0.000000000,0.000000000,0.000000000,0.000000000,0.391304348,1.000000000,0.634782609,1.000000000,0.998919698,0.663636364,0.662919436,1.013763981,117.907737732,17.392824173,0.736753762,0.999990642,0.000303285,-0.000104207,-0.004306293
1775,182.929000000,fused_map_f2f,1,1,0,0.071123345,0.012990162,0.955970092,0.955970092,0.100000000,0.011489326,0.011489326,0.037807980,0.002897297,1.000000000,0.000000000,0.000000000,0.000000000,0.000000000,0.000000000,0.439024390,1.000000000,0.663414634,1.000000000,0.999277196,0.676923077,0.676433794,1.014214460,117.926887512,17.392402649,0.736867070,0.999991238,0.000302232,-0.000111516,-0.004169522
1776,183.019000000,fused_map_f2f,1,1,0,0.071722600,0.014683199,0.953598040,0.953598040,0.100000000,0.011517576,0.011517576,0.037899056,0.002904483,1.000000000,0.000000000,0.000000000,0.000000000,0.000000000,0.000000000,0.475000000,1.000000000,0.685000000,1.000000000,0.998547040,0.677914110,0.676929128,1.014230971,117.944808960,17.392143250,0.737018347,0.999991655,0.000304908,-0.000111703,-0.004072829
1777,183.124000000,fused_map_f2f,1,1,0,0.071586537,0.018128525,0.954136624,0.954136624,0.100000000,0.011511150,0.011511150,0.037872802,0.002902849,1.000000000,0.000000000,0.000000000,0.000000000,0.000000000,0.000000000,0.439024390,1.000000000,0.663414634,1.000000000,0.997448980,0.673913043,0.672193878,1.014073129,117.962364197,17.392055511,0.736911654,0.999991834,0.000323399,-0.000121503,-0.004019707
1778,183.230000000,fused_map_f2f,1,1,0,0.070957906,0.012252158,0.956624955,0.956624955,0.100000000,0.011481551,0.011481551,0.037774183,0.002895320,1.000000000,0.000000000,0.000000000,0.000000000,0.000000000,0.000000000,0.418604651,1.000000000,0.651162791,1.000000000,0.998903909,0.669724771,0.668990692,1.013966356,117.979141235,17.392396927,0.736917138,0.999992013,0.000287519,-0.000115728,-0.003980551
1779,183.327000000,fused_map_f2f,1,1,0,0.070284794,0.018976409,0.959289355,0.959289355,0.100000000,0.011450027,0.011450027,0.037675665,0.002887301,1.000000000,0.000000000,0.000000000,0.000000000,0.000000000,0.000000000,0.418604651,1.000000000,0.651162791,1.000000000,0.998904310,0.671779141,0.671043079,1.014034769,117.994277954,17.392435074,0.737228870,0.999992013,0.000293810,-0.000139280,-0.003979347
1780,183.428000000,fused_map_f2f,1,1,0,0.070192713,0.014070011,0.959653845,0.959653845,0.100000000,0.011445727,0.011445727,0.037681461,0.002886208,1.000000000,0.000000000,0.000000000,0.000000000,0.000000000,0.000000000,0.428571429,1.000000000,0.657142857,1.000000000,0.998538012,0.688473520,0.687466980,1.014582233,118.009735107,17.392639160,0.737102628,0.999992192,0.000347554,-0.000131118,-0.003925367
1781,183.517000000,fused_map_f2f,1,1,0,0.069704410,0.020619360,0.961586710,0.961586710,0.100000000,0.011422983,0.011422983,0.037602636,0.002880423,1.000000000,0.000000000,0.000000000,0.000000000,0.000000000,0.000000000,0.409090909,1.000000000,0.645454545,1.000000000,0.998901501,0.683229814,0.682479287,1.014415976,118.024955750,17.392356873,0.737052321,0.999992311,0.000370619,-0.000119432,-0.003905912
1782,183.616000000,fused_map_f2f,1,1,0,0.069972506,0.019350895,0.960525497,0.960525497,0.100000000,0.011435460,0.011435460,0.037636247,0.002883596,1.000000000,0.000000000,0.000000000,0.000000000,0.000000000,0.000000000,0.450000000,1.000000000,0.670000000,1.000000000,0.998531032,0.678125000,0.677128856,1.014237629,118.040710449,17.392419815,0.737303078,0.999992251,0.000374389,-0.000133987,-0.003912364
1783,183.716000000,fused_map_f2f,1,1,0,0.069351487,0.016030879,0.962983699,0.962983699,0.100000000,0.011406601,0.011406601,0.037528969,0.002876257,1.000000000,0.000000000,0.000000000,0.000000000,0.000000000,0.000000000,0.418604651,1.000000000,0.651162791,1.000000000,0.998531571,0.665634675,0.664657238,1.013821908,118.056266785,17.391979218,0.737202644,0.999992192,0.000374463,-0.000097954,-0.003933417
1784,183.826000000,fused_map_f2f,1,1,0,0.069204381,0.016830836,0.963565991,0.963565991,0.100000000,0.011399787,0.011399787,0.037516362,0.002874523,1.000000000,0.000000000,0.000000000,0.000000000,0.000000000,0.000000000,0.475000000,1.000000000,0.685000000,1.000000000,0.997794118,0.673913043,0.672426471,1.014080882,118.059158325,17.392572403,0.737447321,0.999992251,0.000363418,-0.000122042,-0.003914597
1785,183.928000000,fused_map_f2f,1,1,0,0.068584538,0.013816593,0.966019537,0.966019537,0.100000000,0.011371162,0.011371162,0.037438095,0.002867243,1.000000000,0.000000000,0.000000000,0.000000000,0.000000000,0.000000000,0.391304348,1.000000000,0.634782609,1.000000000,0.998896653,0.684542587,0.683787299,1.014459577,118.059890747,17.392406464,0.737359524,0.999992251,0.000401114,-0.000123328,-0.003906153
1786,184.032000000,fused_map_f2f,1,1,0,0.068716818,0.011041382,0.965495930,0.965495930,0.100000000,0.011377259,0.011377259,0.037454918,0.002868794,1.000000000,0.000000000,0.000000000,0.000000000,0.000000000,0.000000000,0.418604651,1.000000000,0.651162791,1.000000000,0.998898274,0.682242991,0.681491346,1.014383045,118.059265137,17.392416000,0.737408638,0.999992251,0.000391728,-0.000123658,-0.003909867
1787,184.126000000,fused_map_f2f,1,1,0,0.069438605,0.009921502,0.962638856,0.962638856,0.100000000,0.011410641,0.011410641,0.037569245,0.002877284,1.000000000,0.000000000,0.000000000,0.000000000,0.000000000,0.000000000,0.428571429,1.000000000,0.657142857,1.000000000,0.998532649,0.688679245,0.687668711,1.014588957,118.059570312,17.392465591,0.737327933,0.999992371,0.000426011,-0.000160625,-0.003867819
1788,184.230000000,fused_map_f2f,1,1,0,0.069793002,0.012157102,0.961236036,0.961236036,0.100000000,0.011427103,0.011427103,0.037605489,0.002881471,1.000000000,0.000000000,0.000000000,0.000000000,0.000000000,0.000000000,0.400000000,1.000000000,0.640000000,1.000000000,0.998528871,0.674772036,0.673779360,1.014125979,118.059700012,17.392303467,0.737301230,0.999992371,0.000379224,-0.000124810,-0.003883850
1789,184.315000000,fused_map_f2f,1,1,0,0.069252720,0.021106559,0.963374648,0.963374648,0.100000000,0.011402025,0.011402025,0.037531189,0.002875093,1.000000000,0.000000000,0.000000000,0.000000000,0.000000000,0.000000000,0.391304348,1.000000000,0.634782609,1.000000000,0.998162440,0.680124224,0.678874455,1.014295815,118.060005188,17.392314911,0.737475336,0.999992430,0.000351371,-0.000130124,-0.003875803
1790,184.418000000,fused_map_f2f,1,1,0,0.069550509,0.007113239,0.962195903,0.962195903,0.100000000,0.011415834,0.011415834,0.037572050,0.002878605,1.000000000,0.000000000,0.000000000,0.000000000,0.000000000,0.000000000,0.413043478,1.000000000,0.647826087,1.000000000,0.998529412,0.677018634,0.676023018,1.014200767,118.060234070,17.392324448,0.737387180,0.999992430,0.000368491,-0.000121178,-0.003869473
1791,184.535000000,fused_map_f2f,1,1,0,0.069361788,0.011311780,0.962942921,0.962942921,0.100000000,0.011407079,0.011407079,0.037560702,0.002876378,1.000000000,0.000000000,0.000000000,0.000000000,0.000000000,0.000000000,0.400000000,1.000000000,0.640000000,1.000000000,0.998896247,0.690851735,0.690089206,1.014669640,118.059753418,17.392276764,0.737592459,0.999992430,0.000341622,-0.000129084,-0.003867610
1792,184.623000000,fused_map_f2f,1,1,0,0.068844645,0.014971160,0.964989949,0.964989949,0.100000000,0.011383156,0.011383156,0.037486536,0.002870294,1.000000000,0.000000000,0.000000000,0.000000000,0.000000000,0.000000000,0.418604651,1.000000000,0.651162791,1.000000000,0.997424577,0.694006309,0.692218949,1.014740632,118.060119629,17.392328262,0.737629175,0.999992490,0.000355672,-0.000128001,-0.003846813
1793,184.736000000,fused_map_f2f,1,1,0,0.072664167,0.014530393,0.949871007,0.949871007,0.100000000,0.011562245,0.011562245,0.038054106,0.002915847,1.000000000,0.000000000,0.000000000,0.000000000,0.000000000,0.000000000,0.428571429,1.000000000,0.657142857,1.000000000,0.997428361,0.688679245,0.686908211,1.014563607,118.060295105,17.392141342,0.737376869,0.999992490,0.000355239,-0.000118126,-0.003846156
1794,184.832000000,fused_map_f2f,1,1,0,0.072543496,0.014454690,0.950348660,0.950348660,0.100000000,0.011556501,0.011556501,0.038029195,0.002914385,1.000000000,0.000000000,0.000000000,0.000000000,0.000000000,0.000000000,0.422222222,1.000000000,0.653333333,1.000000000,0.998897464,0.682242991,0.681490793,1.014383026,118.059791565,17.392297745,0.737315357,0.999992549,0.000383012,-0.000127020,-0.003840797
1795,184.921000000,fused_map_f2f,1,1,0,0.072715013,0.011032164,0.949669739,0.949669739,0.100000000,0.011564668,0.011564668,0.038064777,0.002916463,1.000000000,0.000000000,0.000000000,0.000000000,0.000000000,0.000000000,0.391304348,1.000000000,0.634782609,1.000000000,0.997796548,0.690851735,0.689329476,1.014644316,118.060150146,17.392303467,0.737509787,0.999992549,0.000349082,-0.000131046,-0.003831111
1796,185.014000000,fused_map_f2f,1,1,0,0.072506674,0.016734643,0.950494417,0.950494417,0.100000000,0.011554750,0.011554750,0.038032773,0.002913940,1.000000000,0.000000000,0.000000000,0.000000000,0.000000000,0.000000000,0.428571429,1.000000000,0.657142857,1.000000000,0.998164464,0.690402477,0.689135218,1.014637841,118.059936523,17.392339706,0.737341523,0.999992609,0.000377416,-0.000123673,-0.003824196
1797,185.128000000,fused_map_f2f,1,1,0,0.072153628,0.014276203,0.951891891,0.951891891,0.100000000,0.011537982,0.011537982,0.037976505,0.002909674,1.000000000,0.000000000,0.000000000,0.000000000,0.000000000,0.000000000,0.439024390,1.000000000,0.663414634,1.000000000,0.998163790,0.688271605,0.687007794,1.014566926,118.059654236,17.392313004,0.737418354,0.999992609,0.000351815,-0.000124701,-0.003817928
1798,185.223000000,fused_map_f2f,1,1,0,0.071678206,0.021675057,0.953773766,0.953773766,0.100000000,0.011515479,0.011515479,0.037905811,0.002903950,1.000000000,0.000000000,0.000000000,0.000000000,0.000000000,0.000000000,0.418604651,1.000000000,0.651162791,1.000000000,0.998161765,0.689440994,0.688173639,1.014605788,118.059982300,17.392154694,0.737354457,0.999992669,0.000356839,-0.000131187,-0.003812557
1799,185.327000000,fused_map_f2f,1,1,0,0.072266420,0.014333569,0.951445419,0.951445419,0.100000000,0.011543334,0.011543334,0.037993342,0.002911036,1.000000000,0.000000000,0.000000000,0.000000000,0.000000000,0.000000000,0.382978723,1.000000000,0.629787234,1.000000000,0.997793306,0.688271605,0.686752800,1.014558427,118.059921265,17.392108917,0.737400115,0.999992669,0.000354806,-0.000130723,-0.003799103
1800,185.435000000,fused_map_f2f,1,1,0,0.072943808,0.019089972,0.948764095,0.948764095,0.100000000,0.011575579,0.011575579,0.038116808,0.002919239,1.000000000,0.000000000,0.000000000,0.000000000,0.000000000,0.000000000,0.422222222,1.000000000,0.653333333,1.000000000,0.997430250,0.705329154,0.703516634,1.015117221,118.059547424,17.392032623,0.737282336,0.999992728,0.000377381,-0.000126735,-0.003795647
1801,185.517000000,fused_map_f2f,1,1,0,0.072537515,0.028116460,0.950372337,0.950372337,0.100000000,0.011556217,0.011556217,0.038062322,0.002914313,1.000000000,0.000000000,0.000000000,0.000000000,0.000000000,0.000000000,0.409090909,1.000000000,0.645454545,1.000000000,0.998165811,0.711111111,0.709806799,1.015326893,118.059333801,17.392004013,0.737164855,0.999992669,0.000377089,-0.000119313,-0.003800794
1802,185.616000000,fused_map_f2f,1,1,0,0.072530841,0.018368443,0.950398756,0.950398756,0.100000000,0.011555899,0.011555899,0.038047097,0.002914232,1.000000000,0.000000000,0.000000000,0.000000000,0.000000000,0.000000000,0.409090909,1.000000000,0.645454545,1.000000000,0.998898274,0.698757764,0.697987924,1.014932931,118.059417725,17.391864777,0.737258494,0.999992788,0.000371227,-0.000116361,-0.003782018
1803,185.718000000,fused_map_f2f,1,1,0,0.072047151,0.013581722,0.952313362,0.952313362,0.100000000,0.011532934,0.011532934,0.038009235,0.002908390,1.000000000,0.000000000,0.000000000,0.000000000,0.000000000,0.000000000,0.487179487,1.000000000,0.692307692,1.000000000,0.997428361,0.729641694,0.727765319,1.015925511,118.059356689,17.392185211,0.737184346,0.999992728,0.000393575,-0.000135093,-0.003794593
1804,185.830000000,fused_map_f2f,1,1,0,0.072463061,0.009791390,0.950667050,0.950667050,0.100000000,0.011552676,0.011552676,0.038042425,0.002913412,1.000000000,0.000000000,0.000000000,0.000000000,0.000000000,0.000000000,0.418604651,1.000000000,0.651162791,1.000000000,0.998898274,0.703470032,0.702695000,1.015089833,118.059989929,17.392107010,0.737458289,0.999992788,0.000370513,-0.000127163,-0.003769397
1805,185.920000000,fused_map_f2f,1,1,0,0.072121097,0.017460891,0.952020658,0.952020658,0.100000000,0.011536439,0.011536439,0.037994159,0.002909282,1.000000000,0.000000000,0.000000000,0.000000000,0.000000000,0.000000000,0.386363636,1.000000000,0.631818182,1.000000000,0.997794928,0.707395498,0.705835641,1.015194521,118.060180664,17.392246246,0.737209380,0.999992847,0.000378975,-0.000127616,-0.003763718
1806,186.034000000,fused_map_f2f,1,1,0,0.072761138,0.022177364,0.949487161,0.949487161,0.100000000,0.011566866,0.011566866,0.038059394,0.002917022,1.000000000,0.000000000,0.000000000,0.000000000,0.000000000,0.000000000,0.452380952,1.000000000,0.671428571,1.000000000,0.998534262,0.680000000,0.679003298,1.014300110,118.060142517,17.392099380,0.737262964,0.999992847,0.000373001,-0.000127770,-0.003754700
1807,186.115000000,fused_map_f2f,1,1,0,0.072905530,0.014699102,0.948915612,0.948915612,0.100000000,0.011573752,0.011573752,0.038119038,0.002918774,1.000000000,0.000000000,0.000000000,0.000000000,0.000000000,0.000000000,0.418604651,1.000000000,0.651162791,1.000000000,0.998164464,0.711538462,0.710232407,1.015341080,118.059959412,17.392063141,0.737290740,0.999992907,0.000367131,-0.000134539,-0.003749212
1808,186.229000000,fused_map_f2f,1,1,0,0.072728225,0.007328591,0.949617441,0.949617441,0.100000000,0.011565297,0.011565297,0.038084483,0.002916623,1.000000000,0.000000000,0.000000000,0.000000000,0.000000000,0.000000000,0.409090909,1.000000000,0.645454545,1.000000000,0.998164464,0.705329154,0.704034497,1.015134483,118.060028076,17.391958237,0.737231612,0.999992907,0.000384581,-0.000136237,-0.003745023
1809,186.329000000,fused_map_f2f,1,1,0,0.073158803,0.005794880,0.947913073,0.947913073,0.100000000,0.011585851,0.011585851,0.038148497,0.002921852,1.000000000,0.000000000,0.000000000,0.000000000,0.000000000,0.000000000,0.400000000,1.000000000,0.640000000,1.000000000,0.997796548,0.704049844,0.702498504,1.015083283,118.060104370,17.392053604,0.737191260,0.999992907,0.000398353,-0.000134680,-0.003739715
1810,186.415000000,fused_map_f2f,1,1,0,0.072317890,0.025581768,0.951241684,0.951241684,0.100000000,0.011545777,0.011545777,0.038022902,0.002911657,1.000000000,0.000000000,0.000000000,0.000000000,0.000000000,0.000000000,0.418604651,1.000000000,0.651162791,1.000000000,0.998532649,0.705882353,0.704846575,1.015161553,118.060638428,17.391967773,0.737210810,0.999992967,0.000381421,-0.000158573,-0.003728826
1811,186.524000000,fused_map_f2f,1,1,0,0.072916719,0.011036534,0.948871320,0.948871320,0.100000000,0.011574286,0.011574286,0.038135166,0.002918910,1.000000000,0.000000000,0.000000000,0.000000000,0.000000000,0.000000000,0.428571429,1.000000000,0.657142857,1.000000000,0.998531571,0.723270440,0.722208369,1.015740279,118.060447693,17.391878128,0.737445772,0.999992967,0.000353015,-0.000135255,-0.003726337
1812,186.631000000,fused_map_f2f,1,1,0,0.071718197,0.013143919,0.953615470,0.953615470,0.100000000,0.011517368,0.011517368,0.037958123,0.002904431,1.000000000,0.000000000,0.000000000,0.000000000,0.000000000,0.000000000,0.418604651,1.000000000,0.651162791,1.000000000,0.998529952,0.727848101,0.726778130,1.015892604,118.060188293,17.392129898,0.737103879,0.999992907,0.000387647,-0.000142739,-0.003736174
1813,186.722000000,fused_map_f2f,1,1,0,0.073145295,0.022451645,0.947966540,0.947966540,0.100000000,0.011585205,0.011585205,0.038163993,0.002921687,1.000000000,0.000000000,0.000000000,0.000000000,0.000000000,0.000000000,0.418604651,1.000000000,0.651162791,1.000000000,0.998899083,0.717868339,0.717078025,1.015569267,118.059829712,17.392005920,0.737224638,0.999992967,0.000382522,-0.000126292,-0.003723657
1814,186.825000000,fused_map_f2f,1,1,0,0.071543398,0.013422623,0.954307385,0.954307385,0.100000000,0.011509114,0.011509114,0.037903189,0.002902331,1.000000000,0.000000000,0.000000000,0.000000000,0.000000000,0.000000000,0.428571429,1.000000000,0.657142857,1.000000000,0.998528330,0.704049844,0.703013715,1.015100457,118.059730530,17.391998291,0.737226248,0.999993086,0.000374280,-0.000136806,-0.003700783
1815,186.927000000,fused_map_f2f,1,1,0,0.071848328,0.019234078,0.953100368,0.953100368,0.100000000,0.011523521,0.011523521,0.037932733,0.002905996,1.000000000,0.000000000,0.000000000,0.000000000,0.000000000,0.000000000,0.431818182,1.000000000,0.659090909,1.000000000,0.998168498,0.690402477,0.689138003,1.014637933,118.060394287,17.391927719,0.737330258,0.999993086,0.000367247,-0.000139195,-0.003694047
1816,187.022000000,fused_map_f2f,1,1,0,0.071770201,0.011515686,0.953409623,0.953409623,0.100000000,0.011519826,0.011519826,0.037909320,0.002905056,1.000000000,0.000000000,0.000000000,0.000000000,0.000000000,0.000000000,0.428571429,1.000000000,0.657142857,1.000000000,0.997795738,0.680981595,0.679480534,1.014316018,118.060287476,17.392101288,0.737172306,0.999993026,0.000390484,-0.000154272,-0.003704587
1817,187.126000000,fused_map_f2f,1,1,0,0.073191224,0.018088063,0.947784738,0.947784738,0.100000000,0.011587401,0.011587401,0.038139615,0.002922246,1.000000000,0.000000000,0.000000000,0.000000000,0.000000000,0.000000000,0.382978723,1.000000000,0.629787234,1.000000000,0.997424577,0.692789969,0.691005741,1.014700191,118.059974670,17.391933441,0.737101138,0.999993086,0.000400751,-0.000131859,-0.003695290
1818,187.229000000,fused_map_f2f,1,1,0,0.072852944,0.019982536,0.949123763,0.949123763,0.100000000,0.011571243,0.011571243,0.038097637,0.002918136,1.000000000,0.000000000,0.000000000,0.000000000,0.000000000,0.000000000,0.428571429,1.000000000,0.657142857,1.000000000,0.997428361,0.700934579,0.699132029,1.014971068,118.059577942,17.392257690,0.737039864,0.999993026,0.000396722,-0.000167064,-0.003714072
1819,187.318000000,fused_map_f2f,1,1,0,0.071992211,0.023033581,0.952530831,0.952530831,0.100000000,0.011530332,0.011530332,0.037973683,0.002907728,1.000000000,0.000000000,0.000000000,0.000000000,0.000000000,0.000000000,0.418604651,1.000000000,0.651162791,1.000000000,0.997059904,0.707165109,0.705085976,1.015169533,118.060081482,17.391939163,0.737085581,0.999993145,0.000398487,-0.000131032,-0.003668791
1820,187.434000000,fused_map_f2f,1,1,0,0.072519938,0.015726633,0.950441913,0.950441913,0.100000000,0.011555381,0.011555381,0.038061513,0.002914100,1.000000000,0.000000000,0.000000000,0.000000000,0.000000000,0.000000000,0.475000000,1.000000000,0.685000000,1.000000000,0.997798165,0.712933754,0.711363992,1.015378800,118.059776306,17.391851425,0.737161756,0.999993205,0.000381875,-0.000136646,-0.003668169
1821,187.533000000,fused_map_f2f,1,1,0,0.072091890,0.016677282,0.952136269,0.952136269,0.100000000,0.011535055,0.011535055,0.037991784,0.002908930,1.000000000,0.000000000,0.000000000,0.000000000,0.000000000,0.000000000,0.409090909,1.000000000,0.645454545,1.000000000,0.999265516,0.708074534,0.707554465,1.015251815,118.059867859,17.391864777,0.737290502,0.999993205,0.000379530,-0.000140011,-0.003655368
1822,187.621000000,fused_map_f2f,1,1,0,0.072111858,0.019094045,0.952057228,0.952057228,0.100000000,0.011536001,0.011536001,0.037996975,0.002909170,1.000000000,0.000000000,0.000000000,0.000000000,0.000000000,0.000000000,0.450000000,1.000000000,0.670000000,1.000000000,0.997429306,0.711180124,0.709351898,1.015311730,118.059486389,17.392103195,0.737190962,0.999993145,0.000393086,-0.000102016,-0.003671288
1823,187.727000000,fused_map_f2f,1,1,0,0.072111346,0.012921230,0.952059256,0.952059256,0.100000000,0.011535977,0.011535977,0.037993493,0.002909164,1.000000000,0.000000000,0.000000000,0.000000000,0.000000000,0.000000000,0.439024390,1.000000000,0.663414634,1.000000000,0.997797357,0.708074534,0.706514899,1.015217163,118.059791565,17.391963959,0.737154841,0.999993324,0.000399378,-0.000140204,-0.003627988
1824,187.828000000,fused_map_f2f,1,1,0,0.072053257,0.016518870,0.952289192,0.952289192,0.100000000,0.011533224,0.011533224,0.037953072,0.002908464,1.000000000,0.000000000,0.000000000,0.000000000,0.000000000,0.000000000,0.391304348,1.000000000,0.634782609,1.000000000,0.997799780,0.681681682,0.680181832,1.014339394,118.060188293,17.391843796,0.737219989,0.999993265,0.000395152,-0.000132811,-0.003635258
1825,187.931000000,fused_map_f2f,1,1,0,0.072017381,0.020795781,0.952431202,0.952431202,0.100000000,0.011531524,0.011531524,0.037985346,0.002908031,1.000000000,0.000000000,0.000000000,0.000000000,0.000000000,0.000000000,0.400000000,1.000000000,0.640000000,1.000000000,0.998161089,0.712933754,0.711622732,1.015387424,118.060234070,17.391969681,0.737201750,0.999993265,0.000389079,-0.000140429,-0.003637408
