seq,stamp,pose_source,f2f_init_used,map_converged,map_degenerate,map_score,f2f_init_score,map_conf_raw,map_conf,f2f_conf,w_f2f_t,w_f2f_r,w_f2f_ax,w_f2f_nonax,prior_mult,prior_hit_ratio,prior_avg_conf,prior_core_hit_ratio,prior_band_hit_ratio,prior_inner_hit_ratio,wall_ratio_inner,wall_relief_inner,wall_r,wall_r_axial_scale,inc_unknown_ratio,inc_stable_ratio,r_inc_static,inc_static_axial_scale,px,py,pz,qw,qx,qy,qz
0,0.896000000,map_only,0,1,0,0.007007829,nan,1.000000000,1.000000000,0.000000000,0.000000000,0.000000000,0.000000000,0.000000000,1.000000000,0.000000000,0.000000000,0.000000000,0.000000000,0.000000000,0.903225806,0.515208486,0.748018878,1.000000000,0.895027624,0.000000000,0.000000000,1.000000000,-0.164933443,0.027654301,0.750757873,0.999996841,-0.000027430,0.000025417,0.002520991
1,1.020000000,fused_map_f2f,1,1,0,0.006816187,0.004963291,1.000000000,1.000000000,0.100000000,0.010989011,0.010989011,0.035714286,0.002770083,1.000000000,0.000000000,0.000000000,0.000000000,0.000000000,0.000000000,0.903225806,0.406273917,0.704445051,1.000000000,0.891566265,0.000000000,0.000000000,1.000000000,-0.165008456,0.027305197,0.750912428,0.999996781,-0.000077549,0.000026018,0.002542388
2,1.096000000,fused_map_f2f,1,1,0,0.006820421,0.005198013,1.000000000,1.000000000,0.100000000,0.010989011,0.010989011,0.035714286,0.002770083,1.000000000,0.000000000,0.000000000,0.000000000,0.000000000,0.000000000,0.903225806,0.456028090,0.724346720,1.000000000,0.891402715,0.000000000,0.000000000,1.000000000,-0.164988309,0.027298169,0.750818431,0.999996722,-0.000074979,0.000029693,0.002558568
3,1.219000000,fused_map_f2f,1,1,0,0.006863554,0.005594117,1.000000000,1.000000000,0.100000000,0.010989011,0.010989011,0.035714286,0.002770083,1.000000000,0.000000000,0.000000000,0.000000000,0.000000000,0.000000000,0.903225806,0.412922620,0.707104532,1.000000000,0.896638234,0.000000000,0.000000000,1.000000000,-0.165073499,0.027385997,0.750784278,0.999996662,-0.000051903,0.000030154,0.002577374
4,1.321000000,fused_map_f2f,1,1,0,0.006894494,0.004634038,1.000000000,1.000000000,0.100000000,0.010989011,0.010989011,0.035714286,0.002770083,1.000000000,0.000000000,0.000000000,0.000000000,0.000000000,0.000000000,0.933333333,0.431264767,0.732505907,1.000000000,0.891566265,0.000000000,0.000000000,1.000000000,-0.164976448,0.027841037,0.750795126,0.999996603,-0.000003647,0.000046535,0.002611756
5,1.399000000,fused_map_f2f,1,1,0,0.006867747,0.005179842,1.000000000,1.000000000,0.100000000,0.010989011,0.010989011,0.035714286,0.002770083,1.000000000,0.000000000,0.000000000,0.000000000,0.000000000,0.000000000,0.903225806,0.497151735,0.740796178,1.000000000,0.892516323,0.000000000,0.000000000,1.000000000,-0.165406555,0.027479241,0.750771165,0.999996603,-0.000068957,0.000034509,0.002613512
6,1.515000000,fused_map_f2f,1,1,0,0.006809858,0.004479206,1.000000000,1.000000000,0.100000000,0.010989011,0.010989011,0.035714286,0.002770083,1.000000000,0.000000000,0.000000000,0.000000000,0.000000000,0.000000000,0.903225806,0.472528964,0.730947070,1.000000000,0.897384306,0.000000000,0.000000000,1.000000000,-0.165929273,0.027322061,0.750888169,0.999996603,-0.000063827,0.000028674,0.002596702
7,1.626000000,fused_map_f2f,1,1,0,0.006845190,0.005057201,1.000000000,1.000000000,0.100000000,0.010989011,0.010989011,0.035714286,0.002770083,1.000000000,0.000000000,0.000000000,0.000000000,0.000000000,0.000000000,0.903225806,0.438407766,0.717298590,1.000000000,0.892964824,0.000000000,0.000000000,1.000000000,-0.165699586,0.027327424,0.750847936,0.999996543,-0.000055016,0.000027190,0.002616673
8,1.703000000,fused_map_f2f,1,1,0,0.006819834,0.005096399,1.000000000,1.000000000,0.100000000,0.010989011,0.010989011,0.035714286,0.002770083,1.000000000,0.000000000,0.000000000,0.000000000,0.000000000,0.000000000,0.903225806,0.468448129,0.729314735,1.000000000,0.892408245,0.000000000,0.000000000,1.000000000,-0.166223764,0.027141448,0.750803947,0.999996543,-0.000078277,0.000031256,0.002629746
9,1.822000000,fused_map_f2f,1,1,0,0.006779852,0.005070145,1.000000000,1.000000000,0.100000000,0.010989011,0.010989011,0.035714286,0.002770083,1.000000000,0.000000000,0.000000000,0.000000000,0.000000000,0.000000000,0.903225806,0.465069240,0.727963180,1.000000000,0.894974874,0.000000000,0.000000000,1.000000000,-0.166281641,0.027055794,0.750700653,0.999996603,-0.000057252,0.000035012,0.002611630
10,1.900000000,fused_map_f2f,1,1,0,0.006757534,0.005478972,1.000000000,1.000000000,0.100000000,0.010989011,0.010989011,0.035714286,0.002770083,1.000000000,0.000000000,0.000000000,0.000000000,0.000000000,0.000000000,0.903225806,0.431226012,0.714425888,1.000000000,0.896188566,0.000000000,0.000000000,1.000000000,-0.166128621,0.027208213,0.750589907,0.999996603,-0.000078188,0.000039328,0.002598507
11,2.010000000,fused_map_f2f,1,1,0,0.006772748,0.005540353,1.000000000,1.000000000,0.100000000,0.010989011,0.010989011,0.035714286,0.002770083,1.000000000,0.000000000,0.000000000,0.000000000,0.000000000,0.000000000,0.903225806,0.520467834,0.750122617,1.000000000,0.892964824,0.000000000,0.000000000,1.000000000,-0.166687608,0.027448777,0.750695527,0.999996543,-0.000020811,0.000039247,0.002616961
12,2.122000000,fused_map_f2f,1,1,0,0.006809662,0.005600582,1.000000000,1.000000000,0.100000000,0.010989011,0.010989011,0.035714286,0.002770083,1.000000000,0.000000000,0.000000000,0.000000000,0.000000000,0.000000000,0.903225806,0.478237886,0.733230638,1.000000000,0.896084337,0.000000000,0.000000000,1.000000000,-0.166666910,0.027031807,0.750881076,0.999996424,-0.000100346,0.000020848,0.002671886
13,2.200000000,fused_map_f2f,1,1,0,0.006801357,0.005513047,1.000000000,1.000000000,0.100000000,0.010989011,0.010989011,0.035714286,0.002770083,1.000000000,0.000000000,0.000000000,0.000000000,0.000000000,0.000000000,0.870967742,0.376009011,0.672984250,1.000000000,0.896534405,0.000000000,0.000000000,1.000000000,-0.167312413,0.026848782,0.750891924,0.999996424,-0.000098341,0.000015060,0.002675146
14,2.309000000,fused_map_f2f,1,1,0,0.006816880,0.005118009,1.000000000,1.000000000,0.100000000,0.010989011,0.010989011,0.036713828,0.002770083,1.000000000,0.000000000,0.000000000,0.000000000,0.000000000,0.000000000,0.903225806,0.472071268,0.730763991,1.000000000,0.895875252,0.765517241,0.685807951,1.029053863,-0.167666629,0.026899772,0.750845075,0.999996364,-0.000035108,0.000037263,0.002701648
15,2.409000000,fused_map_f2f,1,1,0,0.006806709,0.005324683,1.000000000,1.000000000,0.100000000,0.010989011,0.010989011,0.036737685,0.002770083,1.000000000,0.000000000,0.000000000,0.000000000,0.000000000,0.000000000,0.903225806,0.454299101,0.723655124,1.000000000,0.896933132,0.776223776,0.696220823,1.029748055,-0.167364463,0.026799969,0.750856578,0.999996305,-0.000089158,0.000025762,0.002704664
16,2.518000000,fused_map_f2f,1,1,0,0.006820179,0.005104156,1.000000000,1.000000000,0.100000000,0.010989011,0.010989011,0.036754962,0.002770083,1.000000000,0.000000000,0.000000000,0.000000000,0.000000000,0.000000000,0.903225806,0.453145535,0.723193698,1.000000000,0.896829391,0.784722222,0.703761953,1.030250797,-0.167521432,0.027234176,0.750512838,0.999996305,-0.000061284,0.000034951,0.002725662
17,2.596000000,fused_map_f2f,1,1,0,0.006810688,0.005636365,1.000000000,1.000000000,0.100000000,0.010989011,0.010989011,0.036712210,0.002770083,1.000000000,0.000000000,0.000000000,0.000000000,0.000000000,0.000000000,0.903225806,0.435061012,0.715959889,1.000000000,0.891238671,0.768707483,0.685101835,1.029006789,-0.167057291,0.027122620,0.750885785,0.999996245,-0.000025672,0.000030387,0.002742122
18,2.709000000,fused_map_f2f,1,1,0,0.006838290,0.005579961,1.000000000,1.000000000,0.100000000,0.010989011,0.010989011,0.036719677,0.002770083,1.000000000,0.000000000,0.000000000,0.000000000,0.000000000,0.000000000,0.903225806,0.373804116,0.691457130,1.000000000,0.894869215,0.769230769,0.688360935,1.029224062,-0.167381033,0.026968209,0.750824034,0.999996126,-0.000046544,0.000037582,0.002786736
19,2.803000000,fused_map_f2f,1,1,0,0.006830144,0.004815335,1.000000000,1.000000000,0.100000000,0.010989011,0.010989011,0.036685717,0.002770083,1.000000000,0.000000000,0.000000000,0.000000000,0.000000000,0.000000000,0.933333333,0.361989588,0.704795835,1.000000000,0.893969849,0.753424658,0.673538928,1.028235929,-0.167289123,0.027163364,0.750870407,0.999996126,-0.000068359,0.000027139,0.002780432
20,2.915000000,fused_map_f2f,1,1,0,0.006891388,0.005832550,1.000000000,1.000000000,0.100000000,0.010989011,0.010989011,0.036764265,0.002770083,1.000000000,0.000000000,0.000000000,0.000000000,0.000000000,0.000000000,0.870967742,0.483092110,0.715817489,1.000000000,0.892749245,0.792857143,0.707822615,1.030521508,-0.166875035,0.027589163,0.750710189,0.999996006,-0.000009251,0.000038966,0.002814157
21,2.999000000,fused_map_f2f,1,1,0,0.006883475,0.005248409,1.000000000,1.000000000,0.100000000,0.010989011,0.010989011,0.036729834,0.002770083,1.000000000,0.000000000,0.000000000,0.000000000,0.000000000,0.000000000,0.903225806,0.472885067,0.731089511,1.000000000,0.890735146,0.777777778,0.692794002,1.029519600,-0.167108029,0.026863819,0.750838637,0.999995947,-0.000109500,0.000036895,0.002851276
22,3.112000000,fused_map_f2f,1,1,0,0.006872922,0.003303827,1.000000000,1.000000000,0.100000000,0.010989011,0.010989011,0.036763482,0.002770083,1.000000000,0.000000000,0.000000000,0.000000000,0.000000000,0.000000000,0.903225806,0.459601172,0.725775953,1.000000000,0.896984925,0.788732394,0.707481067,1.030498738,-0.167074680,0.027215712,0.750777841,0.999995887,-0.000086715,0.000034341,0.002858270
23,3.225000000,fused_map_f2f,1,1,0,0.006901109,0.005312730,1.000000000,1.000000000,0.100000000,0.010989011,0.010989011,0.036749110,0.002770083,1.000000000,0.000000000,0.000000000,0.000000000,0.000000000,0.000000000,0.903225806,0.348178417,0.681206851,1.000000000,0.893574297,0.784722222,0.701207608,1.030080507,-0.167136490,0.027237797,0.750723302,0.999995887,-0.000048302,0.000031369,0.002874396
24,3.315000000,fused_map_f2f,1,1,0,0.007071722,0.003322313,1.000000000,1.000000000,0.100000000,0.010989011,0.010989011,0.036683660,0.002770083,1.000000000,0.000000000,0.000000000,0.000000000,0.000000000,0.000000000,0.903225806,0.459504278,0.725737195,1.000000000,0.890954774,0.754966887,0.672641352,1.028176090,-0.160811022,0.027190076,0.750739992,0.999995947,-0.000057729,0.000036613,0.002840447
25,3.439000000,fused_map_f2f,1,1,0,0.008112232,0.003759858,1.000000000,1.000000000,0.100000000,0.010989011,0.010989011,0.036783030,0.002770083,1.000000000,0.000000000,0.000000000,0.000000000,0.000000000,0.000000000,0.903225806,0.442162766,0.718800590,1.000000000,0.887096774,0.807142857,0.716013825,1.031067588,-0.134211928,0.027466727,0.750741065,0.999996126,-0.000046529,0.000047425,0.002782450
26,3.524000000,fused_map_f2f,1,1,0,0.008765421,0.005426703,1.000000000,1.000000000,0.100000000,0.010989011,0.010989011,0.036722833,0.002770083,1.000000000,0.000000000,0.000000000,0.000000000,0.000000000,0.000000000,0.903225806,0.482289650,0.734851344,1.000000000,0.892964824,0.772413793,0.689738347,1.029315890,-0.108475931,0.027611205,0.750581026,0.999996305,0.000000458,0.000033447,0.002723221
27,3.609000000,fused_map_f2f,1,1,0,0.008489594,0.003860186,1.000000000,1.000000000,0.100000000,0.010989011,0.010989011,0.036697194,0.002770083,1.000000000,0.000000000,0.000000000,0.000000000,0.000000000,0.000000000,0.903225806,0.573689228,0.771411175,1.000000000,0.896430367,0.756944444,0.678547986,1.028569866,-0.081549063,0.028026557,0.750411689,0.999996662,0.000010374,0.000042078,0.002576771
28,3.728000000,fused_map_f2f,1,1,0,0.006766154,0.005320631,1.000000000,1.000000000,0.100000000,0.010989011,0.010989011,0.036627738,0.002770083,1.000000000,0.000000000,0.000000000,0.000000000,0.000000000,0.000000000,0.903225806,0.465324364,0.728065229,1.000000000,0.892068273,0.726666667,0.648236278,1.026549085,-0.033408593,0.029419102,0.750118554,0.999996543,0.000057933,0.000038428,0.002619501
29,3.806000000,fused_map_f2f,1,1,0,0.006238331,0.006342073,1.000000000,1.000000000,0.100000000,0.010989011,0.010989011,0.036706418,0.002770083,1.000000000,0.000000000,0.000000000,0.000000000,0.000000000,0.000000000,0.903225806,0.514531920,0.747748252,1.000000000,0.889224572,0.767605634,0.682573791,1.028838253,0.003055634,0.028829040,0.750365257,0.999996662,-0.000051551,0.000028260,0.002590895
30,3.915000000,fused_map_f2f,1,1,0,0.007591384,0.007222169,1.000000000,1.000000000,0.100000000,0.010989011,0.010989011,0.036642180,0.002770083,1.000000000,0.000000000,0.000000000,0.000000000,0.000000000,0.000000000,0.903225806,0.503349244,0.743275182,1.000000000,0.890899950,0.734693878,0.654538739,1.026969249,0.057449207,0.029059602,0.750335217,0.999996781,-0.000036146,0.000046775,0.002537655
31,4.021000000,fused_map_f2f,1,1,0,0.008526702,0.006847209,1.000000000,1.000000000,0.100000000,0.010989011,0.010989011,0.036647939,0.002770083,1.000000000,0.000000000,0.000000000,0.000000000,0.000000000,0.000000000,0.903225806,0.459218834,0.725623017,1.000000000,0.894842263,0.734265734,0.657052012,1.027136801,0.119797774,0.029930009,0.750019193,0.999996960,0.000008372,0.000033040,0.002468627
32,4.100000000,fused_map_f2f,1,1,0,0.006473705,0.006844086,1.000000000,1.000000000,0.100000000,0.010989011,0.010989011,0.036648693,0.002770083,1.000000000,0.000000000,0.000000000,0.000000000,0.000000000,0.000000000,0.903225806,0.376824805,0.692665406,1.000000000,0.895290581,0.734265734,0.657381196,1.027158746,0.168240100,0.030071490,0.750220537,0.999997079,0.000000939,0.000039278,0.002415427
33,4.211000000,fused_map_f2f,1,1,0,0.006714616,0.009976107,1.000000000,1.000000000,0.100000000,0.010989011,0.010989011,0.036642023,0.002770083,1.000000000,0.000000000,0.000000000,0.000000000,0.000000000,0.000000000,0.903225806,0.390570534,0.698163697,1.000000000,0.891326022,0.734265734,0.654470156,1.026964677,0.242055029,0.029999437,0.750372469,0.999997318,-0.000036056,0.000043335,0.002321169
34,4.323000000,fused_map_f2f,1,1,0,0.008159415,0.009324854,1.000000000,1.000000000,0.100000000,0.010989011,0.010989011,0.036761822,0.002770083,1.000000000,0.000000000,0.000000000,0.000000000,0.000000000,0.000000000,0.903225806,0.475005235,0.731937578,1.000000000,0.893446723,0.791044776,0.706756363,1.030450424,0.324533254,0.030194854,0.750569105,0.999997497,-0.000042568,0.000066661,0.002221352
35,4.410000000,fused_map_f2f,1,1,0,0.005908842,0.009802122,1.000000000,1.000000000,0.100000000,0.010989011,0.010989011,0.036691537,0.002770083,1.000000000,0.000000000,0.000000000,0.000000000,0.000000000,0.000000000,0.935483871,0.486390457,0.755846506,1.000000000,0.895000000,0.755395683,0.676079137,1.028405276,0.392347753,0.030592756,0.750630617,0.999997616,-0.000022608,0.000078057,0.002167168
36,4.536000000,fused_map_f2f,1,1,0,0.008710237,0.011531445,1.000000000,1.000000000,0.100000000,0.010989011,0.010989011,0.036577958,0.002770083,1.000000000,0.000000000,0.000000000,0.000000000,0.000000000,0.000000000,0.903225806,0.491013099,0.738340724,1.000000000,0.897602398,0.697986577,0.626514425,1.025100962,0.492715806,0.031300638,0.750387251,0.999997914,0.000046655,0.000032096,0.002046162
37,4.619000000,fused_map_f2f,1,1,0,0.006541315,0.008721135,1.000000000,1.000000000,0.100000000,0.010989011,0.010989011,0.036669671,0.002770083,1.000000000,0.000000000,0.000000000,0.000000000,0.000000000,0.000000000,0.903225806,0.401304694,0.702457362,1.000000000,0.899500000,0.741007194,0.666535971,1.027769065,0.558610916,0.031398777,0.750481308,0.999998033,0.000012332,0.000050236,0.001980202
38,4.729000000,fused_map_f2f,1,1,0,0.006664370,0.010262896,1.000000000,1.000000000,0.100000000,0.010989011,0.010989011,0.036581064,0.002770083,1.000000000,0.000000000,0.000000000,0.000000000,0.000000000,0.000000000,0.903225806,0.411992349,0.706732423,1.000000000,0.898715415,0.698630137,0.627869674,1.025191312,0.646705925,0.030772535,0.750412881,0.999998212,-0.000010722,0.000026301,0.001893124
39,4.806000000,fused_map_f2f,1,1,0,0.008604257,0.008140750,1.000000000,1.000000000,0.100000000,0.010989011,0.010989011,0.036526929,0.002770083,1.000000000,0.000000000,0.000000000,0.000000000,0.000000000,0.000000000,0.903225806,0.594711355,0.779820026,1.000000000,0.897219464,0.673469388,0.604249843,1.023616656,0.708574712,0.031204993,0.750351667,0.999998212,0.000036245,0.000027863,0.001891934
40,4.926000000,fused_map_f2f,1,1,0,0.005723200,0.011568617,1.000000000,1.000000000,0.100000000,0.010989011,0.010989011,0.036526731,0.002770083,1.000000000,0.000000000,0.000000000,0.000000000,0.000000000,0.000000000,0.903225806,0.427708256,0.713018786,1.000000000,0.903193613,0.668918919,0.604163295,1.023610886,0.803236604,0.031171722,0.750490069,0.999998331,0.000013947,0.000051945,0.001816654
41,5.011000000,fused_map_f2f,1,1,0,0.007902581,0.008433292,1.000000000,1.000000000,0.100000000,0.010989011,0.010989011,0.036593297,0.002770083,1.000000000,0.000000000,0.000000000,0.000000000,0.000000000,0.000000000,0.935483871,0.429974139,0.733279978,1.000000000,0.900148295,0.703448276,0.633207766,1.025547184,0.873884618,0.030799966,0.750281811,0.999998510,0.000006453,0.000041944,0.001735004
42,5.119000000,fused_map_f2f,1,1,0,0.006312244,0.010304409,1.000000000,1.000000000,0.100000000,0.010989011,0.010989011,0.036558446,0.002770083,1.000000000,0.000000000,0.000000000,0.000000000,0.000000000,0.000000000,0.903225806,0.428809855,0.713459426,1.000000000,0.908461158,0.680272109,0.618000788,1.024533386,0.960151672,0.031562489,0.750679612,0.999998450,0.000109669,0.000040187,0.001738663
43,5.202000000,fused_map_f2f,1,1,0,0.005958249,0.008719786,1.000000000,1.000000000,0.100000000,0.010989011,0.010989011,0.036513361,0.002770083,1.000000000,0.000000000,0.000000000,0.000000000,0.000000000,0.000000000,0.935483871,0.545002636,0.779291377,1.000000000,0.903478687,0.662251656,0.598330256,1.023222017,1.026878953,0.031722978,0.750687778,0.999998569,0.000092423,0.000049125,0.001689696
44,5.313000000,fused_map_f2f,1,1,0,0.008196062,0.011511944,1.000000000,1.000000000,0.100000000,0.010989011,0.010989011,0.036497827,0.002770083,1.000000000,0.000000000,0.000000000,0.000000000,0.000000000,0.000000000,0.903225806,0.479497669,0.733734552,1.000000000,0.899653979,0.657534247,0.591553301,1.022770220,1.119567871,0.032230180,0.750208676,0.999998450,0.000084975,0.000047768,0.001752346
45,5.430000000,fused_map_f2f,1,1,0,0.005637076,0.011443029,1.000000000,1.000000000,0.100000000,0.010989011,0.010989011,0.036497441,0.002770083,1.000000000,0.000000000,0.000000000,0.000000000,0.000000000,0.000000000,0.935483871,0.448839754,0.740826224,1.000000000,0.905558288,0.653061224,0.591385005,1.022759000,1.212304115,0.031326558,0.750906289,0.999998689,0.000015059,0.000027261,0.001611796
46,5.504000000,fused_map_f2f,1,1,0,0.007822183,0.008382879,1.000000000,1.000000000,0.100000000,0.010989011,0.010989011,0.036530553,0.002770083,1.000000000,0.000000000,0.000000000,0.000000000,0.000000000,0.000000000,0.935483871,0.489103854,0.756931864,1.000000000,0.905623472,0.668965517,0.605830874,1.023722058,1.274330735,0.031604230,0.750993669,0.999998689,0.000036160,0.000028773,0.001620718
47,5.618000000,fused_map_f2f,1,1,0,0.005969925,0.010474170,1.000000000,1.000000000,0.100000000,0.010989011,0.010989011,0.036566761,0.002770083,1.000000000,0.000000000,0.000000000,0.000000000,0.000000000,0.000000000,0.967741935,0.509254400,0.784346921,1.000000000,0.906542056,0.685714286,0.621628838,1.024775256,1.365694404,0.031638231,0.751316667,0.999998808,0.000031795,0.000041332,0.001543603
48,5.701000000,fused_map_f2f,1,1,0,0.005904244,0.008314151,1.000000000,1.000000000,0.100000000,0.010989011,0.010989011,0.036506884,0.002770083,1.000000000,0.000000000,0.000000000,0.000000000,0.000000000,0.000000000,0.903225806,0.624291570,0.791652112,1.000000000,0.911866076,0.653061224,0.595504376,1.023033625,1.430858016,0.031045932,0.751485527,0.999998868,0.000054275,0.000004443,0.001518164
49,5.814000000,fused_map_f2f,1,1,0,0.007843891,0.011127670,1.000000000,1.000000000,0.100000000,0.010989011,0.010989011,0.036600386,0.002770083,1.000000000,0.000000000,0.000000000,0.000000000,0.000000000,0.000000000,0.935483871,0.508314428,0.764616094,1.000000000,0.909001476,0.700000000,0.636301033,1.025753402,1.523274183,0.032230891,0.752141118,0.999998927,0.000013730,-0.000014587,0.001457680
50,5.927000000,fused_map_f2f,1,1,0,0.005498615,0.010319694,1.000000000,1.000000000,0.100000000,0.010989011,0.010989011,0.036541885,0.002770083,1.000000000,0.000000000,0.000000000,0.000000000,0.000000000,0.000000000,0.935483871,0.373559452,0.710714103,1.000000000,0.909800098,0.671328671,0.610774891,1.024051659,1.614103913,0.031762697,0.751955271,0.999999046,-0.000007680,-0.000002949,0.001386192
51,6.001000000,fused_map_f2f,1,1,0,0.007609098,0.007635422,1.000000000,1.000000000,0.100000000,0.010989011,0.010989011,0.036500103,0.002770083,1.000000000,0.000000000,0.000000000,0.000000000,0.000000000,0.000000000,0.967741935,0.477508337,0.771648496,1.000000000,0.910200098,0.651006711,0.592546372,1.022836425,1.671896815,0.031880103,0.752025962,0.999999106,0.000019134,0.000006884,0.001339503
52,6.107000000,fused_map_f2f,1,1,0,0.005854680,0.009100571,1.000000000,1.000000000,0.100000000,0.010989011,0.010989011,0.036653829,0.002770083,1.000000000,0.000000000,0.000000000,0.000000000,0.000000000,0.000000000,0.967741935,0.527995467,0.791843348,1.000000000,0.912810521,0.722627737,0.659622201,1.027308147,1.762013197,0.031366076,0.752800703,0.999999106,0.000008641,-0.000010422,0.001323328
53,6.233000000,fused_map_f2f,1,1,0,0.007041660,0.012375428,1.000000000,1.000000000,0.100000000,0.010989011,0.010989011,0.036649141,0.002770083,1.000000000,0.000000000,0.000000000,0.000000000,0.000000000,0.000000000,0.967741935,0.520055122,0.788667210,1.000000000,0.909002904,0.723404255,0.657576569,1.027171771,1.863761187,0.031702984,0.752908468,0.999999166,0.000010350,0.000009659,0.001280731
54,6.317000000,fused_map_f2f,1,1,0,0.006994737,0.007018735,1.000000000,1.000000000,0.100000000,0.010989011,0.010989011,0.036599926,0.002770083,1.000000000,0.000000000,0.000000000,0.000000000,0.000000000,0.000000000,0.967741935,0.538333946,0.795978740,1.000000000,0.913213067,0.696551724,0.636100136,1.025740009,1.936282039,0.032911837,0.752858758,0.999999106,0.000086697,-0.000005375,0.001343873
55,6.420000000,fused_map_f2f,1,1,0,0.005496040,0.010253462,1.000000000,1.000000000,0.100000000,0.010989011,0.010989011,0.036578408,0.002770083,1.000000000,0.000000000,0.000000000,0.000000000,0.000000000,0.000000000,0.935483871,0.517110913,0.768134688,1.000000000,0.910992218,0.687943262,0.626710958,1.025114064,2.017464399,0.032661341,0.753003895,0.999999166,0.000024221,-0.000002114,0.001292405
56,6.497000000,fused_map_f2f,1,1,0,0.007808278,0.008043593,1.000000000,1.000000000,0.100000000,0.010989011,0.010989011,0.036625020,0.002770083,1.000000000,0.000000000,0.000000000,0.000000000,0.000000000,0.000000000,0.935483871,0.543664903,0.778756284,1.000000000,0.912340842,0.709219858,0.647050243,1.026470016,2.078682899,0.032564454,0.752883792,0.999999225,0.000053060,0.000009006,0.001248533
57,6.617000000,fused_map_f2f,1,1,0,0.005332210,0.010666819,1.000000000,1.000000000,0.100000000,0.010989011,0.010989011,0.036615554,0.002770083,1.000000000,0.000000000,0.000000000,0.000000000,0.000000000,0.000000000,0.967741935,0.567907878,0.807808313,1.000000000,0.909179213,0.707142857,0.642919586,1.026194639,2.179727793,0.032803766,0.752804160,0.999999285,0.000044123,-0.000005692,0.001206530
58,6.701000000,fused_map_f2f,1,1,0,0.006142346,0.008993561,1.000000000,1.000000000,0.100000000,0.010989011,0.010989011,0.036584104,0.002770083,1.000000000,0.000000000,0.000000000,0.000000000,0.000000000,0.000000000,0.967741935,0.484692904,0.774522323,1.000000000,0.914604561,0.687943262,0.629196045,1.025279736,2.246659517,0.033102833,0.753035426,0.999999285,0.000074765,-0.000006384,0.001185876
59,6.814000000,fused_map_f2f,1,1,0,0.006746725,0.011734527,1.000000000,1.000000000,0.100000000,0.010989011,0.010989011,0.036611128,0.002770083,1.000000000,0.000000000,0.000000000,0.000000000,0.000000000,0.000000000,0.967741935,0.588204057,0.815926784,1.000000000,0.915697674,0.700000000,0.640988372,1.026065891,2.341573715,0.034189332,0.752255797,0.999999166,0.000071369,-0.000004441,0.001274776
60,6.896000000,fused_map_f2f,1,1,0,0.005293475,0.007163823,1.000000000,1.000000000,0.100000000,0.010989011,0.010989011,0.036634118,0.002770083,1.000000000,0.000000000,0.000000000,0.000000000,0.000000000,0.000000000,0.906250000,0.480559970,0.735973988,1.000000000,0.912771084,0.713235294,0.651020553,1.026734704,2.406738281,0.033632688,0.752366960,0.999999285,0.000098758,0.000005447,0.001182909
61,7.009000000,fused_map_f2f,1,1,0,0.008546160,0.011239403,1.000000000,1.000000000,0.100000000,0.010989011,0.010989011,0.036544994,0.002770083,1.000000000,0.000000000,0.000000000,0.000000000,0.000000000,0.000000000,0.967741935,0.544769752,0.798553062,1.000000000,0.914975845,0.669014085,0.612131728,1.024142115,2.504993677,0.034879934,0.752236903,0.999998927,0.000019173,-0.000017380,0.001456600
62,7.117000000,fused_map_f2f,1,1,0,0.005353564,0.008663457,1.000000000,1.000000000,0.100000000,0.010989011,0.010989011,0.036542486,0.002770083,1.000000000,0.000000000,0.000000000,0.000000000,0.000000000,0.000000000,0.906250000,0.536060082,0.758174033,1.000000000,0.913339825,0.669014085,0.611037207,1.024069147,2.588648796,0.032761969,0.752066493,0.999999285,0.000056068,-0.000003940,0.001199087
63,7.237000000,fused_map_f2f,1,1,0,0.008024013,0.011417240,1.000000000,1.000000000,0.100000000,0.010989011,0.010989011,0.036592717,0.002770083,1.000000000,0.000000000,0.000000000,0.000000000,0.000000000,0.000000000,0.937500000,0.444193321,0.740177329,1.000000000,0.916465476,0.690647482,0.632954573,1.025530305,2.685595274,0.032978166,0.752131701,0.999999285,0.000084381,0.000002368,0.001168180
64,7.323000000,fused_map_f2f,1,1,0,0.005912371,0.007543252,1.000000000,1.000000000,0.100000000,0.010989011,0.010989011,0.036613653,0.002770083,1.000000000,0.000000000,0.000000000,0.000000000,0.000000000,0.000000000,0.937500000,0.555840047,0.784836019,1.000000000,0.917271408,0.700000000,0.642089985,1.026139332,2.762116671,0.034431104,0.752141237,0.999999166,0.000152914,-0.000018584,0.001273687
65,7.429000000,fused_map_f2f,1,1,0,0.006270622,0.010673087,1.000000000,1.000000000,0.100000000,0.010989011,0.010989011,0.036667188,0.002770083,1.000000000,0.000000000,0.000000000,0.000000000,0.000000000,0.000000000,0.937500000,0.639263446,0.818205379,1.000000000,0.919284679,0.723880597,0.665452342,1.027696823,2.846320868,0.034298617,0.752082407,0.999999225,0.000166794,-0.000018854,0.001214229
66,7.501000000,fused_map_f2f,1,1,0,0.008432400,0.008027677,1.000000000,1.000000000,0.100000000,0.010989011,0.010989011,0.036591236,0.002770083,1.000000000,0.000000000,0.000000000,0.000000000,0.000000000,0.000000000,0.937500000,0.565268954,0.788607581,1.000000000,0.919128329,0.687943262,0.632308141,1.025487209,2.906025171,0.035187811,0.751844645,0.999999166,0.000139437,-0.000031487,0.001258880
67,7.617000000,fused_map_f2f,1,1,0,0.005161469,0.010394374,1.000000000,1.000000000,0.100000000,0.010989011,0.010989011,0.036596622,0.002770083,1.000000000,0.000000000,0.000000000,0.000000000,0.000000000,0.000000000,0.968750000,0.549711571,0.801134628,1.000000000,0.910318226,0.697183099,0.634658481,1.025643899,3.000323057,0.033844743,0.751496315,0.999999404,0.000164965,-0.000033172,0.001072486
68,7.729000000,fused_map_f2f,1,1,0,0.008110211,0.011397352,1.000000000,1.000000000,0.100000000,0.010989011,0.010989011,0.036585807,0.002770083,1.000000000,0.000000000,0.000000000,0.000000000,0.000000000,0.000000000,0.937500000,0.644032217,0.820112887,1.000000000,0.919711538,0.684931507,0.629939410,1.025329294,3.090008259,0.034265008,0.751688242,0.999999404,0.000204420,-0.000030644,0.001077338
69,7.824000000,fused_map_f2f,1,1,0,0.005653402,0.009750428,1.000000000,1.000000000,0.100000000,0.010989011,0.010989011,0.036626879,0.002770083,1.000000000,0.000000000,0.000000000,0.000000000,0.000000000,0.000000000,0.937500000,0.539729401,0.778391760,1.000000000,0.918905950,0.705035971,0.647861749,1.026524117,3.170504570,0.035111874,0.751416147,0.999999285,0.000239177,-0.000024212,0.001171689
70,7.902000000,fused_map_f2f,1,1,0,0.005913404,0.008063268,1.000000000,1.000000000,0.100000000,0.010989011,0.010989011,0.036628597,0.002770083,1.000000000,0.000000000,0.000000000,0.000000000,0.000000000,0.000000000,0.937500000,0.581662520,0.795165008,1.000000000,0.917228104,0.707142857,0.648611302,1.026574087,3.234053373,0.035805780,0.751124680,0.999999225,0.000174466,-0.000022795,0.001210218
71,8.017000000,fused_map_f2f,1,1,0,0.007477588,0.009760289,1.000000000,1.000000000,0.100000000,0.010989011,0.010989011,0.036676838,0.002770083,1.000000000,0.000000000,0.000000000,0.000000000,0.000000000,0.000000000,0.968750000,0.627382196,0.832202879,1.000000000,0.919942474,0.727941176,0.669664007,1.027977600,3.329630613,0.036690220,0.750744641,0.999999106,0.000263494,-0.000009889,0.001318637
72,8.127000000,fused_map_f2f,1,1,0,0.005697557,0.011311037,1.000000000,1.000000000,0.100000000,0.010989011,0.010989011,0.036669709,0.002770083,1.000000000,0.000000000,0.000000000,0.000000000,0.000000000,0.000000000,0.968750000,0.495694558,0.779527823,1.000000000,0.915668424,0.727941176,0.666552750,1.027770183,3.417596579,0.036450751,0.750994265,0.999999166,0.000318072,-0.000014165,0.001244336
73,8.205000000,fused_map_f2f,1,1,0,0.007937971,0.006531168,1.000000000,1.000000000,0.100000000,0.010989011,0.010989011,0.036657134,0.002770083,1.000000000,0.000000000,0.000000000,0.000000000,0.000000000,0.000000000,0.937500000,0.529051998,0.774120799,1.000000000,0.918879768,0.719424460,0.661064581,1.027404305,3.480621099,0.036413025,0.750759900,0.999999166,0.000309669,-0.000019353,0.001256402
74,8.323000000,fused_map_f2f,1,1,0,0.005577757,0.010019777,1.000000000,1.000000000,0.100000000,0.010989011,0.010989011,0.036701770,0.002770083,1.000000000,0.000000000,0.000000000,0.000000000,0.000000000,0.000000000,0.968750000,0.694533578,0.859063431,1.000000000,0.921141751,0.738805970,0.680545025,1.028703002,3.575585842,0.036200456,0.750946522,0.999999225,0.000386999,-0.000004051,0.001188928
75,8.397000000,fused_map_f2f,1,1,0,0.005940956,0.008542275,1.000000000,1.000000000,0.100000000,0.010989011,0.010989011,0.036735634,0.002770083,1.000000000,0.000000000,0.000000000,0.000000000,0.000000000,0.000000000,0.937500000,0.473799366,0.752019746,1.000000000,0.924783028,0.751879699,0.695325585,1.029688372,3.634863138,0.036246516,0.750914633,0.999999225,0.000378852,-0.000001797,0.001170195
76,8.508000000,fused_map_f2f,1,1,0,0.007334628,0.009381586,1.000000000,1.000000000,0.100000000,0.010989011,0.010989011,0.036695998,0.002770083,1.000000000,0.000000000,0.000000000,0.000000000,0.000000000,0.000000000,0.968750000,0.615079964,0.827281985,1.000000000,0.922115385,0.735294118,0.678026018,1.028535068,3.732183933,0.037919354,0.750480771,0.999999046,0.000424957,-0.000008947,0.001311065
77,8.621000000,fused_map_f2f,1,1,0,0.005880066,0.011460662,1.000000000,1.000000000,0.100000000,0.010989011,0.010989011,0.036712541,0.002770083,1.000000000,0.000000000,0.000000000,0.000000000,0.000000000,0.000000000,0.968750000,0.635665676,0.835516271,1.000000000,0.922707633,0.742647059,0.685246110,1.029016407,3.824470520,0.037416633,0.750591755,0.999999046,0.000395002,-0.000001704,0.001298754
78,8.726000000,fused_map_f2f,1,1,0,0.008259924,0.009725045,1.000000000,1.000000000,0.100000000,0.010989011,0.010989011,0.036790440,0.002770083,1.000000000,0.000000000,0.000000000,0.000000000,0.000000000,0.000000000,0.968750000,0.497396000,0.780208400,1.000000000,0.923741007,0.778625954,0.719248723,1.031283248,3.908587456,0.037036903,0.750593185,0.999999166,0.000408101,0.000002965,0.001202322
79,8.812000000,fused_map_f2f,1,1,0,0.005602598,0.009129117,1.000000000,1.000000000,0.100000000,0.010989011,0.010989011,0.036733013,0.002770083,1.000000000,0.000000000,0.000000000,0.000000000,0.000000000,0.000000000,0.968750000,0.559758005,0.805153202,1.000000000,0.923261391,0.751879699,0.694181497,1.029612100,3.981157303,0.038047962,0.750424266,0.999999046,0.000474567,-0.000016436,0.001271727
80,8.918000000,fused_map_f2f,1,1,0,0.007236431,0.011335986,1.000000000,1.000000000,0.100000000,0.010989011,0.010989011,0.036788800,0.002770083,1.000000000,0.000000000,0.000000000,0.000000000,0.000000000,0.000000000,0.968750000,0.544793607,0.799167443,1.000000000,0.924844423,0.776923077,0.718532975,1.031235532,4.067107677,0.037876625,0.750364900,0.999999106,0.000466194,-0.000009602,0.001261335
81,9.016000000,fused_map_f2f,1,1,0,0.006638777,0.010097756,1.000000000,1.000000000,0.100000000,0.010989011,0.010989011,0.036686328,0.002770083,1.000000000,0.000000000,0.000000000,0.000000000,0.000000000,0.000000000,0.968750000,0.590243470,0.817347388,1.000000000,0.923113658,0.729927007,0.673805590,1.028253706,4.147877693,0.038339939,0.750403404,0.999999046,0.000509125,-0.000011739,0.001268798
82,9.098000000,fused_map_f2f,1,1,0,0.005693992,0.008536410,1.000000000,1.000000000,0.100000000,0.010989011,0.010989011,0.036739556,0.002770083,1.000000000,0.000000000,0.000000000,0.000000000,0.000000000,0.000000000,0.968750000,0.538702943,0.796731177,1.000000000,0.922744722,0.755395683,0.697037380,1.029802492,4.212728024,0.038575787,0.750288129,0.999999106,0.000468347,-0.000002238,0.001234831
83,9.205000000,fused_map_f2f,1,1,0,0.008499519,0.008950040,1.000000000,1.000000000,0.100000000,0.010989011,0.010989011,0.036732134,0.002770083,1.000000000,0.000000000,0.000000000,0.000000000,0.000000000,0.000000000,0.968750000,0.581099284,0.813689713,1.000000000,0.922818792,0.751824818,0.693798070,1.029586538,4.301839352,0.038704075,0.750017345,0.999999046,0.000558650,-0.000002387,0.001262370
84,9.326000000,fused_map_f2f,1,1,0,0.005540874,0.012094628,1.000000000,1.000000000,0.100000000,0.010989011,0.010989011,0.036727899,0.002770083,1.000000000,0.000000000,0.000000000,0.000000000,0.000000000,0.000000000,0.968750000,0.557562898,0.804275159,1.000000000,0.922599140,0.750000000,0.691949355,1.029463290,4.399209023,0.038967073,0.750231087,0.999999106,0.000525922,-0.000000357,0.001244054
85,9.397000000,fused_map_f2f,1,1,0,0.006647530,0.006521848,1.000000000,1.000000000,0.100000000,0.010989011,0.010989011,0.036721264,0.002770083,1.000000000,0.000000000,0.000000000,0.000000000,0.000000000,0.000000000,0.939393939,0.579921385,0.795604918,1.000000000,0.918738050,0.750000000,0.689053537,1.029270236,4.455798626,0.038916763,0.750272453,0.999999166,0.000504000,0.000010454,0.001158806
86,9.523000000,fused_map_f2f,1,1,0,0.006046793,0.012620292,1.000000000,1.000000000,0.100000000,0.010989011,0.010989011,0.036723789,0.002770083,1.000000000,0.000000000,0.000000000,0.000000000,0.000000000,0.000000000,0.939393939,0.542875365,0.780786510,1.000000000,0.924808429,0.746268657,0.690155544,1.029343703,4.562382698,0.038344592,0.750703275,0.999999106,0.000462816,-0.000003549,0.001241046
87,9.599000000,fused_map_f2f,1,1,0,0.005780723,0.008203849,1.000000000,1.000000000,0.100000000,0.010989011,0.010989011,0.036809314,0.002770083,1.000000000,0.000000000,0.000000000,0.000000000,0.000000000,0.000000000,0.939393939,0.546115847,0.782082702,1.000000000,0.925251557,0.786259542,0.727487866,1.031832524,4.622395515,0.038742572,0.750753343,0.999999106,0.000573071,-0.000025100,0.001221234
88,9.711000000,fused_map_f2f,1,1,0,0.007959969,0.009312007,1.000000000,1.000000000,0.100000000,0.010989011,0.010989011,0.036775065,0.002770083,1.000000000,0.000000000,0.000000000,0.000000000,0.000000000,0.000000000,0.969696970,0.485506502,0.776020783,1.000000000,0.929691211,0.766423358,0.712537060,1.030835804,4.714317322,0.038260728,0.750660598,0.999999166,0.000432553,-0.000019075,0.001177381
89,9.825000000,fused_map_f2f,1,1,0,0.005501138,0.011839253,1.000000000,1.000000000,0.100000000,0.010989011,0.010989011,0.036723265,0.002770083,1.000000000,0.000000000,0.000000000,0.000000000,0.000000000,0.000000000,0.939393939,0.614373028,0.809385575,1.000000000,0.926666667,0.744525547,0.689927007,1.029328467,4.807764530,0.038849480,0.750775337,0.999999166,0.000457895,-0.000027693,0.001194607
90,9.900000000,fused_map_f2f,1,1,0,0.007278744,0.008437803,1.000000000,1.000000000,0.100000000,0.010989011,0.010989011,0.036706928,0.002770083,1.000000000,0.000000000,0.000000000,0.000000000,0.000000000,0.000000000,0.939393939,0.583937700,0.797211443,1.000000000,0.925714286,0.737588652,0.682796353,1.028853090,4.867846489,0.038719226,0.750862598,0.999999166,0.000435964,-0.000022391,0.001181839
91,10.017000000,fused_map_f2f,1,1,0,0.005917121,0.010219697,1.000000000,1.000000000,0.100000000,0.010989011,0.010989011,0.036645006,0.002770083,1.000000000,0.000000000,0.000000000,0.000000000,0.000000000,0.000000000,0.969696970,0.509897694,0.785777259,1.000000000,0.928469242,0.706293706,0.655771982,1.027051465,4.964241982,0.038956799,0.750768363,0.999999166,0.000367679,-0.000029211,0.001206211
92,10.124000000,fused_map_f2f,1,1,0,0.006388378,0.010905016,1.000000000,1.000000000,0.100000000,0.010989011,0.010989011,0.036661285,0.002770083,1.000000000,0.000000000,0.000000000,0.000000000,0.000000000,0.000000000,0.969696970,0.523153128,0.791079433,1.000000000,0.928026692,0.714285714,0.662876209,1.027525081,5.049885273,0.037938107,0.750540555,0.999999285,0.000382542,-0.000036065,0.001145537
93,10.201000000,fused_map_f2f,1,1,0,0.007990511,0.008407382,1.000000000,1.000000000,0.100000000,0.010989011,0.010989011,0.036693154,0.002770083,1.000000000,0.000000000,0.000000000,0.000000000,0.000000000,0.000000000,0.969696970,0.566901474,0.808578772,1.000000000,0.924715909,0.731884058,0.676784832,1.028452322,5.111245155,0.038158644,0.750739157,0.999999285,0.000370449,-0.000030786,0.001140957
94,10.310000000,fused_map_f2f,1,1,0,0.005503684,0.009638507,1.000000000,1.000000000,0.100000000,0.010989011,0.010989011,0.036764502,0.002770083,1.000000000,0.000000000,0.000000000,0.000000000,0.000000000,0.000000000,0.969696970,0.575348109,0.811957425,1.000000000,0.925749643,0.764705882,0.707926198,1.030528413,5.200962543,0.039754208,0.750945330,0.999999225,0.000384939,-0.000014885,0.001183294
95,10.420000000,fused_map_f2f,1,1,0,0.008158597,0.011576153,1.000000000,1.000000000,0.100000000,0.010989011,0.010989011,0.036726975,0.002770083,1.000000000,0.000000000,0.000000000,0.000000000,0.000000000,0.000000000,0.969696970,0.546018505,0.800225584,1.000000000,0.924278277,0.748201439,0.691546337,1.029436422,5.289374352,0.039850455,0.750930429,0.999999225,0.000370757,-0.000007281,0.001186642
96,10.497000000,fused_map_f2f,1,1,0,0.006260588,0.007741696,1.000000000,1.000000000,0.100000000,0.010989011,0.010989011,0.036756134,0.002770083,1.000000000,0.000000000,0.000000000,0.000000000,0.000000000,0.000000000,0.969696970,0.588848590,0.817357618,1.000000000,0.923076923,0.762962963,0.704273504,1.030284900,5.354010582,0.040304195,0.751080096,0.999999166,0.000344060,-0.000019482,0.001259761
97,10.605000000,fused_map_f2f,1,1,0,0.005956144,0.009984555,1.000000000,1.000000000,0.100000000,0.010989011,0.010989011,0.036760912,0.002770083,1.000000000,0.000000000,0.000000000,0.000000000,0.000000000,0.000000000,0.941176471,0.541851545,0.781446500,1.000000000,0.927962085,0.761194030,0.706359199,1.030423947,5.437663555,0.038411949,0.750988305,0.999999344,0.000387589,-0.000035924,0.001048124
98,10.711000000,fused_map_f2f,1,1,0,0.007275494,0.011013068,1.000000000,1.000000000,0.100000000,0.010989011,0.010989011,0.036724120,0.002770083,1.000000000,0.000000000,0.000000000,0.000000000,0.000000000,0.000000000,0.941176471,0.539602556,0.780546905,1.000000000,0.922677982,0.748148148,0.690299824,1.029353322,5.525288105,0.039222438,0.751366913,0.999999285,0.000436619,-0.000026044,0.001096539
99,10.829000000,fused_map_f2f,1,1,0,0.005518121,0.013284746,1.000000000,1.000000000,0.100000000,0.010989011,0.010989011,0.036667989,0.002770083,1.000000000,0.000000000,0.000000000,0.000000000,0.000000000,0.000000000,0.941176471,0.761761826,0.869410613,1.000000000,0.922893860,0.721428571,0.665801999,1.027720133,5.622964859,0.039266791,0.751623929,0.999999285,0.000426792,-0.000024345,0.001084674
100,10.904000000,fused_map_f2f,1,1,0,0.007780836,0.008420972,1.000000000,1.000000000,0.100000000,0.010989011,0.010989011,0.036714411,0.002770083,1.000000000,0.000000000,0.000000000,0.000000000,0.000000000,0.000000000,0.970588235,0.574363238,0.812098236,1.000000000,0.921475875,0.744525547,0.686062330,1.029070822,5.682855129,0.039714515,0.751613677,0.999999285,0.000407567,-0.000025892,0.001099245
101,11.021000000,fused_map_f2f,1,1,0,0.005674861,0.010488443,1.000000000,1.000000000,0.100000000,0.010989011,0.010989011,0.036708507,0.002770083,1.000000000,0.000000000,0.000000000,0.000000000,0.000000000,0.000000000,0.970588235,0.582716985,0.815439735,1.000000000,0.924715909,0.739130435,0.683485672,1.028899045,5.782338142,0.040581815,0.751354694,0.999999225,0.000354161,-0.000019942,0.001185919
102,11.101000000,fused_map_f2f,1,1,0,0.006357502,0.008992510,1.000000000,1.000000000,0.100000000,0.010989011,0.010989011,0.036778907,0.002770083,1.000000000,0.000000000,0.000000000,0.000000000,0.000000000,0.000000000,0.970588235,0.603677584,0.823823975,1.000000000,0.922238028,0.774436090,0.714214412,1.030947627,5.846513748,0.040749703,0.751224995,0.999999225,0.000332817,-0.000019601,0.001187261
103,11.217000000,fused_map_f2f,1,1,0,0.006816528,0.009881740,1.000000000,1.000000000,0.100000000,0.010989011,0.010989011,0.036757582,0.002770083,1.000000000,0.000000000,0.000000000,0.000000000,0.000000000,0.000000000,0.970588235,0.661115589,0.846799177,1.000000000,0.917061611,0.768656716,0.704905567,1.030327038,5.945136070,0.043297343,0.750883043,0.999998987,0.000312015,-0.000014605,0.001371212
104,11.330000000,fused_map_f2f,1,1,0,0.006324962,0.011913830,1.000000000,1.000000000,0.100000000,0.010989011,0.010989011,0.036741962,0.002770083,1.000000000,0.000000000,0.000000000,0.000000000,0.000000000,0.000000000,0.970588235,0.537606028,0.797395352,1.000000000,0.921475875,0.757575758,0.698087784,1.029872519,6.036117077,0.043301124,0.751035571,0.999999046,0.000320999,-0.000021839,0.001342313
105,11.403000000,fused_map_f2f,1,1,0,0.008357133,0.006608049,1.000000000,1.000000000,0.100000000,0.010989011,0.010989011,0.036756560,0.002770083,1.000000000,0.000000000,0.000000000,0.000000000,0.000000000,0.000000000,0.970588235,0.575043654,0.812370403,1.000000000,0.920679887,0.765151515,0.704459610,1.030297307,6.095956326,0.042441174,0.751103222,0.999999106,0.000282873,-0.000022027,0.001305798
106,11.510000000,fused_map_f2f,1,1,0,0.005860717,0.011288519,1.000000000,1.000000000,0.100000000,0.010989011,0.010989011,0.036710550,0.002770083,1.000000000,0.000000000,0.000000000,0.000000000,0.000000000,0.000000000,0.942857143,0.564053491,0.791335682,1.000000000,0.919415646,0.744360902,0.684377060,1.028958471,6.186708450,0.043581735,0.751429081,0.999998987,0.000157644,-0.000024439,0.001411358
107,11.596000000,fused_map_f2f,1,1,0,0.006842692,0.008486102,1.000000000,1.000000000,0.100000000,0.010989011,0.010989011,0.036718938,0.002770083,1.000000000,0.000000000,0.000000000,0.000000000,0.000000000,0.000000000,0.942857143,0.670965148,0.834100345,1.000000000,0.924334423,0.744360902,0.688038405,1.029202560,6.255622864,0.043399435,0.751480401,0.999999046,0.000206268,-0.000018633,0.001363497
108,11.704000000,fused_map_f2f,1,1,0,0.006882442,0.011641877,1.000000000,1.000000000,0.100000000,0.010989011,0.010989011,0.036740010,0.002770083,1.000000000,0.000000000,0.000000000,0.000000000,0.000000000,0.000000000,0.942857143,0.547532952,0.784727466,1.000000000,0.922605002,0.755725191,0.697235841,1.029815723,6.345232010,0.044477988,0.751239717,0.999998868,0.000162583,-0.000043597,0.001502443
109,11.819000000,fused_map_f2f,1,1,0,0.006350036,0.011737755,1.000000000,1.000000000,0.100000000,0.010989011,0.010989011,0.036712676,0.002770083,1.000000000,0.000000000,0.000000000,0.000000000,0.000000000,0.000000000,0.971428571,0.636084451,0.837290923,1.000000000,0.922787194,0.742647059,0.685305196,1.029020346,6.436510563,0.043644521,0.751073241,0.999999046,0.000037674,-0.000013078,0.001392997
110,11.924000000,fused_map_f2f,1,1,0,0.007727566,0.010926399,1.000000000,1.000000000,0.100000000,0.010989011,0.010989011,0.036749185,0.002770083,1.000000000,0.000000000,0.000000000,0.000000000,0.000000000,0.000000000,0.971428571,0.612284002,0.827770744,1.000000000,0.921237693,0.761194030,0.701240632,1.030082709,6.526264191,0.046572458,0.750974178,0.999998808,-0.000007170,-0.000009923,0.001557578
111,12.002000000,fused_map_f2f,1,1,0,0.006049527,0.009102417,1.000000000,1.000000000,0.100000000,0.010989011,0.010989011,0.036766207,0.002770083,1.000000000,0.000000000,0.000000000,0.000000000,0.000000000,0.000000000,0.971428571,0.584503555,0.816658565,1.000000000,0.924050633,0.766917293,0.708670410,1.030578027,6.588618279,0.046340983,0.751094878,0.999998868,0.000005096,-0.000022967,0.001517509
112,12.124000000,fused_map_f2f,1,1,0,0.008399161,0.011469699,1.000000000,1.000000000,0.100000000,0.010989011,0.010989011,0.036757337,0.002770083,1.000000000,0.000000000,0.000000000,0.000000000,0.000000000,0.000000000,0.971428571,0.644542877,0.840674294,1.000000000,0.928101504,0.759398496,0.704798886,1.030319926,6.687082291,0.046039738,0.751112282,0.999998987,-0.000025823,-0.000005720,0.001431278
113,12.200000000,fused_map_f2f,1,1,0,0.006488849,0.009471259,1.000000000,1.000000000,0.100000000,0.010989011,0.010989011,0.036774923,0.002770083,1.000000000,0.000000000,0.000000000,0.000000000,0.000000000,0.000000000,0.944444444,0.632160821,0.819530995,1.000000000,0.922825070,0.772058824,0.712475238,1.030831683,6.751786709,0.043656871,0.751181245,0.999998987,-0.000211017,-0.000028899,0.001385656
114,12.314000000,fused_map_f2f,1,1,0,0.006236200,0.010879394,1.000000000,1.000000000,0.100000000,0.010989011,0.010989011,0.036758622,0.002770083,1.000000000,0.000000000,0.000000000,0.000000000,0.000000000,0.000000000,0.944444444,0.590241643,0.802763324,1.000000000,0.922393642,0.764705882,0.705359844,1.030357323,6.841911793,0.040791091,0.750574470,0.999999285,-0.000272347,-0.000026449,0.001158805
115,12.420000000,fused_map_f2f,1,1,0,0.007095312,0.010956050,1.000000000,1.000000000,0.100000000,0.010989011,0.010989011,0.036805717,0.002770083,1.000000000,0.000000000,0.000000000,0.000000000,0.000000000,0.000000000,0.972222222,0.589319791,0.819061250,1.000000000,0.928337237,0.781954887,0.725917839,1.031727856,6.927378654,0.041042883,0.750613451,0.999999285,-0.000232389,-0.000017660,0.001135758
116,12.529000000,fused_map_f2f,1,1,0,0.005575036,0.010308941,1.000000000,1.000000000,0.100000000,0.010989011,0.010989011,0.036799351,0.002770083,1.000000000,0.000000000,0.000000000,0.000000000,0.000000000,0.000000000,0.972222222,0.690728707,0.859624816,1.000000000,0.922862454,0.783582090,0.723138490,1.031542566,7.015546322,0.040857710,0.750745237,0.999999344,-0.000233234,-0.000001714,0.001087692
117,12.607000000,fused_map_f2f,1,1,0,0.007542358,0.009030613,1.000000000,1.000000000,0.100000000,0.010989011,0.010989011,0.036781556,0.002770083,1.000000000,0.000000000,0.000000000,0.000000000,0.000000000,0.000000000,0.972222222,0.562065760,0.808159637,1.000000000,0.917833800,0.779411765,0.715370462,1.031024697,7.079991341,0.039541449,0.750852525,0.999999404,-0.000218061,-0.000010397,0.001043630
118,12.715000000,fused_map_f2f,1,1,0,0.005684417,0.010892610,1.000000000,1.000000000,0.100000000,0.010989011,0.010989011,0.036820209,0.002770083,1.000000000,0.000000000,0.000000000,0.000000000,0.000000000,0.000000000,0.945945946,0.616734102,0.814261208,1.000000000,0.927509294,0.789473684,0.732244179,1.032149612,7.166848660,0.039704066,0.751016021,0.999999464,-0.000154151,0.000000728,0.000998440
119,12.796000000,fused_map_f2f,1,1,0,0.005655623,0.009616878,1.000000000,1.000000000,0.100000000,0.010989011,0.010989011,0.036748451,0.002770083,1.000000000,0.000000000,0.000000000,0.000000000,0.000000000,0.000000000,0.945945946,0.557766669,0.790674235,1.000000000,0.923327138,0.759124088,0.700919871,1.030061325,7.231518269,0.039312463,0.751006961,0.999999464,-0.000248153,-0.000003661,0.000957901
120,12.906000000,fused_map_f2f,1,1,0,0.007087189,0.010139664,1.000000000,1.000000000,0.100000000,0.010989011,0.010989011,0.036757835,0.002770083,1.000000000,0.000000000,0.000000000,0.000000000,0.000000000,0.000000000,0.972972973,0.601766473,0.824490373,1.000000000,0.924502084,0.762589928,0.705015978,1.030334399,7.322423458,0.039177645,0.751048923,0.999999523,-0.000313529,-0.000043341,0.000915796
121,13.019000000,fused_map_f2f,1,1,0,0.005298659,0.012094909,1.000000000,1.000000000,0.100000000,0.010989011,0.010989011,0.036776234,0.002770083,1.000000000,0.000000000,0.000000000,0.000000000,0.000000000,0.000000000,0.972972973,0.584463465,0.817569170,1.000000000,0.928307123,0.768115942,0.713047500,1.030869833,7.412967205,0.039139636,0.751039028,0.999999523,-0.000323220,-0.000027416,0.000883405
122,13.124000000,fused_map_f2f,1,1,0,0.007850177,0.009706184,1.000000000,1.000000000,0.100000000,0.010989011,0.010989011,0.036743966,0.002770083,1.000000000,0.000000000,0.000000000,0.000000000,0.000000000,0.000000000,0.972972973,0.615477113,0.829974629,1.000000000,0.929752066,0.751773050,0.698962546,1.029930836,7.498692036,0.039138239,0.750854194,0.999999583,-0.000292364,-0.000014309,0.000860466
123,13.228000000,fused_map_f2f,1,1,0,0.005388330,0.011882673,1.000000000,1.000000000,0.100000000,0.010989011,0.010989011,0.036691141,0.002770083,1.000000000,0.000000000,0.000000000,0.000000000,0.000000000,0.000000000,0.947368421,0.578981311,0.800013577,1.000000000,0.924588665,0.731034483,0.675906197,1.028393746,7.588648319,0.041269928,0.750914395,0.999999464,-0.000307533,-0.000040739,0.000973266
124,13.329000000,fused_map_f2f,1,1,0,0.007087495,0.011130440,1.000000000,1.000000000,0.100000000,0.010989011,0.010989011,0.036780805,0.002770083,1.000000000,0.000000000,0.000000000,0.000000000,0.000000000,0.000000000,1.000000000,0.647812166,0.859124866,1.000000000,0.926907264,0.771428571,0.715042746,1.031002850,7.670104980,0.041219201,0.750950456,0.999999523,-0.000316238,-0.000035532,0.000940272
125,13.403000000,fused_map_f2f,1,1,0,0.006786114,0.008553575,1.000000000,1.000000000,0.100000000,0.010989011,0.010989011,0.036832008,0.002770083,1.000000000,0.000000000,0.000000000,0.000000000,0.000000000,0.000000000,0.973684211,0.593923317,0.821779853,1.000000000,0.928571429,0.794117647,0.737394958,1.032492997,7.729477882,0.040852543,0.750841200,0.999999523,-0.000298654,-0.000029336,0.000897989
126,13.510000000,fused_map_f2f,1,1,0,0.005280226,0.010614867,1.000000000,1.000000000,0.100000000,0.010989011,0.010989011,0.036790361,0.002770083,1.000000000,0.000000000,0.000000000,0.000000000,0.000000000,0.000000000,0.947368421,0.629866706,0.820367735,1.000000000,0.930359581,0.773049645,0.719214144,1.031280943,7.815681458,0.038823344,0.750863433,0.999999583,-0.000433241,-0.000053316,0.000750714
127,13.622000000,fused_map_f2f,1,1,0,0.007671574,0.057257333,1.000000000,1.000000000,0.100000000,0.010989011,0.010989011,0.036665878,0.002770083,1.000000000,0.000000000,0.000000000,0.000000000,0.000000000,0.000000000,0.902439024,0.691446742,0.818042112,1.000000000,0.927173418,0.717105263,0.664880938,1.027658729,7.908604145,0.040439174,0.750315487,0.999999642,-0.000302121,-0.000035201,0.000817139
128,13.696000000,fused_map_f2f,1,1,0,0.005487221,0.011800475,1.000000000,1.000000000,0.100000000,0.010989011,0.010989011,0.036702379,0.002770083,1.000000000,0.000000000,0.000000000,0.000000000,0.000000000,0.000000000,0.880952381,0.643973664,0.786160894,1.000000000,0.928378378,0.733333333,0.680810811,1.028720721,7.965762138,0.036831100,0.750905037,0.999999702,-0.000448875,-0.000045819,0.000611875
129,13.806000000,fused_map_f2f,1,1,0,0.006026583,0.012130964,1.000000000,1.000000000,0.100000000,0.010989011,0.010989011,0.036656797,0.002770083,1.000000000,0.000000000,0.000000000,0.000000000,0.000000000,0.000000000,0.818181818,0.641773197,0.747618370,1.000000000,0.930180180,0.710526316,0.660917496,1.027394500,8.051117897,0.034698408,0.750659704,0.999999702,-0.000543188,-0.000057773,0.000501919
130,13.917000000,fused_map_f2f,1,1,0,0.006184359,0.012214947,1.000000000,1.000000000,0.100000000,0.010989011,0.010989011,0.036665006,0.002770083,1.000000000,0.000000000,0.000000000,0.000000000,0.000000000,0.000000000,0.863636364,0.826917619,0.848948866,1.000000000,0.926642664,0.717105263,0.664500332,1.027633355,8.139559746,0.034010738,0.750740528,0.999999762,-0.000563103,-0.000049133,0.000431418
131,14.023000000,fused_map_f2f,1,1,0,0.005301298,0.014062404,1.000000000,1.000000000,0.100000000,0.010989011,0.010989011,0.036682367,0.002770083,1.000000000,0.000000000,0.000000000,0.000000000,0.000000000,0.000000000,0.837209302,0.663396041,0.767683998,1.000000000,0.924876293,0.726666667,0.672076773,1.028138452,8.223173141,0.032812081,0.751095116,0.999999762,-0.000607175,-0.000046207,0.000353346
132,14.100000000,fused_map_f2f,1,1,0,0.007245209,0.010416137,1.000000000,1.000000000,0.100000000,0.010989011,0.010989011,0.036649361,0.002770083,1.000000000,0.000000000,0.000000000,0.000000000,0.000000000,0.000000000,0.822222222,0.632495075,0.746331363,1.000000000,0.926720286,0.709677419,0.657672461,1.027178164,8.284236908,0.032482501,0.751177490,0.999999762,-0.000551246,-0.000050765,0.000341141
133,14.205000000,fused_map_f2f,1,1,0,0.005322927,0.010691142,1.000000000,1.000000000,0.100000000,0.010989011,0.010989011,0.036682379,0.002770083,1.000000000,0.000000000,0.000000000,0.000000000,0.000000000,0.000000000,0.826086957,0.650918850,0.756019714,1.000000000,0.932438479,0.720779221,0.672082280,1.028138819,8.370365143,0.032260999,0.751303136,0.999999762,-0.000589886,-0.000046198,0.000325875
134,14.314000000,fused_map_f2f,1,1,0,0.006086107,0.012007123,1.000000000,1.000000000,0.100000000,0.010989011,0.010989011,0.036696258,0.002770083,1.000000000,0.000000000,0.000000000,0.000000000,0.000000000,0.000000000,0.826086957,0.539678171,0.711523442,1.000000000,0.930191196,0.729032258,0.678139388,1.028542626,8.456212044,0.031194936,0.751394153,0.999999762,-0.000625807,-0.000051678,0.000264385
135,14.425000000,fused_map_f2f,1,1,0,0.005934630,0.012561868,1.000000000,1.000000000,0.100000000,0.010989011,0.010989011,0.036697089,0.002770083,1.000000000,0.000000000,0.000000000,0.000000000,0.000000000,0.000000000,0.826086957,0.713805537,0.781174389,1.000000000,0.928476821,0.730769231,0.678502292,1.028566819,8.544604301,0.030936560,0.751621425,0.999999702,-0.000708819,-0.000076052,0.000220579
136,14.505000000,fused_map_f2f,1,1,0,0.004929143,0.010731331,1.000000000,1.000000000,0.100000000,0.010989011,0.010989011,0.036709538,0.002770083,1.000000000,0.000000000,0.000000000,0.000000000,0.000000000,0.000000000,0.847826087,0.642440986,0.765672047,1.000000000,0.931567329,0.734177215,0.683935507,1.028929034,8.606468201,0.030099379,0.751621962,0.999999762,-0.000664564,-0.000075524,0.000171376
137,14.610000000,fused_map_f2f,1,1,0,0.007380258,0.011943985,1.000000000,1.000000000,0.100000000,0.010989011,0.010989011,0.036635517,0.002770083,1.000000000,0.000000000,0.000000000,0.000000000,0.000000000,0.000000000,0.891304348,0.727157556,0.825645631,1.000000000,0.931718062,0.699386503,0.651631037,1.026775402,8.690980911,0.029088143,0.751336277,0.999999762,-0.000638831,-0.000076564,0.000112541
138,14.737000000,fused_map_f2f,1,1,0,0.004875762,0.014644823,1.000000000,1.000000000,0.100000000,0.010989011,0.010989011,0.036654878,0.002770083,1.000000000,0.000000000,0.000000000,0.000000000,0.000000000,0.000000000,0.891304348,0.864757196,0.880685487,1.000000000,0.932218310,0.708074534,0.660080045,1.027338670,8.789669037,0.027174864,0.751047969,0.999999821,-0.000605744,-0.000080043,-0.000005863
139,14.815000000,fused_map_f2f,1,1,0,0.005735943,0.010960728,1.000000000,1.000000000,0.100000000,0.010989011,0.010989011,0.036644143,0.002770083,1.000000000,0.000000000,0.000000000,0.000000000,0.000000000,0.000000000,0.872340426,0.937671574,0.898472885,1.000000000,0.931351115,0.703703704,0.655395229,1.027026349,8.850337029,0.026864165,0.751179159,0.999999821,-0.000600923,-0.000077681,-0.000016839
140,14.896000000,fused_map_f2f,1,1,0,0.007104015,0.010687478,1.000000000,1.000000000,0.100000000,0.010989011,0.010989011,0.036658559,0.002770083,1.000000000,0.000000000,0.000000000,0.000000000,0.000000000,0.000000000,0.893617021,0.697642231,0.815227105,1.000000000,0.932114883,0.709876543,0.661686491,1.027445766,8.913573265,0.025560927,0.751734674,0.999999762,-0.000681390,-0.000098898,-0.000084192
141,15.005000000,fused_map_f2f,1,1,0,0.005474101,0.009972444,1.000000000,1.000000000,0.100000000,0.010989011,0.010989011,0.036647723,0.002770083,1.000000000,0.000000000,0.000000000,0.000000000,0.000000000,0.000000000,0.893617021,0.680506918,0.808372980,1.000000000,0.935329861,0.702380952,0.656957879,1.027130525,8.997236252,0.025091242,0.751409531,0.999999762,-0.000652559,-0.000085395,-0.000135616
142,15.111000000,fused_map_f2f,1,1,0,0.007934625,0.013608775,1.000000000,1.000000000,0.100000000,0.010989011,0.010989011,0.036638723,0.002770083,1.000000000,0.000000000,0.000000000,0.000000000,0.000000000,0.000000000,0.875000000,0.894857880,0.882943152,1.000000000,0.932900433,0.700000000,0.653030303,1.026868687,9.080287933,0.024253169,0.751498520,0.999999702,-0.000701914,-0.000082163,-0.000155499
143,15.198000000,fused_map_f2f,1,1,0,0.007004554,0.011156110,1.000000000,1.000000000,0.100000000,0.010989011,0.010989011,0.036621240,0.002770083,1.000000000,0.000000000,0.000000000,0.000000000,0.000000000,0.000000000,0.937500000,1.000000000,0.962500000,1.000000000,0.935831180,0.689655172,0.645400814,1.026360054,9.148924828,0.024457484,0.751240969,0.999999702,-0.000735733,-0.000102323,-0.000124827
144,15.300000000,fused_map_f2f,1,1,0,0.006951162,0.011884668,1.000000000,1.000000000,0.100000000,0.010989011,0.010989011,0.036703686,0.002770083,1.000000000,0.000000000,0.000000000,0.000000000,0.000000000,0.000000000,0.914893617,0.821260597,0.877440409,1.000000000,0.937580715,0.726744186,0.681381333,1.028758756,9.223862648,0.022514090,0.751791537,0.999999642,-0.000770466,-0.000118829,-0.000261951
145,15.416000000,fused_map_f2f,1,1,0,0.009398203,0.014544098,1.000000000,1.000000000,0.100000000,0.010989011,0.010989011,0.036672475,0.002770083,1.000000000,0.000000000,0.000000000,0.000000000,0.000000000,0.000000000,0.897959184,0.943917735,0.916342604,1.000000000,0.937017995,0.712643678,0.667759950,1.027850663,9.311940193,0.020631837,0.751503706,0.999999583,-0.000802124,-0.000105986,-0.000336435
146,15.524000000,fused_map_f2f,1,1,0,0.007794136,0.013260761,1.000000000,1.000000000,0.100000000,0.010989011,0.010989011,0.036662855,0.002770083,1.000000000,0.000000000,0.000000000,0.000000000,0.000000000,0.000000000,0.937500000,0.815882329,0.888852932,1.000000000,0.932145886,0.711864407,0.663561478,1.027570765,9.396238327,0.022158239,0.751621187,0.999999642,-0.000738692,-0.000110521,-0.000288094
147,15.598000000,fused_map_f2f,1,1,0,0.009659982,0.010854118,1.000000000,1.000000000,0.100000000,0.010989011,0.010989011,0.036725480,0.002770083,1.000000000,0.000000000,0.000000000,0.000000000,0.000000000,0.000000000,0.875000000,0.724496155,0.814798462,1.000000000,0.933786078,0.739884393,0.690893746,1.029392916,9.451548576,0.019732606,0.751380742,0.999999583,-0.000802725,-0.000102061,-0.000383997
148,15.703000000,fused_map_f2f,1,1,0,0.011184787,0.012410535,1.000000000,1.000000000,0.100000000,0.010989011,0.010989011,0.036716772,0.002770083,1.000000000,0.000000000,0.000000000,0.000000000,0.000000000,0.000000000,0.877551020,0.740295776,0.822648922,1.000000000,0.936944562,0.733333333,0.687092679,1.029139512,9.536789894,0.022350581,0.752023160,0.999999583,-0.000852718,-0.000100448,-0.000229887
149,15.810000000,fused_map_f2f,1,1,0,0.010867076,0.012700153,1.000000000,1.000000000,0.100000000,0.010989011,0.010989011,0.036755812,0.002770083,1.000000000,0.000000000,0.000000000,0.000000000,0.000000000,0.000000000,0.918367347,0.713064996,0.836246406,1.000000000,0.938844369,0.750000000,0.704133277,1.030275552,9.616514206,0.020836040,0.752105296,0.999999523,-0.000904675,-0.000117765,-0.000334090
150,15.925000000,fused_map_f2f,1,1,0,0.014959574,0.014378780,1.000000000,1.000000000,0.100000000,0.010989011,0.010989011,0.036762933,0.002770083,1.000000000,0.000000000,0.000000000,0.000000000,0.000000000,0.000000000,0.897959184,0.616583487,0.785408905,1.000000000,0.937630808,0.754285714,0.707241524,1.030482768,9.703260422,0.018810213,0.752113640,0.999999523,-0.000903685,-0.000116449,-0.000400439
151,16.000000000,fused_map_f2f,1,1,0,0.013230837,0.010768558,1.000000000,1.000000000,0.100000000,0.010989011,0.010989011,0.036778283,0.002770083,1.000000000,0.000000000,0.000000000,0.000000000,0.000000000,0.000000000,0.918367347,0.584682231,0.784893300,1.000000000,0.939673230,0.759776536,0.713941672,1.030929445,9.759571075,0.018806562,0.752136052,0.999999523,-0.000880795,-0.000118964,-0.000402486
152,16.111000000,fused_map_f2f,1,1,0,0.014891295,0.012355184,1.000000000,1.000000000,0.100000000,0.010989011,0.010989011,0.036705338,0.002770083,1.000000000,0.000000000,0.000000000,0.000000000,0.000000000,0.000000000,0.918367347,0.548643967,0.770477995,1.000000000,0.937890788,0.727272727,0.682102391,1.028806826,9.843794823,0.017840842,0.752638280,0.999999404,-0.000955064,-0.000134971,-0.000425062
153,16.202000000,fused_map_f2f,1,1,0,0.016761625,0.011085008,1.000000000,1.000000000,0.100000000,0.010989011,0.010989011,0.036734640,0.002770083,1.000000000,0.000000000,0.000000000,0.000000000,0.000000000,0.000000000,0.918367347,0.626239073,0.801516037,1.000000000,0.938622129,0.740331492,0.694891521,1.029659435,9.912357330,0.018276768,0.752600253,0.999999464,-0.000968492,-0.000136234,-0.000418162
154,16.309000000,fused_map_f2f,1,1,0,0.015758562,0.014201508,1.000000000,1.000000000,0.100000000,0.010989011,0.010989011,0.036761233,0.002770083,1.000000000,0.000000000,0.000000000,0.000000000,0.000000000,0.000000000,0.918367347,0.670707257,0.819303311,1.000000000,0.940267335,0.751381215,0.706499213,1.030433281,9.992348671,0.017799089,0.752820969,0.999999404,-0.000997297,-0.000140553,-0.000453244
155,16.411000000,fused_map_f2f,1,1,0,0.018015882,0.013236509,1.000000000,1.000000000,0.100000000,0.010989011,0.010989011,0.036766541,0.002770083,1.000000000,0.000000000,0.000000000,0.000000000,0.000000000,0.000000000,0.897959184,0.728775739,0.830285806,1.000000000,0.941639073,0.752747253,0.708816225,1.030587748,10.067785263,0.017163431,0.752763391,0.999999344,-0.001017910,-0.000128771,-0.000472327
156,16.499000000,fused_map_f2f,1,1,0,0.019453891,0.012104382,1.000000000,1.000000000,0.100000000,0.010989011,0.010989011,0.036765933,0.002770083,1.000000000,0.000000000,0.000000000,0.000000000,0.000000000,0.000000000,0.897959184,0.625886990,0.789130306,1.000000000,0.943035343,0.751351351,0.708550879,1.030570059,10.137985229,0.018074688,0.752371609,0.999999404,-0.001011981,-0.000116418,-0.000417455
157,16.628000000,fused_map_f2f,1,1,0,0.018651552,0.015068308,1.000000000,1.000000000,0.100000000,0.010989011,0.010989011,0.036793332,0.002770083,1.000000000,0.000000000,0.000000000,0.000000000,0.000000000,0.000000000,0.938775510,0.767882278,0.870418218,1.000000000,0.946957237,0.760869565,0.720510941,1.031367396,10.233122826,0.017745698,0.752745807,0.999999344,-0.001064783,-0.000137552,-0.000412319
158,16.699000000,fused_map_f2f,1,1,0,0.021475819,0.010829945,1.000000000,1.000000000,0.100000000,0.010989011,0.010989011,0.036808399,0.002770083,1.000000000,0.000000000,0.000000000,0.000000000,0.000000000,0.000000000,0.877551020,0.701255065,0.807032638,1.000000000,0.943667763,0.770491803,0.727088277,1.031805885,10.288359642,0.018952342,0.752423167,0.999999404,-0.001033953,-0.000124283,-0.000342749
159,16.815000000,fused_map_f2f,1,1,0,0.019358274,0.014468446,1.000000000,1.000000000,0.100000000,0.010989011,0.010989011,0.036751284,0.002770083,1.000000000,0.000000000,0.000000000,0.000000000,0.000000000,0.000000000,0.897959184,0.627259612,0.789679355,1.000000000,0.944628099,0.743315508,0.702156715,1.030143781,10.377454758,0.019496381,0.753022254,0.999999344,-0.001068308,-0.000143500,-0.000340035
160,16.916000000,fused_map_f2f,1,1,0,0.020835232,0.012394771,1.000000000,1.000000000,0.100000000,0.010989011,0.010989011,0.036799591,0.002770083,1.000000000,0.000000000,0.000000000,0.000000000,0.000000000,0.000000000,0.938775510,0.754480033,0.865057319,1.000000000,0.947346939,0.763440860,0.723243362,1.031549557,10.450811386,0.018441634,0.752800822,0.999999344,-0.001063172,-0.000142476,-0.000376235
161,17.006000000,fused_map_f2f,1,1,0,0.021674475,0.013250107,1.000000000,1.000000000,0.100000000,0.010989011,0.010989011,0.036819091,0.002770083,1.000000000,0.000000000,0.000000000,0.000000000,0.000000000,0.000000000,0.895833333,0.739942624,0.833477050,1.000000000,0.948190789,0.771739130,0.731755935,1.032117062,10.516291618,0.018027551,0.752688229,0.999999344,-0.001076011,-0.000144347,-0.000402905
162,17.111000000,fused_map_f2f,1,1,0,0.019345582,0.013083921,1.000000000,1.000000000,0.100000000,0.010989011,0.010989011,0.036850007,0.002770083,1.000000000,0.000000000,0.000000000,0.000000000,0.000000000,0.000000000,0.897959184,0.828157623,0.870038559,1.000000000,0.950839820,0.783783784,0.745252832,1.033016855,10.593636513,0.017947104,0.753012180,0.999999285,-0.001116111,-0.000150555,-0.000398637
163,17.220000000,fused_map_f2f,1,1,0,0.022041735,0.015755624,1.000000000,1.000000000,0.100000000,0.010989011,0.010989011,0.036900069,0.002770083,1.000000000,0.000000000,0.000000000,0.000000000,0.000000000,0.000000000,0.937500000,0.700919597,0.842867839,1.000000000,0.947303922,0.809782609,0.767110241,1.034474016,10.672612190,0.017501887,0.753055334,0.999999285,-0.001077079,-0.000157430,-0.000413140
164,17.395000000,fused_map_f2f,1,1,0,0.021618510,0.018436714,1.000000000,1.000000000,0.100000000,0.010989011,0.010989011,0.036924140,0.002770083,1.000000000,0.000000000,0.000000000,0.000000000,0.000000000,0.000000000,0.978723404,0.779991379,0.899230594,1.000000000,0.948697068,0.819672131,0.777620548,1.035174703,10.801064491,0.017255517,0.753000915,0.999999285,-0.001097953,-0.000138720,-0.000420524
165,17.431000000,fused_map_f2f,1,1,0,0.021666544,0.009808333,1.000000000,1.000000000,0.100000000,0.010989011,0.010989011,0.036881516,0.002770083,1.000000000,0.000000000,0.000000000,0.000000000,0.000000000,0.000000000,0.957446809,0.938394904,0.949826047,1.000000000,0.946232179,0.802139037,0.759009769,1.033933985,10.827073097,0.017612619,0.753064692,0.999999285,-0.001116226,-0.000145759,-0.000409176
166,17.501000000,fused_map_f2f,1,1,0,0.022726834,0.011734995,1.000000000,1.000000000,0.100000000,0.010989011,0.010989011,0.036943499,0.002770083,1.000000000,0.000000000,0.000000000,0.000000000,0.000000000,0.000000000,0.958333333,0.825711736,0.905284694,1.000000000,0.945344130,0.831521739,0.786074195,1.035738280,10.885029793,0.019381059,0.754109859,0.999999225,-0.001153890,-0.000231299,-0.000351448
167,17.608000000,fused_map_f2f,1,1,0,0.022279297,0.013786035,1.000000000,1.000000000,0.100000000,0.010989011,0.010989011,0.036933755,0.002770083,1.000000000,0.000000000,0.000000000,0.000000000,0.000000000,0.000000000,0.957446809,0.652072326,0.835297016,1.000000000,0.949351702,0.823529412,0.781819049,1.035454603,10.964831352,0.019181937,0.754405260,0.999999225,-0.001142361,-0.000232449,-0.000356560
168,17.718000000,fused_map_f2f,1,1,0,0.021778303,0.014235844,1.000000000,1.000000000,0.100000000,0.010989011,0.010989011,0.036977131,0.002770083,1.000000000,0.000000000,0.000000000,0.000000000,0.000000000,0.000000000,0.914893617,0.917699417,0.916015937,1.000000000,0.943571141,0.848648649,0.800760373,1.036717358,11.043989182,0.018815327,0.754320085,0.999999225,-0.001177831,-0.000226150,-0.000372883
169,17.822000000,fused_map_f2f,1,1,0,0.022958924,0.013151691,1.000000000,1.000000000,0.100000000,0.010989011,0.010989011,0.036987313,0.002770083,1.000000000,0.000000000,0.000000000,0.000000000,0.000000000,0.000000000,0.914893617,0.785974196,0.863325849,1.000000000,0.948810963,0.848648649,0.805207142,1.037013809,11.118381500,0.017662795,0.754442096,0.999999166,-0.001192784,-0.000242184,-0.000413136
170,17.921000000,fused_map_f2f,1,1,0,0.022071935,0.013327972,1.000000000,1.000000000,0.100000000,0.010989011,0.010989011,0.036978214,0.002770083,1.000000000,0.000000000,0.000000000,0.000000000,0.000000000,0.000000000,0.957446809,0.751121965,0.874916871,1.000000000,0.946457327,0.846560847,0.801233716,1.036748914,11.188622475,0.017127972,0.754489660,0.999999166,-0.001189036,-0.000233263,-0.000440738
171,18.027000000,fused_map_f2f,1,1,0,0.023143064,0.012976851,1.000000000,1.000000000,0.100000000,0.010989011,0.010989011,0.036995423,0.002770083,1.000000000,0.000000000,0.000000000,0.000000000,0.000000000,0.000000000,0.957446809,0.880371377,0.926616636,1.000000000,0.944377267,0.856382979,0.808748617,1.037249908,11.263883591,0.016684676,0.754655242,0.999999106,-0.001217669,-0.000232528,-0.000453714
172,18.099000000,fused_map_f2f,1,1,0,0.024316093,0.012165206,1.000000000,1.000000000,0.100000000,0.010989011,0.010989011,0.037025720,0.002770083,1.000000000,0.000000000,0.000000000,0.000000000,0.000000000,0.000000000,0.936170213,0.908280861,0.925014472,1.000000000,0.949617090,0.865591398,0.821980384,1.038132026,11.319039345,0.017252158,0.755446434,0.999999166,-0.001183586,-0.000273087,-0.000452604
173,18.204000000,fused_map_f2f,1,1,0,0.021537844,0.014169920,1.000000000,1.000000000,0.100000000,0.010989011,0.010989011,0.037032318,0.002770083,1.000000000,0.000000000,0.000000000,0.000000000,0.000000000,0.000000000,0.916666667,1.000000000,0.950000000,1.000000000,0.946314103,0.871657754,0.824862025,1.038324135,11.393615723,0.017309694,0.755517244,0.999999166,-0.001189345,-0.000272351,-0.000461211
174,18.304000000,fused_map_f2f,1,1,0,0.022468511,0.013131083,1.000000000,1.000000000,0.100000000,0.010989011,0.010989011,0.036971070,0.002770083,1.000000000,0.000000000,0.000000000,0.000000000,0.000000000,0.000000000,0.877551020,1.000000000,0.926530612,1.000000000,0.951787867,0.838541667,0.798113784,1.036540919,11.463634491,0.016983075,0.755620062,0.999999225,-0.001195091,-0.000274976,-0.000115088
175,18.421000000,fused_map_f2f,1,1,0,0.023338125,0.013791348,1.000000000,1.000000000,0.100000000,0.010989011,0.010989011,0.037021798,0.002770083,1.000000000,0.000000000,0.000000000,0.000000000,0.000000000,0.000000000,0.895833333,0.974517692,0.927307077,1.000000000,0.949240608,0.864130435,0.820267699,1.038017847,11.544617653,0.017872982,0.756624877,0.999996483,-0.001243514,-0.000313714,0.002331118
176,18.525000000,fused_map_f2f,1,1,0,0.025452006,0.016866543,1.000000000,1.000000000,0.100000000,0.010989011,0.010989011,0.037016037,0.002770083,1.000000000,0.000000000,0.000000000,0.000000000,0.000000000,0.000000000,0.895833333,0.632495497,0.790498199,1.000000000,0.951471758,0.859459459,0.817751403,1.037850094,11.612030029,0.016437454,0.756538868,0.999977410,-0.001244896,-0.000316708,0.006594033
177,18.619000000,fused_map_f2f,1,1,0,0.024516868,0.015564681,1.000000000,1.000000000,0.100000000,0.010989011,0.010989011,0.036944484,0.002770083,1.000000000,0.000000000,0.000000000,0.000000000,0.000000000,0.000000000,0.875000000,1.000000000,0.925000000,1.000000000,0.950774117,0.827225131,0.786504243,1.035766950,11.668876648,0.015506743,0.756552756,0.999930441,-0.001257237,-0.000308878,0.011724045
178,18.701000000,fused_map_f2f,1,1,0,0.024329811,0.014900777,1.000000000,1.000000000,0.100000000,0.010989011,0.010989011,0.036943623,0.002770083,1.000000000,0.000000000,0.000000000,0.000000000,0.000000000,0.000000000,0.795918367,1.000000000,0.877551020,1.000000000,0.949286846,0.828125000,0.786128170,1.035741878,11.715963364,0.015908290,0.756508410,0.999853492,-0.001210705,-0.000287676,0.017072544
179,18.808000000,fused_map_f2f,1,1,0,0.026206060,0.015270362,1.000000000,1.000000000,0.100000000,0.010989011,0.010989011,0.036962275,0.002770083,1.000000000,0.000000000,0.000000000,0.000000000,0.000000000,0.000000000,0.875000000,1.000000000,0.925000000,1.000000000,0.951104101,0.835106383,0.794273106,1.036284874,11.778886795,0.017027836,0.756681502,0.999684274,-0.001258233,-0.000289684,0.025093619
180,18.915000000,fused_map_f2f,1,1,0,0.023733007,0.014852687,1.000000000,1.000000000,0.100000000,0.010989011,0.010989011,0.036999783,0.002770083,1.000000000,0.000000000,0.000000000,0.000000000,0.000000000,0.000000000,0.816326531,0.933759852,0.863299859,1.000000000,0.954312722,0.849462366,0.810652742,1.037376849,11.838008881,0.017494928,0.756816268,0.999419570,-0.001250249,-0.000287168,0.034042243
181,19.019000000,fused_map_f2f,1,1,0,0.024997173,0.013805709,1.000000000,1.000000000,0.100000000,0.010989011,0.010989011,0.037008713,0.002770083,1.000000000,0.000000000,0.000000000,0.000000000,0.000000000,0.000000000,0.795918367,1.000000000,0.877551020,1.000000000,0.954635108,0.853260870,0.814552783,1.037636852,11.893750191,0.017667966,0.756874442,0.999056637,-0.001242447,-0.000288715,0.043407582
182,19.121000000,fused_map_f2f,1,1,0,0.025792578,0.013123980,1.000000000,1.000000000,0.100000000,0.010989011,0.010989011,0.037022330,0.002770083,1.000000000,0.000000000,0.000000000,0.000000000,0.000000000,0.000000000,0.836734694,1.000000000,0.902040816,1.000000000,0.951152794,0.862637363,0.820499938,1.038033329,11.945600510,0.015348348,0.757288158,0.998580456,-0.001254938,-0.000299800,0.053248025
183,19.223000000,fused_map_f2f,1,1,0,0.025891903,0.015037572,1.000000000,1.000000000,0.100000000,0.010989011,0.010989011,0.036978357,0.002770083,1.000000000,0.000000000,0.000000000,0.000000000,0.000000000,0.000000000,0.857142857,1.000000000,0.914285714,1.000000000,0.950254602,0.843243243,0.801295773,1.036753052,11.999468803,0.019703453,0.758079350,0.997959197,-0.001311012,-0.000289561,0.063841142
184,19.327000000,fused_map_f2f,1,1,0,0.025626109,0.013149710,1.000000000,1.000000000,0.100000000,0.010989011,0.010989011,0.036979264,0.002770083,1.000000000,0.000000000,0.000000000,0.000000000,0.000000000,0.000000000,0.854166667,1.000000000,0.912500000,1.000000000,0.954881369,0.839572193,0.801691845,1.036779456,12.051817894,0.020975715,0.758203804,0.997171938,-0.001345070,-0.000277682,0.075141333
185,19.401000000,fused_map_f2f,1,1,0,0.025749500,0.012298569,1.000000000,1.000000000,0.100000000,0.010989011,0.010989011,0.037010833,0.002770083,1.000000000,0.000000000,0.000000000,0.000000000,0.000000000,0.000000000,0.854166667,1.000000000,0.912500000,1.000000000,0.950525906,0.857923497,0.815478509,1.037698567,12.088129997,0.025186744,0.758413792,0.996504724,-0.001263152,-0.000266318,0.083526857
186,19.518000000,fused_map_f2f,1,1,0,0.025652410,0.013230222,1.000000000,1.000000000,0.100000000,0.010989011,0.010989011,0.037035115,0.002770083,1.000000000,0.000000000,0.000000000,0.000000000,0.000000000,0.000000000,0.877551020,1.000000000,0.926530612,1.000000000,0.953173375,0.866666667,0.826083591,1.038405573,12.145176888,0.027331337,0.759229779,0.995278120,-0.001384741,-0.000262066,0.097053878
187,19.622000000,fused_map_f2f,1,1,0,0.025884950,0.012718397,1.000000000,1.000000000,0.100000000,0.010989011,0.010989011,0.037026968,0.002770083,1.000000000,0.000000000,0.000000000,0.000000000,0.000000000,0.000000000,0.857142857,1.000000000,0.914285714,1.000000000,0.949884348,0.865921788,0.822525553,1.038168370,12.196331978,0.032266151,0.758364022,0.994022787,-0.001266126,-0.000245035,0.109165400
188,19.711000000,fused_map_f2f,1,1,0,0.025205628,0.014198358,1.000000000,1.000000000,0.100000000,0.010989011,0.010989011,0.037015760,0.002770083,1.000000000,0.000000000,0.000000000,0.000000000,0.000000000,0.000000000,0.857142857,1.000000000,0.914285714,1.000000000,0.950362734,0.860335196,0.817630508,1.037842034,12.237443924,0.037135806,0.759081304,0.992826641,-0.001316950,-0.000240121,0.119555138
189,19.812000000,fused_map_f2f,1,1,0,0.025849877,0.012798601,1.000000000,1.000000000,0.100000000,0.010989011,0.010989011,0.037080633,0.002770083,1.000000000,0.000000000,0.000000000,0.000000000,0.000000000,0.000000000,0.875000000,1.000000000,0.925000000,1.000000000,0.948342328,0.892045455,0.845964463,1.039730964,12.285541534,0.045681138,0.757845759,0.991338730,-0.001246156,-0.000195863,0.131324098
190,19.919000000,fused_map_f2f,1,1,0,0.026065680,0.012526248,1.000000000,1.000000000,0.100000000,0.010989011,0.010989011,0.037050845,0.002770083,1.000000000,0.000000000,0.000000000,0.000000000,0.000000000,0.000000000,0.895833333,1.000000000,0.937500000,1.000000000,0.949673454,0.877094972,0.832953811,1.038863587,12.334675789,0.053936534,0.758605778,0.989620507,-0.001294964,-0.000190273,0.143699557
191,20.004000000,fused_map_f2f,1,1,0,0.026713408,0.012893439,1.000000000,1.000000000,0.100000000,0.010989011,0.010989011,0.037076783,0.002770083,1.000000000,0.000000000,0.000000000,0.000000000,0.000000000,0.000000000,0.895833333,1.000000000,0.937500000,1.000000000,0.951834862,0.887005650,0.844282901,1.039618860,12.373126030,0.060443588,0.758719862,0.988167882,-0.001314328,-0.000154881,0.153370366
192,20.111000000,fused_map_f2f,1,1,0,0.027474138,0.013493874,1.000000000,1.000000000,0.100000000,0.010989011,0.010989011,0.037077809,0.002770083,1.000000000,0.000000000,0.000000000,0.000000000,0.000000000,0.000000000,0.895833333,1.000000000,0.937500000,1.000000000,0.953728489,0.885714286,0.844730948,1.039648730,12.420098305,0.070311822,0.758583009,0.986225426,-0.001352661,-0.000178659,0.165401131
193,20.220000000,fused_map_f2f,1,1,0,0.027449432,0.014775824,1.000000000,1.000000000,0.100000000,0.010989011,0.010989011,0.037008307,0.002770083,1.000000000,0.000000000,0.000000000,0.000000000,0.000000000,0.000000000,0.875000000,1.000000000,0.925000000,1.000000000,0.946579554,0.860335196,0.814375706,1.037625047,12.468242645,0.080778636,0.758999586,0.984116673,-0.001403411,-0.000165052,0.177517384
194,20.312000000,fused_map_f2f,1,1,0,0.026051581,0.013641077,1.000000000,1.000000000,0.100000000,0.010989011,0.010989011,0.037008198,0.002770083,1.000000000,0.000000000,0.000000000,0.000000000,0.000000000,0.000000000,0.854166667,1.000000000,0.912500000,1.000000000,0.946524064,0.860335196,0.814327966,1.037621864,12.508251190,0.090754703,0.759181976,0.982249975,-0.001437401,-0.000161186,0.187571019
195,20.416000000,fused_map_f2f,1,1,0,0.026768538,0.014369636,1.000000000,1.000000000,0.100000000,0.010989011,0.010989011,0.037018951,0.002770083,1.000000000,0.000000000,0.000000000,0.000000000,0.000000000,0.000000000,0.916666667,1.000000000,0.950000000,1.000000000,0.952851711,0.859550562,0.819024224,1.037934948,12.555471420,0.106535703,0.758966982,0.980052233,-0.001326758,-0.000162976,0.198735654
196,20.527000000,fused_map_f2f,1,1,0,0.026803885,0.013070737,1.000000000,1.000000000,0.100000000,0.010989011,0.010989011,0.037013610,0.002770083,1.000000000,0.000000000,0.000000000,0.000000000,0.000000000,0.000000000,0.895833333,1.000000000,0.937500000,1.000000000,0.956388676,0.853932584,0.816691454,1.037779430,12.602342606,0.122518174,0.758662224,0.977591217,-0.001292273,-0.000142971,0.210508332
197,20.612000000,fused_map_f2f,1,1,0,0.026938935,0.012934813,1.000000000,1.000000000,0.100000000,0.010989011,0.010989011,0.037017918,0.002770083,1.000000000,0.000000000,0.000000000,0.000000000,0.000000000,0.000000000,0.857142857,1.000000000,0.914285714,1.000000000,0.956773447,0.855555556,0.818572838,1.037904856,12.635011673,0.131135434,0.758753836,0.975698352,-0.001359611,-0.000115196,0.219113797
198,20.724000000,fused_map_f2f,1,1,0,0.028030987,0.014880820,1.000000000,1.000000000,0.100000000,0.010989011,0.010989011,0.037046451,0.002770083,1.000000000,0.000000000,0.000000000,0.000000000,0.000000000,0.000000000,0.875000000,1.000000000,0.925000000,1.000000000,0.955150133,0.870056497,0.831034579,1.038735639,12.681447029,0.148851633,0.758850336,0.973096192,-0.001398837,-0.000101434,0.230395064
199,20.810000000,fused_map_f2f,1,1,0,0.028688412,0.012893088,1.000000000,1.000000000,0.100000000,0.010989011,0.010989011,0.037017821,0.002770083,1.000000000,0.000000000,0.000000000,0.000000000,0.000000000,0.000000000,0.895833333,1.000000000,0.937500000,1.000000000,0.955832390,0.856353591,0.818530499,1.037902033,12.714885712,0.161120012,0.759639025,0.971089900,-0.001396469,-0.000122610,0.238709971
200,20.921000000,fused_map_f2f,1,1,0,0.026835581,0.015211388,1.000000000,1.000000000,0.100000000,0.010989011,0.010989011,0.037040637,0.002770083,1.000000000,0.000000000,0.000000000,0.000000000,0.000000000,0.000000000,0.854166667,1.000000000,0.912500000,1.000000000,0.950645406,0.871508380,0.828495438,1.038566363,12.759824753,0.181012169,0.759251952,0.968389213,-0.001372407,-0.000114374,0.249440327
201,20.997000000,fused_map_f2f,1,1,0,0.028051697,0.012561345,1.000000000,1.000000000,0.100000000,0.010989011,0.010989011,0.037036733,0.002770083,1.000000000,0.000000000,0.000000000,0.000000000,0.000000000,0.000000000,0.877551020,1.000000000,0.926530612,1.000000000,0.953178531,0.867403315,0.826790217,1.038452681,12.788580894,0.193186477,0.759201348,0.966556609,-0.001370276,-0.000043643,0.256449699
202,21.116000000,fused_map_f2f,1,1,0,0.027187036,0.014537234,1.000000000,1.000000000,0.100000000,0.010989011,0.010989011,0.037067730,0.002770083,1.000000000,0.000000000,0.000000000,0.000000000,0.000000000,0.000000000,0.916666667,1.000000000,0.950000000,1.000000000,0.958081571,0.877094972,0.840328529,1.039355235,12.834189415,0.213850498,0.759203613,0.963621616,-0.001396644,-0.000042704,0.267266482
203,21.229000000,fused_map_f2f,1,1,0,0.027380348,0.012501054,1.000000000,1.000000000,0.100000000,0.010989011,0.010989011,0.037093061,0.002770083,1.000000000,0.000000000,0.000000000,0.000000000,0.000000000,0.000000000,0.875000000,1.000000000,0.925000000,1.000000000,0.960546282,0.886363636,0.851393296,1.040092886,12.877607346,0.236925647,0.759004653,0.960785806,-0.001352040,-0.000069185,0.277288318
204,21.307000000,fused_map_f2f,1,1,0,0.028599869,0.012354330,1.000000000,1.000000000,0.100000000,0.010989011,0.010989011,0.037091387,0.002770083,1.000000000,0.000000000,0.000000000,0.000000000,0.000000000,0.000000000,0.916666667,1.000000000,0.950000000,1.000000000,0.954268293,0.891428571,0.850662021,1.040044135,12.905393600,0.250468493,0.758825421,0.958852828,-0.001373186,-0.000066442,0.283900291
205,21.419000000,fused_map_f2f,1,1,0,0.026985312,0.013782649,1.000000000,1.000000000,0.100000000,0.010989011,0.010989011,0.037084697,0.002770083,1.000000000,0.000000000,0.000000000,0.000000000,0.000000000,0.000000000,0.895833333,1.000000000,0.937500000,1.000000000,0.955732123,0.887005650,0.847739792,1.039849319,12.947087288,0.272504419,0.758790851,0.956054807,-0.001326050,-0.000055820,0.293185055
206,21.502000000,fused_map_f2f,1,1,0,0.028242287,0.011727910,1.000000000,1.000000000,0.100000000,0.010989011,0.010989011,0.037081476,0.002770083,1.000000000,0.000000000,0.000000000,0.000000000,0.000000000,0.000000000,0.936170213,1.000000000,0.961702128,1.000000000,0.954145969,0.887005650,0.846332865,1.039755524,12.975422859,0.286787540,0.758304894,0.953985870,-0.001311945,-0.000031625,0.299848676
207,21.620000000,fused_map_f2f,1,1,0,0.028242166,0.013310129,1.000000000,1.000000000,0.100000000,0.010989011,0.010989011,0.037080617,0.002770083,1.000000000,0.000000000,0.000000000,0.000000000,0.000000000,0.000000000,0.877551020,1.000000000,0.926530612,1.000000000,0.957687949,0.883333333,0.845957688,1.039730513,13.016126633,0.311218858,0.758462071,0.951041520,-0.001334314,-0.000003967,0.309060305
208,21.700000000,fused_map_f2f,1,1,0,0.026345459,0.011788105,1.000000000,1.000000000,0.100000000,0.010989011,0.010989011,0.037127405,0.002770083,1.000000000,0.000000000,0.000000000,0.000000000,0.000000000,0.000000000,0.914893617,1.000000000,0.948936170,1.000000000,0.959028832,0.903409091,0.866395365,1.041093024,13.042870522,0.327899814,0.758429766,0.949066043,-0.001338302,0.000020380,0.315074414
209,21.816000000,fused_map_f2f,1,1,0,0.027938782,0.012814086,1.000000000,1.000000000,0.100000000,0.010989011,0.010989011,0.037098137,0.002770083,1.000000000,0.000000000,0.000000000,0.000000000,0.000000000,0.000000000,0.895833333,1.000000000,0.937500000,1.000000000,0.950857143,0.897727273,0.853610390,1.040240693,13.081290245,0.352011263,0.758671105,0.946215212,-0.001363474,0.000013487,0.323535055
210,21.901000000,fused_map_f2f,1,1,0,0.026953280,0.012132429,1.000000000,1.000000000,0.100000000,0.010989011,0.010989011,0.037092362,0.002770083,1.000000000,0.000000000,0.000000000,0.000000000,0.000000000,0.000000000,0.916666667,1.000000000,0.950000000,1.000000000,0.958143075,0.888268156,0.851087982,1.040072532,13.111123085,0.374201745,0.758968234,0.944105804,-0.001338182,-0.000007272,0.329639822
211,22.011000000,fused_map_f2f,1,1,0,0.029526077,0.014292716,1.000000000,1.000000000,0.100000000,0.010989011,0.010989011,0.037062939,0.002770083,1.000000000,0.000000000,0.000000000,0.000000000,0.000000000,0.000000000,0.812500000,1.000000000,0.887500000,1.000000000,0.954218691,0.878453039,0.838236309,1.039215754,13.144320488,0.393749118,0.759208620,0.941474736,-0.001441838,0.000006946,0.337080479
212,22.128000000,fused_map_f2f,1,1,0,0.029019932,0.013752275,1.000000000,1.000000000,0.100000000,0.010989011,0.010989011,0.037088094,0.002770083,1.000000000,0.000000000,0.000000000,0.000000000,0.000000000,0.000000000,0.895833333,1.000000000,0.937500000,1.000000000,0.956043956,0.888268156,0.849223402,1.039948227,13.182785034,0.422709554,0.759468436,0.938643396,-0.001467747,0.000020992,0.344886124
213,22.206000000,fused_map_f2f,1,1,0,0.028466228,0.013351843,1.000000000,1.000000000,0.100000000,0.010989011,0.010989011,0.037094936,0.002770083,1.000000000,0.000000000,0.000000000,0.000000000,0.000000000,0.000000000,0.854166667,1.000000000,0.912500000,1.000000000,0.954048964,0.893258427,0.852212277,1.040147485,13.203333855,0.437611371,0.759012997,0.936829150,-0.001362246,-0.000007686,0.349784642
214,22.328000000,fused_map_f2f,1,1,0,0.028576585,0.013433852,1.000000000,1.000000000,0.100000000,0.010989011,0.010989011,0.037067901,0.002770083,1.000000000,0.000000000,0.000000000,0.000000000,0.000000000,0.000000000,0.875000000,1.000000000,0.925000000,1.000000000,0.956685499,0.878453039,0.840403284,1.039360219,13.240517616,0.464143664,0.758988082,0.933996439,-0.001361492,0.000005545,0.357279748
215,22.411000000,fused_map_f2f,1,1,0,0.027882962,0.012916196,1.000000000,1.000000000,0.100000000,0.010989011,0.010989011,0.037082194,0.002770083,1.000000000,0.000000000,0.000000000,0.000000000,0.000000000,0.000000000,0.895833333,1.000000000,0.937500000,1.000000000,0.953816794,0.887640449,0.846646368,1.039776425,13.263371468,0.483392060,0.758800089,0.932102740,-0.001342559,0.000015863,0.362191498
216,22.534000000,fused_map_f2f,1,1,0,0.029301543,0.013493635,1.000000000,1.000000000,0.100000000,0.010989011,0.010989011,0.037106828,0.002770083,1.000000000,0.000000000,0.000000000,0.000000000,0.000000000,0.000000000,0.875000000,1.000000000,0.925000000,1.000000000,0.955708286,0.897142857,0.857406862,1.040493791,13.300539017,0.514771521,0.759349167,0.929314792,-0.001362118,0.000005603,0.369286090
217,22.643000000,fused_map_f2f,1,1,0,0.029041405,0.015128495,1.000000000,1.000000000,0.100000000,0.010989011,0.010989011,0.037060279,0.002770083,1.000000000,0.000000000,0.000000000,0.000000000,0.000000000,0.000000000,0.875000000,1.000000000,0.925000000,1.000000000,0.954371166,0.877094972,0.837074151,1.039138277,13.329740524,0.541243017,0.759396851,0.926909685,-0.001399702,0.000012800,0.375281900
218,22.701000000,fused_map_f2f,1,1,0,0.029305522,0.009929968,1.000000000,1.000000000,0.100000000,0.010989011,0.010989011,0.037129883,0.002770083,1.000000000,0.000000000,0.000000000,0.000000000,0.000000000,0.000000000,0.854166667,1.000000000,0.912500000,1.000000000,0.960813866,0.902857143,0.867477662,1.041165177,13.345267296,0.554082990,0.759361982,0.925657928,-0.001439314,0.000037029,0.378358781
219,22.822000000,fused_map_f2f,1,1,0,0.030857305,0.015249463,1.000000000,1.000000000,0.100000000,0.010989011,0.010989011,0.037081360,0.002770083,1.000000000,0.000000000,0.000000000,0.000000000,0.000000000,0.000000000,0.895833333,1.000000000,0.937500000,1.000000000,0.958762887,0.882681564,0.846282324,1.039752155,13.376066208,0.574879050,0.759323180,0.918964326,-0.001468326,0.000091741,0.394337863
220,22.906000000,fused_map_f2f,1,1,0,0.030126548,0.013436596,1.000000000,1.000000000,0.100000000,0.010989011,0.010989011,0.037107968,0.002770083,1.000000000,0.000000000,0.000000000,0.000000000,0.000000000,0.000000000,0.869565217,1.000000000,0.921739130,1.000000000,0.955640535,0.897727273,0.857904572,1.040526971,13.391736984,0.584232330,0.759003043,0.914304912,-0.001373319,0.000072570,0.405024320
221,23.039000000,fused_map_f2f,1,1,0,0.030011919,0.013690981,1.000000000,1.000000000,0.100000000,0.010989011,0.010989011,0.037058384,0.002770083,1.000000000,0.000000000,0.000000000,0.000000000,0.000000000,0.000000000,0.875000000,1.000000000,0.925000000,1.000000000,0.957213177,0.873626374,0.836246676,1.039083112,13.415851593,0.602272332,0.758899570,0.907415748,-0.001401295,0.000094986,0.420231670
222,23.121000000,fused_map_f2f,1,1,0,0.029975408,0.012620774,1.000000000,1.000000000,0.100000000,0.010989011,0.010989011,0.037072182,0.002770083,1.000000000,0.000000000,0.000000000,0.000000000,0.000000000,0.000000000,0.812500000,1.000000000,0.887500000,1.000000000,0.958814473,0.878453039,0.842273487,1.039484899,13.429183960,0.612473130,0.759060383,0.903495491,-0.001432989,0.000071774,0.428595155
223,23.207000000,fused_map_f2f,1,1,0,0.029513463,0.013187025,1.000000000,1.000000000,0.100000000,0.010989011,0.010989011,0.037093824,0.002770083,1.000000000,0.000000000,0.000000000,0.000000000,0.000000000,0.000000000,0.891304348,1.000000000,0.934782609,1.000000000,0.958861976,0.888268156,0.851726560,1.040115104,13.445572853,0.627657175,0.759210527,0.899681449,-0.001432746,0.000082155,0.436544627
224,23.322000000,fused_map_f2f,1,1,0,0.029018178,0.013498334,1.000000000,1.000000000,0.100000000,0.010989011,0.010989011,0.037122352,0.002770083,1.000000000,0.000000000,0.000000000,0.000000000,0.000000000,0.000000000,0.808510638,1.000000000,0.885106383,1.000000000,0.957170172,0.902857143,0.864187927,1.040945862,13.468810081,0.652391255,0.759324312,0.894937515,-0.001449443,0.000089495,0.446189135
225,23.427000000,fused_map_f2f,1,1,0,0.030946501,0.013213801,1.000000000,1.000000000,0.100000000,0.010989011,0.010989011,0.037089931,0.002770083,1.000000000,0.000000000,0.000000000,0.000000000,0.000000000,0.000000000,0.869565217,1.000000000,0.921739130,1.000000000,0.959003831,0.886363636,0.850026123,1.040001742,13.487979889,0.672589719,0.759148717,0.891026258,-0.001453883,0.000100128,0.453949422
226,23.499000000,fused_map_f2f,1,1,0,0.030177813,0.011979087,1.000000000,1.000000000,0.100000000,0.010989011,0.010989011,0.037046634,0.002770083,1.000000000,0.000000000,0.000000000,0.000000000,0.000000000,0.000000000,0.891304348,1.000000000,0.934782609,1.000000000,0.951407636,0.873563218,0.831114716,1.038740981,13.501648903,0.686984003,0.758974671,0.888525188,-0.001439232,0.000122063,0.458825588
227,23.616000000,fused_map_f2f,1,1,0,0.031023706,0.012813749,1.000000000,1.000000000,0.100000000,0.010989011,0.010989011,0.036998411,0.002770083,1.000000000,0.000000000,0.000000000,0.000000000,0.000000000,0.000000000,0.888888889,1.000000000,0.933333333,1.000000000,0.960262346,0.843575419,0.810053711,1.037336914,13.522714615,0.712348104,0.758903980,0.884764791,-0.001414482,0.000131459,0.466035664
228,23.718000000,fused_map_f2f,1,1,0,0.030933905,0.012957591,1.000000000,1.000000000,0.100000000,0.010989011,0.010989011,0.036999405,0.002770083,1.000000000,0.000000000,0.000000000,0.000000000,0.000000000,0.000000000,0.866666667,1.000000000,0.920000000,1.000000000,0.954456223,0.849162011,0.810487966,1.037365864,13.540895462,0.735338807,0.758936524,0.881757677,-0.001465012,0.000141452,0.471700341
229,23.821000000,fused_map_f2f,1,1,0,0.031609528,0.011972127,1.000000000,1.000000000,0.100000000,0.010989011,0.010989011,0.036995109,0.002770083,1.000000000,0.000000000,0.000000000,0.000000000,0.000000000,0.000000000,0.866666667,1.000000000,0.920000000,1.000000000,0.953198128,0.848314607,0.808611895,1.037240793,13.559801102,0.759184659,0.758742452,0.878953815,-0.001427377,0.000122581,0.476904750
230,24.012000000,fused_map_f2f,1,1,0,0.030782410,0.012854608,1.000000000,1.000000000,0.100000000,0.010989011,0.010989011,0.036981519,0.002770083,1.000000000,0.000000000,0.000000000,0.000000000,0.000000000,0.000000000,0.863636364,1.000000000,0.918181818,1.000000000,0.952509653,0.842696629,0.802676673,1.036845112,13.592887878,0.806440532,0.758881211,0.874353707,-0.001448775,0.000115443,0.485286981
231,24.199000000,fused_map_f2f,1,1,0,0.031805307,0.012522792,1.000000000,1.000000000,0.100000000,0.010989011,0.010989011,0.037002765,0.002770083,1.000000000,0.000000000,0.000000000,0.000000000,0.000000000,0.000000000,0.818181818,1.000000000,0.890909091,1.000000000,0.958107060,0.847457627,0.811955135,1.037463676,13.628773689,0.858774543,0.759123564,0.870402753,-0.001488225,0.000139392,0.492338151
232,24.422000000,fused_map_f2f,1,1,0,0.032163874,0.011546579,1.000000000,1.000000000,0.100000000,0.010989011,0.010989011,0.036965693,0.002770083,1.000000000,0.000000000,0.000000000,0.000000000,0.000000000,0.000000000,0.840909091,1.000000000,0.904545455,1.000000000,0.950646298,0.837078652,0.795765722,1.036384381,13.666754723,0.918351471,0.759272158,0.866360605,-0.001490718,0.000144570,0.499416709
233,24.671000000,fused_map_f2f,1,1,0,0.032347804,0.013062895,1.000000000,1.000000000,0.100000000,0.010989011,0.010989011,0.036994559,0.002770083,1.000000000,0.000000000,0.000000000,0.000000000,0.000000000,0.000000000,0.837209302,1.000000000,0.902325581,1.000000000,0.960280374,0.841807910,0.808371614,1.037224774,13.709772110,0.990171731,0.759058058,0.862496018,-0.001529361,0.000164437,0.506061494
234,24.885000000,fused_map_f2f,1,1,0,0.032907743,0.012083545,1.000000000,1.000000000,0.100000000,0.010989011,0.010989011,0.036974870,0.002770083,1.000000000,0.000000000,0.000000000,0.000000000,0.000000000,0.000000000,0.813953488,1.000000000,0.888372093,1.000000000,0.955433933,0.837078652,0.799773348,1.036651557,13.748167992,1.057047844,0.758889914,0.859480321,-0.001459612,0.000146350,0.511166692
235,25.093000000,fused_map_f2f,1,1,0,0.033644032,0.012778519,1.000000000,1.000000000,0.100000000,0.010989011,0.010989011,0.036984273,0.002770083,1.000000000,0.000000000,0.000000000,0.000000000,0.000000000,0.000000000,0.860465116,1.000000000,0.916279070,1.000000000,0.953937008,0.842696629,0.803879501,1.036925300,13.786145210,1.121905565,0.758900821,0.856877208,-0.001535765,0.000158835,0.515518248
236,25.272000000,fused_map_f2f,1,1,0,0.032826317,0.012171114,1.000000000,1.000000000,0.100000000,0.010989011,0.010989011,0.037014504,0.002770083,1.000000000,0.000000000,0.000000000,0.000000000,0.000000000,0.000000000,0.857142857,1.000000000,0.914285714,1.000000000,0.956845822,0.853932584,0.817081825,1.037805455,13.817463875,1.180756211,0.758252144,0.854799926,-0.001488558,0.000179812,0.518955529
237,25.453000000,fused_map_f2f,1,1,0,0.032513083,0.011872872,1.000000000,1.000000000,0.100000000,0.010989011,0.010989011,0.037023826,0.002770083,1.000000000,0.000000000,0.000000000,0.000000000,0.000000000,0.000000000,0.809523810,1.000000000,0.885714286,1.000000000,0.961613788,0.853932584,0.821153347,1.038076890,13.847611427,1.239289880,0.757889569,0.852849364,-0.001413242,0.000153537,0.522155106
238,25.637000000,fused_map_f2f,1,1,0,0.031392824,0.011777693,1.000000000,1.000000000,0.100000000,0.010989011,0.010989011,0.036993340,0.002770083,1.000000000,0.000000000,0.000000000,0.000000000,0.000000000,0.000000000,0.833333333,1.000000000,0.900000000,1.000000000,0.957637000,0.843575419,0.807839033,1.037189269,13.879529953,1.300830007,0.757951558,0.850976467,-0.001395291,0.000160565,0.525201917
239,25.805000000,fused_map_f2f,1,1,0,0.031959640,0.012594740,1.000000000,1.000000000,0.100000000,0.010989011,0.010989011,0.037020101,0.002770083,1.000000000,0.000000000,0.000000000,0.000000000,0.000000000,0.000000000,0.880952381,1.000000000,0.928571429,1.000000000,0.952566096,0.860335196,0.819526139,1.037968409,13.908225060,1.358664274,0.758000374,0.849357247,-0.001396030,0.000159119,0.527816594
240,25.989000000,fused_map_f2f,1,1,0,0.032892208,0.045151444,1.000000000,1.000000000,0.100000000,0.010989011,0.010989011,0.037025661,0.002770083,1.000000000,0.000000000,0.000000000,0.000000000,0.000000000,0.000000000,0.833333333,1.000000000,0.900000000,1.000000000,0.954527789,0.861111111,0.821954485,1.038130299,13.939232826,1.422321916,0.757944524,0.847680390,-0.001378969,0.000155668,0.530505478
241,26.212000000,fused_map_f2f,1,1,0,0.032911670,0.013363225,1.000000000,1.000000000,0.100000000,0.010989011,0.010989011,0.037011950,0.002770083,1.000000000,0.000000000,0.000000000,0.000000000,0.000000000,0.000000000,0.809523810,1.000000000,0.885714286,1.000000000,0.963367108,0.846994536,0.815966676,1.037731112,13.978146553,1.503692031,0.757759094,0.845733881,-0.001415440,0.000150166,0.533603013
242,26.314000000,fused_map_f2f,1,1,0,0.031936090,0.009467426,1.000000000,1.000000000,0.100000000,0.010989011,0.010989011,0.037014431,0.002770083,1.000000000,0.000000000,0.000000000,0.000000000,0.000000000,0.000000000,0.857142857,1.000000000,0.914285714,1.000000000,0.959375000,0.851648352,0.817050137,1.037803342,13.995343208,1.540296316,0.757915497,0.844864011,-0.001441745,0.000164835,0.534979165
243,26.418000000,fused_map_f2f,1,1,0,0.032685632,0.008193235,1.000000000,1.000000000,0.100000000,0.010989011,0.010989011,0.037047663,0.002770083,1.000000000,0.000000000,0.000000000,0.000000000,0.000000000,0.000000000,0.833333333,1.000000000,0.900000000,1.000000000,0.962005484,0.864406780,0.831564062,1.038770937,14.012067795,1.575941086,0.758326173,0.844031155,-0.001509118,0.000155437,0.536291957
244,26.530000000,fused_map_f2f,1,1,0,0.033523339,0.009119844,1.000000000,1.000000000,0.100000000,0.010989011,0.010989011,0.037019712,0.002770083,1.000000000,0.000000000,0.000000000,0.000000000,0.000000000,0.000000000,0.829268293,1.000000000,0.897560976,1.000000000,0.958593750,0.854748603,0.819356669,1.037957111,14.030260086,1.615837574,0.758170009,0.843115628,-0.001499926,0.000150980,0.537730217
245,26.616000000,fused_map_f2f,1,1,0,0.033412136,0.008170063,1.000000000,1.000000000,0.100000000,0.010989011,0.010989011,0.037001704,0.002770083,1.000000000,0.000000000,0.000000000,0.000000000,0.000000000,0.000000000,0.829268293,1.000000000,0.897560976,1.000000000,0.960000000,0.845303867,0.811491713,1.037432781,14.044709206,1.647363782,0.757939816,0.842421651,-0.001514326,0.000163116,0.538816690
246,26.716000000,fused_map_f2f,1,1,0,0.032047901,0.008972372,1.000000000,1.000000000,0.100000000,0.010989011,0.010989011,0.036964505,0.002770083,1.000000000,0.000000000,0.000000000,0.000000000,0.000000000,0.000000000,0.829268293,1.000000000,0.897560976,1.000000000,0.955329154,0.832432432,0.795246971,1.036349798,14.061573982,1.683967710,0.758120060,0.841634154,-0.001538062,0.000178660,0.540045917
247,26.824000000,fused_map_f2f,1,1,0,0.036256344,0.008608143,1.000000000,1.000000000,0.100000000,0.010989011,0.010989011,0.037034184,0.002770083,1.000000000,0.000000000,0.000000000,0.000000000,0.000000000,0.000000000,0.829268293,1.000000000,0.897560976,1.000000000,0.959715640,0.860335196,0.825677143,1.038378476,14.079810143,1.723650932,0.757411957,0.840820074,-0.001510940,0.000165198,0.541312575
248,26.915000000,fused_map_f2f,1,1,0,0.032353383,0.007907588,1.000000000,1.000000000,0.100000000,0.010989011,0.010989011,0.036996201,0.002770083,1.000000000,0.000000000,0.000000000,0.000000000,0.000000000,0.000000000,0.829268293,1.000000000,0.897560976,1.000000000,0.956195738,0.846153846,0.809088701,1.037272580,14.094873428,1.757298231,0.757457018,0.840114355,-0.001522719,0.000154862,0.542407215
249,27.129000000,fused_map_f2f,1,1,0,0.032865706,0.013551292,1.000000000,1.000000000,0.100000000,0.010989011,0.010989011,0.037022532,0.002770083,1.000000000,0.000000000,0.000000000,0.000000000,0.000000000,0.000000000,0.853658537,1.000000000,0.912195122,1.000000000,0.962613144,0.852459016,0.820588254,1.038039217,14.130702972,1.838022828,0.757700622,0.838543355,-0.001542421,0.000143594,0.544832706
250,27.297000000,fused_map_f2f,1,1,0,0.032207754,0.010597791,1.000000000,1.000000000,0.100000000,0.010989011,0.010989011,0.036988228,0.002770083,1.000000000,0.000000000,0.000000000,0.000000000,0.000000000,0.000000000,0.853658537,1.000000000,0.912195122,1.000000000,0.959544383,0.839572193,0.805606782,1.037040452,14.158634186,1.901963830,0.757672608,0.837323606,-0.001532605,0.000157843,0.546705425
251,27.461000000,fused_map_f2f,1,1,0,0.032519162,0.011146735,1.000000000,1.000000000,0.100000000,0.010989011,0.010989011,0.037085356,0.002770083,1.000000000,0.000000000,0.000000000,0.000000000,0.000000000,0.000000000,0.853658537,1.000000000,0.912195122,1.000000000,0.960031044,0.883333333,0.848027422,1.039868495,14.186265945,1.965742707,0.757611632,0.836144626,-0.001524508,0.000145314,0.548506856
252,27.635000000,fused_map_f2f,1,1,0,0.033646841,0.011171025,1.000000000,1.000000000,0.100000000,0.010989011,0.010989011,0.037084541,0.002770083,1.000000000,0.000000000,0.000000000,0.000000000,0.000000000,0.000000000,0.809523810,1.000000000,0.885714286,1.000000000,0.961054288,0.882022472,0.847671479,1.039844765,14.217972755,2.038790226,0.757233262,0.834840357,-0.001472769,0.000131984,0.550490081
253,27.812000000,fused_map_f2f,1,1,0,0.031959534,0.011759824,1.000000000,1.000000000,0.100000000,0.010989011,0.010989011,0.037036029,0.002770083,1.000000000,0.000000000,0.000000000,0.000000000,0.000000000,0.000000000,0.833333333,1.000000000,0.900000000,1.000000000,0.958088523,0.862637363,0.826482957,1.038432197,14.247818947,2.108736992,0.757042289,0.833618581,-0.001482326,0.000148367,0.552338541
254,27.980000000,fused_map_f2f,1,1,0,0.034640331,0.011344391,1.000000000,1.000000000,0.100000000,0.010989011,0.010989011,0.037016970,0.002770083,1.000000000,0.000000000,0.000000000,0.000000000,0.000000000,0.000000000,0.804878049,1.000000000,0.882926829,1.000000000,0.959763314,0.852459016,0.818158890,1.037877259,14.276698112,2.176756859,0.756610930,0.832480371,-0.001487210,0.000120747,0.554052591
255,28.147000000,fused_map_f2f,1,1,0,0.032351629,0.010828831,1.000000000,1.000000000,0.100000000,0.010989011,0.010989011,0.037012992,0.002770083,1.000000000,0.000000000,0.000000000,0.000000000,0.000000000,0.000000000,0.785714286,1.000000000,0.871428571,1.000000000,0.962025316,0.848648649,0.816421485,1.037761432,14.303270340,2.242793322,0.756051838,0.831429899,-0.001495185,0.000149464,0.555627644
256,28.311000000,fused_map_f2f,1,1,0,0.032359715,0.011507196,1.000000000,1.000000000,0.100000000,0.010989011,0.010989011,0.037049540,0.002770083,1.000000000,0.000000000,0.000000000,0.000000000,0.000000000,0.000000000,0.809523810,1.000000000,0.885714286,1.000000000,0.960443038,0.866666667,0.832383966,1.038825598,14.331609726,2.311514139,0.756198704,0.830348074,-0.001511234,0.000139209,0.557242990
257,28.481000000,fused_map_f2f,1,1,0,0.032323559,0.011965314,1.000000000,1.000000000,0.100000000,0.010989011,0.010989011,0.037008023,0.002770083,1.000000000,0.000000000,0.000000000,0.000000000,0.000000000,0.000000000,0.833333333,1.000000000,0.900000000,1.000000000,0.964654488,0.844086022,0.814251369,1.037616758,14.358826637,2.382421255,0.755477786,0.829288661,-0.001454798,0.000147063,0.558818519
258,28.651000000,fused_map_f2f,1,1,0,0.033715923,0.011788133,1.000000000,1.000000000,0.100000000,0.010989011,0.010989011,0.037016056,0.002770083,1.000000000,0.000000000,0.000000000,0.000000000,0.000000000,0.000000000,0.813953488,1.000000000,0.888372093,1.000000000,0.956624606,0.854838710,0.817759744,1.037850650,14.387522697,2.454435825,0.754895151,0.828243315,-0.001381511,0.000127853,0.560366929
259,28.817000000,fused_map_f2f,1,1,0,0.033293346,0.011441170,1.000000000,1.000000000,0.100000000,0.010989011,0.010989011,0.037020558,0.002770083,1.000000000,0.000000000,0.000000000,0.000000000,0.000000000,0.000000000,0.837209302,1.000000000,0.902325581,1.000000000,0.955476753,0.857923497,0.819725958,1.037981731,14.415240288,2.525951862,0.755077720,0.827296138,-0.001435504,0.000138356,0.561764240
260,29.013000000,fused_map_f2f,1,1,0,0.034561822,0.013207780,1.000000000,1.000000000,0.100000000,0.010989011,0.010989011,0.036989530,0.002770083,1.000000000,0.000000000,0.000000000,0.000000000,0.000000000,0.000000000,0.857142857,1.000000000,0.914285714,1.000000000,0.958283671,0.841269841,0.806175152,1.037078343,14.447807312,2.609727144,0.754604459,0.826138496,-0.001374473,0.000125088,0.563465476
261,29.177000000,fused_map_f2f,1,1,0,0.033563673,0.012657051,1.000000000,1.000000000,0.100000000,0.010989011,0.010989011,0.037021265,0.002770083,1.000000000,0.000000000,0.000000000,0.000000000,0.000000000,0.000000000,0.860465116,1.000000000,0.916279070,1.000000000,0.954128440,0.859459459,0.820034714,1.038002314,14.474909782,2.682096243,0.754147649,0.825173378,-0.001378027,0.000118194,0.564877868
262,29.341000000,fused_map_f2f,1,1,0,0.035212690,0.038839274,1.000000000,1.000000000,0.100000000,0.010989011,0.010989011,0.037051673,0.002770083,1.000000000,0.000000000,0.000000000,0.000000000,0.000000000,0.000000000,0.837209302,1.000000000,0.902325581,1.000000000,0.963521015,0.864864865,0.833315472,1.038887698,14.503180504,2.753382206,0.753559649,0.824224353,-0.001309146,0.000097566,0.566261768
263,29.523000000,fused_map_f2f,1,1,0,0.036812596,0.011998750,1.000000000,1.000000000,0.100000000,0.010989011,0.010989011,0.037017918,0.002770083,1.000000000,0.000000000,0.000000000,0.000000000,0.000000000,0.000000000,0.880952381,1.000000000,0.928571429,1.000000000,0.963636364,0.849462366,0.818572825,1.037904855,14.533492088,2.833815813,0.753454685,0.823207617,-0.001281560,0.000119579,0.567739010
264,29.729000000,fused_map_f2f,1,1,0,0.037972531,0.012618359,1.000000000,1.000000000,0.100000000,0.010989011,0.010989011,0.037035606,0.002770083,1.000000000,0.000000000,0.000000000,0.000000000,0.000000000,0.000000000,0.813953488,1.000000000,0.888372093,1.000000000,0.958717435,0.861878453,0.826297900,1.038419860,14.569536209,2.927338362,0.752371252,0.821948767,-0.001278126,0.000127671,0.569559991
265,29.939000000,fused_map_f2f,1,1,0,0.037855513,0.013196540,1.000000000,1.000000000,0.100000000,0.010989011,0.010989011,0.037012229,0.002770083,1.000000000,0.000000000,0.000000000,0.000000000,0.000000000,0.000000000,0.818181818,1.000000000,0.890909091,1.000000000,0.957334417,0.852459016,0.816088355,1.037739224,14.604831696,3.022475958,0.752400994,0.820839942,-0.001251785,0.000128376,0.571156919
266,30.103000000,fused_map_f2f,1,1,0,0.036572017,0.012011285,1.000000000,1.000000000,0.100000000,0.010989011,0.010989011,0.037020553,0.002770083,1.000000000,0.000000000,0.000000000,0.000000000,0.000000000,0.000000000,0.777777778,0.988401280,0.862027179,1.000000000,0.956344349,0.857142857,0.819723728,1.037981582,14.631575584,3.097018242,0.752246201,0.820021868,-0.001249744,0.000137825,0.572330832
267,30.284000000,fused_map_f2f,1,1,0,0.036377768,0.012347531,1.000000000,1.000000000,0.100000000,0.010989011,0.010989011,0.037006905,0.002770083,1.000000000,0.000000000,0.000000000,0.000000000,0.000000000,0.000000000,0.777777778,1.000000000,0.866666667,1.000000000,0.958892959,0.848648649,0.813763214,1.037584214,14.663702965,3.184755325,0.751635075,0.819059908,-0.001243030,0.000114897,0.573706627
268,30.460000000,fused_map_f2f,1,1,0,0.035798846,0.013909878,1.000000000,1.000000000,0.100000000,0.010989011,0.010989011,0.037020197,0.002770083,1.000000000,0.000000000,0.000000000,0.000000000,0.000000000,0.000000000,0.818181818,1.000000000,0.890909091,1.000000000,0.959620931,0.854054054,0.819568147,1.037971210,14.693582535,3.264575005,0.751290262,0.818210840,-0.001280130,0.000128472,0.574916780
269,30.635000000,fused_map_f2f,1,1,0,0.038353818,0.013106550,1.000000000,1.000000000,0.100000000,0.010989011,0.010989011,0.037016138,0.002770083,1.000000000,0.000000000,0.000000000,0.000000000,0.000000000,0.000000000,0.760869565,0.859274516,0.800231545,1.000000000,0.961809880,0.850267380,0.817795566,1.037853038,14.721370697,3.346411705,0.750584662,0.817377031,-0.001219583,0.000110950,0.576101840
270,30.819000000,fused_map_f2f,1,1,0,0.037124650,0.012452258,1.000000000,1.000000000,0.100000000,0.010989011,0.010989011,0.037015657,0.002770083,1.000000000,0.000000000,0.000000000,0.000000000,0.000000000,0.000000000,0.782608696,0.812797393,0.794684175,1.000000000,0.959090909,0.852459016,0.817585693,1.037839046,14.750865936,3.432444334,0.750339329,0.816572428,-0.001231493,0.000106280,0.577241719
271,30.988000000,fused_map_f2f,1,1,0,0.038427059,0.010817089,1.000000000,1.000000000,0.100000000,0.010989011,0.010989011,0.037029509,0.002770083,1.000000000,0.000000000,0.000000000,0.000000000,0.000000000,0.000000000,0.800000000,0.805581467,0.802232587,1.000000000,0.960033306,0.857923497,0.823635131,1.038242342,14.778104782,3.512774229,0.750289381,0.815844357,-0.001256608,0.000133147,0.578270257
272,31.169000000,fused_map_f2f,1,1,0,0.039231636,0.012187717,1.000000000,1.000000000,0.100000000,0.010989011,0.010989011,0.037006727,0.002770083,1.000000000,0.000000000,0.000000000,0.000000000,0.000000000,0.000000000,0.755555556,0.673768423,0.722840702,1.000000000,0.959731544,0.847826087,0.813685439,1.037579029,14.808076859,3.601859331,0.750011384,0.815104783,-0.001154083,0.000119772,0.579312384
273,31.339000000,fused_map_f2f,1,1,0,0.040417385,0.011602922,1.000000000,1.000000000,0.100000000,0.010989011,0.010989011,0.037079833,0.002770083,1.000000000,0.000000000,0.000000000,0.000000000,0.000000000,0.000000000,0.777777778,0.863910402,0.812230827,1.000000000,0.959448161,0.881355932,0.845615328,1.039707689,14.836817741,3.686525106,0.749252915,0.814401448,-0.001052229,0.000118049,0.580300987
274,31.553000000,fused_map_f2f,1,1,0,0.040246336,0.013182574,1.000000000,1.000000000,0.100000000,0.010989011,0.010989011,0.037080248,0.002770083,1.000000000,0.000000000,0.000000000,0.000000000,0.000000000,0.000000000,0.777777778,0.806674604,0.789336508,1.000000000,0.961132235,0.880000000,0.845796367,1.039719758,14.871340752,3.792874575,0.749189734,0.813562989,-0.001016979,0.000104451,0.581475973
275,31.736000000,fused_map_f2f,1,1,0,0.043391228,0.012459573,1.000000000,1.000000000,0.100000000,0.010989011,0.010989011,0.037029671,0.002770083,1.000000000,0.000000000,0.000000000,0.000000000,0.000000000,0.000000000,0.760869565,0.673466815,0.725908465,1.000000000,0.959183673,0.858757062,0.823705753,1.038247050,14.901220322,3.883239746,0.749206007,0.812874615,-0.001085070,0.000111739,0.582437694
276,31.913000000,fused_map_f2f,1,1,0,0.043809990,0.012564648,1.000000000,1.000000000,0.100000000,0.010989011,0.010989011,0.037094696,0.002770083,1.000000000,0.000000000,0.000000000,0.000000000,0.000000000,0.000000000,0.818181818,1.000000000,0.890909091,1.000000000,0.965721540,0.882352941,0.852107242,1.040140483,14.930699348,3.971813679,0.749366283,0.812205970,-0.001101384,0.000119250,0.583369732
277,32.094000000,fused_map_f2f,1,1,0,0.041447683,0.012284385,1.000000000,1.000000000,0.100000000,0.010989011,0.010989011,0.037010340,0.002770083,1.000000000,0.000000000,0.000000000,0.000000000,0.000000000,0.000000000,0.739130435,0.686494750,0.718076161,1.000000000,0.959459459,0.849710983,0.815263240,1.037684216,14.960831642,4.063443184,0.749398530,0.811545372,-0.001060474,0.000151888,0.584288418
278,32.259000000,fused_map_f2f,1,1,0,0.041335981,0.013998408,1.000000000,1.000000000,0.100000000,0.010989011,0.010989011,0.037020040,0.002770083,1.000000000,0.000000000,0.000000000,0.000000000,0.000000000,0.000000000,0.717391304,0.640547656,0.686653845,1.000000000,0.960792580,0.852941176,0.819499554,1.037966637,14.990669250,4.149846077,0.749661684,0.810926139,-0.001116720,0.000072928,0.585147440
279,32.433000000,fused_map_f2f,1,1,0,0.040404397,0.012581693,1.000000000,1.000000000,0.100000000,0.010989011,0.010989011,0.037028695,0.002770083,1.000000000,0.000000000,0.000000000,0.000000000,0.000000000,0.000000000,0.739130435,1.000000000,0.843478261,1.000000000,0.960492778,0.857142857,0.823279524,1.038218635,15.021145821,4.239728928,0.749109924,0.810307562,-0.001093602,0.000073473,0.586003900
280,32.609000000,fused_map_f2f,1,1,0,0.042022744,0.012669569,1.000000000,1.000000000,0.100000000,0.010989011,0.010989011,0.037081439,0.002770083,1.000000000,0.000000000,0.000000000,0.000000000,0.000000000,0.000000000,0.782608696,0.956282187,0.852078092,1.000000000,0.963860544,0.878048780,0.846316575,1.039754438,15.049245834,4.330650330,0.749304652,0.809745908,-0.001175827,0.000058562,0.586779535
281,32.715000000,fused_map_f2f,1,1,0,0.040066092,0.009708536,1.000000000,1.000000000,0.100000000,0.010989011,0.010989011,0.037105359,0.002770083,1.000000000,0.000000000,0.000000000,0.000000000,0.000000000,0.000000000,0.804347826,1.000000000,0.882608696,1.000000000,0.963860544,0.888888889,0.856764928,1.040450995,15.066212654,4.385925770,0.749198437,0.809410691,-0.001150978,0.000110465,0.587241888
282,32.825000000,fused_map_f2f,1,1,0,0.039839601,0.008505968,1.000000000,1.000000000,0.100000000,0.010989011,0.010989011,0.037067520,0.002770083,1.000000000,0.000000000,0.000000000,0.000000000,0.000000000,0.000000000,0.760869565,1.000000000,0.856521739,1.000000000,0.963628584,0.871951220,0.840237119,1.039349141,15.086238861,4.447269440,0.749342859,0.809053540,-0.001246818,0.000072465,0.587733686
283,32.916000000,fused_map_f2f,1,1,0,0.040473438,0.007988703,1.000000000,1.000000000,0.100000000,0.010989011,0.010989011,0.037048945,0.002770083,1.000000000,0.000000000,0.000000000,0.000000000,0.000000000,0.000000000,0.760869565,0.943934464,0.834095525,1.000000000,0.961044521,0.865853659,0.832123914,1.038808261,15.099968910,4.492993832,0.749197721,0.808811843,-0.001227129,0.000049944,0.588066280
284,33.018000000,fused_map_f2f,1,1,0,0.038575399,0.007946725,1.000000000,1.000000000,0.100000000,0.010989011,0.010989011,0.037099822,0.002770083,1.000000000,0.000000000,0.000000000,0.000000000,0.000000000,0.000000000,0.782608696,0.981242896,0.862062376,1.000000000,0.965782720,0.884615385,0.854346253,1.040289750,15.116966248,4.547034740,0.748703957,0.808498085,-0.001311655,0.000071355,0.588497341
285,33.188000000,fused_map_f2f,1,1,0,0.040009143,0.011541574,1.000000000,1.000000000,0.100000000,0.010989011,0.010989011,0.037101784,0.002770083,1.000000000,0.000000000,0.000000000,0.000000000,0.000000000,0.000000000,0.760869565,0.691711783,0.733206452,1.000000000,0.961323593,0.889610390,0.855203456,1.040346897,15.144601822,4.636828423,0.749092400,0.808036029,-0.001216139,0.000012628,0.589131892
286,33.231000000,fused_map_f2f,1,1,0,0.040691826,0.006169115,1.000000000,1.000000000,0.100000000,0.010989011,0.010989011,0.037071947,0.002770083,1.000000000,0.000000000,0.000000000,0.000000000,0.000000000,0.000000000,0.723404255,0.819644664,0.761900419,1.000000000,0.964224138,0.873417722,0.842170450,1.039478030,15.152376175,4.660094261,0.748654366,0.807882667,-0.001208886,-0.000020829,0.589342117
287,33.325000000,fused_map_f2f,1,1,0,0.041551151,0.010118879,1.000000000,1.000000000,0.100000000,0.010989011,0.010989011,0.037036096,0.002770083,1.000000000,0.000000000,0.000000000,0.000000000,0.000000000,0.000000000,0.744680851,1.000000000,0.846808511,1.000000000,0.959236774,0.861635220,0.826512189,1.038434146,15.167931557,4.710874081,0.748471439,0.807640195,-0.001225354,0.000004911,0.589674354
288,33.413000000,fused_map_f2f,1,1,0,0.041256735,0.009418748,1.000000000,1.000000000,0.100000000,0.010989011,0.010989011,0.037102154,0.002770083,1.000000000,0.000000000,0.000000000,0.000000000,0.000000000,0.000000000,0.765957447,1.000000000,0.859574468,1.000000000,0.961505190,0.889610390,0.855365007,1.040357667,15.182950974,4.759978294,0.748665512,0.807382286,-0.001152145,-0.000012804,0.590027630
289,33.515000000,fused_map_f2f,1,1,0,0.039501496,0.008213601,1.000000000,1.000000000,0.100000000,0.010989011,0.010989011,0.037100323,0.002770083,1.000000000,0.000000000,0.000000000,0.000000000,0.000000000,0.000000000,0.777777778,0.790178438,0.782738042,1.000000000,0.960606061,0.889610390,0.854565132,1.040304342,15.199667931,4.814515591,0.748788714,0.807106137,-0.001161785,-0.000001781,0.590405166
290,33.622000000,fused_map_f2f,1,1,0,0.040699373,0.008747941,1.000000000,1.000000000,0.100000000,0.010989011,0.010989011,0.037076847,0.002770083,1.000000000,0.000000000,0.000000000,0.000000000,0.000000000,0.000000000,0.765957447,0.965294948,0.845692447,1.000000000,0.961405030,0.878205128,0.844310828,1.039620722,15.216974258,4.871712208,0.748912811,0.806832612,-0.001174138,0.000017867,0.590779006
291,33.712000000,fused_map_f2f,1,1,0,0.040343048,0.008301175,1.000000000,1.000000000,0.100000000,0.010989011,0.010989011,0.037034484,0.002770083,1.000000000,0.000000000,0.000000000,0.000000000,0.000000000,0.000000000,0.739130435,0.807879137,0.766629916,1.000000000,0.961388286,0.858974359,0.825807887,1.038387192,15.233405113,4.922585964,0.749248803,0.806590736,-0.001206065,0.000019038,0.591109097
292,33.819000000,fused_map_f2f,1,1,0,0.040273447,0.008817614,1.000000000,1.000000000,0.100000000,0.010989011,0.010989011,0.037112373,0.002770083,1.000000000,0.000000000,0.000000000,0.000000000,0.000000000,0.000000000,0.777777778,1.000000000,0.866666667,1.000000000,0.963267070,0.892617450,0.859828995,1.040655266,15.250692368,4.980400085,0.749304652,0.806324244,-0.001168340,0.000058141,0.591472685
293,33.927000000,fused_map_f2f,1,1,0,0.041338507,0.009306599,1.000000000,1.000000000,0.100000000,0.010989011,0.010989011,0.037160169,0.002770083,1.000000000,0.000000000,0.000000000,0.000000000,0.000000000,0.000000000,0.733333333,1.000000000,0.840000000,1.000000000,0.965517241,0.912162162,0.880708295,1.042047220,15.267876625,5.039268494,0.749349535,0.806069851,-0.001166028,0.000055506,0.591819286
294,34.015000000,fused_map_f2f,1,1,0,0.042715351,0.008205773,1.000000000,1.000000000,0.100000000,0.010989011,0.010989011,0.037086140,0.002770083,1.000000000,0.000000000,0.000000000,0.000000000,0.000000000,0.000000000,0.795454545,0.965077520,0.863303735,1.000000000,0.962330267,0.881578947,0.848370104,1.039891340,15.284033775,5.090564251,0.748853803,0.805864751,-0.001198454,-0.000021412,0.592098415
295,34.119000000,fused_map_f2f,1,1,0,0.043424178,0.008894880,1.000000000,1.000000000,0.100000000,0.010989011,0.010989011,0.037082294,0.002770083,1.000000000,0.000000000,0.000000000,0.000000000,0.000000000,0.000000000,0.880952381,0.978442144,0.919948286,1.000000000,0.963924329,0.878378378,0.846690289,1.039779353,15.301202774,5.147855759,0.749002576,0.805631518,-0.001249943,-0.000003705,0.592415690
296,34.210000000,fused_map_f2f,1,1,0,0.043583533,0.008260229,1.000000000,1.000000000,0.100000000,0.010989011,0.010989011,0.037091084,0.002770083,1.000000000,0.000000000,0.000000000,0.000000000,0.000000000,0.000000000,0.837209302,0.952009350,0.883129321,1.000000000,0.960903562,0.885135135,0.850529504,1.040035300,15.316124916,5.198424339,0.749047458,0.805418074,-0.001258413,-0.000012434,0.592705786
297,34.323000000,fused_map_f2f,1,1,0,0.040886334,0.009533766,1.000000000,1.000000000,0.100000000,0.010989011,0.010989011,0.037097512,0.002770083,1.000000000,0.000000000,0.000000000,0.000000000,0.000000000,0.000000000,0.813953488,1.000000000,0.888372093,1.000000000,0.964927663,0.884353741,0.853337389,1.040222493,15.334613800,5.260487556,0.749585927,0.805172503,-0.001247703,-0.000038464,0.593039453
298,34.410000000,fused_map_f2f,1,1,0,0.041882190,0.007734032,1.000000000,1.000000000,0.100000000,0.010989011,0.010989011,0.037062183,0.002770083,1.000000000,0.000000000,0.000000000,0.000000000,0.000000000,0.000000000,0.880952381,1.000000000,0.928571429,1.000000000,0.961318681,0.871621622,0.837906148,1.039193743,15.349426270,5.309274673,0.749155998,0.804990947,-0.001141291,-0.000019123,0.593285978
299,34.515000000,fused_map_f2f,1,1,0,0.041763740,0.008635403,1.000000000,1.000000000,0.100000000,0.010989011,0.010989011,0.037138069,0.002770083,1.000000000,0.000000000,0.000000000,0.000000000,0.000000000,0.000000000,0.857142857,0.882853030,0.867426926,1.000000000,0.964143426,0.903448276,0.871053716,1.041403581,15.367446899,5.368839264,0.749221742,0.804772139,-0.001186559,-0.000011858,0.593582749
300,34.621000000,fused_map_f2f,1,1,0,0.042401122,0.008784125,1.000000000,1.000000000,0.100000000,0.010989011,0.010989011,0.037135760,0.002770083,1.000000000,0.000000000,0.000000000,0.000000000,0.000000000,0.000000000,0.853658537,0.853263683,0.853500595,1.000000000,0.962322695,0.904109589,0.870045176,1.041336345,15.385042191,5.428056717,0.749237061,0.804553688,-0.001178560,-0.000020363,0.593878746
301,34.722000000,fused_map_f2f,1,1,0,0.043454750,0.008063120,1.000000000,1.000000000,0.100000000,0.010989011,0.010989011,0.037161970,0.002770083,1.000000000,0.000000000,0.000000000,0.000000000,0.000000000,0.000000000,0.853658537,1.000000000,0.912195122,1.000000000,0.962863535,0.915492958,0.881494785,1.042099652,15.401606560,5.484774590,0.749290347,0.804343164,-0.001123899,0.000005613,0.594164014
302,34.819000000,fused_map_f2f,1,1,0,0.045230576,0.008200529,1.000000000,1.000000000,0.100000000,0.010989011,0.010989011,0.037106775,0.002770083,1.000000000,0.000000000,0.000000000,0.000000000,0.000000000,0.000000000,0.853658537,1.000000000,0.912195122,1.000000000,0.963725929,0.889655172,0.857383758,1.040492251,15.419526100,5.541903496,0.749122024,0.804153562,-0.001107026,-0.000056527,0.594420552
303,34.927000000,fused_map_f2f,1,1,0,0.045861979,0.008516142,1.000000000,1.000000000,0.100000000,0.010989011,0.010989011,0.037130703,0.002770083,1.000000000,0.000000000,0.000000000,0.000000000,0.000000000,0.000000000,0.850000000,1.000000000,0.910000000,1.000000000,0.962019660,0.902097902,0.867835917,1.041189061,15.437559128,5.603836060,0.748956382,0.803933442,-0.001204812,-0.000068378,0.594718039
304,35.012000000,fused_map_f2f,1,1,0,0.047517122,0.008325703,1.000000000,1.000000000,0.100000000,0.010989011,0.010989011,0.037137476,0.002770083,1.000000000,0.000000000,0.000000000,0.000000000,0.000000000,0.000000000,0.825000000,1.000000000,0.895000000,1.000000000,0.965299685,0.902097902,0.870794820,1.041386321,15.451691628,5.651968002,0.748840570,0.803781211,-0.001178158,-0.000045353,0.594923854
305,35.122000000,fused_map_f2f,1,1,0,0.046408874,0.009218043,1.000000000,1.000000000,0.100000000,0.010989011,0.010989011,0.037087061,0.002770083,1.000000000,0.000000000,0.000000000,0.000000000,0.000000000,0.000000000,0.825000000,1.000000000,0.895000000,1.000000000,0.967205750,0.877551020,0.848772393,1.039918160,15.471331596,5.715296745,0.748724043,0.803547084,-0.001096921,-0.000064712,0.595240176
306,35.219000000,fused_map_f2f,1,1,0,0.046681423,0.008118008,1.000000000,1.000000000,0.100000000,0.010989011,0.010989011,0.037133159,0.002770083,1.000000000,0.000000000,0.000000000,0.000000000,0.000000000,0.000000000,0.871794872,1.000000000,0.923076923,1.000000000,0.970733904,0.895104895,0.868908669,1.041260578,15.487110138,5.770377636,0.748721659,0.803386092,-0.001078441,-0.000072842,0.595457494
307,35.342000000,fused_map_f2f,1,1,0,0.046628962,0.009278174,1.000000000,1.000000000,0.100000000,0.010989011,0.010989011,0.037144590,0.002770083,1.000000000,0.000000000,0.000000000,0.000000000,0.000000000,0.000000000,0.846153846,1.000000000,0.907692308,1.000000000,0.970238095,0.900709220,0.873902398,1.041593493,15.508628845,5.843073845,0.748218060,0.803179860,-0.001089554,-0.000069759,0.595735610
308,35.425000000,fused_map_f2f,1,1,0,0.048614220,0.007495641,1.000000000,1.000000000,0.100000000,0.010989011,0.010989011,0.037140645,0.002770083,1.000000000,0.000000000,0.000000000,0.000000000,0.000000000,0.000000000,0.871794872,0.878976621,0.874667572,1.000000000,0.969863014,0.899280576,0.872178969,1.041478598,15.521981239,5.889910698,0.748162150,0.802997291,-0.000995162,-0.000010388,0.595981896
309,35.514000000,fused_map_f2f,1,1,0,0.048003091,0.008679201,1.000000000,1.000000000,0.100000000,0.010989011,0.010989011,0.037110528,0.002770083,1.000000000,0.000000000,0.000000000,0.000000000,0.000000000,0.000000000,0.871794872,1.000000000,0.923076923,1.000000000,0.968978102,0.886524823,0.859023140,1.040601543,15.537422180,5.942219257,0.748131216,0.802879632,-0.001098679,-0.000054961,0.596140146
310,35.624000000,fused_map_f2f,1,1,0,0.047338038,0.008683149,1.000000000,1.000000000,0.100000000,0.010989011,0.010989011,0.037155669,0.002770083,1.000000000,0.000000000,0.000000000,0.000000000,0.000000000,0.000000000,0.868421053,0.872410787,0.870016946,1.000000000,0.969406393,0.906474820,0.878742485,1.041916166,15.555257797,6.004765034,0.748446107,0.802717447,-0.001127022,-0.000091619,0.596358538
311,35.713000000,fused_map_f2f,1,1,0,0.048712559,0.007977087,1.000000000,1.000000000,0.100000000,0.010989011,0.010989011,0.037136474,0.002770083,1.000000000,0.000000000,0.000000000,0.000000000,0.000000000,0.000000000,0.868421053,0.941196155,0.897531093,1.000000000,0.967063129,0.900000000,0.870356816,1.041357121,15.570101738,6.055605412,0.748492718,0.802569687,-0.001161605,-0.000119072,0.596557260
312,35.815000000,fused_map_f2f,1,1,0,0.051252042,0.008749623,1.000000000,1.000000000,0.100000000,0.010989011,0.010989011,0.037106647,0.002770083,1.000000000,0.000000000,0.000000000,0.000000000,0.000000000,0.000000000,0.842105263,1.000000000,0.905263158,1.000000000,0.966194609,0.887323944,0.857327611,1.040488507,15.586736679,6.113872051,0.748452187,0.802425027,-0.001223014,-0.000161092,0.596751690
313,35.920000000,fused_map_f2f,1,1,0,0.048695192,0.008317318,1.000000000,1.000000000,0.100000000,0.010989011,0.010989011,0.037151118,0.002770083,1.000000000,0.000000000,0.000000000,0.000000000,0.000000000,0.000000000,0.842105263,0.968756854,0.892765900,1.000000000,0.967213115,0.906474820,0.876754334,1.041783622,15.604414940,6.174041748,0.748625100,0.802282989,-0.001231949,-0.000143056,0.596942604
314,36.025000000,fused_map_f2f,1,1,0,0.047994529,0.008080907,1.000000000,1.000000000,0.100000000,0.010989011,0.010989011,0.037127783,0.002770083,1.000000000,0.000000000,0.000000000,0.000000000,0.000000000,0.000000000,0.842105263,1.000000000,0.905263158,1.000000000,0.970547630,0.892857143,0.866560384,1.041104026,15.621726036,6.234325886,0.748692811,0.802124321,-0.001221177,-0.000166704,0.597155809
315,36.119000000,fused_map_f2f,1,1,0,0.051498280,0.008663936,1.000000000,1.000000000,0.100000000,0.010989011,0.010989011,0.037111199,0.002770083,1.000000000,0.000000000,0.000000000,0.000000000,0.000000000,0.000000000,0.894736842,0.851947318,0.877621032,1.000000000,0.969308291,0.886524823,0.859315861,1.040621057,15.637701035,6.289848328,0.748412848,0.801973879,-0.001107097,-0.000064587,0.597358108
316,36.266000000,fused_map_f2f,1,1,0,0.049650994,0.010370545,1.000000000,1.000000000,0.100000000,0.010989011,0.010989011,0.037157289,0.002770083,1.000000000,0.000000000,0.000000000,0.000000000,0.000000000,0.000000000,0.918918919,1.000000000,0.951351351,1.000000000,0.971650663,0.905109489,0.879450235,1.041963349,15.662520409,6.376864910,0.748343945,0.801783502,-0.001172660,-0.000067590,0.597613454
317,36.310000000,fused_map_f2f,1,1,0,0.047668156,0.006013218,1.000000000,1.000000000,0.100000000,0.010989011,0.010989011,0.037145261,0.002770083,1.000000000,0.000000000,0.000000000,0.000000000,0.000000000,0.000000000,0.891891892,1.000000000,0.935135135,1.000000000,0.966590389,0.904411765,0.874195719,1.041613048,15.669878006,6.401926517,0.748279512,0.801723421,-0.001174615,-0.000080703,0.597694039
318,36.421000000,fused_map_f2f,1,1,0,0.050482816,0.008330778,1.000000000,1.000000000,0.100000000,0.010989011,0.010989011,0.037117941,0.002770083,1.000000000,0.000000000,0.000000000,0.000000000,0.000000000,0.000000000,0.842105263,1.000000000,0.905263158,1.000000000,0.969152855,0.889705882,0.862260996,1.040817400,15.688769341,6.467328072,0.748362720,0.801554143,-0.001121661,-0.000058594,0.597921193
319,36.527000000,fused_map_f2f,1,1,0,0.050495463,0.008549946,1.000000000,1.000000000,0.100000000,0.010989011,0.010989011,0.037123307,0.002770083,1.000000000,0.000000000,0.000000000,0.000000000,0.000000000,0.000000000,0.815789474,0.921686316,0.858148211,1.000000000,0.970909091,0.890510949,0.864605176,1.040973678,15.706524849,6.529140949,0.748028576,0.801385999,-0.001242883,-0.000100874,0.598146260
320,36.609000000,fused_map_f2f,1,1,0,0.049937207,0.007307851,1.000000000,1.000000000,0.100000000,0.010989011,0.010989011,0.037108504,0.002770083,1.000000000,0.000000000,0.000000000,0.000000000,0.000000000,0.000000000,0.864864865,1.000000000,0.918918919,1.000000000,0.971611722,0.883211679,0.858138820,1.040542588,15.720072746,6.576540470,0.747884452,0.801311433,-0.001278062,-0.000129646,0.598246038
321,36.718000000,fused_map_f2f,1,1,0,0.049963506,0.008803943,1.000000000,1.000000000,0.100000000,0.010989011,0.010989011,0.037108509,0.002770083,1.000000000,0.000000000,0.000000000,0.000000000,0.000000000,0.000000000,0.891891892,1.000000000,0.935135135,1.000000000,0.970684039,0.884057971,0.858140962,1.040542731,15.737806320,6.639657974,0.747969091,0.801169455,-0.001246859,-0.000102834,0.598436236
322,36.836000000,fused_map_f2f,1,1,0,0.051684134,0.008971556,1.000000000,1.000000000,0.100000000,0.010989011,0.010989011,0.037098208,0.002770083,1.000000000,0.000000000,0.000000000,0.000000000,0.000000000,0.000000000,0.864864865,1.000000000,0.918918919,1.000000000,0.973574409,0.876811594,0.853641330,1.040242755,15.757441521,6.707857132,0.747865498,0.801032484,-0.001268441,-0.000107585,0.598619521
323,36.913000000,fused_map_f2f,1,1,0,0.049756034,0.007603278,1.000000000,1.000000000,0.100000000,0.010989011,0.010989011,0.037175642,0.002770083,1.000000000,0.000000000,0.000000000,0.000000000,0.000000000,0.000000000,0.864864865,1.000000000,0.918918919,1.000000000,0.974050046,0.911111111,0.887467820,1.042497855,15.769852638,6.752097607,0.747734487,0.800962031,-0.001253528,-0.000095308,0.598713815
324,37.020000000,fused_map_f2f,1,1,0,0.049146579,0.008117039,1.000000000,1.000000000,0.100000000,0.010989011,0.010989011,0.037161295,0.002770083,1.000000000,0.000000000,0.000000000,0.000000000,0.000000000,0.000000000,0.864864865,0.962287007,0.903833722,1.000000000,0.974335044,0.904411765,0.881200077,1.042080005,15.787554741,6.815942287,0.747441471,0.800824881,-0.001142160,-0.000063383,0.598897517
325,37.117000000,fused_map_f2f,1,1,0,0.050417829,0.007278335,1.000000000,1.000000000,0.100000000,0.010989011,0.010989011,0.037132280,0.002770083,1.000000000,0.000000000,0.000000000,0.000000000,0.000000000,0.000000000,0.864864865,0.954206391,0.900601475,1.000000000,0.974442379,0.891304348,0.868524729,1.041234982,15.804339409,6.872927666,0.747425258,0.800723255,-0.001107197,-0.000089175,0.599033475
326,37.214000000,fused_map_f2f,1,1,0,0.053085739,0.007944803,1.000000000,1.000000000,0.100000000,0.010989011,0.010989011,0.037132474,0.002770083,1.000000000,0.000000000,0.000000000,0.000000000,0.000000000,0.000000000,0.837837838,0.955489709,0.884898586,1.000000000,0.975406032,0.890510949,0.868609752,1.041240650,15.818991661,6.927510262,0.747688293,0.800637782,-0.001098204,-0.000042458,0.599147737
327,37.318000000,fused_map_f2f,1,1,0,0.051036759,0.008149453,1.000000000,1.000000000,0.100000000,0.010989011,0.010989011,0.037181629,0.002770083,1.000000000,0.000000000,0.000000000,0.000000000,0.000000000,0.000000000,0.837837838,1.000000000,0.902702703,1.000000000,0.977632805,0.910447761,0.890083599,1.042672240,15.835991859,6.988209248,0.747513771,0.800529182,-0.001104746,-0.000051381,0.599292755
328,37.421000000,fused_map_f2f,1,1,0,0.052496579,0.007979182,1.000000000,1.000000000,0.100000000,0.010989011,0.010989011,0.037153560,0.002770083,1.000000000,0.000000000,0.000000000,0.000000000,0.000000000,0.000000000,0.861111111,0.988446484,0.912045260,1.000000000,0.978554779,0.897058824,0.877821198,1.041854747,15.852674484,7.047987461,0.747348845,0.800426185,-0.001101677,-0.000064710,0.599430323
329,37.522000000,fused_map_f2f,1,1,0,0.054023813,0.008266926,1.000000000,1.000000000,0.100000000,0.010989011,0.010989011,0.037137943,0.002770083,1.000000000,0.000000000,0.000000000,0.000000000,0.000000000,0.000000000,0.888888889,0.937371499,0.908281933,1.000000000,0.978088578,0.890510949,0.870998588,1.041399906,15.869891167,7.109063625,0.746838093,0.800300717,-0.001022174,-0.000001793,0.599597931
330,37.624000000,fused_map_f2f,1,1,0,0.052564170,0.007923688,1.000000000,1.000000000,0.100000000,0.010989011,0.010989011,0.037184213,0.002770083,1.000000000,0.000000000,0.000000000,0.000000000,0.000000000,0.000000000,0.888888889,0.911427160,0.897904198,1.000000000,0.978159851,0.911111111,0.891212309,1.042747487,15.887550354,7.170115948,0.746709049,0.800219238,-0.000982834,-0.000004759,0.599706769
331,37.724000000,fused_map_f2f,1,1,0,0.054798190,0.008110163,1.000000000,1.000000000,0.100000000,0.010989011,0.010989011,0.037202124,0.002770083,1.000000000,0.000000000,0.000000000,0.000000000,0.000000000,0.000000000,0.888888889,1.000000000,0.933333333,1.000000000,0.979439252,0.917910448,0.899037523,1.043269168,15.903699875,7.228191376,0.746500015,0.800137043,-0.001048524,-0.000090214,0.599816322
332,37.824000000,fused_map_f2f,1,1,0,0.056231256,0.007935454,1.000000000,1.000000000,0.100000000,0.010989011,0.010989011,0.037194301,0.002770083,1.000000000,0.000000000,0.000000000,0.000000000,0.000000000,0.000000000,0.833333333,0.928545767,0.871418307,1.000000000,0.982292637,0.911764706,0.895619758,1.043041317,15.920812607,7.288490295,0.746611774,0.800023198,-0.000952266,-0.000034154,0.599968374
333,37.916000000,fused_map_f2f,1,1,0,0.053570522,0.007200737,1.000000000,1.000000000,0.100000000,0.010989011,0.010989011,0.037236858,0.002770083,1.000000000,0.000000000,0.000000000,0.000000000,0.000000000,0.000000000,0.861111111,0.997065848,0.915493006,1.000000000,0.980037140,0.932835821,0.914213750,1.044280917,15.936082840,7.341172218,0.746557593,0.799977064,-0.000910638,0.000000433,0.600029886
334,38.022000000,fused_map_f2f,1,1,0,0.054259488,0.007908693,1.000000000,1.000000000,0.100000000,0.010989011,0.010989011,0.037208447,0.002770083,1.000000000,0.000000000,0.000000000,0.000000000,0.000000000,0.000000000,0.944444444,1.000000000,0.966666667,1.000000000,0.981158738,0.919117647,0.901800310,1.043453354,15.953283310,7.404752254,0.746718764,0.799910426,-0.000866127,0.000051579,0.600118816
335,38.128000000,fused_map_f2f,1,1,0,0.053172268,0.008895124,1.000000000,1.000000000,0.100000000,0.010989011,0.010989011,0.037204068,0.002770083,1.000000000,0.000000000,0.000000000,0.000000000,0.000000000,0.000000000,0.916666667,1.000000000,0.950000000,1.000000000,0.980364656,0.917910448,0.899886961,1.043325797,15.970028877,7.466679096,0.746779144,0.799806774,-0.000859399,0.000044964,0.600256920
336,38.225000000,fused_map_f2f,1,1,0,0.052940337,0.007653297,1.000000000,1.000000000,0.100000000,0.010989011,0.010989011,0.037190924,0.002770083,1.000000000,0.000000000,0.000000000,0.000000000,0.000000000,0.000000000,0.916666667,1.000000000,0.950000000,1.000000000,0.981378026,0.911111111,0.894144424,1.042942962,15.986945152,7.526761532,0.746270061,0.799757540,-0.000902589,0.000016531,0.600322545
337,38.326000000,fused_map_f2f,1,1,0,0.050271537,0.008716714,1.000000000,1.000000000,0.100000000,0.010989011,0.010989011,0.037176496,0.002770083,1.000000000,0.000000000,0.000000000,0.000000000,0.000000000,0.000000000,0.916666667,1.000000000,0.950000000,1.000000000,0.980921359,0.905109489,0.887841230,1.042522749,16.002866745,7.585669994,0.746403813,0.799679339,-0.000885244,0.000016946,0.600426733
338,38.426000000,fused_map_f2f,1,1,0,0.053878164,0.008158774,1.000000000,1.000000000,0.100000000,0.010989011,0.010989011,0.037181413,0.002770083,1.000000000,0.000000000,0.000000000,0.000000000,0.000000000,0.000000000,0.942857143,1.000000000,0.965714286,1.000000000,0.983294664,0.905109489,0.889989331,1.042665955,16.019680023,7.646071911,0.745701432,0.799560666,-0.000828458,0.000113654,0.600584745
339,38.523000000,fused_map_f2f,1,1,0,0.053494125,0.008004884,1.000000000,1.000000000,0.100000000,0.010989011,0.010989011,0.037139551,0.002770083,1.000000000,0.000000000,0.000000000,0.000000000,0.000000000,0.000000000,0.914285714,1.000000000,0.948571429,1.000000000,0.984178688,0.885714286,0.871701123,1.041446742,16.035234451,7.702512741,0.745731413,0.799486697,-0.000812937,0.000116504,0.600683212
340,38.623000000,fused_map_f2f,1,1,0,0.051708771,0.007875442,1.000000000,1.000000000,0.100000000,0.010989011,0.010989011,0.037182075,0.002770083,1.000000000,0.000000000,0.000000000,0.000000000,0.000000000,0.000000000,0.914285714,1.000000000,0.948571429,1.000000000,0.983614232,0.905109489,0.890278575,1.042685238,16.051382065,7.760866165,0.745725691,0.799418271,-0.000808044,0.000105314,0.600774288
341,38.720000000,fused_map_f2f,1,1,0,0.053862706,0.009068217,1.000000000,1.000000000,0.100000000,0.010989011,0.010989011,0.037167008,0.002770083,1.000000000,0.000000000,0.000000000,0.000000000,0.000000000,0.000000000,0.971428571,1.000000000,0.982857143,1.000000000,0.982669789,0.899280576,0.883695854,1.042246390,16.067897797,7.818238735,0.745417655,0.799336255,-0.000848356,0.000058463,0.600883424
342,38.820000000,fused_map_f2f,1,1,0,0.052147279,0.008023856,1.000000000,1.000000000,0.100000000,0.010989011,0.010989011,0.037200615,0.002770083,1.000000000,0.000000000,0.000000000,0.000000000,0.000000000,0.000000000,0.971428571,1.000000000,0.982857143,1.000000000,0.984622554,0.912408759,0.898378242,1.043225216,16.083639145,7.877120018,0.745105028,0.799244940,-0.000937958,0.000019850,0.601004660
343,38.924000000,fused_map_f2f,1,1,0,0.050499404,0.008586390,1.000000000,1.000000000,0.100000000,0.010989011,0.010989011,0.037183750,0.002770083,1.000000000,0.000000000,0.000000000,0.000000000,0.000000000,0.000000000,0.942857143,1.000000000,0.965714286,1.000000000,0.983675373,0.905797101,0.891010302,1.042734020,16.100427628,7.938230515,0.745174170,0.799178064,-0.000892279,0.000061111,0.601093650
344,39.012000000,fused_map_f2f,1,1,0,0.051585816,0.011438735,1.000000000,1.000000000,0.100000000,0.010989011,0.010989011,0.037184162,0.002770083,1.000000000,0.000000000,0.000000000,0.000000000,0.000000000,0.000000000,0.942857143,1.000000000,0.965714286,1.000000000,0.983138173,0.906474820,0.891189999,1.042746000,16.114488602,7.989534855,0.745227635,0.799124897,-0.000878567,0.000070744,0.601164401
345,39.114000000,fused_map_f2f,1,1,0,0.054171520,0.008600737,1.000000000,1.000000000,0.100000000,0.010989011,0.010989011,0.037206071,0.002770083,1.000000000,0.000000000,0.000000000,0.000000000,0.000000000,0.000000000,0.885714286,1.000000000,0.931428571,1.000000000,0.986549165,0.913043478,0.900762281,1.043384152,16.131526947,8.051813126,0.745709658,0.799054146,-0.000906663,0.000060174,0.601258457
346,39.212000000,fused_map_f2f,1,1,0,0.051375256,0.008025816,1.000000000,1.000000000,0.100000000,0.010989011,0.010989011,0.037208365,0.002770083,1.000000000,0.000000000,0.000000000,0.000000000,0.000000000,0.000000000,0.888888889,1.000000000,0.933333333,1.000000000,0.986970684,0.913669065,0.901764582,1.043450972,16.149198532,8.110585213,0.745564342,0.799025297,-0.000841830,0.000092575,0.601296842
347,39.321000000,fused_map_f2f,1,1,0,0.052926968,0.008377170,1.000000000,1.000000000,0.100000000,0.010989011,0.010989011,0.037228463,0.002770083,1.000000000,0.000000000,0.000000000,0.000000000,0.000000000,0.000000000,0.888888889,1.000000000,0.933333333,1.000000000,0.988795518,0.920863309,0.910545513,1.044036368,16.167215347,8.176082611,0.745485485,0.798951805,-0.000850185,0.000099833,0.601394475
348,39.415000000,fused_map_f2f,1,1,0,0.054895226,0.008140352,1.000000000,1.000000000,0.100000000,0.010989011,0.010989011,0.037213577,0.002770083,1.000000000,0.000000000,0.000000000,0.000000000,0.000000000,0.000000000,0.888888889,1.000000000,0.933333333,1.000000000,0.988795518,0.914285714,0.904041617,1.043602774,16.182226181,8.230960846,0.745575368,0.798901439,-0.000825156,0.000127974,0.601461411
349,39.509000000,fused_map_f2f,1,1,0,0.054764674,0.007733965,1.000000000,1.000000000,0.100000000,0.010989011,0.010989011,0.037244419,0.002770083,1.000000000,0.000000000,0.000000000,0.000000000,0.000000000,0.000000000,0.914285714,1.000000000,0.948571429,1.000000000,0.989762680,0.927007299,0.917517229,1.044501149,16.197277069,8.286537170,0.745267272,0.798882246,-0.000958185,0.000012585,0.601486683
350,39.656000000,fused_map_f2f,1,1,0,0.055319872,0.010319808,1.000000000,1.000000000,0.100000000,0.010989011,0.010989011,0.037229843,0.002770083,1.000000000,0.000000000,0.000000000,0.000000000,0.000000000,0.000000000,0.971428571,1.000000000,0.982857143,1.000000000,0.990693346,0.919708029,0.911148625,1.044076575,16.222116470,8.375539780,0.745563447,0.798805237,-0.000854416,0.000046211,0.601589143
351,39.726000000,fused_map_f2f,1,1,0,0.056641467,0.006972150,1.000000000,1.000000000,0.100000000,0.010989011,0.010989011,0.037212236,0.002770083,1.000000000,0.000000000,0.000000000,0.000000000,0.000000000,0.000000000,0.942857143,1.000000000,0.965714286,1.000000000,0.988821612,0.913669065,0.903455717,1.043563714,16.233463287,8.416248322,0.745262563,0.798765063,-0.000853197,0.000014258,0.601642489
352,39.813000000,fused_map_f2f,1,1,0,0.055348090,0.007549192,1.000000000,1.000000000,0.100000000,0.010989011,0.010989011,0.037210533,0.002770083,1.000000000,0.000000000,0.000000000,0.000000000,0.000000000,0.000000000,0.914285714,1.000000000,0.948571429,1.000000000,0.988007380,0.913669065,0.902711779,1.043514119,16.247684479,8.467609406,0.745240688,0.798722684,-0.000757108,0.000081848,0.601698875
353,39.922000000,fused_map_f2f,1,1,0,0.055222726,0.008172032,1.000000000,1.000000000,0.100000000,0.010989011,0.010989011,0.037194195,0.002770083,1.000000000,0.000000000,0.000000000,0.000000000,0.000000000,0.000000000,0.942857143,1.000000000,0.965714286,1.000000000,0.987974098,0.906474820,0.895573643,1.043038243,16.265073776,8.531467438,0.745095730,0.798688531,-0.000796739,0.000086687,0.601744175
354,40.018000000,fused_map_f2f,1,1,0,0.058147520,0.007594291,1.000000000,1.000000000,0.100000000,0.010989011,0.010989011,0.037178481,0.002770083,1.000000000,0.000000000,0.000000000,0.000000000,0.000000000,0.000000000,0.914285714,1.000000000,0.948571429,1.000000000,0.987453532,0.900000000,0.888708178,1.042580545,16.280448914,8.586626053,0.745077074,0.798639059,-0.000813070,0.000105198,0.601809740
355,40.120000000,fused_map_f2f,1,1,0,0.056952954,0.007971720,1.000000000,1.000000000,0.100000000,0.010989011,0.010989011,0.037154519,0.002770083,1.000000000,0.000000000,0.000000000,0.000000000,0.000000000,0.000000000,0.942857143,1.000000000,0.965714286,1.000000000,0.989762680,0.887323944,0.878240125,1.041882675,16.297046661,8.646300316,0.744713128,0.798604846,-0.000903034,0.000037745,0.601855099
356,40.216000000,fused_map_f2f,1,1,0,0.056923230,0.007972512,1.000000000,1.000000000,0.100000000,0.010989011,0.010989011,0.037157527,0.002770083,1.000000000,0.000000000,0.000000000,0.000000000,0.000000000,0.000000000,0.942857143,1.000000000,0.965714286,1.000000000,0.992136910,0.886524823,0.879553998,1.041970267,16.313491821,8.705414772,0.745287955,0.798519135,-0.000892593,0.000031960,0.601968765
357,40.316000000,fused_map_f2f,1,1,0,0.057718652,0.008587010,1.000000000,1.000000000,0.100000000,0.010989011,0.010989011,0.037133095,0.002770083,1.000000000,0.000000000,0.000000000,0.000000000,0.000000000,0.000000000,0.942857143,1.000000000,0.965714286,1.000000000,0.988001846,0.879432624,0.868881056,1.041258737,16.329719543,8.765774727,0.745190740,0.798487425,-0.000860531,0.000053902,0.602010846
358,40.414000000,fused_map_f2f,1,1,0,0.057874122,0.008720029,1.000000000,1.000000000,0.100000000,0.010989011,0.010989011,0.037141449,0.002770083,1.000000000,0.000000000,0.000000000,0.000000000,0.000000000,0.000000000,0.914285714,1.000000000,0.948571429,1.000000000,0.992151431,0.879432624,0.872530337,1.041502022,16.345533371,8.823516846,0.745182157,0.798445582,-0.000939151,-0.000005657,0.602066278
359,40.512000000,fused_map_f2f,1,1,0,0.055893017,0.008257886,1.000000000,1.000000000,0.100000000,0.010989011,0.010989011,0.037139631,0.002770083,1.000000000,0.000000000,0.000000000,0.000000000,0.000000000,0.000000000,0.942857143,1.000000000,0.965714286,1.000000000,0.991248273,0.879432624,0.871736070,1.041449071,16.361347198,8.881213188,0.745255828,0.798391759,-0.000889424,0.000000622,0.602137685
360,40.615000000,fused_map_f2f,1,1,0,0.056298420,0.008519285,1.000000000,1.000000000,0.100000000,0.010989011,0.010989011,0.037170157,0.002770083,1.000000000,0.000000000,0.000000000,0.000000000,0.000000000,0.000000000,0.914285714,1.000000000,0.948571429,1.000000000,0.991280404,0.892857143,0.885071789,1.042338119,16.377683640,8.941984177,0.745046973,0.798367858,-0.000816572,0.000067852,0.602169573
361,40.710000000,fused_map_f2f,1,1,0,0.059223319,0.007878747,1.000000000,1.000000000,0.100000000,0.010989011,0.010989011,0.037178590,0.002770083,1.000000000,0.000000000,0.000000000,0.000000000,0.000000000,0.000000000,0.914285714,1.000000000,0.948571429,1.000000000,0.995406523,0.892857143,0.888755824,1.042583722,16.393125534,8.997788429,0.744845569,0.798348844,-0.000812838,0.000074533,0.602194786
362,40.821000000,fused_map_f2f,1,1,0,0.055708803,0.008467385,1.000000000,1.000000000,0.100000000,0.010989011,0.010989011,0.037184036,0.002770083,1.000000000,0.000000000,0.000000000,0.000000000,0.000000000,0.000000000,0.942857143,1.000000000,0.965714286,1.000000000,0.991746905,0.898550725,0.891134900,1.042742327,16.412288666,9.065200806,0.744562149,0.798270702,-0.000730985,0.000091588,0.602298379
363,40.916000000,fused_map_f2f,1,1,0,0.056821554,0.007918340,1.000000000,1.000000000,0.100000000,0.010989011,0.010989011,0.037158542,0.002770083,1.000000000,0.000000000,0.000000000,0.000000000,0.000000000,0.000000000,0.888888889,1.000000000,0.933333333,1.000000000,0.993545413,0.885714286,0.879997365,1.041999824,16.427516937,9.123085022,0.744841039,0.798246384,-0.000713800,0.000089667,0.602330625
364,41.010000000,fused_map_f2f,1,1,0,0.056984567,0.007960734,1.000000000,1.000000000,0.100000000,0.010989011,0.010989011,0.037160401,0.002770083,1.000000000,0.000000000,0.000000000,0.000000000,0.000000000,0.000000000,0.916666667,1.000000000,0.950000000,1.000000000,0.994462390,0.885714286,0.880809546,1.042053970,16.443246841,9.178677559,0.744280100,0.798235714,-0.000725026,0.000122946,0.602344751
365,41.123000000,fused_map_f2f,1,1,0,0.054168005,0.009225502,1.000000000,1.000000000,0.100000000,0.010989011,0.010989011,0.037128381,0.002770083,1.000000000,0.000000000,0.000000000,0.000000000,0.000000000,0.000000000,0.888888889,1.000000000,0.933333333,1.000000000,0.992650436,0.873239437,0.866821508,1.041121434,16.461343765,9.245422363,0.744490445,0.798181593,-0.000719352,0.000060944,0.602416515
366,41.223000000,fused_map_f2f,1,1,0,0.056175644,0.008324387,1.000000000,1.000000000,0.100000000,0.010989011,0.010989011,0.037145266,0.002770083,1.000000000,0.000000000,0.000000000,0.000000000,0.000000000,0.000000000,0.916666667,1.000000000,0.950000000,1.000000000,0.994047619,0.879432624,0.874197906,1.041613194,16.477716446,9.304190636,0.744511127,0.798182428,-0.000684174,0.000063184,0.602415502
367,41.320000000,fused_map_f2f,1,1,0,0.057668439,0.007704500,1.000000000,1.000000000,0.100000000,0.010989011,0.010989011,0.037213565,0.002770083,1.000000000,0.000000000,0.000000000,0.000000000,0.000000000,0.000000000,0.942857143,1.000000000,0.965714286,1.000000000,0.995852535,0.907801418,0.904036343,1.043602423,16.493522644,9.361391068,0.744369328,0.798163056,-0.000686399,0.000062497,0.602441132
368,41.414000000,fused_map_f2f,1,1,0,0.057435083,0.007753921,1.000000000,1.000000000,0.100000000,0.010989011,0.010989011,0.037226941,0.002770083,1.000000000,0.000000000,0.000000000,0.000000000,0.000000000,0.000000000,0.971428571,1.000000000,0.982857143,1.000000000,0.994520548,0.914893617,0.909880501,1.043992033,16.508769989,9.417303085,0.744293153,0.798131466,-0.000708979,0.000035131,0.602482975
369,41.529000000,fused_map_f2f,1,1,0,0.058588377,0.008523643,1.000000000,1.000000000,0.100000000,0.010989011,0.010989011,0.037229243,0.002770083,1.000000000,0.000000000,0.000000000,0.000000000,0.000000000,0.000000000,0.942857143,1.000000000,0.965714286,1.000000000,0.994967978,0.915492958,0.910886177,1.044059078,16.527643204,9.486767769,0.744417667,0.798049569,-0.000775031,-0.000003677,0.602591336
370,41.626000000,fused_map_f2f,1,1,0,0.057668404,0.007394319,1.000000000,1.000000000,0.100000000,0.010989011,0.010989011,0.037215637,0.002770083,1.000000000,0.000000000,0.000000000,0.000000000,0.000000000,0.000000000,0.942857143,1.000000000,0.965714286,1.000000000,0.995435874,0.909090909,0.904941704,1.043662780,16.543207169,9.545275688,0.744270086,0.798033178,-0.000687314,0.000097208,0.602613091
371,41.725000000,fused_map_f2f,1,1,0,0.059565314,0.008593019,1.000000000,1.000000000,0.100000000,0.010989011,0.010989011,0.037201913,0.002770083,1.000000000,0.000000000,0.000000000,0.000000000,0.000000000,0.000000000,0.942857143,1.000000000,0.965714286,1.000000000,0.995015859,0.903448276,0.898945362,1.043263024,16.559549332,9.603428841,0.744217336,0.798014641,-0.000702525,0.000069329,0.602637649
372,41.817000000,fused_map_f2f,1,1,0,0.059319221,0.007612301,1.000000000,1.000000000,0.100000000,0.010989011,0.010989011,0.037187838,0.002770083,1.000000000,0.000000000,0.000000000,0.000000000,0.000000000,0.000000000,0.971428571,1.000000000,0.982857143,1.000000000,0.995024876,0.897260274,0.892796293,1.042853086,16.574716568,9.657670975,0.744268894,0.798016369,-0.000683487,0.000057461,0.602635324
373,41.919000000,fused_map_f2f,1,1,0,0.058385784,0.008032752,1.000000000,1.000000000,0.100000000,0.010989011,0.010989011,0.037258261,0.002770083,1.000000000,0.000000000,0.000000000,0.000000000,0.000000000,0.000000000,0.942857143,1.000000000,0.965714286,1.000000000,0.994066636,0.929078014,0.923565456,1.044904364,16.591131210,9.717598915,0.744293988,0.797987223,-0.000755527,-0.000022568,0.602673888
374,42.022000000,fused_map_f2f,1,1,0,0.059455850,0.008057520,1.000000000,1.000000000,0.100000000,0.010989011,0.010989011,0.037216234,0.002770083,1.000000000,0.000000000,0.000000000,0.000000000,0.000000000,0.000000000,0.942857143,1.000000000,0.965714286,1.000000000,0.995031617,0.909722222,0.905202374,1.043680158,16.607524872,9.778458595,0.744245768,0.797963142,-0.000764245,-0.000028766,0.602705836
375,42.126000000,fused_map_f2f,1,1,0,0.059962583,0.008028637,1.000000000,1.000000000,0.100000000,0.010989011,0.010989011,0.037162928,0.002770083,1.000000000,0.000000000,0.000000000,0.000000000,0.000000000,0.000000000,0.916666667,1.000000000,0.950000000,1.000000000,0.996360328,0.885135135,0.881913533,1.042127569,16.625764847,9.844663620,0.744167328,0.797920644,-0.000701944,0.000029352,0.602762163
376,42.221000000,fused_map_f2f,1,1,0,0.058083702,0.008679725,1.000000000,1.000000000,0.100000000,0.010989011,0.010989011,0.037175911,0.002770083,1.000000000,0.000000000,0.000000000,0.000000000,0.000000000,0.000000000,0.916666667,1.000000000,0.950000000,1.000000000,0.996826836,0.890410959,0.887585539,1.042505703,16.641504288,9.900834084,0.744258881,0.797917724,-0.000696868,0.000022441,0.602766037
377,42.314000000,fused_map_f2f,1,1,0,0.059593812,0.007408685,1.000000000,1.000000000,0.100000000,0.010989011,0.010989011,0.037162887,0.002770083,1.000000000,0.000000000,0.000000000,0.000000000,0.000000000,0.000000000,0.944444444,1.000000000,0.966666667,1.000000000,0.995473065,0.885906040,0.881895601,1.042126373,16.656204224,9.955601692,0.744158447,0.797889829,-0.000735799,0.000004481,0.602802932
378,42.412000000,fused_map_f2f,1,1,0,0.058136060,0.007922285,1.000000000,1.000000000,0.100000000,0.010989011,0.010989011,0.037207750,0.002770083,1.000000000,0.000000000,0.000000000,0.000000000,0.000000000,0.000000000,0.916666667,1.000000000,0.950000000,1.000000000,0.996389892,0.904761905,0.901495616,1.043433041,16.671909332,10.013122559,0.744016111,0.797861040,-0.000774729,-0.000023095,0.602840960
379,42.512000000,fused_map_f2f,1,1,0,0.058570510,0.008033837,1.000000000,1.000000000,0.100000000,0.010989011,0.010989011,0.037180046,0.002770083,1.000000000,0.000000000,0.000000000,0.000000000,0.000000000,0.000000000,0.916666667,1.000000000,0.950000000,1.000000000,0.996386631,0.892617450,0.889392093,1.042626140,16.688228607,10.074370384,0.743801951,0.797803223,-0.000795363,-0.000020286,0.602917373
380,42.610000000,fused_map_f2f,1,1,0,0.059719562,0.007674973,1.000000000,1.000000000,0.100000000,0.010989011,0.010989011,0.037194733,0.002770083,1.000000000,0.000000000,0.000000000,0.000000000,0.000000000,0.000000000,0.944444444,1.000000000,0.966666667,1.000000000,0.996839729,0.898648649,0.895808675,1.043053912,16.703472137,10.131928444,0.743780077,0.797776043,-0.000825222,-0.000034005,0.602953315
381,42.710000000,fused_map_f2f,1,1,0,0.056412867,0.008753395,1.000000000,1.000000000,0.100000000,0.010989011,0.010989011,0.037165687,0.002770083,1.000000000,0.000000000,0.000000000,0.000000000,0.000000000,0.000000000,0.916666667,1.000000000,0.950000000,1.000000000,0.996853933,0.885906040,0.883118920,1.042207928,16.720811844,10.193814278,0.743625939,0.797768891,-0.000806357,-0.000020155,0.602962732
382,42.817000000,fused_map_f2f,1,1,0,0.055096169,0.008277519,1.000000000,1.000000000,0.100000000,0.010989011,0.010989011,0.037116396,0.002770083,1.000000000,0.000000000,0.000000000,0.000000000,0.000000000,0.000000000,0.916666667,1.000000000,0.950000000,1.000000000,0.998656516,0.862745098,0.861586014,1.040772401,16.738082886,10.256968498,0.743767798,0.797751188,-0.000811757,-0.000037216,0.602986217
383,42.925000000,fused_map_f2f,1,1,0,0.057028986,0.008528312,1.000000000,1.000000000,0.100000000,0.010989011,0.010989011,0.037183751,0.002770083,1.000000000,0.000000000,0.000000000,0.000000000,0.000000000,0.000000000,0.916666667,1.000000000,0.950000000,1.000000000,0.998199820,0.892617450,0.891010578,1.042734039,16.756374359,10.324288368,0.743378043,0.797752142,-0.000833125,-0.000033933,0.602984905
384,43.018000000,fused_map_f2f,1,1,0,0.057785143,0.007442501,1.000000000,1.000000000,0.100000000,0.010989011,0.010989011,0.037103042,0.002770083,1.000000000,0.000000000,0.000000000,0.000000000,0.000000000,0.000000000,0.888888889,1.000000000,0.933333333,1.000000000,0.997305793,0.858064516,0.855752712,1.040383514,16.771028519,10.379048347,0.743405938,0.797727168,-0.000824944,-0.000015309,0.603017926
385,43.174000000,fused_map_f2f,1,1,0,0.056837320,0.012188736,1.000000000,1.000000000,0.100000000,0.010989011,0.010989011,0.037117585,0.002770083,1.000000000,0.000000000,0.000000000,0.000000000,0.000000000,0.000000000,0.891891892,1.000000000,0.935135135,1.000000000,0.998227736,0.863636364,0.862105772,1.040807051,16.795936584,10.471437454,0.743140936,0.797690988,-0.000845566,-0.000004196,0.603065789
386,43.214000000,fused_map_f2f,1,1,0,0.056584035,0.005527633,1.000000000,1.000000000,0.100000000,0.010989011,0.010989011,0.037158579,0.002770083,1.000000000,0.000000000,0.000000000,0.000000000,0.000000000,0.000000000,0.864864865,1.000000000,0.918918919,1.000000000,0.998224589,0.881578947,0.880013783,1.042000919,16.802677155,10.495586395,0.743163228,0.797696531,-0.000813528,0.000026138,0.603058577
387,43.311000000,fused_map_f2f,1,1,0,0.059117187,0.008133873,1.000000000,1.000000000,0.100000000,0.010989011,0.010989011,0.037107821,0.002770083,1.000000000,0.000000000,0.000000000,0.000000000,0.000000000,0.000000000,0.891891892,1.000000000,0.935135135,1.000000000,0.998680158,0.858974359,0.857840649,1.040522710,16.818458557,10.553033829,0.743051708,0.797681570,-0.000818109,0.000032078,0.603078365
388,43.422000000,fused_map_f2f,1,1,0,0.060241407,0.008819226,0.999044429,0.999044429,0.100000000,0.010999406,0.010999406,0.037163849,0.002772725,1.000000000,0.000000000,0.000000000,0.000000000,0.000000000,0.000000000,0.918918919,1.000000000,0.951351351,1.000000000,0.997810858,0.869281046,0.867378066,1.041158538,16.838079453,10.620397568,0.743004858,0.797653615,-0.000851699,-0.000049833,0.603115320
389,43.516000000,fused_map_f2f,1,1,0,0.057657226,0.007952020,1.000000000,1.000000000,0.100000000,0.010989011,0.010989011,0.037144459,0.002770083,1.000000000,0.000000000,0.000000000,0.000000000,0.000000000,0.000000000,0.916666667,1.000000000,0.950000000,1.000000000,0.998680158,0.875000000,0.873845139,1.041589676,16.852579117,10.675726891,0.742792130,0.797622025,-0.000829840,-0.000062024,0.603157103
390,43.617000000,fused_map_f2f,1,1,0,0.058995797,0.008658371,1.000000000,1.000000000,0.100000000,0.010989011,0.010989011,0.037159519,0.002770083,1.000000000,0.000000000,0.000000000,0.000000000,0.000000000,0.000000000,0.918918919,1.000000000,0.951351351,1.000000000,0.998689956,0.881578947,0.880424040,1.042028269,16.868644714,10.735679626,0.742723227,0.797598839,-0.000852179,-0.000055373,0.603187680
391,43.710000000,fused_map_f2f,1,1,0,0.059290645,0.008815494,1.000000000,1.000000000,0.100000000,0.010989011,0.010989011,0.037108708,0.002770083,1.000000000,0.000000000,0.000000000,0.000000000,0.000000000,0.000000000,0.894736842,1.000000000,0.936842105,1.000000000,0.999131190,0.858974359,0.858228074,1.040548538,16.883359909,10.790723801,0.742720425,0.797580481,-0.000855449,-0.000039918,0.603211939
392,43.822000000,fused_map_f2f,1,1,0,0.057799358,0.009452025,1.000000000,1.000000000,0.100000000,0.010989011,0.010989011,0.037124235,0.002770083,1.000000000,0.000000000,0.000000000,0.000000000,0.000000000,0.000000000,0.918918919,1.000000000,0.951351351,1.000000000,0.999567474,0.865384615,0.865010314,1.041000688,16.901176453,10.857212067,0.742728412,0.797558308,-0.000851582,-0.000006633,0.603241324
393,43.918000000,fused_map_f2f,1,1,0,0.058605572,0.008097496,1.000000000,1.000000000,0.100000000,0.010989011,0.010989011,0.037155342,0.002770083,1.000000000,0.000000000,0.000000000,0.000000000,0.000000000,0.000000000,0.868421053,1.000000000,0.921052632,1.000000000,0.999565972,0.878980892,0.878599390,1.041906626,16.916334152,10.914127350,0.742524266,0.797541797,-0.000852167,0.000011986,0.603263080
394,44.019000000,fused_map_f2f,1,1,0,0.058166669,0.008874528,1.000000000,1.000000000,0.100000000,0.010989011,0.010989011,0.037102844,0.002770083,1.000000000,0.000000000,0.000000000,0.000000000,0.000000000,0.000000000,0.921052632,1.000000000,0.952631579,1.000000000,0.998277347,0.857142857,0.855666298,1.040377753,16.932600021,10.973621368,0.742330194,0.797531843,-0.000893479,-0.000004868,0.603276193
395,44.112000000,fused_map_f2f,1,1,0,0.057881229,0.008094834,1.000000000,1.000000000,0.100000000,0.010989011,0.010989011,0.037154492,0.002770083,1.000000000,0.000000000,0.000000000,0.000000000,0.000000000,0.000000000,0.921052632,1.000000000,0.952631579,1.000000000,0.999143469,0.878980892,0.878228017,1.041881868,16.947542191,11.029188156,0.742345273,0.797506332,-0.000900069,-0.000002600,0.603309989
396,44.221000000,fused_map_f2f,1,1,0,0.057720408,0.009242498,1.000000000,1.000000000,0.100000000,0.010989011,0.010989011,0.037118488,0.002770083,1.000000000,0.000000000,0.000000000,0.000000000,0.000000000,0.000000000,0.894736842,1.000000000,0.936842105,1.000000000,1.000000000,0.862500000,0.862500000,1.040833333,16.964565277,11.093896866,0.742140830,0.797476649,-0.000943956,-0.000046093,0.603349090
397,44.317000000,fused_map_f2f,1,1,0,0.058378182,0.008769267,1.000000000,1.000000000,0.100000000,0.010989011,0.010989011,0.037132795,0.002770083,1.000000000,0.000000000,0.000000000,0.000000000,0.000000000,0.000000000,0.921052632,1.000000000,0.952631579,1.000000000,1.000000000,0.868750000,0.868750000,1.041250000,16.979490280,11.150584221,0.741984189,0.797439396,-0.000989913,-0.000062664,0.603398263
398,44.418000000,fused_map_f2f,1,1,0,0.057939474,0.008827792,1.000000000,1.000000000,0.100000000,0.010989011,0.010989011,0.037186943,0.002770083,1.000000000,0.000000000,0.000000000,0.000000000,0.000000000,0.000000000,0.945945946,1.000000000,0.967567568,1.000000000,1.000000000,0.892405063,0.892405063,1.042827004,16.995729446,11.210292816,0.741942048,0.797425210,-0.001013715,-0.000070726,0.603416920
399,44.512000000,fused_map_f2f,1,1,0,0.056686839,0.009286425,1.000000000,1.000000000,0.100000000,0.010989011,0.010989011,0.037213130,0.002770083,1.000000000,0.000000000,0.000000000,0.000000000,0.000000000,0.000000000,0.945945946,1.000000000,0.967567568,1.000000000,1.000000000,0.903846154,0.903846154,1.043589744,17.013784409,11.271443367,0.743249536,0.797454596,-0.000861729,-0.000064722,0.603378415
400,44.621000000,fused_map_f2f,1,1,0,0.059295489,0.009244412,1.000000000,1.000000000,0.100000000,0.010989011,0.010989011,0.037186943,0.002770083,1.000000000,0.000000000,0.000000000,0.000000000,0.000000000,0.000000000,0.947368421,1.000000000,0.968421053,1.000000000,1.000000000,0.892405063,0.892405063,1.042827004,17.030221939,11.335515022,0.743222296,0.797388911,-0.000856777,-0.000063595,0.603465140
401,44.718000000,fused_map_f2f,1,1,0,0.057347285,0.008428989,1.000000000,1.000000000,0.100000000,0.010989011,0.010989011,0.037170795,0.002770083,1.000000000,0.000000000,0.000000000,0.000000000,0.000000000,0.000000000,0.972972973,1.000000000,0.983783784,1.000000000,1.000000000,0.885350318,0.885350318,1.042356688,17.045097351,11.392526627,0.743124723,0.797360301,-0.000861253,-0.000069971,0.603502929
402,44.815000000,fused_map_f2f,1,1,0,0.055992929,0.008401177,1.000000000,1.000000000,0.100000000,0.010989011,0.010989011,0.037159700,0.002770083,1.000000000,0.000000000,0.000000000,0.000000000,0.000000000,0.000000000,0.923076923,1.000000000,0.953846154,1.000000000,1.000000000,0.880503145,0.880503145,1.042033543,17.059616089,11.449414253,0.743121386,0.797316372,-0.000882572,-0.000100926,0.603560925
403,44.914000000,fused_map_f2f,1,1,0,0.058107284,0.009479571,1.000000000,1.000000000,0.100000000,0.010989011,0.010989011,0.037132795,0.002770083,1.000000000,0.000000000,0.000000000,0.000000000,0.000000000,0.000000000,0.923076923,1.000000000,0.953846154,1.000000000,1.000000000,0.868750000,0.868750000,1.041250000,17.075130463,11.507830620,0.742942035,0.797298372,-0.000891903,-0.000106922,0.603584766
404,45.022000000,fused_map_f2f,1,1,0,0.059432788,0.009477994,1.000000000,1.000000000,0.100000000,0.010989011,0.010989011,0.037120443,0.002770083,1.000000000,0.000000000,0.000000000,0.000000000,0.000000000,0.000000000,0.947368421,1.000000000,0.968421053,1.000000000,1.000000000,0.863354037,0.863354037,1.040890269,17.092174530,11.571203232,0.742715597,0.797273815,-0.000917974,-0.000125747,0.603617191
405,45.118000000,fused_map_f2f,1,1,0,0.056860119,0.008951958,1.000000000,1.000000000,0.100000000,0.010989011,0.010989011,0.037096192,0.002770083,1.000000000,0.000000000,0.000000000,0.000000000,0.000000000,0.000000000,0.923076923,1.000000000,0.953846154,1.000000000,1.000000000,0.852760736,0.852760736,1.040184049,17.107700348,11.629324913,0.742554307,0.797226071,-0.000823228,-0.000041020,0.603680372
406,45.212000000,fused_map_f2f,1,1,0,0.059041557,0.008398994,1.000000000,1.000000000,0.100000000,0.010989011,0.010989011,0.037063139,0.002770083,1.000000000,0.000000000,0.000000000,0.000000000,0.000000000,0.000000000,0.925000000,1.000000000,0.955000000,1.000000000,1.000000000,0.838323353,0.838323353,1.039221557,17.122186661,11.684288979,0.742405236,0.797208548,-0.000824887,-0.000027913,0.603703499
407,45.310000000,fused_map_f2f,1,1,0,0.059790281,0.008958672,1.000000000,1.000000000,0.100000000,0.010989011,0.010989011,0.037124281,0.002770083,1.000000000,0.000000000,0.000000000,0.000000000,0.000000000,0.000000000,0.925000000,1.000000000,0.955000000,1.000000000,1.000000000,0.865030675,0.865030675,1.041002045,17.137456894,11.741664886,0.742033601,0.797200561,-0.000811113,-0.000006368,0.603713989
408,45.421000000,fused_map_f2f,1,1,0,0.061016176,0.010059971,0.995977638,0.995977638,0.100000000,0.011032902,0.011032902,0.037260387,0.002781239,1.000000000,0.000000000,0.000000000,0.000000000,0.000000000,0.000000000,0.925000000,1.000000000,0.955000000,1.000000000,1.000000000,0.861445783,0.861445783,1.040763052,17.154981613,11.806459427,0.741834819,0.797183633,-0.000902668,-0.000075442,0.603736281
409,45.519000000,fused_map_f2f,1,1,0,0.061607972,0.009370280,0.993635110,0.993635110,0.100000000,0.011058624,0.011058624,0.037329058,0.002787778,1.000000000,0.000000000,0.000000000,0.000000000,0.000000000,0.000000000,0.902439024,1.000000000,0.941463415,1.000000000,1.000000000,0.854545455,0.854545455,1.040303030,17.170120239,11.863901138,0.741567910,0.797159791,-0.000921500,-0.000083593,0.603767693
410,45.622000000,fused_map_f2f,1,1,0,0.063311496,0.009780572,0.986891995,0.986891995,0.100000000,0.011133343,0.011133343,0.037574532,0.002806772,1.000000000,0.000000000,0.000000000,0.000000000,0.000000000,0.000000000,0.878048780,1.000000000,0.926829268,1.000000000,1.000000000,0.854545455,0.854545455,1.040303030,17.186264038,11.923375130,0.741414905,0.797164321,-0.000979358,-0.000107064,0.603761673
411,45.722000000,fused_map_f2f,1,1,0,0.064101746,0.009754851,0.983763921,0.983763921,0.100000000,0.011168349,0.011168349,0.037640200,0.002815672,1.000000000,0.000000000,0.000000000,0.000000000,0.000000000,0.000000000,0.878048780,1.000000000,0.926829268,1.000000000,1.000000000,0.833333333,0.833333333,1.038888889,17.201618195,11.983290672,0.740387619,0.797122359,-0.001086411,-0.000172305,0.603816867
412,45.827000000,fused_map_f2f,1,1,0,0.060622770,0.009816866,0.997534871,0.997534871,0.100000000,0.011015868,0.011015868,0.037106325,0.002776910,1.000000000,0.000000000,0.000000000,0.000000000,0.000000000,0.000000000,0.857142857,1.000000000,0.914285714,1.000000000,1.000000000,0.818713450,0.818713450,1.037914230,17.217960358,12.045166969,0.740535557,0.797102213,-0.001069568,-0.000157252,0.603843451
413,45.922000000,fused_map_f2f,1,1,0,0.062108774,0.009205221,0.991652770,0.991652770,0.100000000,0.011080486,0.011080486,0.037254166,0.002793335,1.000000000,0.000000000,0.000000000,0.000000000,0.000000000,0.000000000,0.860465116,1.000000000,0.916279070,1.000000000,1.000000000,0.790960452,0.790960452,1.036064030,17.232646942,12.099935532,0.740463257,0.797092676,-0.001070206,-0.000156181,0.603856087
414,46.025000000,fused_map_f2f,1,1,0,0.062966562,0.009472028,0.988257360,0.988257360,0.100000000,0.011118133,0.011118133,0.037390458,0.002802905,1.000000000,0.000000000,0.000000000,0.000000000,0.000000000,0.000000000,0.883720930,1.000000000,0.930232558,1.000000000,1.000000000,0.796610169,0.796610169,1.036440678,17.248682022,12.159315109,0.740432858,0.797067046,-0.001016241,-0.000134191,0.603889942
415,46.115000000,fused_map_f2f,1,1,0,0.063470605,0.010133174,0.986262188,0.986262188,0.100000000,0.011140374,0.011140374,0.037419581,0.002808560,1.000000000,0.000000000,0.000000000,0.000000000,0.000000000,0.000000000,0.860465116,1.000000000,0.916279070,1.000000000,1.000000000,0.777777778,0.777777778,1.035185185,17.262304306,12.211064339,0.740242839,0.797047198,-0.001013764,-0.000129155,0.603916228
416,46.225000000,fused_map_f2f,1,1,0,0.062019944,0.010726522,0.992004390,0.992004390,0.100000000,0.011076602,0.011076602,0.037211039,0.002792348,1.000000000,0.000000000,0.000000000,0.000000000,0.000000000,0.000000000,0.818181818,1.000000000,0.890909091,1.000000000,1.000000000,0.777777778,0.777777778,1.035185185,17.279476166,12.274503708,0.740361512,0.797034919,-0.001064635,-0.000190415,0.603932261
417,46.324000000,fused_map_f2f,1,1,0,0.062401752,0.009544443,0.990493065,0.990493065,0.100000000,0.011093315,0.011093315,0.037294067,0.002796597,1.000000000,0.000000000,0.000000000,0.000000000,0.000000000,0.000000000,0.844444444,1.000000000,0.906666667,1.000000000,1.000000000,0.790055249,0.790055249,1.036003683,17.294065475,12.331383705,0.740353644,0.797012568,-0.001022183,-0.000171218,0.603961885
418,46.419000000,fused_map_f2f,1,1,0,0.063329411,0.010739747,0.986821080,0.986821080,0.100000000,0.011134134,0.011134134,0.037388041,0.002806974,1.000000000,0.000000000,0.000000000,0.000000000,0.000000000,0.000000000,0.844444444,1.000000000,0.906666667,1.000000000,1.000000000,0.772972973,0.772972973,1.034864865,17.308372498,12.385891914,0.739988089,0.797007620,-0.001019734,-0.000170951,0.603968441
419,46.525000000,fused_map_f2f,1,1,0,0.062558267,0.010855435,0.989873525,0.989873525,0.100000000,0.011100181,0.011100181,0.037304727,0.002798342,1.000000000,0.000000000,0.000000000,0.000000000,0.000000000,0.000000000,0.804347826,1.000000000,0.882608696,1.000000000,1.000000000,0.784946237,0.784946237,1.035663082,17.324892044,12.450000763,0.740127504,0.796993613,-0.000815238,-0.000093954,0.603987217
420,46.623000000,fused_map_f2f,1,1,0,0.064105513,0.010015289,0.983749010,0.983749010,0.100000000,0.011168516,0.011168516,0.037486985,0.002815714,1.000000000,0.000000000,0.000000000,0.000000000,0.000000000,0.000000000,0.787234043,1.000000000,0.872340426,1.000000000,1.000000000,0.767195767,0.767195767,1.034479718,17.339149475,12.505267143,0.739821553,0.796966851,-0.000808413,-0.000085930,0.604022503
421,46.719000000,fused_map_f2f,1,1,0,0.062842490,0.010122527,0.988748478,0.988748478,0.100000000,0.011112671,0.011112671,0.037270800,0.002801517,1.000000000,0.000000000,0.000000000,0.000000000,0.000000000,0.000000000,0.804347826,1.000000000,0.882608696,1.000000000,1.000000000,0.752631579,0.752631579,1.033508772,17.353395462,12.559964180,0.739619553,0.796944439,-0.000815190,-0.000099586,0.604052067
422,46.826000000,fused_map_f2f,1,1,0,0.063276187,0.011242191,0.987031760,0.987031760,0.100000000,0.011131784,0.011131784,0.037274412,0.002806376,1.000000000,0.000000000,0.000000000,0.000000000,0.000000000,0.000000000,0.760000000,1.000000000,0.856000000,1.000000000,1.000000000,0.727272727,0.727272727,1.031818182,17.369226456,12.620811462,0.739565849,0.796933413,-0.000806870,-0.000078481,0.604066670
423,46.917000000,fused_map_f2f,1,1,0,0.064943548,0.009909978,0.980431787,0.980431787,0.100000000,0.011205880,0.011205880,0.037577910,0.002825214,1.000000000,0.000000000,0.000000000,0.000000000,0.000000000,0.000000000,0.705882353,1.000000000,0.823529412,1.000000000,1.000000000,0.753846154,0.753846154,1.033589744,17.382827759,12.672257423,0.739411831,0.796917737,-0.000771683,-0.000049385,0.604087353
424,47.025000000,fused_map_f2f,1,1,0,0.065040674,0.011359401,0.980047332,0.980047332,0.100000000,0.011210227,0.011210227,0.037595028,0.002826320,1.000000000,0.000000000,0.000000000,0.000000000,0.000000000,0.000000000,0.716981132,1.000000000,0.830188679,1.000000000,1.000000000,0.755102041,0.755102041,1.033673469,17.399009705,12.733509064,0.739454150,0.796900392,-0.000751405,-0.000055300,0.604110241
425,47.138000000,fused_map_f2f,1,1,0,0.065363907,0.011291338,0.978767868,0.978767868,0.100000000,0.011224717,0.011224717,0.037627525,0.002830004,1.000000000,0.000000000,0.000000000,0.000000000,0.000000000,0.000000000,0.690909091,1.000000000,0.814545455,1.000000000,1.000000000,0.748768473,0.748768473,1.033251232,17.419078827,12.801183701,0.739723921,0.796911418,-0.000624133,-0.000063900,0.604095876
426,47.218000000,fused_map_f2f,1,1,0,0.064655475,0.010152301,0.981572080,0.981572080,0.100000000,0.011193008,0.011193008,0.037535375,0.002821942,1.000000000,0.000000000,0.000000000,0.000000000,0.000000000,0.000000000,0.633333333,1.000000000,0.780000000,1.000000000,1.000000000,0.753623188,0.753623188,1.033574879,17.432352066,12.848142624,0.739526987,0.796914995,-0.000693522,-0.000073833,0.604091048
427,47.340000000,fused_map_f2f,1,1,0,0.064813967,0.012707910,0.980944716,0.980944716,0.100000000,0.011200087,0.011200087,0.037520482,0.002823741,1.000000000,0.000000000,0.000000000,0.000000000,0.000000000,0.000000000,0.596774194,1.000000000,0.758064516,1.000000000,1.000000000,0.737327189,0.737327189,1.032488479,17.448940277,12.917601585,0.739522994,0.796883881,-0.000624355,-0.000075480,0.604132175
428,47.415000000,fused_map_f2f,1,1,0,0.064242775,0.012541667,0.983205684,0.983205684,0.100000000,0.011174619,0.011174619,0.037424612,0.002817266,1.000000000,0.000000000,0.000000000,0.000000000,0.000000000,0.000000000,0.571428571,1.000000000,0.742857143,1.000000000,1.000000000,0.731818182,0.731818182,1.032121212,17.460784912,12.959248543,0.739536166,0.796841443,-0.000544333,-0.000055902,0.604188204
429,47.516000000,fused_map_f2f,1,1,0,0.064043373,0.011722305,0.983994982,0.983994982,0.100000000,0.011165755,0.011165755,0.037363729,0.002815013,1.000000000,0.000000000,0.000000000,0.000000000,0.000000000,0.000000000,0.575757576,1.000000000,0.745454545,1.000000000,1.000000000,0.718061674,0.718061674,1.031204112,17.475193024,13.016188622,0.739655614,0.796808183,-0.000514554,-0.000017819,0.604232073
430,47.614000000,fused_map_f2f,1,1,0,0.063255807,0.011240769,0.987112432,0.987112432,0.100000000,0.011130885,0.011130885,0.037217203,0.002806147,1.000000000,0.000000000,0.000000000,0.000000000,0.000000000,0.000000000,0.630769231,1.000000000,0.778461538,1.000000000,1.000000000,0.703862661,0.703862661,1.030257511,17.489271164,13.071759224,0.739890099,0.796814084,-0.000519610,-0.000012022,0.604224324
431,47.711000000,fused_map_f2f,1,1,0,0.062514286,0.014120632,0.990047617,0.990047617,0.100000000,0.011098251,0.011098251,0.037040677,0.002797851,1.000000000,0.000000000,0.000000000,0.000000000,0.000000000,0.000000000,0.542857143,1.000000000,0.725714286,1.000000000,1.000000000,0.673469388,0.673469388,1.028231293,17.504814148,13.127365112,0.740296483,0.796815217,-0.000460580,0.000008098,0.604222834
432,47.814000000,fused_map_f2f,1,1,0,0.062671612,0.012741178,0.989424867,0.989424867,0.100000000,0.011105159,0.011105159,0.037053605,0.002799607,1.000000000,0.000000000,0.000000000,0.000000000,0.000000000,0.000000000,0.533333333,1.000000000,0.720000000,1.000000000,1.000000000,0.669354839,0.669354839,1.027956989,17.521890640,13.186415672,0.740282476,0.796828568,-0.000430804,0.000016996,0.604205251
433,47.916000000,fused_map_f2f,1,1,0,0.064192253,0.012791208,0.983405664,0.983405664,0.100000000,0.011172372,0.011172372,0.037278104,0.002816695,1.000000000,0.000000000,0.000000000,0.000000000,0.000000000,0.000000000,0.569444444,1.000000000,0.741666667,1.000000000,1.000000000,0.672000000,0.672000000,1.028133333,17.536994934,13.243645668,0.740579367,0.796828032,-0.000474182,0.000062036,0.604205966
434,48.010000000,fused_map_f2f,1,1,0,0.064068676,0.012796937,0.983894823,0.983894823,0.100000000,0.011166879,0.011166879,0.037238840,0.002815298,1.000000000,0.000000000,0.000000000,0.000000000,0.000000000,0.000000000,0.526315789,1.000000000,0.715789474,1.000000000,1.000000000,0.662790698,0.662790698,1.027519380,17.550394058,13.296299934,0.740392864,0.796827912,-0.000445002,0.000044844,0.604206145
435,48.118000000,fused_map_f2f,1,1,0,0.063308995,0.013911738,0.986901896,0.986901896,0.100000000,0.011133233,0.011133233,0.037138577,0.002806744,1.000000000,0.000000000,0.000000000,0.000000000,0.000000000,0.000000000,0.573333333,1.000000000,0.744000000,1.000000000,1.000000000,0.666666667,0.666666667,1.027777778,17.567901611,13.357657433,0.740154386,0.796854496,-0.000445897,0.000078453,0.604171097
436,48.218000000,fused_map_f2f,1,1,0,0.064446084,0.016695894,0.982400918,0.982400918,0.100000000,0.011183670,0.011183670,0.037299466,0.002819567,1.000000000,0.000000000,0.000000000,0.000000000,0.000000000,0.000000000,0.506329114,1.000000000,0.703797468,1.000000000,1.000000000,0.665413534,0.665413534,1.027694236,17.582181931,13.413269997,0.740106344,0.796829045,-0.000453983,0.000090892,0.604204655
437,48.310000000,fused_map_f2f,1,1,0,0.066063209,0.021924907,0.975999796,0.975999796,0.100000000,0.011256193,0.011256193,0.037476027,0.002838007,1.000000000,0.000000000,0.000000000,0.000000000,0.000000000,0.000000000,0.544303797,1.000000000,0.726582278,1.000000000,1.000000000,0.640287770,0.640287770,1.026019185,17.595762253,13.464560509,0.740205288,0.796835840,-0.000406079,0.000094683,0.604195714
438,48.424000000,fused_map_f2f,1,1,0,0.066042053,0.019238897,0.976083539,0.976083539,0.100000000,0.011255238,0.011255238,0.037472932,0.002837764,1.000000000,0.000000000,0.000000000,0.000000000,0.000000000,0.000000000,0.525000000,1.000000000,0.715000000,1.000000000,1.000000000,0.640287770,0.640287770,1.026019185,17.611831665,13.527242661,0.740453184,0.796817482,-0.000376828,0.000101059,0.604220033
439,48.524000000,fused_map_f2f,1,1,0,0.063891477,0.013658041,0.984596235,0.984596235,0.100000000,0.011159013,0.011159013,0.037213886,0.002813298,1.000000000,0.000000000,0.000000000,0.000000000,0.000000000,0.000000000,0.476190476,1.000000000,0.685714286,1.000000000,1.000000000,0.663043478,0.663043478,1.027536232,17.626003265,13.582180023,0.740369558,0.796786606,-0.000393833,0.000111653,0.604260623
440,48.620000000,fused_map_f2f,1,1,0,0.064048377,0.015447552,0.983975173,0.983975173,0.100000000,0.011165978,0.011165978,0.037225614,0.002815069,1.000000000,0.000000000,0.000000000,0.000000000,0.000000000,0.000000000,0.476190476,1.000000000,0.685714286,1.000000000,1.000000000,0.658362989,0.658362989,1.027224199,17.641036987,13.633828163,0.740546465,0.796823740,-0.000395073,0.000140147,0.604211688
441,48.710000000,fused_map_f2f,1,1,0,0.063140616,0.019733708,0.987568397,0.987568397,0.100000000,0.011125803,0.011125803,0.037107921,0.002804855,1.000000000,0.000000000,0.000000000,0.000000000,0.000000000,0.000000000,0.488095238,1.000000000,0.692857143,1.000000000,0.999310583,0.664310954,0.663852967,1.027590198,17.653825760,13.683169365,0.740254462,0.796819210,-0.000416451,0.000130644,0.604217649
442,48.818000000,fused_map_f2f,1,1,0,0.061056599,0.016004642,0.995817629,0.995817629,0.100000000,0.011034655,0.011034655,0.036783423,0.002781685,1.000000000,0.000000000,0.000000000,0.000000000,0.000000000,0.000000000,0.471264368,1.000000000,0.682758621,1.000000000,0.999656121,0.651724138,0.651500024,1.026766668,17.670497894,13.742568970,0.739867449,0.796825886,-0.000384003,0.000136589,0.604208887
443,48.921000000,fused_map_f2f,1,1,0,0.062923739,0.015312224,0.988426867,0.988426867,0.100000000,0.011116247,0.011116247,0.037075444,0.002802426,1.000000000,0.000000000,0.000000000,0.000000000,0.000000000,0.000000000,0.524390244,1.000000000,0.714634146,1.000000000,1.000000000,0.663230241,0.663230241,1.027548683,17.685207367,13.799140930,0.739598036,0.796833813,-0.000376995,0.000128668,0.604198396
444,49.013000000,fused_map_f2f,1,1,0,0.061846095,0.017344526,0.992692541,0.992692541,0.100000000,0.011069008,0.011069008,0.036884253,0.002790417,1.000000000,0.000000000,0.000000000,0.000000000,0.000000000,0.000000000,0.482758621,1.000000000,0.689655172,1.000000000,1.000000000,0.646864686,0.646864686,1.026457646,17.698726654,13.849176407,0.739582062,0.796838403,-0.000414846,0.000091789,0.604192376
445,49.112000000,fused_map_f2f,1,1,0,0.060775965,0.017275803,0.996928472,0.996928472,0.100000000,0.011022495,0.011022495,0.036758834,0.002778594,1.000000000,0.000000000,0.000000000,0.000000000,0.000000000,0.000000000,0.511904762,1.000000000,0.707142857,1.000000000,1.000000000,0.657980456,0.657980456,1.027198697,17.712352753,13.905317307,0.739213288,0.796806276,-0.000351006,0.000118454,0.604234755
446,49.219000000,fused_map_f2f,1,1,0,0.059293126,0.015011600,1.000000000,1.000000000,0.100000000,0.010989011,0.010989011,0.036669970,0.002770083,1.000000000,0.000000000,0.000000000,0.000000000,0.000000000,0.000000000,0.477272727,1.000000000,0.686363636,1.000000000,1.000000000,0.666666667,0.666666667,1.027777778,17.728496552,13.964131355,0.739012420,0.796802878,-0.000320174,0.000125565,0.604239225
447,49.321000000,fused_map_f2f,1,1,0,0.059368812,0.016942535,1.000000000,1.000000000,0.100000000,0.010989011,0.010989011,0.036631049,0.002770083,1.000000000,0.000000000,0.000000000,0.000000000,0.000000000,0.000000000,0.506172840,1.000000000,0.703703704,1.000000000,1.000000000,0.649681529,0.649681529,1.026645435,17.743343353,14.019365311,0.739288568,0.796811521,-0.000354284,0.000106442,0.604227841
448,49.410000000,fused_map_f2f,1,1,0,0.058932280,0.016612265,1.000000000,1.000000000,0.100000000,0.010989011,0.010989011,0.036689486,0.002770083,1.000000000,0.000000000,0.000000000,0.000000000,0.000000000,0.000000000,0.494117647,1.000000000,0.696470588,1.000000000,0.999665328,0.675409836,0.675183795,1.028345586,17.755737305,14.067527771,0.739450336,0.796804488,-0.000398631,0.000054228,0.604237139
449,49.518000000,fused_map_f2f,1,1,0,0.057454317,0.017371412,1.000000000,1.000000000,0.100000000,0.010989011,0.010989011,0.036729934,0.002770083,1.000000000,0.000000000,0.000000000,0.000000000,0.000000000,0.000000000,0.505882353,1.000000000,0.703529412,1.000000000,0.999665552,0.693069307,0.692837511,1.029522501,17.770847321,14.126130104,0.739513099,0.796807349,-0.000321060,0.000094262,0.604233444
450,49.621000000,fused_map_f2f,1,1,0,0.057789197,0.015553251,1.000000000,1.000000000,0.100000000,0.010989011,0.010989011,0.036706690,0.002770083,1.000000000,0.000000000,0.000000000,0.000000000,0.000000000,0.000000000,0.518072289,1.000000000,0.710843373,1.000000000,1.000000000,0.682692308,0.682692308,1.028846154,17.788068771,14.186097145,0.738952696,0.796827316,-0.000340295,0.000152317,0.604207039
451,49.726000000,fused_map_f2f,1,1,0,0.059957767,0.016424208,1.000000000,1.000000000,0.100000000,0.010989011,0.010989011,0.036759820,0.002770083,1.000000000,0.000000000,0.000000000,0.000000000,0.000000000,0.000000000,0.500000000,1.000000000,0.700000000,1.000000000,1.000000000,0.705882353,0.705882353,1.030392157,17.802110672,14.242959976,0.738731265,0.796869814,-0.000335503,0.000123062,0.604151011
452,49.813000000,fused_map_f2f,1,1,0,0.059199196,0.017984752,1.000000000,1.000000000,0.100000000,0.010989011,0.010989011,0.036768270,0.002770083,1.000000000,0.000000000,0.000000000,0.000000000,0.000000000,0.000000000,0.487804878,1.000000000,0.692682927,1.000000000,1.000000000,0.709570957,0.709570957,1.030638064,17.814102173,14.289372444,0.738800049,0.796791375,-0.000327305,0.000120561,0.604254425
453,49.915000000,fused_map_f2f,1,1,0,0.059402326,0.018411209,1.000000000,1.000000000,0.100000000,0.010989011,0.010989011,0.036741880,0.002770083,1.000000000,0.000000000,0.000000000,0.000000000,0.000000000,0.000000000,0.512500000,1.000000000,0.707500000,1.000000000,1.000000000,0.698051948,0.698051948,1.029870130,17.830232620,14.344892502,0.738269329,0.796824872,-0.000369809,0.000130496,0.604210198
454,50.010000000,fused_map_f2f,1,1,0,0.058734987,0.015756456,1.000000000,1.000000000,0.100000000,0.010989011,0.010989011,0.036796409,0.002770083,1.000000000,0.000000000,0.000000000,0.000000000,0.000000000,0.000000000,0.500000000,1.000000000,0.700000000,1.000000000,1.000000000,0.721854305,0.721854305,1.031456954,17.843061447,14.395076752,0.738261461,0.796806991,-0.000369001,0.000125109,0.604233801
455,50.118000000,fused_map_f2f,1,1,0,0.058904192,0.017414227,1.000000000,1.000000000,0.100000000,0.010989011,0.010989011,0.036774793,0.002770083,1.000000000,0.000000000,0.000000000,0.000000000,0.000000000,0.000000000,0.488372093,1.000000000,0.693023256,1.000000000,1.000000000,0.712418301,0.712418301,1.030827887,17.857315063,14.453062057,0.738372982,0.796779871,-0.000381448,0.000128264,0.604269564
456,50.226000000,fused_map_f2f,1,1,0,0.055349462,0.017568417,1.000000000,1.000000000,0.100000000,0.010989011,0.010989011,0.036785384,0.002770083,1.000000000,0.000000000,0.000000000,0.000000000,0.000000000,0.000000000,0.500000000,1.000000000,0.700000000,1.000000000,1.000000000,0.717041801,0.717041801,1.031136120,17.872070312,14.510431290,0.738454759,0.796778560,-0.000360048,0.000139481,0.604271293
457,50.313000000,fused_map_f2f,1,1,0,0.056832919,0.014943146,1.000000000,1.000000000,0.100000000,0.010989011,0.010989011,0.036828752,0.002770083,1.000000000,0.000000000,0.000000000,0.000000000,0.000000000,0.000000000,0.488095238,1.000000000,0.692857143,1.000000000,1.000000000,0.735973597,0.735973597,1.032398240,17.883634567,14.556350708,0.738453388,0.796770871,-0.000338315,0.000155181,0.604281425
458,50.425000000,fused_map_f2f,1,1,0,0.057043422,0.017225547,1.000000000,1.000000000,0.100000000,0.010989011,0.010989011,0.036804164,0.002770083,1.000000000,0.000000000,0.000000000,0.000000000,0.000000000,0.000000000,0.506024096,1.000000000,0.703614458,1.000000000,1.000000000,0.725239617,0.725239617,1.031682641,17.898996353,14.615846634,0.738441408,0.796755314,-0.000313427,0.000197299,0.604301929
459,50.513000000,fused_map_f2f,1,1,0,0.058367637,0.022485777,1.000000000,1.000000000,0.100000000,0.010989011,0.010989011,0.036786343,0.002770083,1.000000000,0.000000000,0.000000000,0.000000000,0.000000000,0.000000000,0.518072289,1.000000000,0.710843373,1.000000000,1.000000000,0.717460317,0.717460317,1.031164021,17.911310196,14.662700653,0.738375723,0.796762049,-0.000311907,0.000196714,0.604293108
460,50.615000000,fused_map_f2f,1,1,0,0.057977959,0.018068002,1.000000000,1.000000000,0.100000000,0.010989011,0.010989011,0.036789526,0.002770083,1.000000000,0.000000000,0.000000000,0.000000000,0.000000000,0.000000000,0.537500000,1.000000000,0.722500000,1.000000000,1.000000000,0.718849840,0.718849840,1.031256656,17.928197861,14.719841957,0.738284588,0.796792269,-0.000365542,0.000117348,0.604253292
461,50.720000000,fused_map_f2f,1,1,0,0.058059018,0.017638595,1.000000000,1.000000000,0.100000000,0.010989011,0.010989011,0.036804164,0.002770083,1.000000000,0.000000000,0.000000000,0.000000000,0.000000000,0.000000000,0.500000000,1.000000000,0.700000000,1.000000000,1.000000000,0.725239617,0.725239617,1.031682641,17.941900253,14.775362968,0.738061547,0.796788394,-0.000360901,0.000128756,0.604258358
462,50.819000000,fused_map_f2f,1,1,0,0.057015241,0.015033522,1.000000000,1.000000000,0.100000000,0.010989011,0.010989011,0.036833437,0.002770083,1.000000000,0.000000000,0.000000000,0.000000000,0.000000000,0.000000000,0.512195122,1.000000000,0.707317073,1.000000000,1.000000000,0.738019169,0.738019169,1.032534611,17.955167770,14.827330589,0.737323940,0.796783507,-0.000411459,0.000099290,0.604264736
463,50.926000000,fused_map_f2f,1,1,0,0.058417147,0.017144819,1.000000000,1.000000000,0.100000000,0.010989011,0.010989011,0.036823696,0.002770083,1.000000000,0.000000000,0.000000000,0.000000000,0.000000000,0.000000000,0.488095238,1.000000000,0.692857143,1.000000000,1.000000000,0.733766234,0.733766234,1.032251082,17.969678879,14.883520126,0.737309635,0.796777368,-0.000369891,0.000128936,0.604272902
464,51.011000000,fused_map_f2f,1,1,0,0.058438134,0.015643578,1.000000000,1.000000000,0.100000000,0.010989011,0.010989011,0.036781142,0.002770083,1.000000000,0.000000000,0.000000000,0.000000000,0.000000000,0.000000000,0.500000000,1.000000000,0.700000000,1.000000000,1.000000000,0.715189873,0.715189873,1.031012658,17.980716705,14.928419113,0.737621844,0.797189355,-0.000257588,0.000218909,0.603729248
465,51.115000000,fused_map_f2f,1,1,0,0.058470933,0.017010086,1.000000000,1.000000000,0.100000000,0.010989011,0.010989011,0.036787462,0.002770083,1.000000000,0.000000000,0.000000000,0.000000000,0.000000000,0.000000000,0.544303797,1.000000000,0.726582278,1.000000000,1.000000000,0.717948718,0.717948718,1.031196581,17.992506027,14.980648041,0.737271309,0.798511028,-0.000283932,0.000205068,0.601980150
466,51.216000000,fused_map_f2f,1,1,0,0.058775747,0.013773183,1.000000000,1.000000000,0.100000000,0.010989011,0.010989011,0.036793094,0.002770083,1.000000000,0.000000000,0.000000000,0.000000000,0.000000000,0.000000000,0.506024096,1.000000000,0.703614458,1.000000000,0.999683944,0.720634921,0.720407160,1.031360477,18.006196976,15.030998230,0.737010896,0.800642788,-0.000457763,0.000111756,0.599141836
467,51.316000000,fused_map_f2f,1,1,0,0.060622947,0.020797981,0.997534167,0.997534167,0.100000000,0.011015876,0.011015876,0.036875976,0.002776912,1.000000000,0.000000000,0.000000000,0.000000000,0.000000000,0.000000000,0.558441558,1.000000000,0.735064935,1.000000000,1.000000000,0.718354430,0.718354430,1.031223629,18.018178940,15.078728676,0.737394154,0.803322911,-0.000412831,0.000090799,0.595543623
468,51.424000000,fused_map_f2f,1,1,0,0.060519790,0.017467580,0.997942498,0.997942498,0.100000000,0.011011418,0.011011418,0.036852105,0.002775778,1.000000000,0.000000000,0.000000000,0.000000000,0.000000000,0.000000000,0.518518519,1.000000000,0.711111111,1.000000000,1.000000000,0.714285714,0.714285714,1.030952381,18.029701233,15.129783630,0.737158597,0.806769073,-0.000380062,0.000108129,0.590866804
469,51.525000000,fused_map_f2f,1,1,0,0.059382409,0.017671182,1.000000000,1.000000000,0.100000000,0.010989011,0.010989011,0.036818256,0.002770083,1.000000000,0.000000000,0.000000000,0.000000000,0.000000000,0.000000000,0.560000000,1.000000000,0.736000000,1.000000000,1.000000000,0.731391586,0.731391586,1.032092772,18.041334152,15.175670624,0.737091303,0.810419083,-0.000400545,0.000121025,0.585850418
470,51.609000000,fused_map_f2f,1,1,0,0.062787148,0.016017071,0.988967539,0.988967539,0.100000000,0.011110237,0.011110237,0.037183526,0.002800898,1.000000000,0.000000000,0.000000000,0.000000000,0.000000000,0.000000000,0.538461538,1.000000000,0.723076923,1.000000000,1.000000000,0.718354430,0.718354430,1.031223629,18.051174164,15.212603569,0.737367451,0.813729942,-0.000375887,0.000134312,0.581242979
471,51.711000000,fused_map_f2f,1,1,0,0.061918177,0.022511804,0.992407217,0.992407217,0.100000000,0.011072156,0.011072156,0.037100492,0.002791218,1.000000000,0.000000000,0.000000000,0.000000000,0.000000000,0.000000000,0.525000000,1.000000000,0.715000000,1.000000000,1.000000000,0.736156352,0.736156352,1.032410423,18.064096451,15.257243156,0.737286210,0.818009794,-0.000344269,0.000177384,0.575204134
472,51.815000000,fused_map_f2f,1,1,0,0.061571935,0.016050022,0.993777759,0.993777759,0.100000000,0.011057055,0.011057055,0.037032080,0.002787379,1.000000000,0.000000000,0.000000000,0.000000000,0.000000000,0.000000000,0.513513514,1.000000000,0.708108108,1.000000000,1.000000000,0.727848101,0.727848101,1.031856540,18.075849533,15.301131248,0.737233758,0.822506189,-0.000397829,0.000161145,0.568756044
473,51.920000000,fused_map_f2f,1,1,0,0.062716819,0.015166291,0.989245927,0.989245927,0.100000000,0.011107145,0.011107145,0.037226342,0.002800112,1.000000000,0.000000000,0.000000000,0.000000000,0.000000000,0.000000000,0.567567568,1.000000000,0.740540541,1.000000000,1.000000000,0.741214058,0.741214058,1.032747604,18.088947296,15.345520973,0.737202883,0.827301085,-0.000425648,0.000157117,0.561758637
474,52.019000000,fused_map_f2f,1,1,0,0.064883538,0.016616039,0.980669328,0.980669328,0.100000000,0.011203196,0.011203196,0.037505172,0.002824532,1.000000000,0.000000000,0.000000000,0.000000000,0.000000000,0.000000000,0.539473684,1.000000000,0.723684211,1.000000000,1.000000000,0.726415094,0.726415094,1.031761006,18.100530624,15.386210442,0.737221539,0.831911206,-0.000443080,0.000145432,0.554908633
475,52.112000000,fused_map_f2f,1,1,0,0.065934609,0.015494923,0.976508839,0.976508839,0.100000000,0.011250392,0.011250392,0.037701247,0.002836532,1.000000000,0.000000000,0.000000000,0.000000000,0.000000000,0.000000000,0.581081081,1.000000000,0.748648649,1.000000000,1.000000000,0.744479495,0.744479495,1.032965300,18.111974716,15.424083710,0.737281859,0.836295247,-0.000458862,0.000131214,0.548279226
476,52.221000000,fused_map_f2f,1,1,0,0.065258553,0.017901925,0.979184894,0.979184894,0.100000000,0.011219990,0.011219990,0.037589273,0.002828802,1.000000000,0.000000000,0.000000000,0.000000000,0.000000000,0.000000000,0.532467532,1.000000000,0.719480519,1.000000000,1.000000000,0.738993711,0.738993711,1.032599581,18.126554489,15.467189789,0.737454295,0.841499090,-0.000462157,0.000133977,0.540258408
477,52.319000000,fused_map_f2f,1,1,0,0.063775044,0.021802076,0.985057119,0.985057119,0.100000000,0.011153850,0.011153850,0.037399131,0.002811986,1.000000000,0.000000000,0.000000000,0.000000000,0.000000000,0.000000000,0.544303797,1.000000000,0.726582278,1.000000000,1.000000000,0.750000000,0.750000000,1.033333333,18.142482758,15.507176399,0.737328351,0.846234083,-0.000374915,0.000118824,0.532811105
478,52.420000000,fused_map_f2f,1,1,0,0.064814125,0.016257106,0.980944090,0.980944090,0.100000000,0.011200094,0.011200094,0.037577255,0.002823743,1.000000000,0.000000000,0.000000000,0.000000000,0.000000000,0.000000000,0.589041096,1.000000000,0.753424658,1.000000000,0.999687011,0.761904762,0.761666294,1.034111086,18.155998230,15.545905113,0.737442553,0.851025045,-0.000436359,0.000066026,0.525124967
479,52.523000000,fused_map_f2f,1,1,0,0.065965134,0.017112441,0.976388009,0.976388009,0.100000000,0.011251768,0.011251768,0.037733299,0.002836882,1.000000000,0.000000000,0.000000000,0.000000000,0.000000000,0.000000000,0.592105263,1.000000000,0.755263158,1.000000000,1.000000000,0.756250000,0.756250000,1.033750000,18.173492432,15.584766388,0.737174809,0.855948269,-0.000377677,0.000083226,0.517061353
480,52.682000000,fused_map_f2f,1,1,0,0.065919602,0.019543777,0.976568242,0.976568242,0.100000000,0.011249715,0.011249715,0.037708374,0.002836360,1.000000000,0.000000000,0.000000000,0.000000000,0.000000000,0.000000000,0.569620253,1.000000000,0.741772152,1.000000000,1.000000000,0.748466258,0.748466258,1.033231084,18.197603226,15.643438339,0.737473309,0.863359451,-0.000413907,0.000071409,0.504589200
481,52.850000000,fused_map_f2f,1,1,0,0.068229825,0.017122696,0.967423610,0.967423610,0.100000000,0.011354846,0.011354846,0.038044139,0.002863094,1.000000000,0.000000000,0.000000000,0.000000000,0.000000000,0.000000000,0.587500000,1.000000000,0.752500000,1.000000000,1.000000000,0.745454545,0.745454545,1.033030303,18.224294662,15.702578545,0.737081468,0.870984852,-0.000353176,0.000061236,0.491309732
482,53.017000000,fused_map_f2f,1,1,0,0.069566883,0.016984480,0.962131090,0.962131090,0.100000000,0.011416594,0.011416594,0.038295020,0.002878798,1.000000000,0.000000000,0.000000000,0.000000000,0.000000000,0.000000000,0.623376623,1.000000000,0.774025974,1.000000000,1.000000000,0.766355140,0.766355140,1.034423676,18.252471924,15.759572983,0.736619174,0.878307581,-0.000419527,0.000092764,0.478095859
483,53.175000000,fused_map_f2f,1,1,0,0.068238160,0.021897133,0.967390615,0.967390615,0.100000000,0.011355229,0.011355229,0.038057940,0.002863191,1.000000000,0.000000000,0.000000000,0.000000000,0.000000000,0.000000000,0.609756098,1.000000000,0.765853659,1.000000000,1.000000000,0.750769231,0.750769231,1.033384615,18.281021118,15.812489510,0.736501694,0.884979844,-0.000387356,0.000142704,0.465629220
484,53.342000000,fused_map_f2f,1,1,0,0.069947426,0.019495101,0.960624773,0.960624773,0.100000000,0.011434291,0.011434291,0.038308403,0.002883299,1.000000000,0.000000000,0.000000000,0.000000000,0.000000000,0.000000000,0.621951220,1.000000000,0.773170732,1.000000000,1.000000000,0.747692308,0.747692308,1.033179487,18.311489105,15.867265701,0.736797392,0.891714811,-0.000416111,0.000082408,0.452597499
485,53.517000000,fused_map_f2f,1,1,0,0.072317715,0.020957207,0.951242380,0.951242380,0.100000000,0.011545769,0.011545769,0.038649495,0.002911655,1.000000000,0.000000000,0.000000000,0.000000000,0.000000000,0.000000000,0.600000000,1.000000000,0.760000000,1.000000000,1.000000000,0.738461538,0.738461538,1.032564103,18.345632553,15.923280716,0.736146450,0.898421228,-0.000437324,0.000070580,0.439134538
486,53.689000000,fused_map_f2f,1,1,0,0.070571129,0.018223288,0.958155947,0.958155947,0.100000000,0.011463416,0.011463416,0.038342225,0.002890707,1.000000000,0.000000000,0.000000000,0.000000000,0.000000000,0.000000000,0.609756098,1.000000000,0.765853659,1.000000000,1.000000000,0.722054381,0.722054381,1.031470292,18.380664825,15.974357605,0.736137390,0.904658377,-0.000479834,0.000065378,0.426137328
487,53.866000000,fused_map_f2f,1,1,0,0.070940901,0.017882684,0.956692265,0.956692265,0.100000000,0.011480753,0.011480753,0.038441311,0.002895117,1.000000000,0.000000000,0.000000000,0.000000000,0.000000000,0.000000000,0.662337662,1.000000000,0.797402597,1.000000000,1.000000000,0.739938080,0.739938080,1.032662539,18.413982391,16.026550293,0.736177087,0.910685420,-0.000381614,0.000065162,0.413100392
488,54.060000000,fused_map_f2f,1,1,0,0.069602685,0.021629653,0.961989373,0.961989373,0.100000000,0.011418257,0.011418257,0.038173750,0.002879221,1.000000000,0.000000000,0.000000000,0.000000000,0.000000000,0.000000000,0.574712644,1.000000000,0.744827586,1.000000000,1.000000000,0.712990937,0.712990937,1.030866062,18.454782486,16.080459595,0.735911787,0.916859567,-0.000434356,0.000051353,0.399209678
489,54.096000000,fused_map_f2f,1,1,0,0.069767113,0.017410518,0.961338512,0.961338512,0.100000000,0.011425899,0.011425899,0.038205786,0.002881165,1.000000000,0.000000000,0.000000000,0.000000000,0.000000000,0.000000000,0.607142857,1.000000000,0.764285714,1.000000000,1.000000000,0.716012085,0.716012085,1.031067472,18.463233948,16.090450287,0.735886335,0.917963624,-0.000429296,0.000054117,0.396664262
490,54.181000000,fused_map_f2f,1,1,0,0.072928812,0.021713773,0.948823451,0.948823451,0.100000000,0.011574863,0.011574863,0.038703935,0.002919057,1.000000000,0.000000000,0.000000000,0.000000000,0.000000000,0.000000000,0.581395349,1.000000000,0.748837209,1.000000000,1.000000000,0.721712538,0.721712538,1.031447503,18.480886459,16.114635468,0.735482454,0.920510232,-0.000481993,0.000067040,0.390718192
491,54.288000000,fused_map_f2f,1,1,0,0.072375766,0.019941603,0.951012594,0.951012594,0.100000000,0.011548527,0.011548527,0.038607754,0.002912357,1.000000000,0.000000000,0.000000000,0.000000000,0.000000000,0.000000000,0.607142857,1.000000000,0.764285714,1.000000000,1.000000000,0.717325228,0.717325228,1.031155015,18.504446030,16.139482498,0.735830009,0.923570514,-0.000420963,0.000044790,0.383428454
492,54.381000000,fused_map_f2f,1,1,0,0.071958793,0.020253091,0.952663111,0.952663111,0.100000000,0.011528749,0.011528749,0.038568067,0.002907326,1.000000000,0.000000000,0.000000000,0.000000000,0.000000000,0.000000000,0.578313253,1.000000000,0.746987952,1.000000000,0.999689730,0.727828746,0.727602923,1.031840195,18.524663925,16.163694382,0.735676467,0.926144838,-0.000445099,0.000051856,0.377167851
493,54.472000000,fused_map_f2f,1,1,0,0.068829743,0.019434419,0.965048933,0.965048933,0.100000000,0.011382469,0.011382469,0.038089180,0.002870119,1.000000000,0.000000000,0.000000000,0.000000000,0.000000000,0.000000000,0.619047619,1.000000000,0.771428571,1.000000000,1.000000000,0.726443769,0.726443769,1.031762918,18.546417236,16.189559937,0.736476004,0.928595304,-0.000411890,0.000028193,0.371093810
494,54.581000000,fused_map_f2f,1,1,0,0.072008285,0.019703105,0.952467206,0.952467206,0.100000000,0.011531093,0.011531093,0.038564404,0.002907922,1.000000000,0.000000000,0.000000000,0.000000000,0.000000000,0.000000000,0.614457831,1.000000000,0.768674699,1.000000000,1.000000000,0.722891566,0.722891566,1.031526104,18.570814133,16.216381073,0.736030400,0.931374729,-0.000434085,0.000005782,0.364061773
495,54.675000000,fused_map_f2f,1,1,0,0.068759432,0.017338878,0.965327248,0.965327248,0.100000000,0.011379224,0.011379224,0.038087751,0.002869294,1.000000000,0.000000000,0.000000000,0.000000000,0.000000000,0.000000000,0.623529412,1.000000000,0.774117647,1.000000000,1.000000000,0.730303030,0.730303030,1.032020202,18.591190338,16.238376617,0.736113369,0.933663428,-0.000396666,0.000027244,0.358151555
496,54.772000000,fused_map_f2f,1,1,0,0.071252106,0.018212705,0.955460414,0.955460414,0.100000000,0.011495384,0.011495384,0.038480425,0.002898839,1.000000000,0.000000000,0.000000000,0.000000000,0.000000000,0.000000000,0.588235294,1.000000000,0.752941176,1.000000000,1.000000000,0.736363636,0.736363636,1.032424242,18.613901138,16.261526108,0.736138284,0.935973465,-0.000383519,0.000015779,0.352070421
497,54.873000000,fused_map_f2f,1,1,0,0.072259643,0.017829413,0.951472246,0.951472246,0.100000000,0.011543012,0.011543012,0.038609127,0.002910954,1.000000000,0.000000000,0.000000000,0.000000000,0.000000000,0.000000000,0.630952381,1.000000000,0.778571429,1.000000000,1.000000000,0.725373134,0.725373134,1.031691542,18.636190414,16.284490585,0.735876143,0.938249528,-0.000403018,0.000034155,0.345959008
498,54.978000000,fused_map_f2f,1,1,0,0.073410711,0.016418919,0.946915937,0.946915937,0.100000000,0.011597910,0.011597910,0.038839769,0.002924920,1.000000000,0.000000000,0.000000000,0.000000000,0.000000000,0.000000000,0.638554217,1.000000000,0.783132530,1.000000000,1.000000000,0.746987952,0.746987952,1.033132530,18.659948349,16.307939529,0.735668361,0.940544844,-0.000424017,0.000013007,0.339669257
499,55.078000000,fused_map_f2f,1,1,0,0.072325954,0.018008878,0.951209765,0.951209765,0.100000000,0.011546160,0.011546160,0.038713294,0.002911755,1.000000000,0.000000000,0.000000000,0.000000000,0.000000000,0.000000000,0.614457831,1.000000000,0.768674699,1.000000000,1.000000000,0.764525994,0.764525994,1.034301733,18.682224274,16.329935074,0.735551476,0.942612350,-0.000434325,0.000013046,0.333888829
500,55.190000000,fused_map_f2f,1,1,0,0.072239629,0.020147118,0.951551470,0.951551470,0.100000000,0.011542062,0.011542062,0.038685020,0.002910712,1.000000000,0.000000000,0.000000000,0.000000000,0.000000000,0.000000000,0.595238095,1.000000000,0.757142857,1.000000000,1.000000000,0.758308157,0.758308157,1.033887210,18.711330414,16.355833054,0.735809326,0.944846928,-0.000411658,0.000007646,0.327511996
501,55.266000000,fused_map_f2f,1,1,0,0.074807140,0.020806197,0.941388405,0.941388405,0.100000000,0.011665214,0.011665214,0.039055334,0.002942043,1.000000000,0.000000000,0.000000000,0.000000000,0.000000000,0.000000000,0.654761905,1.000000000,0.792857143,1.000000000,1.000000000,0.745508982,0.745508982,1.033033932,18.730520248,16.372337341,0.735646963,0.946303606,-0.000440331,0.000010885,0.323278964
502,55.374000000,fused_map_f2f,1,1,0,0.069360965,0.023448262,0.962946181,0.962946181,0.100000000,0.011407041,0.011407041,0.038223264,0.002876368,1.000000000,0.000000000,0.000000000,0.000000000,0.000000000,0.000000000,0.600000000,1.000000000,0.760000000,1.000000000,1.000000000,0.749244713,0.749244713,1.033282981,18.754846573,16.394157410,0.735897422,0.948285460,-0.000424426,-0.000011820,0.317418575
503,55.467000000,fused_map_f2f,1,1,0,0.072635978,0.015670278,0.949982587,0.949982587,0.100000000,0.011560903,0.011560903,0.038730118,0.002915505,1.000000000,0.000000000,0.000000000,0.000000000,0.000000000,0.000000000,0.646341463,1.000000000,0.787804878,1.000000000,1.000000000,0.751515152,0.751515152,1.033434343,18.776483536,16.412946701,0.735766947,0.949909389,-0.000400776,-0.000017642,0.312525094
504,55.578000000,fused_map_f2f,1,1,0,0.074289240,0.016540134,0.943438425,0.943438425,0.100000000,0.011640162,0.011640162,0.038929044,0.002935669,1.000000000,0.000000000,0.000000000,0.000000000,0.000000000,0.000000000,0.634146341,1.000000000,0.780487805,1.000000000,1.000000000,0.727002967,0.727002967,1.031800198,18.801580429,16.434993744,0.735428154,0.951784492,-0.000446591,0.000004752,0.306767076
505,55.691000000,fused_map_f2f,1,1,0,0.072020469,0.017956275,0.952418978,0.952418978,0.100000000,0.011531670,0.011531670,0.038618494,0.002908069,1.000000000,0.000000000,0.000000000,0.000000000,0.000000000,0.000000000,0.588235294,1.000000000,0.752941176,1.000000000,1.000000000,0.744680851,0.744680851,1.032978723,18.828601837,16.456138611,0.735247791,0.953594387,-0.000458692,0.000005696,0.301093847
506,55.769000000,fused_map_f2f,1,1,0,0.074034002,0.017350531,0.944448743,0.944448743,0.100000000,0.011627855,0.011627855,0.038918942,0.002932538,1.000000000,0.000000000,0.000000000,0.000000000,0.000000000,0.000000000,0.630952381,1.000000000,0.778571429,1.000000000,1.000000000,0.739393939,0.739393939,1.032626263,18.846231461,16.470748901,0.735171199,0.954811990,-0.000442849,0.000005858,0.297210217
507,55.875000000,fused_map_f2f,1,1,0,0.070061171,0.017598771,0.960174531,0.960174531,0.100000000,0.011439592,0.011439592,0.038309414,0.002884647,1.000000000,0.000000000,0.000000000,0.000000000,0.000000000,0.000000000,0.611764706,1.000000000,0.767058824,1.000000000,1.000000000,0.740853659,0.740853659,1.032723577,18.876317978,16.490957260,0.735517442,0.956403553,-0.000415178,-0.000007184,0.292048097
508,55.982000000,fused_map_f2f,1,1,0,0.073462601,0.019495743,0.946710536,0.946710536,0.100000000,0.011600397,0.011600397,0.038842310,0.002925552,1.000000000,0.000000000,0.000000000,0.000000000,0.000000000,0.000000000,0.630952381,1.000000000,0.778571429,1.000000000,1.000000000,0.744680851,0.744680851,1.032978723,18.900596619,16.509241104,0.735511601,0.957915127,-0.000405421,-0.000004258,0.287051260
509,56.092000000,fused_map_f2f,1,1,0,0.072574999,0.018402462,0.950223962,0.950223962,0.100000000,0.011558000,0.011558000,0.038696951,0.002914767,1.000000000,0.000000000,0.000000000,0.000000000,0.000000000,0.000000000,0.619047619,1.000000000,0.771428571,1.000000000,1.000000000,0.741641337,0.741641337,1.032776089,18.925920486,16.527927399,0.735552549,0.959400475,-0.000388762,-0.000008276,0.282047123
510,56.170000000,fused_map_f2f,1,1,0,0.070695929,0.019325823,0.957661946,0.957661946,0.100000000,0.011469261,0.011469261,0.038340729,0.002892194,1.000000000,0.000000000,0.000000000,0.000000000,0.000000000,0.000000000,0.614457831,1.000000000,0.768674699,1.000000000,1.000000000,0.713450292,0.713450292,1.030896686,18.943059921,16.540346146,0.735355496,0.960393548,-0.000435826,-0.000029812,0.278646797
511,56.285000000,fused_map_f2f,1,1,0,0.069059942,0.016101479,0.964137729,0.964137729,0.100000000,0.011393104,0.011393104,0.038147310,0.002872824,1.000000000,0.000000000,0.000000000,0.000000000,0.000000000,0.000000000,0.584269663,1.000000000,0.750561798,1.000000000,1.000000000,0.736363636,0.736363636,1.032424242,18.970113754,16.559272766,0.735187411,0.961826265,-0.000442365,-0.000018304,0.273660451
512,56.397000000,fused_map_f2f,1,1,0,0.071948840,0.018950510,0.952702508,0.952702508,0.100000000,0.011528278,0.011528278,0.038587521,0.002907206,1.000000000,0.000000000,0.000000000,0.000000000,0.000000000,0.000000000,0.583333333,1.000000000,0.750000000,1.000000000,1.000000000,0.736363636,0.736363636,1.032424242,18.998426437,16.577888489,0.735181212,0.963183582,-0.000387006,-0.000006873,0.268844247
513,56.469000000,fused_map_f2f,1,1,0,0.072126012,0.013955703,0.952001204,0.952001204,0.100000000,0.011536672,0.011536672,0.038593708,0.002909341,1.000000000,0.000000000,0.000000000,0.000000000,0.000000000,0.000000000,0.604651163,1.000000000,0.762790698,1.000000000,1.000000000,0.727544910,0.727544910,1.031836327,19.014978409,16.588926315,0.735032320,0.964007318,-0.000456616,0.000001669,0.265875340
514,56.593000000,fused_map_f2f,1,1,0,0.071143746,0.027168289,0.955889338,0.955889338,0.100000000,0.011490285,0.011490285,0.038455151,0.002897542,1.000000000,0.000000000,0.000000000,0.000000000,0.000000000,0.000000000,0.593023256,1.000000000,0.755813953,1.000000000,1.000000000,0.732732733,0.732732733,1.032182182,19.038434982,16.612207413,0.734946430,0.968720734,-0.000417142,0.000018925,0.248153165
515,56.671000000,fused_map_f2f,1,1,0,0.073419745,0.020457372,0.946880175,0.946880175,0.100000000,0.011598343,0.011598343,0.038824492,0.002925030,1.000000000,0.000000000,0.000000000,0.000000000,0.000000000,0.000000000,0.581395349,1.000000000,0.748837209,1.000000000,1.000000000,0.740061162,0.740061162,1.032670744,19.053678513,16.625263214,0.734447002,0.971307933,-0.000433498,0.000012663,0.237825021
516,56.785000000,fused_map_f2f,1,1,0,0.068593679,0.024302776,0.965983355,0.965983355,0.100000000,0.011371583,0.011371583,0.038062866,0.002867351,1.000000000,0.000000000,0.000000000,0.000000000,0.000000000,0.000000000,0.642857143,1.000000000,0.785714286,1.000000000,1.000000000,0.730303030,0.730303030,1.032020202,19.075555801,16.644069672,0.734883249,0.974560022,-0.000429713,-0.000009866,0.224126160
517,56.884000000,fused_map_f2f,1,1,0,0.067333314,0.021093386,0.970972299,0.970972299,0.100000000,0.011313816,0.011313816,0.037890843,0.002852660,1.000000000,0.000000000,0.000000000,0.000000000,0.000000000,0.000000000,0.611764706,1.000000000,0.767058824,1.000000000,1.000000000,0.737160121,0.737160121,1.032477341,19.097665787,16.658954620,0.734728992,0.976992249,-0.000403923,-0.000012645,0.213274270
518,57.002000000,fused_map_f2f,1,1,0,0.070662917,0.020095481,0.957792622,0.957792622,0.100000000,0.011467714,0.011467714,0.038397547,0.002891800,1.000000000,0.000000000,0.000000000,0.000000000,0.000000000,0.000000000,0.650602410,1.000000000,0.790361446,1.000000000,1.000000000,0.739393939,0.739393939,1.032626263,19.127428055,16.676408768,0.734900057,0.979470551,-0.000435933,-0.000041553,0.201586828
519,57.084000000,fused_map_f2f,1,1,0,0.069994460,0.017560176,0.960438595,0.960438595,0.100000000,0.011436482,0.011436482,0.038282754,0.002883856,1.000000000,0.000000000,0.000000000,0.000000000,0.000000000,0.000000000,0.613636364,1.000000000,0.768181818,1.000000000,0.999676375,0.734138973,0.733901387,1.032260092,19.149669647,16.689029694,0.734866858,0.980972052,-0.000393814,-0.000030175,0.194148645
520,57.202000000,fused_map_f2f,1,1,0,0.069459216,0.018265139,0.962557269,0.962557269,0.100000000,0.011411597,0.011411597,0.038189878,0.002877527,1.000000000,0.000000000,0.000000000,0.000000000,0.000000000,0.000000000,0.639534884,1.000000000,0.783720930,1.000000000,1.000000000,0.728915663,0.728915663,1.031927711,19.184463501,16.704862595,0.734583139,0.982847929,-0.000445339,-0.000020912,0.184417427
521,57.283000000,fused_map_f2f,1,1,0,0.066851288,0.017381831,0.972880317,0.972880317,0.100000000,0.011291878,0.011291878,0.037833344,0.002847081,1.000000000,0.000000000,0.000000000,0.000000000,0.000000000,0.000000000,0.666666667,1.000000000,0.800000000,1.000000000,1.000000000,0.743119266,0.743119266,1.032874618,19.208312988,16.715820312,0.735047638,0.983967423,-0.000425550,-0.000027532,0.178347841
522,57.387000000,fused_map_f2f,1,1,0,0.066950229,0.017624998,0.972488678,0.972488678,0.100000000,0.011296374,0.011296374,0.037855191,0.002848224,1.000000000,0.000000000,0.000000000,0.000000000,0.000000000,0.000000000,0.597701149,1.000000000,0.758620690,1.000000000,1.000000000,0.746177370,0.746177370,1.033078491,19.242645264,16.730829239,0.734972715,0.985254586,-0.000445885,-0.000040930,0.171094224
523,57.470000000,fused_map_f2f,1,1,0,0.071258681,0.016960351,0.955434389,0.955434389,0.100000000,0.011495694,0.011495694,0.038504880,0.002898917,1.000000000,0.000000000,0.000000000,0.000000000,0.000000000,0.000000000,0.654320988,1.000000000,0.792592593,1.000000000,1.000000000,0.746177370,0.746177370,1.033078491,19.272111893,16.744354248,0.734561026,0.986173987,-0.000435791,-0.000020846,0.165712744
524,57.577000000,fused_map_f2f,1,1,0,0.069480789,0.015637699,0.962471879,0.962471879,0.100000000,0.011412598,0.011412598,0.038209322,0.002877782,1.000000000,0.000000000,0.000000000,0.000000000,0.000000000,0.000000000,0.593023256,1.000000000,0.755813953,1.000000000,1.000000000,0.735735736,0.735735736,1.032382382,19.310026169,16.759492874,0.734548450,0.987222016,-0.000455320,-0.000030082,0.159350097
525,57.700000000,fused_map_f2f,1,1,0,0.071872695,0.018196354,0.953003915,0.953003915,0.100000000,0.011524674,0.011524674,0.038543097,0.002906289,1.000000000,0.000000000,0.000000000,0.000000000,0.000000000,0.000000000,0.584269663,1.000000000,0.750561798,1.000000000,1.000000000,0.722713864,0.722713864,1.031514258,19.356292725,16.776563644,0.734730363,0.988282740,-0.000487119,-0.000036778,0.152633503
526,57.777000000,fused_map_f2f,1,1,0,0.064980531,0.016028926,0.980285398,0.980285398,0.100000000,0.011207535,0.011207535,0.037547744,0.002825635,1.000000000,0.000000000,0.000000000,0.000000000,0.000000000,0.000000000,0.626506024,1.000000000,0.775903614,1.000000000,1.000000000,0.738601824,0.738601824,1.032573455,19.388917923,16.787385941,0.734977365,0.988886654,-0.000433593,-0.000066808,0.148670778
527,57.885000000,fused_map_f2f,1,1,0,0.066535191,0.018253383,0.974131535,0.974131535,0.100000000,0.011277538,0.011277538,0.037791800,0.002843435,1.000000000,0.000000000,0.000000000,0.000000000,0.000000000,0.000000000,0.679487179,1.000000000,0.807692308,1.000000000,1.000000000,0.745341615,0.745341615,1.033022774,19.438018799,16.803977966,0.734988153,0.989665389,-0.000481541,-0.000032098,0.143395156
528,58.011000000,fused_map_f2f,1,1,0,0.068774493,0.016657719,0.965267631,0.965267631,0.100000000,0.011379919,0.011379919,0.038107412,0.002869471,1.000000000,0.000000000,0.000000000,0.000000000,0.000000000,0.000000000,0.617283951,1.000000000,0.770370370,1.000000000,1.000000000,0.737654321,0.737654321,1.032510288,19.499229431,16.823093414,0.734733462,0.990486383,-0.000453556,-0.000031060,0.137609959
529,58.114000000,fused_map_f2f,1,1,0,0.070531635,0.017743353,0.958312279,0.958312279,0.100000000,0.011461567,0.011461567,0.038340855,0.002890237,1.000000000,0.000000000,0.000000000,0.000000000,0.000000000,0.000000000,0.619047619,1.000000000,0.771428571,1.000000000,0.999670728,0.724242424,0.724003951,1.031600263,19.548009872,16.838083267,0.734694958,0.991085768,-0.000496830,-0.000019271,0.133224264
530,58.169000000,fused_map_f2f,1,1,0,0.067604790,0.020060641,0.969897708,0.969897708,0.100000000,0.011326209,0.011326209,0.037934299,0.002855811,1.000000000,0.000000000,0.000000000,0.000000000,0.000000000,0.000000000,0.666666667,1.000000000,0.800000000,1.000000000,1.000000000,0.738461538,0.738461538,1.032564103,19.574995041,16.846237183,0.735033512,0.991386116,-0.000477712,-0.000038588,0.130970776
531,58.275000000,fused_map_f2f,1,1,0,0.068652419,0.015098051,0.965750843,0.965750843,0.100000000,0.011374290,0.011374290,0.038100135,0.002868039,1.000000000,0.000000000,0.000000000,0.000000000,0.000000000,0.000000000,0.634146341,1.000000000,0.780487805,1.000000000,1.000000000,0.742331288,0.742331288,1.032822086,19.625709534,16.860040665,0.734961152,0.991918504,-0.000479186,-0.000022370,0.126875892
532,58.368000000,fused_map_f2f,1,1,0,0.068397294,0.012716429,0.966760712,0.966760712,0.100000000,0.011362543,0.011362543,0.038048878,0.002865052,1.000000000,0.000000000,0.000000000,0.000000000,0.000000000,0.000000000,0.637500000,1.000000000,0.782500000,1.000000000,1.000000000,0.736842105,0.736842105,1.032456140,19.670110703,16.871871948,0.735061586,0.992347240,-0.000466753,-0.000036624,0.123477958
533,58.486000000,fused_map_f2f,1,1,0,0.068061834,0.015528126,0.968088574,0.968088574,0.100000000,0.011347135,0.011347135,0.037937302,0.002861133,1.000000000,0.000000000,0.000000000,0.000000000,0.000000000,0.000000000,0.551724138,1.000000000,0.731034483,1.000000000,1.000000000,0.710843373,0.710843373,1.030722892,19.725423813,16.886310577,0.735603929,0.992838681,-0.000401878,-0.000043468,0.119461924
534,58.587000000,fused_map_f2f,1,1,0,0.067163661,0.018116327,0.971643841,0.971643841,0.100000000,0.011306085,0.011306085,0.037822113,0.002850694,1.000000000,0.000000000,0.000000000,0.000000000,0.000000000,0.000000000,0.602409639,1.000000000,0.761445783,1.000000000,1.000000000,0.718654434,0.718654434,1.031243629,19.778465271,16.899078369,0.735355318,0.993252993,-0.000406423,-0.000043123,0.115967155
535,58.671000000,fused_map_f2f,1,1,0,0.068635870,0.014152148,0.965816350,0.965816350,0.100000000,0.011373527,0.011373527,0.038004677,0.002867845,1.000000000,0.000000000,0.000000000,0.000000000,0.000000000,0.000000000,0.564705882,1.000000000,0.738823529,1.000000000,1.000000000,0.703030303,0.703030303,1.030202020,19.822870255,16.910226822,0.735188842,0.993570030,-0.000394958,-0.000029237,0.113218777
536,58.790000000,fused_map_f2f,1,1,0,0.068949842,0.013943273,0.964573541,0.964573541,0.100000000,0.011388015,0.011388015,0.038029664,0.002871529,1.000000000,0.000000000,0.000000000,0.000000000,0.000000000,0.000000000,0.590361446,1.000000000,0.754216867,1.000000000,1.000000000,0.693693694,0.693693694,1.029579580,19.884170532,16.926315308,0.735069454,0.993980229,-0.000366029,-0.000049596,0.109558970
537,58.900000000,fused_map_f2f,1,1,0,0.069984480,0.015488383,0.960478099,0.960478099,0.100000000,0.011436017,0.011436017,0.038220142,0.002883738,1.000000000,0.000000000,0.000000000,0.000000000,0.000000000,0.000000000,0.578313253,1.000000000,0.746987952,1.000000000,1.000000000,0.708206687,0.708206687,1.030547112,19.938518524,16.938114166,0.734858811,0.994321823,-0.000402668,-0.000077868,0.106413968
538,58.983000000,fused_map_f2f,1,1,0,0.067397199,0.021134270,0.970719420,0.970719420,0.100000000,0.011316730,0.011316730,0.037814250,0.002853401,1.000000000,0.000000000,0.000000000,0.000000000,0.000000000,0.000000000,0.583333333,1.000000000,0.750000000,1.000000000,1.000000000,0.700598802,0.700598802,1.030039920,19.980871201,16.946517944,0.735003173,0.994569242,-0.000372728,-0.000046650,0.104076385
539,59.094000000,fused_map_f2f,1,1,0,0.069311969,0.014024220,0.963140124,0.963140124,0.100000000,0.011404770,0.011404770,0.038133415,0.002875791,1.000000000,0.000000000,0.000000000,0.000000000,0.000000000,0.000000000,0.585365854,1.000000000,0.751219512,1.000000000,0.999660441,0.714723926,0.714481236,1.030965416,20.037956238,16.959007263,0.734807611,0.994880557,-0.000355187,-0.000049154,0.101057068
540,59.183000000,fused_map_f2f,1,1,0,0.070058721,0.012979563,0.960184228,0.960184228,0.100000000,0.011439477,0.011439477,0.038252125,0.002884618,1.000000000,0.000000000,0.000000000,0.000000000,0.000000000,0.000000000,0.612500000,1.000000000,0.767500000,1.000000000,1.000000000,0.716923077,0.716923077,1.031128205,20.080856323,16.968069077,0.734981954,0.995104015,-0.000352919,-0.000072989,0.098832384
541,59.266000000,fused_map_f2f,1,1,0,0.068417490,0.019722935,0.966680768,0.966680768,0.100000000,0.011363472,0.011363472,0.038002758,0.002865288,1.000000000,0.000000000,0.000000000,0.000000000,0.000000000,0.000000000,0.609756098,1.000000000,0.765853659,1.000000000,1.000000000,0.716049383,0.716049383,1.031069959,20.124713898,16.977645874,0.735126078,0.995316267,-0.000389621,-0.000066315,0.096671492
542,59.394000000,fused_map_f2f,1,1,0,0.068258868,0.015494350,0.967308647,0.967308647,0.100000000,0.011356180,0.011356180,0.037933952,0.002863433,1.000000000,0.000000000,0.000000000,0.000000000,0.000000000,0.000000000,0.623376623,1.000000000,0.774025974,1.000000000,1.000000000,0.696969697,0.696969697,1.029797980,20.186594009,16.989147186,0.735557675,0.995603859,-0.000336008,-0.000049486,0.093663521
543,59.470000000,fused_map_f2f,1,1,0,0.069168943,0.021985450,0.963706269,0.963706269,0.100000000,0.011398146,0.011398146,0.038091904,0.002874106,1.000000000,0.000000000,0.000000000,0.000000000,0.000000000,0.000000000,0.580246914,1.000000000,0.748148148,1.000000000,1.000000000,0.706060606,0.706060606,1.030404040,20.222253799,16.995704651,0.735802770,0.995764613,-0.000335192,-0.000138504,0.091938786
544,59.576000000,fused_map_f2f,1,1,0,0.069015280,0.016560958,0.964314515,0.964314515,0.100000000,0.011391039,0.011391039,0.038049422,0.002872299,1.000000000,0.000000000,0.000000000,0.000000000,0.000000000,0.000000000,0.573170732,1.000000000,0.743902439,1.000000000,1.000000000,0.697885196,0.697885196,1.029859013,20.270315170,17.004821777,0.735194206,0.995975435,-0.000372969,-0.000069789,0.089625999
545,59.687000000,fused_map_f2f,1,1,0,0.068688269,0.022771027,0.965608936,0.965608936,0.100000000,0.011375943,0.011375943,0.038035028,0.002868459,1.000000000,0.000000000,0.000000000,0.000000000,0.000000000,0.000000000,0.582278481,1.000000000,0.749367089,1.000000000,1.000000000,0.712538226,0.712538226,1.030835882,20.315073013,17.013427734,0.735554814,0.996174335,-0.000336392,-0.000074770,0.087387599
546,59.801000000,fused_map_f2f,1,1,0,0.070291904,0.014429497,0.959261212,0.959261212,0.100000000,0.011450359,0.011450359,0.038315575,0.002887386,1.000000000,0.000000000,0.000000000,0.000000000,0.000000000,0.000000000,0.548780488,1.000000000,0.729268293,1.000000000,1.000000000,0.728706625,0.728706625,1.031913775,20.358623505,17.020589828,0.735597968,0.996353567,-0.000346229,-0.000096926,0.085319325
547,59.870000000,fused_map_f2f,1,1,0,0.069778760,0.014152918,0.961292409,0.961292409,0.100000000,0.011426441,0.011426441,0.038202402,0.002881302,1.000000000,0.000000000,0.000000000,0.000000000,0.000000000,0.000000000,0.623376623,1.000000000,0.774025974,1.000000000,1.000000000,0.713846154,0.713846154,1.030923077,20.391368866,17.027029037,0.735120356,0.996473908,-0.000367598,-0.000087498,0.083902374
548,59.980000000,fused_map_f2f,1,1,0,0.069007281,0.013907837,0.964346180,0.964346180,0.100000000,0.011390669,0.011390669,0.038070567,0.002872204,1.000000000,0.000000000,0.000000000,0.000000000,0.000000000,0.000000000,0.554216867,1.000000000,0.732530120,1.000000000,1.000000000,0.707317073,0.707317073,1.030487805,20.432039261,17.033647537,0.735198021,0.996626377,-0.000387405,-0.000121331,0.082071692
549,60.083000000,fused_map_f2f,1,1,0,0.072304256,0.016581362,0.951295654,0.951295654,0.100000000,0.011545130,0.011545130,0.038628094,0.002911493,1.000000000,0.000000000,0.000000000,0.000000000,0.000000000,0.000000000,0.578947368,1.000000000,0.747368421,1.000000000,1.000000000,0.730407524,0.730407524,1.032027168,20.469242096,17.039756775,0.735429764,0.996757150,-0.000299758,-0.000085340,0.080468178
550,60.171000000,fused_map_f2f,1,1,0,0.068384462,0.014603673,0.966811505,0.966811505,0.100000000,0.011361953,0.011361953,0.037974205,0.002864901,1.000000000,0.000000000,0.000000000,0.000000000,0.000000000,0.000000000,0.587500000,1.000000000,0.752500000,1.000000000,1.000000000,0.706060606,0.706060606,1.030404040,20.507989883,17.044849396,0.735742688,0.996876717,-0.000352222,-0.000057823,0.078972638
551,60.286000000,fused_map_f2f,1,1,0,0.070184362,0.016687550,0.959686899,0.959686899,0.100000000,0.011445338,0.011445338,0.038276455,0.002886109,1.000000000,0.000000000,0.000000000,0.000000000,0.000000000,0.000000000,0.551282051,1.000000000,0.730769231,1.000000000,1.000000000,0.719135802,0.719135802,1.031275720,20.548768997,17.050584793,0.735808611,0.997004211,-0.000359498,-0.000038528,0.077346250
552,60.395000000,fused_map_f2f,1,1,0,0.068071308,0.016269339,0.968051074,0.968051074,0.100000000,0.011347570,0.011347570,0.037980149,0.002861244,1.000000000,0.000000000,0.000000000,0.000000000,0.000000000,0.000000000,0.550000000,1.000000000,0.730000000,1.000000000,1.000000000,0.728395062,0.728395062,1.031893004,20.594192505,17.057676315,0.735363305,0.997135222,-0.000339089,-0.000052060,0.075639203
553,60.466000000,fused_map_f2f,1,1,0,0.067460146,0.012460279,0.970470253,0.970470253,0.100000000,0.011319603,0.011319603,0.037825697,0.002854131,1.000000000,0.000000000,0.000000000,0.000000000,0.000000000,0.000000000,0.555555556,1.000000000,0.733333333,1.000000000,1.000000000,0.701492537,0.701492537,1.030099502,20.618993759,17.060758591,0.735515952,0.997204959,-0.000320093,-0.000028410,0.074713461
554,60.577000000,fused_map_f2f,1,1,0,0.070214395,0.017342383,0.959568018,0.959568018,0.100000000,0.011446739,0.011446739,0.038341492,0.002886465,1.000000000,0.000000000,0.000000000,0.000000000,0.000000000,0.000000000,0.537500000,1.000000000,0.722500000,1.000000000,1.000000000,0.744548287,0.744548287,1.032969886,20.658845901,17.066324234,0.735798776,0.997311473,-0.000268322,-0.000087029,0.073278628
555,60.686000000,fused_map_f2f,1,1,0,0.069394502,0.018828576,0.962813431,0.962813431,0.100000000,0.011408595,0.011408595,0.038180853,0.002876764,1.000000000,0.000000000,0.000000000,0.000000000,0.000000000,0.000000000,0.567901235,1.000000000,0.740740741,1.000000000,1.000000000,0.729230769,0.729230769,1.031948718,20.702894211,17.075073242,0.736416996,0.997422516,-0.000294874,-0.000076404,0.071751028
556,60.800000000,fused_map_f2f,1,1,0,0.071782897,0.013625023,0.953359367,0.953359367,0.100000000,0.011520426,0.011520426,0.038564680,0.002905209,1.000000000,0.000000000,0.000000000,0.000000000,0.000000000,0.000000000,0.532467532,1.000000000,0.719480519,1.000000000,1.000000000,0.737500000,0.737500000,1.032500000,20.742954254,17.080327988,0.736261845,0.997518301,-0.000290431,-0.000089764,0.070406698
557,60.887000000,fused_map_f2f,1,1,0,0.069766978,0.021966946,0.961339045,0.961339045,0.100000000,0.011425893,0.011425893,0.038288385,0.002881163,1.000000000,0.000000000,0.000000000,0.000000000,0.000000000,0.000000000,0.573333333,1.000000000,0.744000000,1.000000000,1.000000000,0.750788644,0.750788644,1.033385910,20.772977829,17.083959579,0.736185670,0.997587681,-0.000282686,-0.000106659,0.069416679
558,60.994000000,fused_map_f2f,1,1,0,0.068803304,0.016732337,0.965153590,0.965153590,0.100000000,0.011381248,0.011381248,0.038099088,0.002869809,1.000000000,0.000000000,0.000000000,0.000000000,0.000000000,0.000000000,0.573333333,1.000000000,0.744000000,1.000000000,1.000000000,0.732307692,0.732307692,1.032153846,20.815366745,17.089950562,0.736582994,0.997674167,-0.000301824,-0.000053379,0.068162948
559,61.067000000,fused_map_f2f,1,1,0,0.067753787,0.015166805,0.969307925,0.969307925,0.100000000,0.011333023,0.011333023,0.037900967,0.002857544,1.000000000,0.000000000,0.000000000,0.000000000,0.000000000,0.000000000,0.550000000,1.000000000,0.730000000,1.000000000,0.999657534,0.715151515,0.714906600,1.030993773,20.842439651,17.091646194,0.736300528,0.997729361,-0.000308011,-0.000050139,0.067350276
560,61.178000000,fused_map_f2f,1,1,0,0.068712895,0.012623080,0.965511457,0.965511457,0.100000000,0.011377078,0.011377078,0.038061639,0.002868748,1.000000000,0.000000000,0.000000000,0.000000000,0.000000000,0.000000000,0.538461538,1.000000000,0.723076923,1.000000000,1.000000000,0.722222222,0.722222222,1.031481481,20.880399704,17.096189499,0.736358523,0.997807264,-0.000301026,-0.000054299,0.066185653
561,61.285000000,fused_map_f2f,1,1,0,0.068893320,0.012666000,0.964797274,0.964797274,0.100000000,0.011385404,0.011385404,0.038059505,0.002870865,1.000000000,0.000000000,0.000000000,0.000000000,0.000000000,0.000000000,0.600000000,1.000000000,0.760000000,1.000000000,1.000000000,0.709876543,0.709876543,1.030658436,20.919511795,17.100637436,0.736369014,0.997879148,-0.000321475,-0.000056037,0.065092750
562,61.383000000,fused_map_f2f,1,1,0,0.068637966,0.014165258,0.965808053,0.965808053,0.100000000,0.011373624,0.011373624,0.038013886,0.002867870,1.000000000,0.000000000,0.000000000,0.000000000,0.000000000,0.000000000,0.537500000,1.000000000,0.722500000,1.000000000,1.000000000,0.706790123,0.706790123,1.030452675,20.969091415,17.106340408,0.736242473,0.997950315,-0.000316708,-0.000051566,0.063992895
563,61.500000000,fused_map_f2f,1,1,0,0.067405744,0.018777173,0.970685596,0.970685596,0.100000000,0.011317120,0.011317120,0.037823645,0.002853500,1.000000000,0.000000000,0.000000000,0.000000000,0.000000000,0.000000000,0.567567568,1.000000000,0.740540541,1.000000000,1.000000000,0.704049844,0.704049844,1.030269990,21.027820587,17.115766525,0.736843824,0.998034775,-0.000280096,-0.000050497,0.062662445
564,61.577000000,fused_map_f2f,1,1,0,0.068628955,0.013813903,0.965843721,0.965843721,0.100000000,0.011373209,0.011373209,0.037972740,0.002867764,1.000000000,0.000000000,0.000000000,0.000000000,0.000000000,0.000000000,0.543209877,1.000000000,0.725925926,1.000000000,1.000000000,0.689969605,0.689969605,1.029331307,21.062665939,17.119619370,0.736879766,0.998084486,-0.000283702,-0.000076621,0.061864808
565,61.690000000,fused_map_f2f,1,1,0,0.069155903,0.015565807,0.963757886,0.963757886,0.100000000,0.011397543,0.011397543,0.038103070,0.002873953,1.000000000,0.000000000,0.000000000,0.000000000,0.000000000,0.000000000,0.618421053,1.000000000,0.771052632,1.000000000,1.000000000,0.711598746,0.711598746,1.030773250,21.116474152,17.125303268,0.736738801,0.998158097,-0.000311926,-0.000086637,0.060665652
566,61.797000000,fused_map_f2f,1,1,0,0.068204858,0.018394451,0.967522435,0.967522435,0.100000000,0.011353699,0.011353699,0.037906641,0.002862802,1.000000000,0.000000000,0.000000000,0.000000000,0.000000000,0.000000000,0.551282051,1.000000000,0.730769231,1.000000000,1.000000000,0.688821752,0.688821752,1.029254783,21.175189972,17.130968094,0.736814201,0.998234630,-0.000285774,-0.000071461,0.059392709
567,61.871000000,fused_map_f2f,1,1,0,0.066739208,0.027470662,0.973323970,0.973323970,0.100000000,0.011286789,0.011286789,0.037736826,0.002845787,1.000000000,0.000000000,0.000000000,0.000000000,0.000000000,0.000000000,0.573333333,1.000000000,0.744000000,1.000000000,1.000000000,0.709090909,0.709090909,1.030606061,21.210338593,17.134346008,0.736718178,0.998280525,-0.000349858,-0.000075839,0.058615856
568,61.968000000,fused_map_f2f,1,1,0,0.068071030,0.015018139,0.968052173,0.968052173,0.100000000,0.011347557,0.011347557,0.037926804,0.002861240,1.000000000,0.000000000,0.000000000,0.000000000,0.000000000,0.000000000,0.558441558,1.000000000,0.735064935,1.000000000,0.999652657,0.706060606,0.705815361,1.030387691,21.263225555,17.141099930,0.736741543,0.998344719,-0.000254634,-0.000059046,0.057513904
569,62.099000000,fused_map_f2f,1,1,0,0.069819302,0.016132987,0.961131928,0.961131928,0.100000000,0.011428327,0.011428327,0.038228442,0.002881782,1.000000000,0.000000000,0.000000000,0.000000000,0.000000000,0.000000000,0.573333333,1.000000000,0.744000000,1.000000000,1.000000000,0.722222222,0.722222222,1.031481481,21.333484650,17.148437500,0.736716986,0.998428226,-0.000246527,-0.000052585,0.056045044
570,62.173000000,fused_map_f2f,1,1,0,0.066689700,0.015142017,0.973519938,0.973519938,0.100000000,0.011284543,0.011284543,0.037782990,0.002845216,1.000000000,0.000000000,0.000000000,0.000000000,0.000000000,0.000000000,0.621621622,1.000000000,0.772972973,1.000000000,1.000000000,0.731861199,0.731861199,1.032124080,21.372426987,17.152515411,0.736482918,0.998473525,-0.000274242,-0.000067062,0.055231053
571,62.282000000,fused_map_f2f,1,1,0,0.065629826,0.019124241,0.977715270,0.977715270,0.100000000,0.011236665,0.011236665,0.037615639,0.002833042,1.000000000,0.000000000,0.000000000,0.000000000,0.000000000,0.000000000,0.543209877,1.000000000,0.725925926,1.000000000,0.999650472,0.727272727,0.727018525,1.031801235,21.436712265,17.160100937,0.737404704,0.998541594,-0.000231756,-0.000063980,0.053987686
572,62.393000000,fused_map_f2f,1,1,0,0.067216294,0.018363644,0.971435501,0.971435501,0.100000000,0.011308482,0.011308482,0.037824873,0.002851304,1.000000000,0.000000000,0.000000000,0.000000000,0.000000000,0.000000000,0.564102564,1.000000000,0.738461538,1.000000000,1.000000000,0.716510903,0.716510903,1.031100727,21.497612000,17.165864944,0.737581551,0.998604894,-0.000180083,-0.000074731,0.052803751
573,62.469000000,fused_map_f2f,1,1,0,0.067569012,0.012968715,0.970039326,0.970039326,0.100000000,0.011324574,0.011324574,0.037856474,0.002855396,1.000000000,0.000000000,0.000000000,0.000000000,0.000000000,0.000000000,0.575000000,1.000000000,0.745000000,1.000000000,1.000000000,0.707692308,0.707692308,1.030512821,21.547891617,17.171499252,0.737458587,0.998656154,-0.000187092,-0.000056658,0.051825743
574,62.578000000,fused_map_f2f,1,1,0,0.065606669,0.017409777,0.977806935,0.977806935,0.100000000,0.011235624,0.011235624,0.037573096,0.002832777,1.000000000,0.000000000,0.000000000,0.000000000,0.000000000,0.000000000,0.642857143,1.000000000,0.785714286,1.000000000,1.000000000,0.710280374,0.710280374,1.030685358,21.609981537,17.176353455,0.737550318,0.998716414,-0.000205315,-0.000046368,0.050650083
575,62.697000000,fused_map_f2f,1,1,0,0.068341352,0.016082789,0.966982149,0.966982149,0.100000000,0.011359971,0.011359971,0.037928584,0.002864397,1.000000000,0.000000000,0.000000000,0.000000000,0.000000000,0.000000000,0.586666667,1.000000000,0.752000000,1.000000000,0.999297012,0.689969605,0.689484565,1.029298971,21.678894043,17.182714462,0.737950504,0.998780489,-0.000086041,-0.000054662,0.049371596
576,62.768000000,fused_map_f2f,1,1,0,0.068843062,0.014348813,0.964996213,0.964996213,0.100000000,0.011383083,0.011383083,0.038022981,0.002870275,1.000000000,0.000000000,0.000000000,0.000000000,0.000000000,0.000000000,0.556962025,1.000000000,0.734177215,1.000000000,0.999646768,0.697885196,0.697638681,1.029842579,21.734359741,17.189338684,0.736675858,0.998827100,-0.000192458,-0.000061267,0.048418328
577,62.880000000,fused_map_f2f,1,1,0,0.071536502,0.021710818,0.954334679,0.954334679,0.100000000,0.011508788,0.011508788,0.038447534,0.002902248,1.000000000,0.000000000,0.000000000,0.000000000,0.000000000,0.000000000,0.571428571,1.000000000,0.742857143,1.000000000,0.999647887,0.704615385,0.704367281,1.030291152,21.809804916,17.195423126,0.736936510,0.998888612,-0.000181032,-0.000063574,0.047133535
578,62.988000000,fused_map_f2f,1,1,0,0.066911490,0.016245940,0.972642018,0.972642018,0.100000000,0.011294613,0.011294613,0.037770202,0.002847777,1.000000000,0.000000000,0.000000000,0.000000000,0.000000000,0.000000000,0.600000000,1.000000000,0.760000000,1.000000000,0.999293036,0.712962963,0.712458924,1.030830595,21.881614685,17.201890945,0.737260163,0.998944342,-0.000188787,-0.000056071,0.045936860
579,63.087000000,fused_map_f2f,1,1,0,0.068099252,0.022229755,0.967940462,0.967940462,0.100000000,0.011348852,0.011348852,0.037901816,0.002861570,1.000000000,0.000000000,0.000000000,0.000000000,0.000000000,0.000000000,0.550000000,1.000000000,0.730000000,1.000000000,0.999292786,0.693939394,0.693448631,1.029563242,21.940502167,17.206338882,0.737720728,0.998992145,-0.000076939,-0.000060842,0.044884313
580,63.171000000,fused_map_f2f,1,1,0,0.071253184,0.016683898,0.955456148,0.955456148,0.100000000,0.011495435,0.011495435,0.038349346,0.002898851,1.000000000,0.000000000,0.000000000,0.000000000,0.000000000,0.000000000,0.544303797,1.000000000,0.726582278,1.000000000,0.999643494,0.681681682,0.681438658,1.028762577,21.987186432,17.209749222,0.737847626,0.999030650,-0.000052877,-0.000079427,0.044019356
581,63.275000000,fused_map_f2f,1,1,0,0.068519297,0.016364219,0.966277782,0.966277782,0.100000000,0.011368158,0.011368158,0.037941184,0.002866479,1.000000000,0.000000000,0.000000000,0.000000000,0.000000000,0.000000000,0.586666667,1.000000000,0.752000000,1.000000000,0.999293536,0.684049080,0.683565824,1.028904388,22.059226990,17.215511322,0.736569345,0.999082804,-0.000202624,-0.000029692,0.042818837
582,63.392000000,fused_map_f2f,1,1,0,0.067498765,0.018812239,0.970317389,0.970317389,0.100000000,0.011321366,0.011321366,0.037761269,0.002854580,1.000000000,0.000000000,0.000000000,0.000000000,0.000000000,0.000000000,0.605263158,1.000000000,0.763157895,1.000000000,0.998571939,0.672672673,0.671712055,1.028114137,22.127250671,17.219829559,0.736830056,0.999129474,-0.000167304,-0.000024822,0.041716591
583,63.471000000,fused_map_f2f,1,1,0,0.069415307,0.013044978,0.962731075,0.962731075,0.100000000,0.011409560,0.011409560,0.038044437,0.002877009,1.000000000,0.000000000,0.000000000,0.000000000,0.000000000,0.000000000,0.556962025,1.000000000,0.734177215,1.000000000,0.999642346,0.670658683,0.670418819,1.028027921,22.185091019,17.225414276,0.736703038,0.999168932,-0.000126662,-0.000024667,0.040761024
584,63.577000000,fused_map_f2f,1,1,0,0.069249675,0.015423661,0.963386703,0.963386703,0.100000000,0.011401884,0.011401884,0.038044000,0.002875057,1.000000000,0.000000000,0.000000000,0.000000000,0.000000000,0.000000000,0.560000000,1.000000000,0.736000000,1.000000000,0.998209169,0.681957187,0.680735917,1.028715728,22.261169434,17.230670929,0.736501217,0.999214947,-0.000149376,-0.000014683,0.039615776
585,63.686000000,fused_map_f2f,1,1,0,0.067269226,0.018760184,0.971225980,0.971225980,0.100000000,0.011310894,0.011310894,0.037745886,0.002851917,1.000000000,0.000000000,0.000000000,0.000000000,0.000000000,0.000000000,0.611111111,1.000000000,0.766666667,1.000000000,0.998188406,0.680851064,0.679617638,1.028641176,22.334131241,17.236093521,0.736966491,0.999258220,-0.000163825,-0.000031872,0.038509298
586,63.785000000,fused_map_f2f,1,1,0,0.068620641,0.017919011,0.965876629,0.965876629,0.100000000,0.011372826,0.011372826,0.037972469,0.002867666,1.000000000,0.000000000,0.000000000,0.000000000,0.000000000,0.000000000,0.565789474,1.000000000,0.739473684,1.000000000,0.998914224,0.691131498,0.690381084,1.029358739,22.407415390,17.239974976,0.737815201,0.999299765,-0.000224961,-0.000015115,0.037415136
587,63.897000000,fused_map_f2f,1,1,0,0.066510616,0.013934497,0.974228811,0.974228811,0.100000000,0.011276424,0.011276424,0.037664733,0.002843152,1.000000000,0.000000000,0.000000000,0.000000000,0.000000000,0.000000000,0.552631579,1.000000000,0.731578947,1.000000000,0.998912650,0.693498452,0.692744376,1.029516292,22.482095718,17.244789124,0.737158477,0.999339879,-0.000242256,-0.000040626,0.036327668
588,63.970000000,fused_map_f2f,1,1,0,0.067183888,0.013330128,0.971563777,0.971563777,0.100000000,0.011307006,0.011307006,0.037753510,0.002850928,1.000000000,0.000000000,0.000000000,0.000000000,0.000000000,0.000000000,0.545454545,1.000000000,0.727272727,1.000000000,0.999637287,0.688473520,0.688223802,1.029214920,22.534265518,17.248273849,0.737283230,0.999366045,-0.000236532,-0.000018272,0.035600942
589,64.079000000,fused_map_f2f,1,1,0,0.067638958,0.014743325,0.969762458,0.969762458,0.100000000,0.011327771,0.011327771,0.037764864,0.002856209,1.000000000,0.000000000,0.000000000,0.000000000,0.000000000,0.000000000,0.518987342,1.000000000,0.711392405,1.000000000,0.998170509,0.665634675,0.664416902,1.027627793,22.607681274,17.252178192,0.737531364,0.999399424,-0.000109757,-0.000014748,0.034652382
590,64.192000000,fused_map_f2f,1,1,0,0.066581624,0.015142133,0.973947737,0.973947737,0.100000000,0.011279642,0.011279642,0.037606930,0.002843970,1.000000000,0.000000000,0.000000000,0.000000000,0.000000000,0.000000000,0.534246575,1.000000000,0.720547945,1.000000000,0.997049059,0.665634675,0.663670427,1.027578028,22.687173843,17.257095337,0.737659693,0.999433637,-0.000035576,-0.000005176,0.033651374
591,64.293000000,fused_map_f2f,1,1,0,0.068941526,0.015685778,0.964606460,0.964606460,0.100000000,0.011387630,0.011387630,0.038004749,0.002871432,1.000000000,0.000000000,0.000000000,0.000000000,0.000000000,0.000000000,0.564102564,1.000000000,0.738461538,1.000000000,0.997066373,0.685714286,0.683702656,1.028913510,22.782283783,17.262742996,0.737776518,0.999475121,-0.000164370,-0.000040771,0.032395720
592,64.367000000,fused_map_f2f,1,1,0,0.070816174,0.014994853,0.957185976,0.957185976,0.100000000,0.011474899,0.011474899,0.038290299,0.002893628,1.000000000,0.000000000,0.000000000,0.000000000,0.000000000,0.000000000,0.533333333,1.000000000,0.720000000,1.000000000,0.998146088,0.685897436,0.684625843,1.028975056,22.839775085,17.265846252,0.737382650,0.999497771,-0.000205780,-0.000029059,0.031687614
593,64.484000000,fused_map_f2f,1,1,0,0.068513414,0.017280828,0.966301069,0.966301069,0.100000000,0.011367887,0.011367887,0.037878258,0.002866410,1.000000000,0.000000000,0.000000000,0.000000000,0.000000000,0.000000000,0.549295775,1.000000000,0.729577465,1.000000000,0.998519067,0.658307210,0.657332301,1.027155487,22.928388596,17.269840240,0.737778246,0.999531031,-0.000175065,-0.000039384,0.030622464
594,64.594000000,fused_map_f2f,1,1,0,0.069312633,0.016254004,0.963137494,0.963137494,0.100000000,0.011404801,0.011404801,0.037987860,0.002875799,1.000000000,0.000000000,0.000000000,0.000000000,0.000000000,0.000000000,0.520000000,1.000000000,0.712000000,1.000000000,0.996644295,0.655279503,0.653080579,1.026872039,23.019483566,17.273511887,0.737584352,0.999562442,-0.000233470,-0.000026718,0.029578689
595,64.678000000,fused_map_f2f,1,1,0,0.068939666,0.014912011,0.964613823,0.964613823,0.100000000,0.011387545,0.011387545,0.037983108,0.002871410,1.000000000,0.000000000,0.000000000,0.000000000,0.000000000,0.000000000,0.540540541,1.000000000,0.724324324,1.000000000,0.997360483,0.676470588,0.674685032,1.028312335,23.094144821,17.278034210,0.737924635,0.999587417,-0.000205004,-0.000030538,0.028723475
596,64.785000000,fused_map_f2f,1,1,0,0.065790252,0.019225969,0.977080253,0.977080253,0.100000000,0.011243886,0.011243886,0.037509057,0.002834878,1.000000000,0.000000000,0.000000000,0.000000000,0.000000000,0.000000000,0.541666667,1.000000000,0.725000000,1.000000000,0.997372372,0.673202614,0.671433689,1.028095579,23.186496735,17.282947540,0.738363683,0.999615848,-0.000187797,-0.000003746,0.027715443
597,64.869000000,fused_map_f2f,1,1,0,0.068069900,0.013361424,0.968056648,0.968056648,0.100000000,0.011347505,0.011347505,0.037824347,0.002861227,1.000000000,0.000000000,0.000000000,0.000000000,0.000000000,0.000000000,0.513513514,1.000000000,0.708108108,1.000000000,0.996985682,0.664495114,0.662492114,1.027499474,23.255811691,17.287269592,0.737740457,0.999635994,-0.000223276,-0.000027146,0.026977360
598,64.978000000,fused_map_f2f,1,1,0,0.066140077,0.018639420,0.975695529,0.975695529,0.100000000,0.011259664,0.011259664,0.037515279,0.002838890,1.000000000,0.000000000,0.000000000,0.000000000,0.000000000,0.000000000,0.520547945,1.000000000,0.712328767,1.000000000,0.997722096,0.653721683,0.652232567,1.026815504,23.353275299,17.289834976,0.738658607,0.999661267,-0.000245549,-0.000021425,0.026024831
599,65.104000000,fused_map_f2f,1,1,0,0.068780468,0.020848220,0.965243982,0.965243982,0.100000000,0.011380195,0.011380195,0.037938078,0.002869541,1.000000000,0.000000000,0.000000000,0.000000000,0.000000000,0.000000000,0.537313433,1.000000000,0.722388060,1.000000000,0.996939556,0.667785235,0.665741516,1.027716101,23.476497650,17.295480728,0.738344908,0.999690592,-0.000216109,-0.000001807,0.024873802
600,65.180000000,fused_map_f2f,1,1,0,0.066852116,0.016889471,0.972877042,0.972877042,0.100000000,0.011291916,0.011291916,0.037609154,0.002847091,1.000000000,0.000000000,0.000000000,0.000000000,0.000000000,0.000000000,0.486111111,1.000000000,0.691666667,1.000000000,0.997676220,0.649180328,0.647671776,1.026511452,23.551633835,17.298397064,0.738672793,0.999707520,-0.000162811,-0.000008284,0.024184208
601,65.287000000,fused_map_f2f,1,1,0,0.068729937,0.016245022,0.965443998,0.965443998,0.100000000,0.011377864,0.011377864,0.037873930,0.002868948,1.000000000,0.000000000,0.000000000,0.000000000,0.000000000,0.000000000,0.500000000,1.000000000,0.700000000,1.000000000,0.997676220,0.643333333,0.641838368,1.026122558,23.657400131,17.302494049,0.738386035,0.999730170,-0.000169262,-0.000024296,0.023227986
602,65.403000000,fused_map_f2f,1,1,0,0.066176723,0.019793489,0.975550472,0.975550472,0.100000000,0.011261319,0.011261319,0.037504673,0.002839311,1.000000000,0.000000000,0.000000000,0.000000000,0.000000000,0.000000000,0.486111111,1.000000000,0.691666667,1.000000000,0.998070988,0.646666667,0.645419239,1.026361283,23.775741577,17.305547714,0.738183796,0.999752820,-0.000205297,0.000010670,0.022231780
603,65.478000000,fused_map_f2f,1,1,0,0.068761017,0.013462077,0.965320973,0.965320973,0.100000000,0.011379297,0.011379297,0.037853833,0.002869312,1.000000000,0.000000000,0.000000000,0.000000000,0.000000000,0.000000000,0.535211268,1.000000000,0.721126761,1.000000000,0.997272019,0.633116883,0.631389752,1.025425983,23.844940186,17.307453156,0.738485396,0.999765456,-0.000298142,-0.000044209,0.021655438
604,65.598000000,fused_map_f2f,1,1,0,0.068023334,0.016705284,0.968240971,0.968240971,0.100000000,0.011345369,0.011345369,0.037792526,0.002860684,1.000000000,0.000000000,0.000000000,0.000000000,0.000000000,0.000000000,0.507246377,1.000000000,0.704347826,1.000000000,0.996502138,0.654237288,0.651948856,1.026796590,23.964679718,17.310203552,0.738576531,0.999784768,-0.000148888,-0.000005150,0.020745851
605,65.670000000,fused_map_f2f,1,1,0,0.069607857,0.012117767,0.961968899,0.961968899,0.100000000,0.011418497,0.011418497,0.038000798,0.002879282,1.000000000,0.000000000,0.000000000,0.000000000,0.000000000,0.000000000,0.529411765,0.994377746,0.715398157,1.000000000,0.995684582,0.642611684,0.639838546,1.025989236,24.041488647,17.313215256,0.738427818,0.999797940,-0.000177534,-0.000016584,0.020101115
606,65.795000000,fused_map_f2f,1,1,0,0.070452751,0.016531379,0.958624529,0.958624529,0.100000000,0.011457876,0.011457876,0.038123575,0.002889298,1.000000000,0.000000000,0.000000000,0.000000000,0.000000000,0.000000000,0.514705882,1.000000000,0.708823529,1.000000000,0.996422893,0.640138408,0.637848565,1.025856571,24.174654007,17.316839218,0.738087952,0.999816895,-0.000176674,-0.000009444,0.019136328
607,65.866000000,fused_map_f2f,1,1,0,0.069118088,0.012346468,0.963907568,0.963907568,0.100000000,0.011395793,0.011395793,0.037936092,0.002873508,1.000000000,0.000000000,0.000000000,0.000000000,0.000000000,0.000000000,0.514285714,1.000000000,0.708571429,1.000000000,0.996819085,0.645614035,0.643560392,1.026237359,24.253803253,17.320493698,0.738424122,0.999828458,-0.000127124,-0.000005256,0.018521585
608,65.968000000,fused_map_f2f,1,1,0,0.066397048,0.013889802,0.974678353,0.974678353,0.100000000,0.011271282,0.011271282,0.037456994,0.002841844,1.000000000,0.000000000,0.000000000,0.000000000,0.000000000,0.000000000,0.452054795,1.000000000,0.671232877,1.000000000,0.996004794,0.613793103,0.611340874,1.024089392,24.348434448,17.322530746,0.738603175,0.999837756,-0.000185033,-0.000049255,0.018013244
609,66.071000000,fused_map_f2f,1,1,0,0.067992013,0.017559553,0.968364947,0.968364947,0.100000000,0.011343933,0.011343933,0.037693859,0.002860319,1.000000000,0.000000000,0.000000000,0.000000000,0.000000000,0.000000000,0.537313433,1.000000000,0.722388060,1.000000000,0.996007984,0.614583333,0.612129907,1.024141994,24.460893631,17.324888229,0.739060879,0.999852777,-0.000104981,-0.000009217,0.017157614
610,66.190000000,fused_map_f2f,1,1,0,0.067027813,0.018296819,0.972181573,0.972181573,0.100000000,0.011299902,0.011299902,0.037601847,0.002849122,1.000000000,0.000000000,0.000000000,0.000000000,0.000000000,0.000000000,0.530303030,1.000000000,0.718181818,1.000000000,0.997592295,0.635087719,0.633558616,1.025570574,24.585090637,17.329614639,0.738831282,0.999867022,-0.000084658,-0.000023713,0.016307756
611,66.294000000,fused_map_f2f,1,1,0,0.068253518,0.017894539,0.967329824,0.967329824,0.100000000,0.011355934,0.011355934,0.037767252,0.002863371,1.000000000,0.000000000,0.000000000,0.000000000,0.000000000,0.000000000,0.562500000,1.000000000,0.737500000,1.000000000,1.000000000,0.626760563,0.626760563,1.025117371,24.684625626,17.331380844,0.739140689,0.999875188,-0.000084026,-0.000060333,0.015800465
612,66.366000000,fused_map_f2f,1,1,0,0.064605143,0.014374048,0.981771309,0.981771309,0.100000000,0.011190762,0.011190762,0.037230811,0.002821371,1.000000000,0.000000000,0.000000000,0.000000000,0.000000000,0.000000000,0.571428571,1.000000000,0.742857143,1.000000000,0.999596123,0.626334520,0.626081557,1.025072104,24.748872757,17.331172943,0.739233434,0.999877274,-0.000099672,-0.000094909,0.015665289
613,66.477000000,fused_map_f2f,1,1,0,0.065563027,0.015057158,0.977979685,0.977979685,0.100000000,0.011233661,0.011233661,0.037401635,0.002832278,1.000000000,0.000000000,0.000000000,0.000000000,0.000000000,0.000000000,0.583333333,1.000000000,0.750000000,1.000000000,1.000000000,0.639705882,0.639705882,1.025980392,24.860712051,17.332387924,0.740231991,0.999888480,0.000181309,0.000000010,0.014933504
614,66.614000000,fused_map_f2f,1,1,0,0.063913991,0.023740598,0.984507120,0.984507120,0.100000000,0.011160012,0.011160012,0.037133847,0.002813552,1.000000000,0.000000000,0.000000000,0.000000000,0.000000000,0.000000000,0.600000000,1.000000000,0.760000000,1.000000000,0.999180328,0.627737226,0.627222688,1.025148179,25.017511368,17.338842392,0.740375817,0.999902606,0.000008703,-0.000008025,0.013954838
615,66.805000000,fused_map_f2f,1,1,0,0.064668049,0.021194300,0.981522306,0.981522306,0.100000000,0.011193569,0.011193569,0.037268157,0.002822084,1.000000000,0.000000000,0.000000000,0.000000000,0.000000000,0.000000000,0.648148148,1.000000000,0.788888889,1.000000000,0.999588138,0.638461538,0.638198581,1.025879905,25.183238983,17.340951920,0.740583599,0.999912441,-0.000116524,-0.000068988,0.013232666
616,66.906000000,fused_map_f2f,1,1,0,0.061504156,0.018672442,0.994046050,0.994046050,0.100000000,0.011054103,0.011054103,0.036751176,0.002786629,1.000000000,0.000000000,0.000000000,0.000000000,0.000000000,0.000000000,0.614035088,1.000000000,0.768421053,1.000000000,1.000000000,0.610108303,0.610108303,1.024007220,25.271551132,17.342531204,0.741129458,0.999918580,0.000206990,0.000023386,0.012756695
617,67.019000000,fused_map_f2f,1,1,0,0.061457955,0.019169333,0.994228928,0.994228928,0.100000000,0.011052093,0.011052093,0.036764044,0.002786117,1.000000000,0.000000000,0.000000000,0.000000000,0.000000000,0.000000000,0.566666667,1.000000000,0.740000000,1.000000000,1.000000000,0.618518519,0.618518519,1.024567901,25.359903336,17.340597153,0.740829527,0.999922216,0.000074021,-0.000007399,0.012469842
618,67.132000000,fused_map_f2f,1,1,0,0.060356865,0.015421005,0.998587411,0.998587411,0.100000000,0.011004385,0.011004385,0.036648054,0.002773991,1.000000000,0.000000000,0.000000000,0.000000000,0.000000000,0.000000000,0.614035088,1.000000000,0.768421053,1.000000000,1.000000000,0.635338346,0.635338346,1.025689223,25.452146530,17.341728210,0.740956426,0.999926627,0.000238562,0.000010864,0.012108364
619,67.205000000,fused_map_f2f,1,1,0,0.061052296,0.017751683,0.995834663,0.995834663,0.100000000,0.011034468,0.011034468,0.036704934,0.002781637,1.000000000,0.000000000,0.000000000,0.000000000,0.000000000,0.000000000,0.648148148,1.000000000,0.788888889,1.000000000,1.000000000,0.617647059,0.617647059,1.024509804,25.505580902,17.342115402,0.741239727,0.999928355,0.000224946,0.000006880,0.011964768
620,67.307000000,fused_map_f2f,1,1,0,0.062765266,0.009814609,0.989054154,0.989054154,0.100000000,0.011109275,0.011109275,0.036972806,0.002800654,1.000000000,0.000000000,0.000000000,0.000000000,0.000000000,0.000000000,0.603448276,1.000000000,0.762068966,1.000000000,1.000000000,0.628676471,0.628676471,1.025245098,25.577985764,17.342330933,0.741420209,0.999930143,0.000200162,-0.000003234,0.011818623
621,67.415000000,fused_map_f2f,1,1,0,0.060432858,0.012365150,0.998286603,0.998286603,0.100000000,0.011007664,0.011007664,0.036652624,0.002774824,1.000000000,0.000000000,0.000000000,0.000000000,0.000000000,0.000000000,0.551724138,1.000000000,0.731034483,1.000000000,0.999582812,0.632958801,0.632694739,1.025512983,25.683435440,17.344987869,0.741307557,0.999937534,0.000137327,-0.000004853,0.011175035
622,67.523000000,fused_map_f2f,1,1,0,0.060883614,0.013463390,0.996502360,0.996502360,0.100000000,0.011027156,0.011027156,0.036672789,0.002779779,1.000000000,0.000000000,0.000000000,0.000000000,0.000000000,0.000000000,0.593220339,1.000000000,0.755932203,1.000000000,1.000000000,0.613970588,0.613970588,1.024264706,25.767272949,17.346446991,0.740846574,0.999940336,0.000027557,-0.000018325,0.010923216
623,67.628000000,fused_map_f2f,1,1,0,0.060147936,0.011529006,0.999414421,0.999414421,0.100000000,0.010995379,0.010995379,0.036579498,0.002771702,1.000000000,0.000000000,0.000000000,0.000000000,0.000000000,0.000000000,0.566666667,1.000000000,0.740000000,1.000000000,1.000000000,0.618181818,0.618181818,1.024545455,25.852563858,17.346952438,0.741091490,0.999942899,0.000094005,0.000001709,0.010685673
624,67.705000000,fused_map_f2f,1,1,0,0.061506556,0.012972881,0.994036551,0.994036551,0.100000000,0.011054208,0.011054208,0.036784763,0.002786655,1.000000000,0.000000000,0.000000000,0.000000000,0.000000000,0.000000000,0.576271186,1.000000000,0.745762712,1.000000000,1.000000000,0.624535316,0.624535316,1.024969021,25.907712936,17.347379684,0.741183937,0.999943972,0.000050986,-0.000001179,0.010583309
625,67.810000000,fused_map_f2f,1,1,0,0.059658325,0.009776335,1.000000000,1.000000000,0.100000000,0.010989011,0.010989011,0.036591849,0.002770083,1.000000000,0.000000000,0.000000000,0.000000000,0.000000000,0.000000000,0.586206897,1.000000000,0.751724138,1.000000000,1.000000000,0.632575758,0.632575758,1.025505051,25.998048782,17.350358963,0.741387725,0.999947488,0.000105021,-0.000010219,0.010246141
626,67.917000000,fused_map_f2f,1,1,0,0.060377206,0.012057653,0.998506891,0.998506891,0.100000000,0.011005262,0.011005262,0.036670040,0.002774214,1.000000000,0.000000000,0.000000000,0.000000000,0.000000000,0.000000000,0.641509434,1.000000000,0.784905660,1.000000000,1.000000000,0.643678161,0.643678161,1.026245211,26.081483841,17.351127625,0.741551578,0.999949455,0.000078731,-0.000010376,0.010054166
627,68.021000000,fused_map_f2f,1,1,0,0.062523815,0.011165818,0.990009897,0.990009897,0.100000000,0.011098669,0.011098669,0.036987924,0.002797958,1.000000000,0.000000000,0.000000000,0.000000000,0.000000000,0.000000000,0.596491228,1.000000000,0.757894737,1.000000000,0.998326360,0.651162791,0.650072978,1.026671532,26.154607773,17.351335526,0.741416752,0.999950767,0.000065767,0.000025770,0.009919195
628,68.122000000,fused_map_f2f,1,1,0,0.060374915,0.014497544,0.998515961,0.998515961,0.100000000,0.011005164,0.011005164,0.036620480,0.002774189,1.000000000,0.000000000,0.000000000,0.000000000,0.000000000,0.000000000,0.576271186,1.000000000,0.745762712,1.000000000,1.000000000,0.622222222,0.622222222,1.024814815,26.247419357,17.354404449,0.741481125,0.999953985,0.000150747,-0.000034710,0.009589327
629,68.236000000,fused_map_f2f,1,1,0,0.060693058,0.012081506,0.997256647,0.997256647,0.100000000,0.011018908,0.011018908,0.036688471,0.002777682,1.000000000,0.000000000,0.000000000,0.000000000,0.000000000,0.000000000,0.523809524,1.000000000,0.714285714,1.000000000,0.999157185,0.632958801,0.632425334,1.025495022,26.329357147,17.354646683,0.741448462,0.999955237,0.000102775,-0.000017510,0.009459348
630,68.330000000,fused_map_f2f,1,1,0,0.060605546,0.011708420,0.997603048,0.997603048,0.100000000,0.011015124,0.011015124,0.036713304,0.002776720,1.000000000,0.000000000,0.000000000,0.000000000,0.000000000,0.000000000,0.593220339,1.000000000,0.755932203,1.000000000,0.999577346,0.648854962,0.648580721,1.026572048,26.408966064,17.356231689,0.741652250,0.999957025,0.000185402,-0.000006884,0.009269422
631,68.436000000,fused_map_f2f,1,1,0,0.061491077,0.012054386,0.994097819,0.994097819,0.100000000,0.011053534,0.011053534,0.036818009,0.002786484,1.000000000,0.000000000,0.000000000,0.000000000,0.000000000,0.000000000,0.559322034,1.000000000,0.735593220,1.000000000,0.999158249,0.640449438,0.639910339,1.025994023,26.495084763,17.357093811,0.741503835,0.999958634,0.000272039,-0.000010881,0.009088034
632,68.536000000,fused_map_f2f,1,1,0,0.058878022,0.011476473,1.000000000,1.000000000,0.100000000,0.010989011,0.010989011,0.036593585,0.002770083,1.000000000,0.000000000,0.000000000,0.000000000,0.000000000,0.000000000,0.550000000,1.000000000,0.730000000,1.000000000,1.000000000,0.633333333,0.633333333,1.025555556,26.582550049,17.358251572,0.741384387,0.999960661,0.000042353,-0.000014413,0.008866200
633,68.633000000,fused_map_f2f,1,1,0,0.056405762,0.013242842,1.000000000,1.000000000,0.100000000,0.010989011,0.010989011,0.036598180,0.002770083,1.000000000,0.000000000,0.000000000,0.000000000,0.000000000,0.000000000,0.576271186,1.000000000,0.745762712,1.000000000,1.000000000,0.635338346,0.635338346,1.025689223,26.666473389,17.357549667,0.741544843,0.999961674,0.000180628,-0.000008992,0.008751987
634,68.736000000,fused_map_f2f,1,1,0,0.057842165,0.016298482,1.000000000,1.000000000,0.100000000,0.010989011,0.010989011,0.036591849,0.002770083,1.000000000,0.000000000,0.000000000,0.000000000,0.000000000,0.000000000,0.540983607,1.000000000,0.724590164,1.000000000,1.000000000,0.632575758,0.632575758,1.025505051,26.769662857,17.359054565,0.741006136,0.999963462,-0.000055823,-0.000016130,0.008545267
635,68.807000000,fused_map_f2f,1,1,0,0.058047499,0.011247645,1.000000000,1.000000000,0.100000000,0.010989011,0.010989011,0.036549209,0.002770083,1.000000000,0.000000000,0.000000000,0.000000000,0.000000000,0.000000000,0.540983607,1.000000000,0.724590164,1.000000000,1.000000000,0.613970588,0.613970588,1.024264706,26.833238602,17.359235764,0.741501093,0.999963701,0.000194092,-0.000008039,0.008518655
636,68.908000000,fused_map_f2f,1,1,0,0.059563717,0.016558751,1.000000000,1.000000000,0.100000000,0.010989011,0.010989011,0.036628199,0.002770083,1.000000000,0.000000000,0.000000000,0.000000000,0.000000000,0.000000000,0.542372881,1.000000000,0.725423729,1.000000000,1.000000000,0.648437500,0.648437500,1.026562500,26.931798935,17.360464096,0.740955710,0.999965370,-0.000065441,-0.000005863,0.008323049
637,69.013000000,fused_map_f2f,1,1,0,0.057619982,0.013637517,1.000000000,1.000000000,0.100000000,0.010989011,0.010989011,0.036602915,0.002770083,1.000000000,0.000000000,0.000000000,0.000000000,0.000000000,0.000000000,0.523809524,1.000000000,0.714285714,1.000000000,1.000000000,0.637404580,0.637404580,1.025826972,27.030054092,17.361320496,0.741412878,0.999966443,0.000008910,-0.000004808,0.008194486
638,69.116000000,fused_map_f2f,1,1,0,0.057956781,0.014402936,1.000000000,1.000000000,0.100000000,0.010989011,0.010989011,0.036584442,0.002770083,1.000000000,0.000000000,0.000000000,0.000000000,0.000000000,0.000000000,0.568965517,1.000000000,0.741379310,1.000000000,1.000000000,0.629343629,0.629343629,1.025289575,27.128068924,17.361221313,0.740996659,0.999967635,-0.000122486,0.000005038,0.008042495
639,69.222000000,fused_map_f2f,1,1,0,0.058702347,0.015908936,1.000000000,1.000000000,0.100000000,0.010989011,0.010989011,0.036615411,0.002770083,1.000000000,0.000000000,0.000000000,0.000000000,0.000000000,0.000000000,0.586206897,1.000000000,0.751724138,1.000000000,1.000000000,0.642857143,0.642857143,1.026190476,27.235826492,17.362022400,0.741982877,0.999968708,0.000239503,0.000015299,0.007904300
640,69.323000000,fused_map_f2f,1,1,0,0.057667840,0.015935186,1.000000000,1.000000000,0.100000000,0.010989011,0.010989011,0.036555827,0.002770083,1.000000000,0.000000000,0.000000000,0.000000000,0.000000000,0.000000000,0.550000000,1.000000000,0.730000000,1.000000000,1.000000000,0.616858238,0.616858238,1.024457216,27.341667175,17.363748550,0.741693020,0.999970317,-0.000019341,0.000016170,0.007701850
641,69.433000000,fused_map_f2f,1,1,0,0.055031415,0.017552354,1.000000000,1.000000000,0.100000000,0.010989011,0.010989011,0.036595666,0.002770083,1.000000000,0.000000000,0.000000000,0.000000000,0.000000000,0.000000000,0.542372881,1.000000000,0.725423729,1.000000000,1.000000000,0.634241245,0.634241245,1.025616083,27.461191177,17.365497589,0.742282748,0.999972403,0.000362397,0.000022012,0.007418368
642,69.516000000,fused_map_f2f,1,1,0,0.057103453,0.013735047,1.000000000,1.000000000,0.100000000,0.010989011,0.010989011,0.036604704,0.002770083,1.000000000,0.000000000,0.000000000,0.000000000,0.000000000,0.000000000,0.583333333,1.000000000,0.750000000,1.000000000,0.999566912,0.638461538,0.638185028,1.025879002,27.543710709,17.365163803,0.741764903,0.999973357,0.000179722,0.000015784,0.007296154
643,69.615000000,fused_map_f2f,1,1,0,0.055037838,0.011345505,1.000000000,1.000000000,0.100000000,0.010989011,0.010989011,0.036602139,0.002770083,1.000000000,0.000000000,0.000000000,0.000000000,0.000000000,0.000000000,0.524590164,1.000000000,0.714754098,1.000000000,1.000000000,0.637065637,0.637065637,1.025804376,27.645374298,17.365545273,0.741981745,0.999974191,0.000346405,0.000007606,0.007178060
644,69.721000000,fused_map_f2f,1,1,0,0.056319796,0.015528147,1.000000000,1.000000000,0.100000000,0.010989011,0.010989011,0.036563987,0.002770083,1.000000000,0.000000000,0.000000000,0.000000000,0.000000000,0.000000000,0.534482759,1.000000000,0.720689655,1.000000000,0.999563319,0.620689655,0.620418612,1.024694574,27.767883301,17.366960526,0.741257608,0.999976277,0.000202714,0.000009289,0.006884465
645,69.826000000,fused_map_f2f,1,1,0,0.055840629,0.021374671,1.000000000,1.000000000,0.100000000,0.010989011,0.010989011,0.036504667,0.002770083,1.000000000,0.000000000,0.000000000,0.000000000,0.000000000,0.000000000,0.492063492,1.000000000,0.695238095,1.000000000,0.999566161,0.594795539,0.594537493,1.022969166,27.876077652,17.367393494,0.741385043,0.999977052,0.000180548,-0.000018240,0.006774304
646,69.905000000,fused_map_f2f,1,1,0,0.053542986,0.017577647,1.000000000,1.000000000,0.100000000,0.010989011,0.010989011,0.036540197,0.002770083,1.000000000,0.000000000,0.000000000,0.000000000,0.000000000,0.000000000,0.533333333,1.000000000,0.720000000,1.000000000,1.000000000,0.610038610,0.610038610,1.024002574,27.965959549,17.367269516,0.741509736,0.999977708,0.000090043,0.000008088,0.006672609
647,70.009000000,fused_map_f2f,1,1,0,0.058991999,0.019385137,1.000000000,1.000000000,0.100000000,0.010989011,0.010989011,0.036541683,0.002770083,1.000000000,0.000000000,0.000000000,0.000000000,0.000000000,0.000000000,0.559322034,1.000000000,0.735593220,1.000000000,1.000000000,0.610687023,0.610687023,1.024045802,28.066213608,17.367835999,0.741620421,0.999978423,0.000099536,0.000008095,0.006563579
648,70.132000000,fused_map_f2f,1,1,0,0.054922084,0.017183026,1.000000000,1.000000000,0.100000000,0.010989011,0.010989011,0.036524187,0.002770083,1.000000000,0.000000000,0.000000000,0.000000000,0.000000000,0.000000000,0.516129032,1.000000000,0.709677419,1.000000000,1.000000000,0.603053435,0.603053435,1.023536896,28.212133408,17.369365692,0.741972625,0.999979317,0.000378235,0.000020861,0.006415506
649,70.212000000,fused_map_f2f,1,1,0,0.057937408,0.025055855,1.000000000,1.000000000,0.100000000,0.010989011,0.010989011,0.036473939,0.002770083,1.000000000,0.000000000,0.000000000,0.000000000,0.000000000,0.000000000,0.540983607,1.000000000,0.724590164,1.000000000,1.000000000,0.581132075,0.581132075,1.022075472,28.321935654,17.370279312,0.741754830,0.999980271,0.000436433,0.000021621,0.006267915
650,70.316000000,fused_map_f2f,1,1,0,0.055089832,0.013869675,1.000000000,1.000000000,0.100000000,0.010989011,0.010989011,0.036456759,0.002770083,1.000000000,0.000000000,0.000000000,0.000000000,0.000000000,0.000000000,0.532258065,1.000000000,0.719354839,1.000000000,0.999117387,0.574144487,0.573637740,1.021575849,28.422264099,17.370910645,0.741900742,0.999980628,0.000442667,0.000028647,0.006207788
651,70.419000000,fused_map_f2f,1,1,0,0.055854352,0.016438468,1.000000000,1.000000000,0.100000000,0.010989011,0.010989011,0.036457760,0.002770083,1.000000000,0.000000000,0.000000000,0.000000000,0.000000000,0.000000000,0.523809524,1.000000000,0.714285714,1.000000000,1.000000000,0.574074074,0.574074074,1.021604938,28.555986404,17.373069763,0.741226971,0.999982715,0.000391318,0.000000089,0.005867170
652,70.534000000,fused_map_f2f,1,1,0,0.058033477,0.019948311,1.000000000,1.000000000,0.100000000,0.010989011,0.010989011,0.036422558,0.002770083,1.000000000,0.000000000,0.000000000,0.000000000,0.000000000,0.000000000,0.539682540,1.000000000,0.723809524,1.000000000,1.000000000,0.558718861,0.558718861,1.020581257,28.671070099,17.373239517,0.742004395,0.999982774,0.000627990,0.000016489,0.005836306
653,70.606000000,fused_map_f2f,1,1,0,0.055494195,0.012578502,1.000000000,1.000000000,0.100000000,0.010989011,0.010989011,0.036467908,0.002770083,1.000000000,0.000000000,0.000000000,0.000000000,0.000000000,0.000000000,0.515151515,1.000000000,0.709090909,1.000000000,0.999562363,0.578754579,0.578501294,1.021900086,28.758956909,17.373807907,0.741340876,0.999983668,0.000264422,-0.000006246,0.005708938
654,70.705000000,fused_map_f2f,1,1,0,0.057377707,0.015286245,1.000000000,1.000000000,0.100000000,0.010989011,0.010989011,0.036497104,0.002770083,1.000000000,0.000000000,0.000000000,0.000000000,0.000000000,0.000000000,0.539682540,1.000000000,0.723809524,1.000000000,0.999116998,0.591760300,0.591237774,1.022749185,28.862575531,17.375022888,0.742207706,0.999983788,0.000709282,0.000020691,0.005643954
655,70.824000000,fused_map_f2f,1,1,0,0.056119399,0.019695518,1.000000000,1.000000000,0.100000000,0.010989011,0.010989011,0.036511411,0.002770083,1.000000000,0.000000000,0.000000000,0.000000000,0.000000000,0.000000000,0.524590164,1.000000000,0.714754098,1.000000000,0.999557326,0.597744361,0.597479755,1.023165317,28.989936829,17.375745773,0.742265403,0.999984562,0.000703602,0.000014263,0.005513765
656,70.911000000,fused_map_f2f,1,1,0,0.057362429,0.015473821,1.000000000,1.000000000,0.100000000,0.010989011,0.010989011,0.036493240,0.002770083,1.000000000,0.000000000,0.000000000,0.000000000,0.000000000,0.000000000,0.555555556,1.000000000,0.733333333,1.000000000,1.000000000,0.589552239,0.589552239,1.022636816,29.090105057,17.376285553,0.742278636,0.999985218,0.000621527,0.000036382,0.005403512
657,71.013000000,fused_map_f2f,1,1,0,0.055179475,0.017886800,1.000000000,1.000000000,0.100000000,0.010989011,0.010989011,0.036459509,0.002770083,1.000000000,0.000000000,0.000000000,0.000000000,0.000000000,0.000000000,0.539682540,1.000000000,0.723809524,1.000000000,0.999557913,0.575091575,0.574837335,1.021655822,29.199647903,17.375902176,0.742017925,0.999985337,0.000644036,0.000037519,0.005371722
658,71.121000000,fused_map_f2f,1,1,0,0.054272485,0.019862376,1.000000000,1.000000000,0.100000000,0.010989011,0.010989011,0.036514863,0.002770083,1.000000000,0.000000000,0.000000000,0.000000000,0.000000000,0.000000000,0.540983607,1.000000000,0.724590164,1.000000000,0.999557522,0.599250936,0.598985781,1.023265719,29.325109482,17.376676559,0.741216958,0.999985993,0.000623388,0.000028459,0.005257023
659,71.226000000,fused_map_f2f,1,1,0,0.051107028,0.015823449,1.000000000,1.000000000,0.100000000,0.010989011,0.010989011,0.036472773,0.002770083,1.000000000,0.000000000,0.000000000,0.000000000,0.000000000,0.000000000,0.548387097,1.000000000,0.729032258,1.000000000,0.999553970,0.580882353,0.580623262,1.022041551,29.435888290,17.377258301,0.741704822,0.999985993,0.000704326,0.000036976,0.005245141
660,71.331000000,fused_map_f2f,1,1,0,0.050830678,0.016653899,1.000000000,1.000000000,0.100000000,0.010989011,0.010989011,0.036530463,0.002770083,1.000000000,0.000000000,0.000000000,0.000000000,0.000000000,0.000000000,0.578947368,0.972160456,0.736232604,1.000000000,0.999555950,0.606060606,0.605791485,1.023719432,29.564115524,17.377565384,0.741947412,0.999986768,0.000612779,0.000037169,0.005101872
661,71.405000000,fused_map_f2f,1,1,0,0.050152309,0.015567112,1.000000000,1.000000000,0.100000000,0.010989011,0.010989011,0.036562505,0.002770083,1.000000000,0.000000000,0.000000000,0.000000000,0.000000000,0.000000000,0.596491228,1.000000000,0.757894737,1.000000000,1.000000000,0.619771863,0.619771863,1.024651458,29.633445740,17.377710342,0.741998911,0.999986529,0.000803752,0.000050552,0.005123994
662,71.529000000,fused_map_f2f,1,1,0,0.051452405,0.020398624,1.000000000,1.000000000,0.100000000,0.010989011,0.010989011,0.036553777,0.002770083,1.000000000,0.000000000,0.000000000,0.000000000,0.000000000,0.000000000,0.507462687,1.000000000,0.704477612,1.000000000,0.999557913,0.616236162,0.615963733,1.024397582,29.788282394,17.379274368,0.742147028,0.999987423,0.000735957,0.000021828,0.004959578
663,71.629000000,fused_map_f2f,1,1,0,0.053120530,0.013453442,1.000000000,1.000000000,0.100000000,0.010989011,0.010989011,0.036522207,0.002770083,1.000000000,0.000000000,0.000000000,0.000000000,0.000000000,0.000000000,0.492307692,1.000000000,0.695384615,1.000000000,1.000000000,0.602189781,0.602189781,1.023479319,29.900165558,17.380109787,0.741691589,0.999987483,0.000759678,0.000028340,0.004942780
664,71.705000000,fused_map_f2f,1,1,0,0.052849749,0.018587589,1.000000000,1.000000000,0.100000000,0.010989011,0.010989011,0.036502075,0.002770083,1.000000000,0.000000000,0.000000000,0.000000000,0.000000000,0.000000000,0.500000000,1.000000000,0.700000000,1.000000000,1.000000000,0.593406593,0.593406593,1.022893773,30.002233505,17.380634308,0.741922796,0.999988198,0.000840102,0.000027149,0.004781394
665,71.814000000,fused_map_f2f,1,1,0,0.054706831,0.016427146,1.000000000,1.000000000,0.100000000,0.010989011,0.010989011,0.036485282,0.002770083,1.000000000,0.000000000,0.000000000,0.000000000,0.000000000,0.000000000,0.515625000,1.000000000,0.709375000,1.000000000,1.000000000,0.586080586,0.586080586,1.022405372,30.110858917,17.380706787,0.741587162,0.999988437,0.000750193,-0.000006385,0.004744297
666,71.922000000,fused_map_f2f,1,1,0,0.055180249,0.017834713,1.000000000,1.000000000,0.100000000,0.010989011,0.010989011,0.036498301,0.002770083,1.000000000,0.000000000,0.000000000,0.000000000,0.000000000,0.000000000,0.576271186,1.000000000,0.745762712,1.000000000,1.000000000,0.591760300,0.591760300,1.022784020,30.235633850,17.380578995,0.742541611,0.999988496,0.000959878,0.000051819,0.004701972
667,72.033000000,fused_map_f2f,1,1,0,0.054158412,0.018641023,1.000000000,1.000000000,0.100000000,0.010989011,0.010989011,0.036506886,0.002770083,1.000000000,0.000000000,0.000000000,0.000000000,0.000000000,0.000000000,0.539682540,1.000000000,0.723809524,1.000000000,1.000000000,0.595505618,0.595505618,1.023033708,30.392395020,17.381389618,0.742757440,0.999989092,0.000860036,0.000036710,0.004590839
668,72.114000000,fused_map_f2f,1,1,0,0.055625577,0.020344807,1.000000000,1.000000000,0.100000000,0.010989011,0.010989011,0.036477686,0.002770083,1.000000000,0.000000000,0.000000000,0.000000000,0.000000000,0.000000000,0.523809524,1.000000000,0.714285714,1.000000000,0.999555556,0.583025830,0.582766708,1.022184447,30.491836548,17.383142471,0.742855072,0.999989450,0.000965582,0.000044327,0.004485928
669,72.219000000,fused_map_f2f,1,1,0,0.052932557,0.019262256,1.000000000,1.000000000,0.100000000,0.010989011,0.010989011,0.036483847,0.002770083,1.000000000,0.000000000,0.000000000,0.000000000,0.000000000,0.000000000,0.500000000,1.000000000,0.700000000,1.000000000,1.000000000,0.585454545,0.585454545,1.022363636,30.591959000,17.383432388,0.742926896,0.999989867,0.000949544,0.000022080,0.004395875
670,72.327000000,fused_map_f2f,1,1,0,0.052935155,0.015642384,1.000000000,1.000000000,0.100000000,0.010989011,0.010989011,0.036486137,0.002770083,1.000000000,0.000000000,0.000000000,0.000000000,0.000000000,0.000000000,0.564516129,1.000000000,0.738709677,1.000000000,0.999552973,0.586715867,0.586453589,1.022430239,30.730098724,17.383825302,0.742898881,0.999989808,0.000891445,0.000045577,0.004422818
671,72.421000000,fused_map_f2f,1,1,0,0.052495700,0.027703175,1.000000000,1.000000000,0.100000000,0.010989011,0.010989011,0.036510346,0.002770083,1.000000000,0.000000000,0.000000000,0.000000000,0.000000000,0.000000000,0.539682540,1.000000000,0.723809524,1.000000000,1.000000000,0.597014925,0.597014925,1.023134328,30.835830688,17.384395599,0.743406951,0.999989629,0.000935437,0.000048441,0.004455429
672,72.531000000,fused_map_f2f,1,1,0,0.051765511,0.023171841,1.000000000,1.000000000,0.100000000,0.010989011,0.010989011,0.036506461,0.002770083,1.000000000,0.000000000,0.000000000,0.000000000,0.000000000,0.000000000,0.546875000,1.000000000,0.728125000,1.000000000,0.999549955,0.595588235,0.595320194,1.023021346,30.980247498,17.384408951,0.743198335,0.999989808,0.000862485,0.000036164,0.004423940
673,72.640000000,fused_map_f2f,1,1,0,0.050950689,0.021812161,1.000000000,1.000000000,0.100000000,0.010989011,0.010989011,0.036541224,0.002770083,1.000000000,0.000000000,0.000000000,0.000000000,0.000000000,0.000000000,0.566666667,1.000000000,0.740000000,1.000000000,1.000000000,0.610486891,0.610486891,1.024032459,31.107860565,17.385084152,0.742868483,0.999989808,0.000933191,0.000042736,0.004421660
674,72.723000000,fused_map_f2f,1,1,0,0.048055562,0.016517360,1.000000000,1.000000000,0.100000000,0.010989011,0.010989011,0.036535732,0.002770083,1.000000000,0.000000000,0.000000000,0.000000000,0.000000000,0.000000000,0.539682540,1.000000000,0.723809524,1.000000000,0.999548940,0.608365019,0.608090610,1.023872707,31.223854065,17.385749817,0.743598878,0.999990106,0.001078040,0.000045912,0.004318980
675,72.833000000,fused_map_f2f,1,1,0,0.048364182,0.014321883,1.000000000,1.000000000,0.100000000,0.010989011,0.010989011,0.036531079,0.002770083,1.000000000,0.000000000,0.000000000,0.000000000,0.000000000,0.000000000,0.523076923,1.000000000,0.713846154,1.000000000,1.000000000,0.606060606,0.606060606,1.023737374,31.381305695,17.387088776,0.743554533,0.999990344,0.001158525,0.000051456,0.004235737
676,72.920000000,fused_map_f2f,1,1,0,0.051658148,0.014843149,1.000000000,1.000000000,0.100000000,0.010989011,0.010989011,0.036508083,0.002770083,1.000000000,0.000000000,0.000000000,0.000000000,0.000000000,0.000000000,0.530303030,1.000000000,0.718181818,1.000000000,0.999549347,0.596296296,0.596027573,1.023068505,31.469354630,17.387472153,0.743506789,0.999989986,0.001246799,0.000105595,0.004295189
677,73.038000000,fused_map_f2f,1,1,0,0.048793331,0.029425902,1.000000000,1.000000000,0.100000000,0.010989011,0.010989011,0.036539130,0.002770083,1.000000000,0.000000000,0.000000000,0.000000000,0.000000000,0.000000000,0.580645161,1.000000000,0.748387097,1.000000000,0.999548533,0.609848485,0.609573158,1.023971544,31.605388641,17.387243271,0.744086087,0.999990344,0.001281960,0.000066997,0.004208209
678,73.109000000,fused_map_f2f,1,1,0,0.050807792,0.031130577,1.000000000,1.000000000,0.100000000,0.010989011,0.010989011,0.036547862,0.002770083,1.000000000,0.000000000,0.000000000,0.000000000,0.000000000,0.000000000,0.507692308,1.000000000,0.704615385,1.000000000,1.000000000,0.613382900,0.613382900,1.024225527,31.718671799,17.387931824,0.743627071,0.999990582,0.001335698,0.000067008,0.004134499
679,73.313000000,fused_map_f2f,1,1,0,0.048602069,0.037910104,1.000000000,1.000000000,0.100000000,0.010989011,0.010989011,0.036531079,0.002770083,1.000000000,0.000000000,0.000000000,0.000000000,0.000000000,0.000000000,0.530303030,1.000000000,0.718181818,1.000000000,1.000000000,0.606060606,0.606060606,1.023737374,31.961135864,17.388645172,0.743403792,0.999991000,0.001184065,0.000063839,0.004075656
680,73.427000000,fused_map_f2f,1,1,0,0.052261387,0.016192796,1.000000000,1.000000000,0.100000000,0.010989011,0.010989011,0.036539761,0.002770083,1.000000000,0.000000000,0.000000000,0.000000000,0.000000000,0.000000000,0.548387097,1.000000000,0.729032258,1.000000000,1.000000000,0.609848485,0.609848485,1.023989899,32.081115723,17.389003754,0.743592322,0.999991000,0.001184296,0.000080938,0.004069033
681,73.540000000,fused_map_f2f,1,1,0,0.050033528,0.014955551,1.000000000,1.000000000,0.100000000,0.010989011,0.010989011,0.036516566,0.002770083,1.000000000,0.000000000,0.000000000,0.000000000,0.000000000,0.000000000,0.522388060,1.000000000,0.713432836,1.000000000,0.999547511,0.600000000,0.599728507,1.023315234,32.198894501,17.388998032,0.743404031,0.999991059,0.001141558,0.000072981,0.004072631
682,73.616000000,fused_map_f2f,1,1,0,0.053512910,0.013375025,1.000000000,1.000000000,0.100000000,0.010989011,0.010989011,0.036494587,0.002770083,1.000000000,0.000000000,0.000000000,0.000000000,0.000000000,0.000000000,0.522388060,1.000000000,0.713432836,1.000000000,0.999549550,0.590405904,0.590139955,1.022675997,32.285690308,17.389739990,0.743475020,0.999991059,0.001243636,0.000087396,0.004043441
683,73.718000000,fused_map_f2f,1,1,0,0.048881371,0.015491678,1.000000000,1.000000000,0.100000000,0.010989011,0.010989011,0.036520571,0.002770083,1.000000000,0.000000000,0.000000000,0.000000000,0.000000000,0.000000000,0.500000000,1.000000000,0.700000000,1.000000000,1.000000000,0.601476015,0.601476015,1.023431734,32.380329132,17.389518738,0.743470371,0.999991059,0.001136941,0.000051898,0.004065214
684,73.829000000,fused_map_f2f,1,1,0,0.050542315,0.019165265,1.000000000,1.000000000,0.100000000,0.010989011,0.010989011,0.036492183,0.002770083,1.000000000,0.000000000,0.000000000,0.000000000,0.000000000,0.000000000,0.545454545,0.894283067,0.684985954,1.000000000,1.000000000,0.589090909,0.589090909,1.022606061,32.482002258,17.388799667,0.743341804,0.999991417,0.001012482,0.000058743,0.004010328
685,73.934000000,fused_map_f2f,1,1,0,0.050501430,0.014432510,1.000000000,1.000000000,0.100000000,0.010989011,0.010989011,0.036539342,0.002770083,1.000000000,0.000000000,0.000000000,0.000000000,0.000000000,0.000000000,0.562500000,0.995464180,0.735685672,1.000000000,1.000000000,0.609665428,0.609665428,1.023977695,32.580787659,17.389225006,0.743412137,0.999991357,0.000962960,0.000069334,0.004049646
686,74.044000000,fused_map_f2f,1,1,0,0.051646130,0.017227529,1.000000000,1.000000000,0.100000000,0.010989011,0.010989011,0.036557124,0.002770083,1.000000000,0.000000000,0.000000000,0.000000000,0.000000000,0.000000000,0.596774194,0.838133429,0.693317888,1.000000000,1.000000000,0.617424242,0.617424242,1.024494949,32.661521912,17.388912201,0.742964089,0.999991357,0.000984478,0.000110377,0.004035917
687,74.113000000,fused_map_f2f,1,1,0,0.050115952,0.018691006,1.000000000,1.000000000,0.100000000,0.010989011,0.010989011,0.036547862,0.002770083,1.000000000,0.000000000,0.000000000,0.000000000,0.000000000,0.000000000,0.546875000,1.000000000,0.728125000,1.000000000,1.000000000,0.613382900,0.613382900,1.024225527,32.764358521,17.390298843,0.742890298,0.999991894,0.001015005,0.000082480,0.003885593
688,74.241000000,fused_map_f2f,1,1,0,0.051374437,0.028180710,1.000000000,1.000000000,0.100000000,0.010989011,0.010989011,0.036508853,0.002770083,1.000000000,0.000000000,0.000000000,0.000000000,0.000000000,0.000000000,0.555555556,1.000000000,0.733333333,1.000000000,1.000000000,0.596363636,0.596363636,1.023090909,32.859333038,17.390497208,0.742862165,0.999992430,0.001078463,0.000102675,0.003737719
689,74.317000000,fused_map_f2f,1,1,0,0.050782168,0.020866950,1.000000000,1.000000000,0.100000000,0.010989011,0.010989011,0.036577446,0.002770083,1.000000000,0.000000000,0.000000000,0.000000000,0.000000000,0.000000000,0.569230769,1.000000000,0.741538462,1.000000000,0.999083410,0.626865672,0.626291093,1.025086073,32.942539215,17.390810013,0.742526352,0.999992907,0.000938995,0.000080633,0.003646912
690,74.419000000,fused_map_f2f,1,1,0,0.048399152,0.009749885,1.000000000,1.000000000,0.100000000,0.010989011,0.010989011,0.036591391,0.002770083,1.000000000,0.000000000,0.000000000,0.000000000,0.000000000,0.000000000,0.537313433,1.000000000,0.722388060,1.000000000,0.999079190,0.632958801,0.632375967,1.025491731,33.008827209,17.390417099,0.742547572,0.999993205,0.000811798,0.000055424,0.003592295
691,74.526000000,fused_map_f2f,1,1,0,0.049917797,0.026067025,1.000000000,1.000000000,0.100000000,0.010989011,0.010989011,0.036561378,0.002770083,1.000000000,0.000000000,0.000000000,0.000000000,0.000000000,0.000000000,0.492307692,1.000000000,0.695384615,1.000000000,0.999540018,0.619565217,0.619280229,1.024618682,33.079074860,17.390333176,0.742235303,0.999993384,0.000952570,0.000082418,0.003500371
692,74.642000000,fused_map_f2f,1,1,0,0.048004108,0.029903828,1.000000000,1.000000000,0.100000000,0.010989011,0.010989011,0.036583198,0.002770083,1.000000000,0.000000000,0.000000000,0.000000000,0.000000000,0.000000000,0.538461538,0.950269151,0.703184584,1.000000000,0.999538958,0.629090909,0.628800872,1.025253391,33.161407471,17.390213013,0.742289364,0.999993861,0.000745131,0.000082566,0.003414539
693,74.713000000,fused_map_f2f,1,1,0,0.047763362,0.012367809,1.000000000,1.000000000,0.100000000,0.010989011,0.010989011,0.036600530,0.002770083,1.000000000,0.000000000,0.000000000,0.000000000,0.000000000,0.000000000,0.560606061,1.000000000,0.736363636,1.000000000,1.000000000,0.636363636,0.636363636,1.025757576,33.203216553,17.390035629,0.742363155,0.999993682,0.000743262,0.000065693,0.003475480
694,74.828000000,fused_map_f2f,1,1,0,0.050207484,0.014551816,1.000000000,1.000000000,0.100000000,0.010989011,0.010989011,0.036601472,0.002770083,1.000000000,0.000000000,0.000000000,0.000000000,0.000000000,0.000000000,0.553846154,0.952192284,0.713184606,1.000000000,0.999077916,0.637362637,0.636774936,1.025784996,33.287784576,17.390563965,0.741454720,0.999993861,0.000799311,0.000084821,0.003398223
695,74.933000000,fused_map_f2f,1,1,0,0.046837394,0.016359573,1.000000000,1.000000000,0.100000000,0.010989011,0.010989011,0.036619048,0.002770083,1.000000000,0.000000000,0.000000000,0.000000000,0.000000000,0.000000000,0.578125000,0.919683219,0.714748288,1.000000000,1.000000000,0.644444444,0.644444444,1.026296296,33.375709534,17.390394211,0.741903901,0.999994218,0.000672830,0.000082316,0.003327996
696,75.025000000,fused_map_f2f,1,1,0,0.047920955,0.020885641,1.000000000,1.000000000,0.100000000,0.010989011,0.010989011,0.036622987,0.002770083,1.000000000,0.000000000,0.000000000,0.000000000,0.000000000,0.000000000,0.552238806,1.000000000,0.731343284,1.000000000,0.998615598,0.647058824,0.646163034,1.026410869,33.440074921,17.390806198,0.741963387,0.999994159,0.000813003,0.000082182,0.003315745
697,75.126000000,fused_map_f2f,1,1,0,0.047173601,0.016554430,1.000000000,1.000000000,0.100000000,0.010989011,0.010989011,0.036623093,0.002770083,1.000000000,0.000000000,0.000000000,0.000000000,0.000000000,0.000000000,0.546875000,1.000000000,0.728125000,1.000000000,1.000000000,0.646209386,0.646209386,1.026413959,33.528964996,17.390970230,0.741465390,0.999994278,0.000771268,0.000081963,0.003282835
698,75.234000000,fused_map_f2f,1,1,0,0.044635750,0.011882744,1.000000000,1.000000000,0.100000000,0.010989011,0.010989011,0.036657781,0.002770083,1.000000000,0.000000000,0.000000000,0.000000000,0.000000000,0.000000000,0.569230769,0.933008221,0.714741750,1.000000000,0.999536178,0.661654135,0.661347246,1.027423150,33.605388641,17.390390396,0.741516113,0.999994516,0.000647019,0.000073965,0.003241932
699,75.336000000,fused_map_f2f,1,1,0,0.046690333,0.016562608,1.000000000,1.000000000,0.100000000,0.010989011,0.010989011,0.036593036,0.002770083,1.000000000,0.000000000,0.000000000,0.000000000,0.000000000,0.000000000,0.545454545,1.000000000,0.727272727,1.000000000,1.000000000,0.633093525,0.633093525,1.025539568,33.674007416,17.389614105,0.740902543,0.999994576,0.000657796,0.000067898,0.003223417
700,75.432000000,fused_map_f2f,1,1,0,0.045271215,0.021866852,1.000000000,1.000000000,0.100000000,0.010989011,0.010989011,0.036608863,0.002770083,1.000000000,0.000000000,0.000000000,0.000000000,0.000000000,0.000000000,0.484848485,1.000000000,0.690909091,1.000000000,1.000000000,0.640000000,0.640000000,1.026000000,33.770290375,17.390289307,0.741489112,0.999994814,0.000487062,0.000075003,0.003182775
701,75.532000000,fused_map_f2f,1,1,0,0.045776307,0.023558698,1.000000000,1.000000000,0.100000000,0.010989011,0.010989011,0.036620155,0.002770083,1.000000000,0.000000000,0.000000000,0.000000000,0.000000000,0.000000000,0.538461538,1.000000000,0.723076923,1.000000000,1.000000000,0.644927536,0.644927536,1.026328502,33.833114624,17.389873505,0.741628766,0.999994755,0.000656151,0.000081634,0.003170748
702,75.633000000,fused_map_f2f,1,1,0,0.048056992,0.014482879,1.000000000,1.000000000,0.100000000,0.010989011,0.010989011,0.036603549,0.002770083,1.000000000,0.000000000,0.000000000,0.000000000,0.000000000,0.000000000,0.522388060,1.000000000,0.713432836,1.000000000,1.000000000,0.637681159,0.637681159,1.025845411,33.916076660,17.390714645,0.741248131,0.999994934,0.000611730,0.000063993,0.003126842
703,75.737000000,fused_map_f2f,1,1,0,0.046230173,0.029924203,1.000000000,1.000000000,0.100000000,0.010989011,0.010989011,0.036616614,0.002770083,1.000000000,0.000000000,0.000000000,0.000000000,0.000000000,0.000000000,0.514705882,1.000000000,0.708823529,1.000000000,1.000000000,0.643382353,0.643382353,1.026225490,33.982219696,17.390417099,0.741390824,0.999995053,0.000433604,0.000072681,0.003113768
704,75.820000000,fused_map_f2f,1,1,0,0.048336714,0.032096709,1.000000000,1.000000000,0.100000000,0.010989011,0.010989011,0.036591338,0.002770083,1.000000000,0.000000000,0.000000000,0.000000000,0.000000000,0.000000000,0.522388060,1.000000000,0.713432836,1.000000000,1.000000000,0.632352941,0.632352941,1.025490196,34.052974701,17.390523911,0.740859389,0.999995232,0.000471926,0.000084805,0.003058282
705,75.916000000,fused_map_f2f,1,1,0,0.047052029,0.010028508,1.000000000,1.000000000,0.100000000,0.010989011,0.010989011,0.036554401,0.002770083,1.000000000,0.000000000,0.000000000,0.000000000,0.000000000,0.000000000,0.522388060,1.000000000,0.713432836,1.000000000,1.000000000,0.616236162,0.616236162,1.024415744,34.158550262,17.390321732,0.740880370,0.999995530,0.000420762,0.000063397,0.002950628
706,76.015000000,fused_map_f2f,1,1,0,0.045258716,0.017311442,1.000000000,1.000000000,0.100000000,0.010989011,0.010989011,0.036544054,0.002770083,1.000000000,0.000000000,0.000000000,0.000000000,0.000000000,0.000000000,0.545454545,1.000000000,0.727272727,1.000000000,1.000000000,0.611721612,0.611721612,1.024114774,34.223091125,17.390348434,0.740846753,0.999995530,0.000592577,0.000045530,0.002929776
707,76.127000000,fused_map_f2f,1,1,0,0.047289233,0.017882058,1.000000000,1.000000000,0.100000000,0.010989011,0.010989011,0.036510592,0.002770083,1.000000000,0.000000000,0.000000000,0.000000000,0.000000000,0.000000000,0.515151515,1.000000000,0.709090909,1.000000000,1.000000000,0.597122302,0.597122302,1.023141487,34.309379578,17.390863419,0.740729153,0.999995708,0.000581206,0.000062669,0.002871998
708,76.233000000,fused_map_f2f,1,1,0,0.045742803,0.014610018,1.000000000,1.000000000,0.100000000,0.010989011,0.010989011,0.036540783,0.002770083,1.000000000,0.000000000,0.000000000,0.000000000,0.000000000,0.000000000,0.507042254,0.972166250,0.693091852,1.000000000,1.000000000,0.610294118,0.610294118,1.024019608,34.400165558,17.390153885,0.741268933,0.999995947,0.000460571,0.000076257,0.002812102
709,76.338000000,fused_map_f2f,1,1,0,0.048035812,0.014509966,1.000000000,1.000000000,0.100000000,0.010989011,0.010989011,0.036536003,0.002770083,1.000000000,0.000000000,0.000000000,0.000000000,0.000000000,0.000000000,0.530303030,1.000000000,0.718181818,1.000000000,1.000000000,0.608208955,0.608208955,1.023880597,34.471878052,17.389877319,0.741211355,0.999996126,0.000407817,0.000009198,0.002744565
710,76.418000000,fused_map_f2f,1,1,0,0.047063128,0.030782484,1.000000000,1.000000000,0.100000000,0.010989011,0.010989011,0.036520571,0.002770083,1.000000000,0.000000000,0.000000000,0.000000000,0.000000000,0.000000000,0.530303030,1.000000000,0.718181818,1.000000000,1.000000000,0.601476015,0.601476015,1.023431734,34.558456421,17.391004562,0.741323650,0.999996305,0.000380952,0.000064696,0.002692733
711,76.525000000,fused_map_f2f,1,1,0,0.046339076,0.020595447,1.000000000,1.000000000,0.100000000,0.010989011,0.010989011,0.036532356,0.002770083,1.000000000,0.000000000,0.000000000,0.000000000,0.000000000,0.000000000,0.514285714,0.867417865,0.655538575,1.000000000,1.000000000,0.606617647,0.606617647,1.023774510,34.637886047,17.391351700,0.741213620,0.999996424,0.000452149,0.000074410,0.002622455
712,76.629000000,fused_map_f2f,1,1,0,0.046419769,0.010262667,1.000000000,1.000000000,0.100000000,0.010989011,0.010989011,0.036522301,0.002770083,1.000000000,0.000000000,0.000000000,0.000000000,0.000000000,0.000000000,0.596774194,1.000000000,0.758064516,1.000000000,1.000000000,0.602230483,0.602230483,1.023482032,34.761718750,17.390869141,0.740502834,0.999996662,0.000197992,0.000078751,0.002557051
713,76.733000000,fused_map_f2f,1,1,0,0.046118367,0.021109272,1.000000000,1.000000000,0.100000000,0.010989011,0.010989011,0.036492183,0.002770083,1.000000000,0.000000000,0.000000000,0.000000000,0.000000000,0.000000000,0.530303030,0.964331647,0.703914477,1.000000000,1.000000000,0.589090909,0.589090909,1.022606061,34.835575104,17.391122818,0.740431368,0.999996722,0.000207280,0.000017596,0.002541509
714,76.836000000,fused_map_f2f,1,1,0,0.047146455,0.026989471,1.000000000,1.000000000,0.100000000,0.010989011,0.010989011,0.036551144,0.002770083,1.000000000,0.000000000,0.000000000,0.000000000,0.000000000,0.000000000,0.537313433,1.000000000,0.722388060,1.000000000,1.000000000,0.614814815,0.614814815,1.024320988,34.948139191,17.392375946,0.740491509,0.999996901,0.000387276,0.000072629,0.002443663
715,76.926000000,fused_map_f2f,1,1,0,0.048011542,0.047367392,1.000000000,1.000000000,0.100000000,0.010989011,0.010989011,0.036544556,0.002770083,1.000000000,0.000000000,0.000000000,0.000000000,0.000000000,0.000000000,0.537313433,1.000000000,0.722388060,1.000000000,1.000000000,0.611940299,0.611940299,1.024129353,35.030231476,17.392581940,0.740506470,0.999997020,0.000473933,0.000071488,0.002383344
716,77.029000000,fused_map_f2f,1,1,0,0.047643225,0.017348864,1.000000000,1.000000000,0.100000000,0.010989011,0.010989011,0.036523929,0.002770083,1.000000000,0.000000000,0.000000000,0.000000000,0.000000000,0.000000000,0.584615385,1.000000000,0.750769231,1.000000000,1.000000000,0.602941176,0.602941176,1.023529412,35.164684296,17.392421722,0.740540087,0.999997258,0.000258839,0.000074538,0.002310880
717,77.130000000,fused_map_f2f,1,1,0,0.049812506,0.019302246,1.000000000,1.000000000,0.100000000,0.010989011,0.010989011,0.036544556,0.002770083,1.000000000,0.000000000,0.000000000,0.000000000,0.000000000,0.000000000,0.522388060,1.000000000,0.713432836,1.000000000,1.000000000,0.611940299,0.611940299,1.024129353,35.242771149,17.392545700,0.740130961,0.999997377,0.000409024,0.000044848,0.002234558
718,77.237000000,fused_map_f2f,1,1,0,0.048952659,0.019683153,1.000000000,1.000000000,0.100000000,0.010989011,0.010989011,0.036537487,0.002770083,1.000000000,0.000000000,0.000000000,0.000000000,0.000000000,0.000000000,0.593750000,1.000000000,0.756250000,1.000000000,1.000000000,0.608856089,0.608856089,1.023923739,35.349254608,17.392309189,0.740024686,0.999997616,0.000146739,0.000064237,0.002164823
719,77.317000000,fused_map_f2f,1,1,0,0.047342512,0.019242972,1.000000000,1.000000000,0.100000000,0.010989011,0.010989011,0.036555101,0.002770083,1.000000000,0.000000000,0.000000000,0.000000000,0.000000000,0.000000000,0.515151515,0.713532975,0.594504099,1.000000000,1.000000000,0.616541353,0.616541353,1.024436090,35.408195496,17.391874313,0.740368843,0.999997675,0.000148200,0.000025283,0.002144887
720,77.425000000,fused_map_f2f,1,1,0,0.048846904,0.017630854,1.000000000,1.000000000,0.100000000,0.010989011,0.010989011,0.036533216,0.002770083,1.000000000,0.000000000,0.000000000,0.000000000,0.000000000,0.000000000,0.560606061,1.000000000,0.736363636,1.000000000,0.999538958,0.607272727,0.606992749,1.023799517,35.484104156,17.392107010,0.740514159,0.999997735,0.000218792,-0.000008681,0.002094725
721,77.524000000,fused_map_f2f,1,1,0,0.047117242,0.008230845,1.000000000,1.000000000,0.100000000,0.010989011,0.010989011,0.036571219,0.002770083,1.000000000,0.000000000,0.000000000,0.000000000,0.000000000,0.000000000,0.569230769,1.000000000,0.741538462,1.000000000,1.000000000,0.623574144,0.623574144,1.024904943,35.584197998,17.392210007,0.739417613,0.999997795,0.000157017,0.000057933,0.002091740
722,77.629000000,fused_map_f2f,1,1,0,0.049546692,0.015020933,1.000000000,1.000000000,0.100000000,0.010989011,0.010989011,0.036543908,0.002770083,1.000000000,0.000000000,0.000000000,0.000000000,0.000000000,0.000000000,0.558823529,1.000000000,0.735294118,1.000000000,0.999538319,0.611940299,0.611657778,1.024110519,35.654380798,17.392658234,0.739379883,0.999997795,0.000251125,0.000056853,0.002072236
723,77.730000000,fused_map_f2f,1,1,0,0.047021548,0.027355573,1.000000000,1.000000000,0.100000000,0.010989011,0.010989011,0.036538937,0.002770083,1.000000000,0.000000000,0.000000000,0.000000000,0.000000000,0.000000000,0.523076923,1.000000000,0.713846154,1.000000000,1.000000000,0.609489051,0.609489051,1.023965937,35.774204254,17.392087936,0.739871323,0.999997914,0.000115112,0.000063961,0.002025511
724,77.834000000,fused_map_f2f,1,1,0,0.049045695,0.021588525,1.000000000,1.000000000,0.100000000,0.010989011,0.010989011,0.036494510,0.002770083,1.000000000,0.000000000,0.000000000,0.000000000,0.000000000,0.000000000,0.575757576,1.000000000,0.745454545,1.000000000,1.000000000,0.590106007,0.590106007,1.022673734,35.837036133,17.392242432,0.739971876,0.999997795,0.000220261,0.000029559,0.002090709
725,77.947000000,fused_map_f2f,1,1,0,0.047470607,0.014301493,1.000000000,1.000000000,0.100000000,0.010989011,0.010989011,0.036525523,0.002770083,1.000000000,0.000000000,0.000000000,0.000000000,0.000000000,0.000000000,0.575757576,1.000000000,0.745454545,1.000000000,1.000000000,0.603636364,0.603636364,1.023575758,35.958911896,17.392351151,0.739881754,0.999997914,0.000186936,0.000053834,0.002020308
726,78.030000000,fused_map_f2f,1,1,0,0.044764899,0.011599772,1.000000000,1.000000000,0.100000000,0.010989011,0.010989011,0.036572761,0.002770083,1.000000000,0.000000000,0.000000000,0.000000000,0.000000000,0.000000000,0.550724638,1.000000000,0.730434783,1.000000000,0.999538106,0.624535316,0.624246847,1.024949790,36.015419006,17.392311096,0.740020752,0.999997973,0.000169494,0.000048754,0.001993571
727,78.140000000,fused_map_f2f,1,1,0,0.045396075,0.007999205,1.000000000,1.000000000,0.100000000,0.010989011,0.010989011,0.036512205,0.002770083,1.000000000,0.000000000,0.000000000,0.000000000,0.000000000,0.000000000,0.528571429,1.000000000,0.717142857,1.000000000,1.000000000,0.597826087,0.597826087,1.023188406,36.135772705,17.392980576,0.740324438,0.999998033,0.000226873,0.000041297,0.001958441
728,78.217000000,fused_map_f2f,1,1,0,0.045011664,0.013470976,1.000000000,1.000000000,0.100000000,0.010989011,0.010989011,0.036558393,0.002770083,1.000000000,0.000000000,0.000000000,0.000000000,0.000000000,0.000000000,0.528571429,1.000000000,0.717142857,1.000000000,1.000000000,0.617977528,0.617977528,1.024531835,36.181159973,17.393314362,0.740179837,0.999997973,0.000438559,0.000055614,0.001961505
729,78.323000000,fused_map_f2f,1,1,0,0.047121914,0.010755530,1.000000000,1.000000000,0.100000000,0.010989011,0.010989011,0.036565806,0.002770083,1.000000000,0.000000000,0.000000000,0.000000000,0.000000000,0.000000000,0.538461538,1.000000000,0.723076923,1.000000000,1.000000000,0.621212121,0.621212121,1.024747475,36.256877899,17.393436432,0.740143716,0.999998033,0.000414185,0.000037294,0.001921805
730,78.424000000,fused_map_f2f,1,1,0,0.045008124,0.014233570,1.000000000,1.000000000,0.100000000,0.010989011,0.010989011,0.036546653,0.002770083,1.000000000,0.000000000,0.000000000,0.000000000,0.000000000,0.000000000,0.552238806,1.000000000,0.731343284,1.000000000,0.999537893,0.613138686,0.612855350,1.024190357,36.406036377,17.393823624,0.740400434,0.999998093,0.000368197,0.000033043,0.001903076
731,78.529000000,fused_map_f2f,1,1,0,0.046999759,0.024805927,1.000000000,1.000000000,0.100000000,0.010989011,0.010989011,0.036561742,0.002770083,1.000000000,0.000000000,0.000000000,0.000000000,0.000000000,0.000000000,0.593750000,1.000000000,0.756250000,1.000000000,0.998610468,0.620300752,0.619438824,1.024629255,36.474071503,17.393301010,0.741089940,0.999998152,0.000267372,-0.000065408,0.001906284
732,78.630000000,fused_map_f2f,1,1,0,0.045127039,0.015018035,1.000000000,1.000000000,0.100000000,0.010989011,0.010989011,0.036541544,0.002770083,1.000000000,0.000000000,0.000000000,0.000000000,0.000000000,0.000000000,0.582089552,0.925915279,0.719619843,1.000000000,0.999537037,0.610909091,0.610626263,1.024041751,36.585147858,17.393871307,0.740761042,0.999998212,0.000289657,0.000033393,0.001855448
733,78.729000000,fused_map_f2f,1,1,0,0.045079071,0.031006948,1.000000000,1.000000000,0.100000000,0.010989011,0.010989011,0.036550526,0.002770083,1.000000000,0.000000000,0.000000000,0.000000000,0.000000000,0.000000000,0.545454545,1.000000000,0.727272727,1.000000000,1.000000000,0.614545455,0.614545455,1.024303030,36.640289307,17.394081116,0.740744889,0.999997973,0.000477012,0.000082736,0.001940158
734,78.844000000,fused_map_f2f,1,1,0,0.045004025,0.016525220,1.000000000,1.000000000,0.100000000,0.010989011,0.010989011,0.036569552,0.002770083,1.000000000,0.000000000,0.000000000,0.000000000,0.000000000,0.000000000,0.593750000,1.000000000,0.756250000,1.000000000,0.999538533,0.623134328,0.622846772,1.024856451,36.774372101,17.392885208,0.741764486,0.999998152,0.000284118,0.000050675,0.001880145
735,78.944000000,fused_map_f2f,1,1,0,0.045441167,0.023243455,1.000000000,1.000000000,0.100000000,0.010989011,0.010989011,0.036606075,0.002770083,1.000000000,0.000000000,0.000000000,0.000000000,0.000000000,0.000000000,0.569230769,0.865655665,0.687800727,1.000000000,1.000000000,0.638783270,0.638783270,1.025918885,36.837257385,17.393072128,0.741838396,0.999998093,0.000253472,0.000017158,0.001933393
736,79.044000000,fused_map_f2f,1,1,0,0.045402198,0.015690023,1.000000000,1.000000000,0.100000000,0.010989011,0.010989011,0.036541547,0.002770083,1.000000000,0.000000000,0.000000000,0.000000000,0.000000000,0.000000000,0.550724638,1.000000000,0.730434783,1.000000000,0.999538958,0.610909091,0.610627436,1.024041829,36.930011749,17.393499374,0.741156578,0.999998212,0.000341327,0.000049658,0.001845594
737,79.120000000,fused_map_f2f,1,1,0,0.044103180,0.028368631,1.000000000,1.000000000,0.100000000,0.010989011,0.010989011,0.036554977,0.002770083,1.000000000,0.000000000,0.000000000,0.000000000,0.000000000,0.000000000,0.569230769,0.938897568,0.717097489,1.000000000,1.000000000,0.616487455,0.616487455,1.024432497,36.979930878,17.393201828,0.741305172,0.999998152,0.000365363,0.000059093,0.001865830
738,79.230000000,fused_map_f2f,1,1,0,0.044811991,0.024968791,1.000000000,1.000000000,0.100000000,0.010989011,0.010989011,0.036576548,0.002770083,1.000000000,0.000000000,0.000000000,0.000000000,0.000000000,0.000000000,0.538461538,1.000000000,0.723076923,1.000000000,1.000000000,0.625899281,0.625899281,1.025059952,37.050857544,17.392374039,0.741550446,0.999998212,0.000166861,-0.000024873,0.001882806
739,79.334000000,fused_map_f2f,1,1,0,0.044819358,0.020066046,1.000000000,1.000000000,0.100000000,0.010989011,0.010989011,0.036628002,0.002770083,1.000000000,0.000000000,0.000000000,0.000000000,0.000000000,0.000000000,0.590909091,1.000000000,0.754545455,1.000000000,1.000000000,0.648351648,0.648351648,1.026556777,37.164390564,17.393486023,0.741188884,0.999998152,0.000383952,0.000070466,0.001863652
740,79.413000000,fused_map_f2f,1,1,0,0.046717632,0.011521383,1.000000000,1.000000000,0.100000000,0.010989011,0.010989011,0.036574487,0.002770083,1.000000000,0.000000000,0.000000000,0.000000000,0.000000000,0.000000000,0.558823529,1.000000000,0.735294118,1.000000000,1.000000000,0.625000000,0.625000000,1.025000000,37.224796295,17.393745422,0.741244853,0.999998152,0.000484863,0.000067286,0.001865121
741,79.526000000,fused_map_f2f,1,1,0,0.043989558,0.014451715,1.000000000,1.000000000,0.100000000,0.010989011,0.010989011,0.036541173,0.002770083,1.000000000,0.000000000,0.000000000,0.000000000,0.000000000,0.000000000,0.514285714,1.000000000,0.708571429,1.000000000,0.998621324,0.611307420,0.610464625,1.024030975,37.378520966,17.394405365,0.741679430,0.999998271,0.000431541,0.000069544,0.001806344
742,79.631000000,fused_map_f2f,1,1,0,0.048225947,0.009189801,1.000000000,1.000000000,0.100000000,0.010989011,0.010989011,0.036559932,0.002770083,1.000000000,0.000000000,0.000000000,0.000000000,0.000000000,0.000000000,0.558823529,1.000000000,0.735294118,1.000000000,0.999082989,0.619217082,0.618649253,1.024576617,37.458660126,17.394256592,0.741456389,0.999998152,0.000516933,0.000063700,0.001830599
743,79.743000000,fused_map_f2f,1,1,0,0.044032303,0.015269143,1.000000000,1.000000000,0.100000000,0.010989011,0.010989011,0.036522945,0.002770083,1.000000000,0.000000000,0.000000000,0.000000000,0.000000000,0.000000000,0.536231884,0.440251388,0.497839686,1.000000000,0.999542543,0.602787456,0.602511707,1.023500780,37.585399628,17.394874573,0.742194772,0.999998331,0.000444606,0.000055977,0.001752460
744,79.815000000,fused_map_f2f,1,1,0,0.044689545,0.030520390,1.000000000,1.000000000,0.100000000,0.010989011,0.010989011,0.036560593,0.002770083,1.000000000,0.000000000,0.000000000,0.000000000,0.000000000,0.000000000,0.528571429,0.930598661,0.689382321,1.000000000,0.998171011,0.620071685,0.618937580,1.024595839,37.638496399,17.394866943,0.741749346,0.999998271,0.000592894,0.000063409,0.001774354
745,79.913000000,fused_map_f2f,1,1,0,0.045861811,0.016097011,1.000000000,1.000000000,0.100000000,0.010989011,0.010989011,0.036537269,0.002770083,1.000000000,0.000000000,0.000000000,0.000000000,0.000000000,0.000000000,0.597014925,0.767452135,0.665189809,1.000000000,0.999084249,0.609318996,0.608761012,1.023917401,37.694820404,17.395145416,0.741598010,0.999998212,0.000678863,0.000048468,0.001771229
746,80.041000000,fused_map_f2f,1,1,0,0.044527125,0.025774644,1.000000000,1.000000000,0.100000000,0.010989011,0.010989011,0.036471026,0.002770083,1.000000000,0.000000000,0.000000000,0.000000000,0.000000000,0.000000000,0.535211268,0.768009303,0.628330482,1.000000000,1.000000000,0.579861111,0.579861111,1.021990741,37.797908783,17.394884109,0.742565155,0.999998152,0.000730580,0.000069163,0.001768351
747,80.144000000,fused_map_f2f,1,1,0,0.046192856,0.023446743,1.000000000,1.000000000,0.100000000,0.010989011,0.010989011,0.036464291,0.002770083,1.000000000,0.000000000,0.000000000,0.000000000,0.000000000,0.000000000,0.550724638,0.717111843,0.617279520,1.000000000,1.000000000,0.576923077,0.576923077,1.021794872,37.856712341,17.394550323,0.742307186,0.999998093,0.000777503,0.000056936,0.001794558
748,80.214000000,fused_map_f2f,1,1,0,0.045155835,0.024904449,1.000000000,1.000000000,0.100000000,0.010989011,0.010989011,0.036438595,0.002770083,1.000000000,0.000000000,0.000000000,0.000000000,0.000000000,0.000000000,0.544117647,0.296815811,0.445196913,1.000000000,0.999544004,0.565972222,0.565714141,1.021047609,37.964218140,17.395013809,0.742199361,0.999998152,0.000753732,0.000078350,0.001765089
749,80.321000000,fused_map_f2f,1,1,0,0.045826050,0.015002333,1.000000000,1.000000000,0.100000000,0.010989011,0.010989011,0.036493679,0.002770083,1.000000000,0.000000000,0.000000000,0.000000000,0.000000000,0.000000000,0.567164179,0.800230393,0.660390665,1.000000000,1.000000000,0.589743590,0.589743590,1.022649573,38.046680450,17.395088196,0.742358863,0.999998152,0.000787828,0.000083984,0.001748857
750,80.425000000,fused_map_f2f,1,1,0,0.043568550,0.013748831,1.000000000,1.000000000,0.100000000,0.010989011,0.010989011,0.036432507,0.002770083,1.000000000,0.000000000,0.000000000,0.000000000,0.000000000,0.000000000,0.571428571,0.818003910,0.670058707,1.000000000,0.998632011,0.563829787,0.563058474,1.020870565,38.170875549,17.394237518,0.742428601,0.999998212,0.000737060,0.000074987,0.001732629
751,80.529000000,fused_map_f2f,1,1,0,0.043201813,0.017618600,1.000000000,1.000000000,0.100000000,0.010989011,0.010989011,0.036412348,0.002770083,1.000000000,0.000000000,0.000000000,0.000000000,0.000000000,0.000000000,0.513888889,0.888266732,0.663640026,1.000000000,0.999089668,0.554770318,0.554265293,1.020284353,38.232707977,17.395038605,0.742386580,0.999998093,0.000889348,0.000083972,0.001733946
752,80.636000000,fused_map_f2f,1,1,0,0.046467659,0.030375399,1.000000000,1.000000000,0.100000000,0.010989011,0.010989011,0.036421770,0.002770083,1.000000000,0.000000000,0.000000000,0.000000000,0.000000000,0.000000000,0.567164179,1.000000000,0.740298507,1.000000000,0.998632011,0.559139785,0.558374888,1.020558326,38.303756714,17.395673752,0.742277026,0.999998093,0.000874956,0.000091251,0.001719547
753,80.734000000,fused_map_f2f,1,1,0,0.046480440,0.013769707,1.000000000,1.000000000,0.100000000,0.010989011,0.010989011,0.036425564,0.002770083,1.000000000,0.000000000,0.000000000,0.000000000,0.000000000,0.000000000,0.558823529,0.857131535,0.678146732,1.000000000,0.999546691,0.560283688,0.560029706,1.020668647,38.353515625,17.395996094,0.742408991,0.999997914,0.001050646,0.000087734,0.001752998
754,80.830000000,fused_map_f2f,1,1,0,0.045702493,0.025048513,1.000000000,1.000000000,0.100000000,0.010989011,0.010989011,0.036434995,0.002770083,1.000000000,0.000000000,0.000000000,0.000000000,0.000000000,0.000000000,0.528571429,0.398897496,0.476701856,1.000000000,0.998639456,0.564912281,0.564143693,1.020942913,38.427204132,17.395521164,0.742064774,0.999998093,0.000888154,0.000087953,0.001716594
755,80.939000000,fused_map_f2f,1,1,0,0.047932070,0.015229354,1.000000000,1.000000000,0.100000000,0.010989011,0.010989011,0.036469605,0.002770083,1.000000000,0.000000000,0.000000000,0.000000000,0.000000000,0.000000000,0.558823529,0.402865773,0.496440427,1.000000000,0.999544627,0.579505300,0.579241409,1.021949427,38.482799530,17.395643234,0.742315710,0.999997914,0.000935632,0.000058578,0.001822961
756,81.041000000,fused_map_f2f,1,1,0,0.046311430,0.013537209,1.000000000,1.000000000,0.100000000,0.010989011,0.010989011,0.036469008,0.002770083,1.000000000,0.000000000,0.000000000,0.000000000,0.000000000,0.000000000,0.537313433,0.913437792,0.687763177,1.000000000,0.999095432,0.579505300,0.578981098,1.021932073,38.579772949,17.394290924,0.741781533,0.999998093,0.000890358,0.000083691,0.001719017
757,81.139000000,fused_map_f2f,1,1,0,0.046385713,0.019407631,1.000000000,1.000000000,0.100000000,0.010989011,0.010989011,0.036513842,0.002770083,1.000000000,0.000000000,0.000000000,0.000000000,0.000000000,0.000000000,0.565217391,1.000000000,0.739130435,1.000000000,1.000000000,0.598540146,0.598540146,1.023236010,38.643745422,17.395042419,0.742068946,0.999998152,0.000906763,0.000082676,0.001705247
758,81.242000000,fused_map_f2f,1,1,0,0.047913146,0.012655542,1.000000000,1.000000000,0.100000000,0.010989011,0.010989011,0.036492262,0.002770083,1.000000000,0.000000000,0.000000000,0.000000000,0.000000000,0.000000000,0.600000000,0.706669551,0.642667820,1.000000000,0.998639456,0.589928058,0.589125434,1.022608362,38.682315826,17.395227432,0.742139518,0.999998152,0.001013079,0.000102788,0.001637411
759,81.313000000,fused_map_f2f,1,1,0,0.044950938,0.011773095,1.000000000,1.000000000,0.100000000,0.010989011,0.010989011,0.036467125,0.002770083,1.000000000,0.000000000,0.000000000,0.000000000,0.000000000,0.000000000,0.597014925,0.769112567,0.665853982,1.000000000,0.998638838,0.578947368,0.578159328,1.021877289,38.789474487,17.394924164,0.741661251,0.999998331,0.000743071,0.000095307,0.001642989
760,81.424000000,fused_map_f2f,1,1,0,0.046778115,0.020337742,1.000000000,1.000000000,0.100000000,0.010989011,0.010989011,0.036516566,0.002770083,1.000000000,0.000000000,0.000000000,0.000000000,0.000000000,0.000000000,0.582089552,1.000000000,0.749253731,1.000000000,0.999547511,0.600000000,0.599728507,1.023315234,38.839492798,17.394813538,0.741628468,0.999998331,0.000808017,0.000097894,0.001640975
761,81.536000000,fused_map_f2f,1,1,0,0.048616861,0.015849555,1.000000000,1.000000000,0.100000000,0.010989011,0.010989011,0.036551164,0.002770083,1.000000000,0.000000000,0.000000000,0.000000000,0.000000000,0.000000000,0.588235294,1.000000000,0.752941176,1.000000000,0.998644374,0.615658363,0.614823761,1.024321584,38.882442474,17.394115448,0.742118418,0.999998510,0.000778882,0.000031183,0.001543363
762,81.641000000,fused_map_f2f,1,1,0,0.047362148,0.012957796,1.000000000,1.000000000,0.100000000,0.010989011,0.010989011,0.036527352,0.002770083,1.000000000,0.000000000,0.000000000,0.000000000,0.000000000,0.000000000,0.527777778,0.805975613,0.639056912,1.000000000,0.999094203,0.604982206,0.604434215,1.023628948,38.955684662,17.394668579,0.741404593,0.999998391,0.000723679,0.000094166,0.001631621
763,81.735000000,fused_map_f2f,1,1,0,0.048167380,0.012266399,1.000000000,1.000000000,0.100000000,0.010989011,0.010989011,0.036509284,0.002770083,1.000000000,0.000000000,0.000000000,0.000000000,0.000000000,0.000000000,0.550724638,0.413482299,0.495827702,1.000000000,1.000000000,0.596551724,0.596551724,1.023103448,38.997379303,17.394456863,0.741384029,0.999998450,0.000743893,0.000091577,0.001580158
764,81.813000000,fused_map_f2f,1,1,0,0.048519160,0.013253840,1.000000000,1.000000000,0.100000000,0.010989011,0.010989011,0.036546902,0.002770083,1.000000000,0.000000000,0.000000000,0.000000000,0.000000000,0.000000000,0.575757576,0.343578530,0.482885957,1.000000000,0.999549347,0.613240418,0.612964059,1.024197604,39.030929565,17.394487381,0.741103053,0.999998331,0.000815576,0.000090143,0.001614420
765,81.938000000,fused_map_f2f,1,1,0,0.049685757,0.010968190,1.000000000,1.000000000,0.100000000,0.010989011,0.010989011,0.036597725,0.002770083,1.000000000,0.000000000,0.000000000,0.000000000,0.000000000,0.000000000,0.565217391,0.401820901,0.499858795,1.000000000,0.999096249,0.635714286,0.635139759,1.025675984,39.077754974,17.395082474,0.741224051,0.999998569,0.000656433,0.000087187,0.001555071
766,82.045000000,fused_map_f2f,1,1,0,0.047286513,0.006232309,1.000000000,1.000000000,0.100000000,0.010989011,0.010989011,0.036582294,0.002770083,1.000000000,0.000000000,0.000000000,0.000000000,0.000000000,0.000000000,0.513888889,0.485093533,0.502370747,1.000000000,0.999095841,0.628975265,0.628406571,1.025227105,39.165031433,17.394744873,0.741298079,0.999998748,0.000518809,0.000078076,0.001504422
767,82.131000000,fused_map_f2f,1,1,0,0.048574780,0.020992057,1.000000000,1.000000000,0.100000000,0.010989011,0.010989011,0.036606863,0.002770083,1.000000000,0.000000000,0.000000000,0.000000000,0.000000000,0.000000000,0.557142857,0.435502554,0.508486736,1.000000000,0.997748762,0.640569395,0.639127321,1.025941821,39.197437286,17.394136429,0.741036475,0.999998748,0.000527843,0.000084765,0.001481314
768,82.244000000,fused_map_f2f,1,1,0,0.049512135,0.020736840,1.000000000,1.000000000,0.100000000,0.010989011,0.010989011,0.036597163,0.002770083,1.000000000,0.000000000,0.000000000,0.000000000,0.000000000,0.000000000,0.513513514,0.782574826,0.621138038,1.000000000,0.998194946,0.636042403,0.634894312,1.025659621,39.236854553,17.394252777,0.741148889,0.999998689,0.000690274,0.000090973,0.001443229
769,82.338000000,fused_map_f2f,1,1,0,0.049141317,0.015188671,1.000000000,1.000000000,0.100000000,0.010989011,0.010989011,0.036597074,0.002770083,1.000000000,0.000000000,0.000000000,0.000000000,0.000000000,0.000000000,0.534246575,0.869588584,0.668383379,1.000000000,0.998649257,0.635714286,0.634855599,1.025657040,39.268138885,17.395029068,0.740952015,0.999998510,0.000903439,0.000151323,0.001479357
770,82.416000000,fused_map_f2f,1,1,0,0.050465588,0.016083351,1.000000000,1.000000000,0.100000000,0.010989011,0.010989011,0.036582297,0.002770083,1.000000000,0.000000000,0.000000000,0.000000000,0.000000000,0.000000000,0.544117647,0.857991567,0.669667215,1.000000000,0.999097880,0.628975265,0.628407854,1.025227190,39.295413971,17.394311905,0.741433620,0.999998629,0.000775642,0.000095487,0.001442821
771,82.516000000,fused_map_f2f,1,1,0,0.049642857,0.012356747,1.000000000,1.000000000,0.100000000,0.010989011,0.010989011,0.036605251,0.002770083,1.000000000,0.000000000,0.000000000,0.000000000,0.000000000,0.000000000,0.565217391,1.000000000,0.739130435,1.000000000,0.998651685,0.639285714,0.638423756,1.025894917,39.339763641,17.394245148,0.741017222,0.999998689,0.000786852,0.000095435,0.001415622
772,82.617000000,fused_map_f2f,1,1,0,0.046164514,0.005713096,1.000000000,1.000000000,0.100000000,0.010989011,0.010989011,0.036577461,0.002770083,1.000000000,0.000000000,0.000000000,0.000000000,0.000000000,0.000000000,0.557142857,0.995427606,0.732456757,1.000000000,1.000000000,0.626297578,0.626297578,1.025086505,39.390991211,17.393907547,0.741468012,0.999998748,0.000650659,0.000086478,0.001426227
773,82.725000000,fused_map_f2f,1,1,0,0.046617851,0.014445915,1.000000000,1.000000000,0.100000000,0.010989011,0.010989011,0.036649381,0.002770083,1.000000000,0.000000000,0.000000000,0.000000000,0.000000000,0.000000000,0.557142857,0.532227769,0.547176822,1.000000000,0.999100315,0.658273381,0.657681143,1.027178743,39.435695648,17.395172119,0.741572022,0.999998689,0.000828688,0.000087458,0.001398053
774,82.821000000,fused_map_f2f,1,1,0,0.047315666,0.016938099,1.000000000,1.000000000,0.100000000,0.010989011,0.010989011,0.036612426,0.002770083,1.000000000,0.000000000,0.000000000,0.000000000,0.000000000,0.000000000,0.521126761,0.320526456,0.440886639,1.000000000,0.999549347,0.641843972,0.641554722,1.026103648,39.472423553,17.394363403,0.741369367,0.999998629,0.000851660,0.000101275,0.001417332
775,82.916000000,fused_map_f2f,1,1,0,0.047151362,0.013584721,1.000000000,1.000000000,0.100000000,0.010989011,0.010989011,0.036623595,0.002770083,1.000000000,0.000000000,0.000000000,0.000000000,0.000000000,0.000000000,0.573529412,0.455937973,0.526492836,1.000000000,1.000000000,0.646428571,0.646428571,1.026428571,39.538188934,17.394113541,0.741180301,0.999998689,0.000769707,0.000107816,0.001403442
776,83.022000000,fused_map_f2f,1,1,0,0.046297541,0.039163554,1.000000000,1.000000000,0.100000000,0.010989011,0.010989011,0.036646111,0.002770083,1.000000000,0.000000000,0.000000000,0.000000000,0.000000000,0.000000000,0.507042254,0.308617125,0.427672202,1.000000000,0.998648040,0.657142857,0.656254426,1.027083628,39.591991425,17.393827438,0.741350591,0.999998808,0.000670145,0.000094662,0.001387912
777,83.118000000,fused_map_f2f,1,1,0,0.047140417,0.013410745,1.000000000,1.000000000,0.100000000,0.010989011,0.010989011,0.036596951,0.002770083,1.000000000,0.000000000,0.000000000,0.000000000,0.000000000,0.000000000,0.549295775,0.490083643,0.525610922,1.000000000,0.999550360,0.635087719,0.634802158,1.025653477,39.646774292,17.394838333,0.741491854,0.999998748,0.000824592,0.000099761,0.001346919
778,83.217000000,fused_map_f2f,1,1,0,0.045921904,0.017794521,1.000000000,1.000000000,0.100000000,0.010989011,0.010989011,0.036518107,0.002770083,1.000000000,0.000000000,0.000000000,0.000000000,0.000000000,0.000000000,0.550724638,0.470749011,0.518734387,1.000000000,0.999550360,0.600671141,0.600401055,1.023360070,39.767894745,17.394245148,0.741432488,0.999998868,0.000703321,0.000093574,0.001312430
779,83.314000000,fused_map_f2f,1,1,0,0.046164229,0.013664261,1.000000000,1.000000000,0.100000000,0.010989011,0.010989011,0.036630697,0.002770083,1.000000000,0.000000000,0.000000000,0.000000000,0.000000000,0.000000000,0.493150685,0.293236238,0.413184906,1.000000000,0.999550764,0.649819495,0.649527572,1.026635171,39.818695068,17.394454956,0.740901351,0.999998808,0.000844488,0.000094455,0.001306100
780,83.415000000,fused_map_f2f,1,1,0,0.048411655,0.014561050,1.000000000,1.000000000,0.100000000,0.010989011,0.010989011,0.036608192,0.002770083,1.000000000,0.000000000,0.000000000,0.000000000,0.000000000,0.000000000,0.555555556,0.759625455,0.637183515,1.000000000,0.998654105,0.640569395,0.639707256,1.025980484,39.872615814,17.394481659,0.741228163,0.999998808,0.000844586,0.000099955,0.001299189
781,83.518000000,fused_map_f2f,1,1,0,0.046890388,0.012879649,1.000000000,1.000000000,0.100000000,0.010989011,0.010989011,0.036587184,0.002770083,1.000000000,0.000000000,0.000000000,0.000000000,0.000000000,0.000000000,0.527777778,0.807216152,0.639553127,1.000000000,0.999549143,0.630824373,0.630539961,1.025369331,39.972625732,17.394588470,0.741130352,0.999998868,0.000779792,0.000094226,0.001277808
782,83.621000000,fused_map_f2f,1,1,0,0.047285559,0.025019643,1.000000000,1.000000000,0.100000000,0.010989011,0.010989011,0.036523468,0.002770083,1.000000000,0.000000000,0.000000000,0.000000000,0.000000000,0.000000000,0.529411765,0.873254862,0.666949003,1.000000000,1.000000000,0.602739726,0.602739726,1.023515982,40.029895782,17.394905090,0.740683794,0.999998808,0.000888930,0.000100260,0.001244825
783,83.718000000,fused_map_f2f,1,1,0,0.049219852,0.029830506,1.000000000,1.000000000,0.100000000,0.010989011,0.010989011,0.036527985,0.002770083,1.000000000,0.000000000,0.000000000,0.000000000,0.000000000,0.000000000,0.500000000,0.369361552,0.447744621,1.000000000,0.999550764,0.604982206,0.604710426,1.023647362,40.085536957,17.395284653,0.741090596,0.999998808,0.000891322,0.000099863,0.001241154
784,83.827000000,fused_map_f2f,1,1,0,0.047585494,0.020983768,1.000000000,1.000000000,0.100000000,0.010989011,0.010989011,0.036481088,0.002770083,1.000000000,0.000000000,0.000000000,0.000000000,0.000000000,0.000000000,0.541666667,0.439637231,0.500854892,1.000000000,0.999103139,0.584775087,0.584250625,1.022283375,40.183609009,17.395236969,0.740569890,0.999998868,0.000807760,0.000102900,0.001233377
785,83.930000000,fused_map_f2f,1,1,0,0.050182449,0.015644744,1.000000000,1.000000000,0.100000000,0.010989011,0.010989011,0.036489970,0.002770083,1.000000000,0.000000000,0.000000000,0.000000000,0.000000000,0.000000000,0.542857143,0.407165436,0.488580460,1.000000000,0.999104745,0.588652482,0.588125488,1.022541699,40.241989136,17.394550323,0.740912914,0.999998927,0.000807416,0.000107539,0.001226118
786,84.031000000,fused_map_f2f,1,1,0,0.050150647,0.021231889,1.000000000,1.000000000,0.100000000,0.010989011,0.010989011,0.036500205,0.002770083,1.000000000,0.000000000,0.000000000,0.000000000,0.000000000,0.000000000,0.541666667,0.394638301,0.482855320,1.000000000,0.999550764,0.592857143,0.592590810,1.022839387,40.300704956,17.395122528,0.740918517,0.999998868,0.000797755,0.000103283,0.001255854
787,84.130000000,fused_map_f2f,1,1,0,0.047994828,0.011932426,1.000000000,1.000000000,0.100000000,0.010989011,0.010989011,0.036489500,0.002770083,1.000000000,0.000000000,0.000000000,0.000000000,0.000000000,0.000000000,0.507042254,0.367349054,0.451164974,1.000000000,0.999104344,0.588447653,0.587920607,1.022528040,40.387897491,17.395215988,0.740919709,0.999998868,0.000808532,0.000098412,0.001234593
788,84.237000000,fused_map_f2f,1,1,0,0.048261022,0.017180110,1.000000000,1.000000000,0.100000000,0.010989011,0.010989011,0.036466197,0.002770083,1.000000000,0.000000000,0.000000000,0.000000000,0.000000000,0.000000000,0.549295775,0.372591185,0.478613939,1.000000000,0.999551167,0.578014184,0.577754753,1.021850317,40.447311401,17.395263672,0.740964293,0.999998808,0.000917062,0.000093440,0.001224142
789,84.337000000,fused_map_f2f,1,1,0,0.048185660,0.026627462,1.000000000,1.000000000,0.100000000,0.010989011,0.010989011,0.036501124,0.002770083,1.000000000,0.000000000,0.000000000,0.000000000,0.000000000,0.000000000,0.527777778,0.468685130,0.504140719,1.000000000,0.999101124,0.593525180,0.592991674,1.022866112,40.538749695,17.395116806,0.741054952,0.999998927,0.000781637,0.000102586,0.001211013
790,84.435000000,fused_map_f2f,1,1,0,0.047444976,0.024481566,1.000000000,1.000000000,0.100000000,0.010989011,0.010989011,0.036537685,0.002770083,1.000000000,0.000000000,0.000000000,0.000000000,0.000000000,0.000000000,0.534246575,0.274049240,0.430167641,1.000000000,0.999103139,0.609489051,0.608942424,1.023929495,40.593307495,17.394620895,0.741063178,0.999998987,0.000692299,0.000045969,0.001238357
791,84.515000000,fused_map_f2f,1,1,0,0.047786302,0.019707472,1.000000000,1.000000000,0.100000000,0.010989011,0.010989011,0.036515950,0.002770083,1.000000000,0.000000000,0.000000000,0.000000000,0.000000000,0.000000000,0.550724638,0.462538108,0.515450026,1.000000000,0.999099910,0.600000000,0.599459946,1.023297330,40.641124725,17.395454407,0.741061985,0.999998927,0.000792865,0.000102167,0.001199205
792,84.618000000,fused_map_f2f,1,1,0,0.049691291,0.012131606,1.000000000,1.000000000,0.100000000,0.010989011,0.010989011,0.036457313,0.002770083,1.000000000,0.000000000,0.000000000,0.000000000,0.000000000,0.000000000,0.506666667,0.278555860,0.415422344,1.000000000,0.999103139,0.574394464,0.573879312,1.021591954,40.740215302,17.395956039,0.740503252,0.999998868,0.000900648,0.000103467,0.001172705
793,84.719000000,fused_map_f2f,1,1,0,0.049924231,0.007497719,1.000000000,1.000000000,0.100000000,0.010989011,0.010989011,0.036461882,0.002770083,1.000000000,0.000000000,0.000000000,0.000000000,0.000000000,0.000000000,0.571428571,0.383516882,0.496263896,1.000000000,0.999103943,0.576388889,0.575872411,1.021724827,40.794029236,17.395843506,0.740985334,0.999998868,0.000914303,0.000084975,0.001200660
794,84.821000000,fused_map_f2f,1,1,0,0.050003330,0.011807521,1.000000000,1.000000000,0.100000000,0.010989011,0.010989011,0.036487730,0.002770083,1.000000000,0.000000000,0.000000000,0.000000000,0.000000000,0.000000000,0.500000000,0.315189568,0.426075827,1.000000000,0.999550562,0.587412587,0.587148582,1.022476572,40.842842102,17.395860672,0.740761340,0.999998629,0.001056604,0.000144748,0.001242689
795,84.923000000,fused_map_f2f,1,1,0,0.049034623,0.015682534,1.000000000,1.000000000,0.100000000,0.010989011,0.010989011,0.036473604,0.002770083,1.000000000,0.000000000,0.000000000,0.000000000,0.000000000,0.000000000,0.547945205,0.513685137,0.534241178,1.000000000,1.000000000,0.580985915,0.580985915,1.022065728,40.989536285,17.395420074,0.740503371,0.999999046,0.000706686,0.000084680,0.001188886
796,85.021000000,fused_map_f2f,1,1,0,0.050724341,0.016600819,1.000000000,1.000000000,0.100000000,0.010989011,0.010989011,0.036518837,0.002770083,1.000000000,0.000000000,0.000000000,0.000000000,0.000000000,0.000000000,0.493150685,0.338855419,0.431432579,1.000000000,1.000000000,0.600719424,0.600719424,1.023381295,41.038383484,17.395586014,0.740739405,0.999998927,0.000807407,0.000069393,0.001194425
797,85.118000000,fused_map_f2f,1,1,0,0.050291355,0.031708342,1.000000000,1.000000000,0.100000000,0.010989011,0.010989011,0.036497794,0.002770083,1.000000000,0.000000000,0.000000000,0.000000000,0.000000000,0.000000000,0.536231884,0.454233266,0.503432437,1.000000000,0.998656516,0.592334495,0.591538703,1.022769247,41.178226471,17.395709991,0.739960253,0.999999046,0.000730326,0.000086053,0.001144778
798,85.245000000,fused_map_f2f,1,1,0,0.050775592,0.027522328,1.000000000,1.000000000,0.100000000,0.010989011,0.010989011,0.036583863,0.002770083,1.000000000,0.000000000,0.000000000,0.000000000,0.000000000,0.000000000,0.542857143,0.307255666,0.448616552,1.000000000,1.000000000,0.629090909,0.629090909,1.025272727,41.249408722,17.395982742,0.739186287,0.999999046,0.000726927,0.000095106,0.001133871
799,85.337000000,fused_map_f2f,1,1,0,0.049669828,0.024307315,1.000000000,1.000000000,0.100000000,0.010989011,0.010989011,0.036538696,0.002770083,1.000000000,0.000000000,0.000000000,0.000000000,0.000000000,0.000000000,0.541666667,0.452694642,0.506077857,1.000000000,0.999105546,0.609929078,0.609383524,1.023958902,41.344142914,17.395799637,0.739601970,0.999999166,0.000609028,0.000085657,0.001147980
800,85.429000000,fused_map_f2f,1,1,0,0.050837544,0.027094732,1.000000000,1.000000000,0.100000000,0.010989011,0.010989011,0.036556135,0.002770083,1.000000000,0.000000000,0.000000000,0.000000000,0.000000000,0.000000000,0.563380282,0.468292292,0.525345086,1.000000000,0.999107143,0.617543860,0.616992481,1.024466165,41.398319244,17.395025253,0.739778280,0.999999106,0.000640646,0.000081611,0.001148917
801,85.535000000,fused_map_f2f,1,1,0,0.053869538,0.013159348,1.000000000,1.000000000,0.100000000,0.010989011,0.010989011,0.036534697,0.002770083,1.000000000,0.000000000,0.000000000,0.000000000,0.000000000,0.000000000,0.500000000,0.273013195,0.409205278,1.000000000,1.000000000,0.607638889,0.607638889,1.023842593,41.456565857,17.395139694,0.739854991,0.999999106,0.000645454,0.000053240,0.001134331
802,85.630000000,fused_map_f2f,1,1,0,0.051681149,0.011670138,1.000000000,1.000000000,0.100000000,0.010989011,0.010989011,0.036572845,0.002770083,1.000000000,0.000000000,0.000000000,0.000000000,0.000000000,0.000000000,0.513513514,0.409828150,0.472039368,1.000000000,0.999554764,0.624561404,0.624283326,1.024952222,41.528533936,17.395179749,0.739837110,0.999999166,0.000589068,0.000086021,0.001126996
803,85.728000000,fused_map_f2f,1,1,0,0.050251459,0.013607710,1.000000000,1.000000000,0.100000000,0.010989011,0.010989011,0.036546911,0.002770083,1.000000000,0.000000000,0.000000000,0.000000000,0.000000000,0.000000000,0.506849315,0.648692368,0.563586536,1.000000000,0.999555556,0.613240418,0.612967867,1.024197858,41.603199005,17.395149231,0.739770055,0.999999225,0.000523646,0.000084816,0.001116309
804,85.840000000,fused_map_f2f,1,1,0,0.051494534,0.016136062,1.000000000,1.000000000,0.100000000,0.010989011,0.010989011,0.036590404,0.002770083,1.000000000,0.000000000,0.000000000,0.000000000,0.000000000,0.000000000,0.541666667,0.568487880,0.552395152,1.000000000,0.999108734,0.632508834,0.631945101,1.025463007,41.667091370,17.394937515,0.739748001,0.999999285,0.000568126,0.000050142,0.001042270
805,85.938000000,fused_map_f2f,1,1,0,0.049633616,0.023865605,1.000000000,1.000000000,0.100000000,0.010989011,0.010989011,0.036573850,0.002770083,1.000000000,0.000000000,0.000000000,0.000000000,0.000000000,0.000000000,0.527777778,0.558494956,0.540064649,1.000000000,0.999555556,0.625000000,0.624722222,1.024981481,41.773933411,17.395370483,0.739812076,0.999999285,0.000491390,0.000096075,0.001067842
806,86.035000000,fused_map_f2f,1,1,0,0.050374648,0.016860530,1.000000000,1.000000000,0.100000000,0.010989011,0.010989011,0.036587193,0.002770083,1.000000000,0.000000000,0.000000000,0.000000000,0.000000000,0.000000000,0.520000000,0.469893315,0.499957326,1.000000000,0.999555556,0.630824373,0.630544006,1.025369600,41.830360413,17.395862579,0.739726305,0.999999285,0.000587068,0.000107916,0.001057833
807,86.119000000,fused_map_f2f,1,1,0,0.051785764,0.012005998,1.000000000,1.000000000,0.100000000,0.010989011,0.010989011,0.036521251,0.002770083,1.000000000,0.000000000,0.000000000,0.000000000,0.000000000,0.000000000,0.520000000,0.489761384,0.507904554,1.000000000,0.999554367,0.602040816,0.601772527,1.023451502,41.878170013,17.395330429,0.739892125,0.999999344,0.000489485,0.000059840,0.001013281
808,86.242000000,fused_map_f2f,1,1,0,0.051185152,0.017416740,1.000000000,1.000000000,0.100000000,0.010989011,0.010989011,0.036600777,0.002770083,1.000000000,0.000000000,0.000000000,0.000000000,0.000000000,0.000000000,0.527777778,0.460434572,0.500840495,1.000000000,0.999111901,0.637037037,0.636471285,1.025764752,41.956577301,17.395887375,0.739474058,0.999999285,0.000574602,0.000116060,0.001044674
809,86.337000000,fused_map_f2f,1,1,0,0.050889838,0.018606418,1.000000000,1.000000000,0.100000000,0.010989011,0.010989011,0.036539324,0.002770083,1.000000000,0.000000000,0.000000000,0.000000000,0.000000000,0.000000000,0.486842105,0.249773869,0.392014811,1.000000000,0.999554764,0.609929078,0.609657516,1.023977168,42.025695801,17.394927979,0.739635170,0.999999344,0.000430511,0.000110367,0.001026401
810,86.414000000,fused_map_f2f,1,1,0,0.051925274,0.020205824,1.000000000,1.000000000,0.100000000,0.010989011,0.010989011,0.036508392,0.002770083,1.000000000,0.000000000,0.000000000,0.000000000,0.000000000,0.000000000,0.480519481,0.265192769,0.394388796,1.000000000,0.999553571,0.596428571,0.596162309,1.023077487,42.066387177,17.395601273,0.739436686,0.999999225,0.000656888,0.000138334,0.001053158
811,86.514000000,fused_map_f2f,1,1,0,0.052349627,0.016320376,1.000000000,1.000000000,0.100000000,0.010989011,0.010989011,0.036492629,0.002770083,1.000000000,0.000000000,0.000000000,0.000000000,0.000000000,0.000000000,0.514285714,0.466550277,0.495191539,1.000000000,1.000000000,0.589285714,0.589285714,1.022619048,42.160480499,17.395156860,0.739301980,0.999999285,0.000544817,0.000119206,0.001038491
812,86.615000000,fused_map_f2f,1,1,0,0.051093135,0.008669096,1.000000000,1.000000000,0.100000000,0.010989011,0.010989011,0.036460300,0.002770083,1.000000000,0.000000000,0.000000000,0.000000000,0.000000000,0.000000000,0.541666667,0.507458939,0.527983576,1.000000000,0.999554367,0.575438596,0.575182162,1.021678811,42.240287781,17.394903183,0.739546537,0.999999344,0.000390349,0.000110428,0.001044272
813,86.718000000,fused_map_f2f,1,1,0,0.051926649,0.015012238,1.000000000,1.000000000,0.100000000,0.010989011,0.010989011,0.036452844,0.002770083,1.000000000,0.000000000,0.000000000,0.000000000,0.000000000,0.000000000,0.500000000,0.337278031,0.434911212,1.000000000,1.000000000,0.571929825,0.571929825,1.021461988,42.384483337,17.394102097,0.739064157,0.999999404,0.000325991,0.000103366,0.001018969
814,86.842000000,fused_map_f2f,1,1,0,0.052840844,0.020025028,1.000000000,1.000000000,0.100000000,0.010989011,0.010989011,0.036447147,0.002770083,1.000000000,0.000000000,0.000000000,0.000000000,0.000000000,0.000000000,0.513157895,0.295143265,0.425952043,1.000000000,1.000000000,0.569444444,0.569444444,1.021296296,42.464427948,17.394992828,0.739173949,0.999999404,0.000357775,0.000115729,0.001011301
815,86.921000000,fused_map_f2f,1,1,0,0.052474847,0.014815311,1.000000000,1.000000000,0.100000000,0.010989011,0.010989011,0.036479072,0.002770083,1.000000000,0.000000000,0.000000000,0.000000000,0.000000000,0.000000000,0.513888889,0.511743135,0.513030587,1.000000000,0.999557130,0.583629893,0.583371421,1.022224761,42.578639984,17.394720078,0.738843620,0.999999464,0.000275633,0.000117768,0.000982312
816,87.023000000,fused_map_f2f,1,1,0,0.052928480,0.015285577,1.000000000,1.000000000,0.100000000,0.010989011,0.010989011,0.036485017,0.002770083,1.000000000,0.000000000,0.000000000,0.000000000,0.000000000,0.000000000,0.521126761,0.312411320,0.437640584,1.000000000,1.000000000,0.585964912,0.585964912,1.022397661,42.641761780,17.394947052,0.739151001,0.999999464,0.000368304,0.000095580,0.000975311
817,87.126000000,fused_map_f2f,1,1,0,0.053345620,0.007378651,1.000000000,1.000000000,0.100000000,0.010989011,0.010989011,0.036523317,0.002770083,1.000000000,0.000000000,0.000000000,0.000000000,0.000000000,0.000000000,0.534246575,0.644051979,0.578168737,1.000000000,0.999556541,0.602941176,0.602673797,1.023511586,42.733337402,17.395389557,0.738827527,0.999999404,0.000347435,0.000122027,0.001001246
818,87.218000000,fused_map_f2f,1,1,0,0.053077482,0.015152800,1.000000000,1.000000000,0.100000000,0.010989011,0.010989011,0.036529029,0.002770083,1.000000000,0.000000000,0.000000000,0.000000000,0.000000000,0.000000000,0.500000000,0.306722702,0.422689081,1.000000000,1.000000000,0.605166052,0.605166052,1.023677737,42.784603119,17.395360947,0.738864839,0.999999404,0.000489787,0.000087256,0.000974108
819,87.324000000,fused_map_f2f,1,1,0,0.052996337,0.018656708,1.000000000,1.000000000,0.100000000,0.010989011,0.010989011,0.036473604,0.002770083,1.000000000,0.000000000,0.000000000,0.000000000,0.000000000,0.000000000,0.513888889,0.456497877,0.490932484,1.000000000,1.000000000,0.580985915,0.580985915,1.022065728,42.845176697,17.394977570,0.739342153,0.999999344,0.000490550,0.000116425,0.001000136
820,87.422000000,fused_map_f2f,1,1,0,0.055427747,0.020557973,1.000000000,1.000000000,0.100000000,0.010989011,0.010989011,0.036453360,0.002770083,1.000000000,0.000000000,0.000000000,0.000000000,0.000000000,0.000000000,0.493506494,0.272642120,0.405160744,1.000000000,0.998670213,0.572916667,0.572154809,1.021476987,42.902492523,17.395242691,0.739263892,0.999999285,0.000612946,0.000092666,0.001022281
821,87.523000000,fused_map_f2f,1,1,0,0.052423119,0.019026301,1.000000000,1.000000000,0.100000000,0.010989011,0.010989011,0.036478310,0.002770083,1.000000000,0.000000000,0.000000000,0.000000000,0.000000000,0.000000000,0.513157895,0.360128905,0.451946299,1.000000000,1.000000000,0.583038869,0.583038869,1.022202591,42.978855133,17.393938065,0.739660442,0.999999464,0.000256777,0.000111541,0.000985023
822,87.627000000,fused_map_f2f,1,1,0,0.053306886,0.019579032,1.000000000,1.000000000,0.100000000,0.010989011,0.010989011,0.036477717,0.002770083,1.000000000,0.000000000,0.000000000,0.000000000,0.000000000,0.000000000,0.533333333,0.254310575,0.421724230,1.000000000,0.999556541,0.583038869,0.582780315,1.022185354,43.039810181,17.394369125,0.739951849,0.999999464,0.000364272,0.000095978,0.000964840
823,87.719000000,fused_map_f2f,1,1,0,0.054858785,0.015170490,1.000000000,1.000000000,0.100000000,0.010989011,0.010989011,0.036466118,0.002770083,1.000000000,0.000000000,0.000000000,0.000000000,0.000000000,0.000000000,0.506666667,0.281051968,0.416420787,1.000000000,0.999116217,0.578231293,0.577720262,1.021848017,43.145606995,17.394248962,0.738909662,0.999999404,0.000440279,0.000124423,0.000958697
824,87.823000000,fused_map_f2f,1,1,0,0.053337830,0.021195667,1.000000000,1.000000000,0.100000000,0.010989011,0.010989011,0.036579490,0.002770083,1.000000000,0.000000000,0.000000000,0.000000000,0.000000000,0.000000000,0.555555556,0.543453056,0.550714556,1.000000000,0.999116998,0.627737226,0.627182933,1.025145529,43.217975616,17.394887924,0.739129961,0.999999523,0.000217397,0.000137876,0.000942440
825,87.973000000,fused_map_f2f,1,1,0,0.053147678,0.016581478,1.000000000,1.000000000,0.100000000,0.010989011,0.010989011,0.036531204,0.002770083,1.000000000,0.000000000,0.000000000,0.000000000,0.000000000,0.000000000,0.493333333,0.346624281,0.434649712,1.000000000,0.999558304,0.606382979,0.606115142,1.023741009,43.345420837,17.394338608,0.738599658,0.999999523,0.000214529,0.000122695,0.000950072
826,88.040000000,fused_map_f2f,1,1,0,0.053297382,0.023884504,1.000000000,1.000000000,0.100000000,0.010989011,0.010989011,0.036548685,0.002770083,1.000000000,0.000000000,0.000000000,0.000000000,0.000000000,0.000000000,0.507042254,0.245974455,0.402615134,1.000000000,0.999115044,0.614285714,0.613742099,1.024249473,43.390083313,17.394636154,0.738958955,0.999999523,0.000214724,0.000129133,0.000938394
827,88.128000000,fused_map_f2f,1,1,0,0.052738051,0.016957582,1.000000000,1.000000000,0.100000000,0.010989011,0.010989011,0.036520198,0.002770083,1.000000000,0.000000000,0.000000000,0.000000000,0.000000000,0.000000000,0.534246575,0.430861928,0.492892717,1.000000000,0.998671979,0.602112676,0.601313058,1.023420871,43.440788269,17.394908905,0.739198148,0.999999464,0.000392534,0.000117897,0.000933656
828,88.227000000,fused_map_f2f,1,1,0,0.052901244,0.017807531,1.000000000,1.000000000,0.100000000,0.010989011,0.010989011,0.036540357,0.002770083,1.000000000,0.000000000,0.000000000,0.000000000,0.000000000,0.000000000,0.472972973,0.285490139,0.397979839,1.000000000,1.000000000,0.610108303,0.610108303,1.024007220,43.579162598,17.394588470,0.738628805,0.999999523,0.000301673,0.000114670,0.000928337
829,88.331000000,fused_map_f2f,1,1,0,0.053376185,0.021062464,1.000000000,1.000000000,0.100000000,0.010989011,0.010989011,0.036514954,0.002770083,1.000000000,0.000000000,0.000000000,0.000000000,0.000000000,0.000000000,0.513513514,0.765879549,0.614459928,1.000000000,0.999557326,0.599290780,0.599025490,1.023268366,43.626293182,17.394577026,0.738756835,0.999999523,0.000305120,0.000117661,0.000919772
830,88.428000000,fused_map_f2f,1,1,0,0.054174880,0.019475449,1.000000000,1.000000000,0.100000000,0.010989011,0.010989011,0.036459683,0.002770083,1.000000000,0.000000000,0.000000000,0.000000000,0.000000000,0.000000000,0.558823529,0.498986389,0.534888673,1.000000000,1.000000000,0.574912892,0.574912892,1.021660859,43.663570404,17.394651413,0.738870859,0.999999464,0.000384267,0.000098962,0.000969993
831,88.529000000,fused_map_f2f,1,1,0,0.052962533,0.018002015,1.000000000,1.000000000,0.100000000,0.010989011,0.010989011,0.036502928,0.002770083,1.000000000,0.000000000,0.000000000,0.000000000,0.000000000,0.000000000,0.549295775,0.684033472,0.603190853,1.000000000,0.999112295,0.594306050,0.593778481,1.022918565,43.756359100,17.394628525,0.738603055,0.999999523,0.000301347,0.000108042,0.000891838
832,88.627000000,fused_map_f2f,1,1,0,0.053170947,0.017446008,1.000000000,1.000000000,0.100000000,0.010989011,0.010989011,0.036526468,0.002770083,1.000000000,0.000000000,0.000000000,0.000000000,0.000000000,0.000000000,0.535211268,0.763592346,0.626563699,1.000000000,0.999556738,0.604316547,0.604048676,1.023603245,43.793487549,17.394811630,0.738318682,0.999999523,0.000393280,0.000120552,0.000874186
833,88.724000000,fused_map_f2f,1,1,0,0.053353063,0.018884661,1.000000000,1.000000000,0.100000000,0.010989011,0.010989011,0.036510821,0.002770083,1.000000000,0.000000000,0.000000000,0.000000000,0.000000000,0.000000000,0.520547945,0.281054203,0.424750448,1.000000000,1.000000000,0.597222222,0.597222222,1.023148148,43.823753357,17.395395279,0.738388240,0.999999464,0.000520448,0.000122335,0.000852537
834,88.818000000,fused_map_f2f,1,1,0,0.053809448,0.015000956,1.000000000,1.000000000,0.100000000,0.010989011,0.010989011,0.036515591,0.002770083,1.000000000,0.000000000,0.000000000,0.000000000,0.000000000,0.000000000,0.506666667,0.258482555,0.407393022,1.000000000,1.000000000,0.599303136,0.599303136,1.023286876,43.857807159,17.395490646,0.738153279,0.999999583,0.000353251,0.000117424,0.000835558
835,88.931000000,fused_map_f2f,1,1,0,0.055149651,0.019890232,1.000000000,1.000000000,0.100000000,0.010989011,0.010989011,0.036497216,0.002770083,1.000000000,0.000000000,0.000000000,0.000000000,0.000000000,0.000000000,0.513157895,0.538554226,0.523316427,1.000000000,0.999556147,0.591549296,0.591286735,1.022752449,43.913135529,17.395406723,0.738376915,0.999999523,0.000450820,0.000118367,0.000815453
836,89.034000000,fused_map_f2f,1,1,0,0.054275143,0.019609167,1.000000000,1.000000000,0.100000000,0.010989011,0.010989011,0.036468346,0.002770083,1.000000000,0.000000000,0.000000000,0.000000000,0.000000000,0.000000000,0.486842105,0.234193785,0.385782777,1.000000000,0.999558888,0.578947368,0.578691988,1.021912799,43.978031158,17.395713806,0.738292873,0.999999583,0.000450136,0.000116982,0.000776275
837,89.132000000,fused_map_f2f,1,1,0,0.053530973,0.020431053,1.000000000,1.000000000,0.100000000,0.010989011,0.010989011,0.036483049,0.002770083,1.000000000,0.000000000,0.000000000,0.000000000,0.000000000,0.000000000,0.521739130,0.485307129,0.507166330,1.000000000,1.000000000,0.585106383,0.585106383,1.022340426,44.015098572,17.395326614,0.737967432,0.999999583,0.000410130,0.000119222,0.000771235
838,89.233000000,fused_map_f2f,1,1,0,0.054825118,0.017892056,1.000000000,1.000000000,0.100000000,0.010989011,0.010989011,0.036469031,0.002770083,1.000000000,0.000000000,0.000000000,0.000000000,0.000000000,0.000000000,0.500000000,0.465707071,0.486282828,1.000000000,0.999112295,0.579505300,0.578990870,1.021932725,44.048866272,17.395221710,0.738054991,0.999999583,0.000426256,0.000120012,0.000752349
839,89.334000000,fused_map_f2f,1,1,0,0.055826407,0.026443534,1.000000000,1.000000000,0.100000000,0.010989011,0.010989011,0.036471245,0.002770083,1.000000000,0.000000000,0.000000000,0.000000000,0.000000000,0.000000000,0.480519481,0.295246804,0.406410410,1.000000000,0.998228521,0.580985915,0.579956711,1.021997114,44.084823608,17.395187378,0.737765491,0.999999642,0.000436841,0.000107599,0.000721291
840,89.427000000,fused_map_f2f,1,1,0,0.055461032,0.020071494,1.000000000,1.000000000,0.100000000,0.010989011,0.010989011,0.036469849,0.002770083,1.000000000,0.000000000,0.000000000,0.000000000,0.000000000,0.000000000,0.520000000,0.270036265,0.420014506,1.000000000,0.999115044,0.579861111,0.579347960,1.021956531,44.145793915,17.395069122,0.737293959,0.999999702,0.000274736,0.000104479,0.000716899
841,89.522000000,fused_map_f2f,1,1,0,0.054423975,0.014610627,1.000000000,1.000000000,0.100000000,0.010989011,0.010989011,0.036493909,0.002770083,1.000000000,0.000000000,0.000000000,0.000000000,0.000000000,0.000000000,0.506666667,0.253551801,0.405420720,1.000000000,0.999556344,0.590106007,0.589844203,1.022656280,44.179103851,17.395551682,0.737527668,0.999999583,0.000422826,0.000104273,0.000753106
842,89.636000000,fused_map_f2f,1,1,0,0.053479230,0.016850531,1.000000000,1.000000000,0.100000000,0.010989011,0.010989011,0.036531201,0.002770083,1.000000000,0.000000000,0.000000000,0.000000000,0.000000000,0.000000000,0.527777778,0.328103873,0.447908216,1.000000000,0.999555950,0.606382979,0.606113715,1.023740914,44.224124908,17.395103455,0.738399446,0.999999642,0.000352216,0.000120555,0.000700501
843,89.732000000,fused_map_f2f,1,1,0,0.057148032,0.015179508,1.000000000,1.000000000,0.100000000,0.010989011,0.010989011,0.036547488,0.002770083,1.000000000,0.000000000,0.000000000,0.000000000,0.000000000,0.000000000,0.527027027,0.582938553,0.549391638,1.000000000,0.998671979,0.614035088,0.613219636,1.024214642,44.259243011,17.395017624,0.738449633,0.999999642,0.000447213,0.000087384,0.000667198
844,89.832000000,fused_map_f2f,1,1,0,0.057849129,0.010658056,1.000000000,1.000000000,0.100000000,0.010989011,0.010989011,0.036527794,0.002770083,1.000000000,0.000000000,0.000000000,0.000000000,0.000000000,0.000000000,0.520547945,0.317158581,0.439192199,1.000000000,0.999557326,0.604895105,0.604627334,1.023641822,44.347633362,17.395099640,0.737356126,0.999999702,0.000347616,0.000112383,0.000665803
845,89.926000000,fused_map_f2f,1,1,0,0.056638196,0.015090636,1.000000000,1.000000000,0.100000000,0.010989011,0.010989011,0.036570774,0.002770083,1.000000000,0.000000000,0.000000000,0.000000000,0.000000000,0.000000000,0.542857143,0.305562927,0.447939457,1.000000000,0.999557130,0.623655914,0.623379716,1.024891981,44.381820679,17.395336151,0.737681806,0.999999702,0.000328125,0.000066657,0.000673116
846,90.027000000,fused_map_f2f,1,1,0,0.055370258,0.021248165,1.000000000,1.000000000,0.100000000,0.010989011,0.010989011,0.036543815,0.002770083,1.000000000,0.000000000,0.000000000,0.000000000,0.000000000,0.000000000,0.527027027,0.238023427,0.411425587,1.000000000,0.999557130,0.611888112,0.611617125,1.024107808,44.419410706,17.394443512,0.738321066,0.999999762,0.000309920,0.000124652,0.000627829
847,90.128000000,fused_map_f2f,1,1,0,0.056904019,0.016419679,1.000000000,1.000000000,0.100000000,0.010989011,0.010989011,0.036550578,0.002770083,1.000000000,0.000000000,0.000000000,0.000000000,0.000000000,0.000000000,0.500000000,0.335181027,0.434072411,1.000000000,0.998228521,0.615658363,0.614567737,1.024304516,44.462753296,17.394153595,0.738456905,0.999999762,0.000292624,0.000083972,0.000601294
848,90.219000000,fused_map_f2f,1,1,0,0.056628836,0.017230403,1.000000000,1.000000000,0.100000000,0.010989011,0.010989011,0.036541867,0.002770083,1.000000000,0.000000000,0.000000000,0.000000000,0.000000000,0.000000000,0.561643836,0.328534649,0.468400161,1.000000000,0.999116217,0.611307420,0.610767158,1.024051144,44.597988129,17.394680023,0.737937212,0.999999702,0.000412263,0.000131273,0.000577598
849,90.313000000,fused_map_f2f,1,1,0,0.055131066,0.020615335,1.000000000,1.000000000,0.100000000,0.010989011,0.010989011,0.036574231,0.002770083,1.000000000,0.000000000,0.000000000,0.000000000,0.000000000,0.000000000,0.527777778,0.241614012,0.413312271,1.000000000,0.999115436,0.625441696,0.624888453,1.024992564,44.641525269,17.394588470,0.737963140,0.999999702,0.000426466,0.000107165,0.000587942
850,90.430000000,fused_map_f2f,1,1,0,0.056410752,0.018317543,1.000000000,1.000000000,0.100000000,0.010989011,0.010989011,0.036549993,0.002770083,1.000000000,0.000000000,0.000000000,0.000000000,0.000000000,0.000000000,0.506849315,0.367214660,0.450995453,1.000000000,0.999559277,0.614583333,0.614312472,1.024287498,44.750759125,17.394266129,0.737727106,0.999999762,0.000340001,0.000134425,0.000538637
851,90.525000000,fused_map_f2f,1,1,0,0.055351176,0.013979434,1.000000000,1.000000000,0.100000000,0.010989011,0.010989011,0.036571581,0.002770083,1.000000000,0.000000000,0.000000000,0.000000000,0.000000000,0.000000000,0.506849315,0.290596953,0.420348370,1.000000000,0.998671979,0.624561404,0.623731973,1.024915465,44.802906036,17.393873215,0.738020539,0.999999821,0.000198537,0.000111972,0.000523247
852,90.626000000,fused_map_f2f,1,1,0,0.056599871,0.016344231,1.000000000,1.000000000,0.100000000,0.010989011,0.010989011,0.036590414,0.002770083,1.000000000,0.000000000,0.000000000,0.000000000,0.000000000,0.000000000,0.527027027,0.335403869,0.450377764,1.000000000,0.999115827,0.632508834,0.631949587,1.025463306,44.855792999,17.394197464,0.738212943,0.999999821,0.000301399,0.000101785,0.000534117
853,90.731000000,fused_map_f2f,1,1,0,0.056445924,0.013910477,1.000000000,1.000000000,0.100000000,0.010989011,0.010989011,0.036541416,0.002770083,1.000000000,0.000000000,0.000000000,0.000000000,0.000000000,0.000000000,0.527027027,0.317716492,0.443302813,1.000000000,0.999115044,0.611111111,0.610570305,1.024038020,44.983951569,17.394010544,0.737671614,0.999999821,0.000272517,0.000152835,0.000485247
854,90.827000000,fused_map_f2f,1,1,0,0.056499131,0.017242038,1.000000000,1.000000000,0.100000000,0.010989011,0.010989011,0.036586554,0.002770083,1.000000000,0.000000000,0.000000000,0.000000000,0.000000000,0.000000000,0.513513514,0.258357729,0.411451200,1.000000000,0.999113868,0.630824373,0.630265379,1.025351025,45.040218353,17.393810272,0.737984955,0.999999821,0.000170001,0.000102906,0.000558153
855,90.930000000,fused_map_f2f,1,1,0,0.059775632,0.020748174,1.000000000,1.000000000,0.100000000,0.010989011,0.010989011,0.036557399,0.002770083,1.000000000,0.000000000,0.000000000,0.000000000,0.000000000,0.000000000,0.513888889,0.214296735,0.394052027,1.000000000,1.000000000,0.617543860,0.617543860,1.024502924,45.100635529,17.393951416,0.737707913,0.999999762,0.000328488,0.000157574,0.000589633
856,91.031000000,fused_map_f2f,1,1,0,0.060374668,0.021955321,0.998516938,0.998516938,0.100000000,0.011005153,0.011005153,0.036560925,0.002774186,1.000000000,0.000000000,0.000000000,0.000000000,0.000000000,0.000000000,0.493333333,0.286119772,0.410447909,1.000000000,0.999560053,0.596551724,0.596289273,1.023085952,45.181411743,17.393194199,0.738328636,0.999999821,0.000258376,0.000149740,0.000426249
857,91.132000000,fused_map_f2f,1,1,0,0.056917667,0.013885209,1.000000000,1.000000000,0.100000000,0.010989011,0.010989011,0.036557489,0.002770083,1.000000000,0.000000000,0.000000000,0.000000000,0.000000000,0.000000000,0.506493506,0.339694888,0.439774059,1.000000000,0.999557130,0.617857143,0.617583513,1.024505568,45.248291016,17.392929077,0.738281846,0.999999821,0.000301378,0.000169380,0.000440792
858,91.231000000,fused_map_f2f,1,1,0,0.057239646,0.015846458,1.000000000,1.000000000,0.100000000,0.010989011,0.010989011,0.036521741,0.002770083,1.000000000,0.000000000,0.000000000,0.000000000,0.000000000,0.000000000,0.493506494,0.284421941,0.409872672,1.000000000,0.998670802,0.602787456,0.601986233,1.023465749,45.376338959,17.392932892,0.738428056,0.999999881,0.000100254,0.000157643,0.000418247
859,91.330000000,fused_map_f2f,1,1,0,0.057449671,0.017848141,1.000000000,1.000000000,0.100000000,0.010989011,0.010989011,0.036519175,0.002770083,1.000000000,0.000000000,0.000000000,0.000000000,0.000000000,0.000000000,0.527777778,0.242676185,0.413737141,1.000000000,0.999115827,0.601398601,0.600866861,1.023391124,45.443855286,17.393747330,0.738391697,0.999999881,0.000328350,0.000149913,0.000398836
860,91.426000000,fused_map_f2f,1,1,0,0.058124827,0.023815149,1.000000000,1.000000000,0.100000000,0.010989011,0.010989011,0.036578353,0.002770083,1.000000000,0.000000000,0.000000000,0.000000000,0.000000000,0.000000000,0.506849315,0.244378497,0.401860988,1.000000000,0.999117777,0.627240143,0.626686778,1.025112452,45.541790009,17.393522263,0.737404287,0.999999881,0.000290282,0.000149075,0.000390112
861,91.517000000,fused_map_f2f,1,1,0,0.056736539,0.021679453,1.000000000,1.000000000,0.100000000,0.010989011,0.010989011,0.036548115,0.002770083,1.000000000,0.000000000,0.000000000,0.000000000,0.000000000,0.000000000,0.474358974,0.226446425,0.375193955,1.000000000,0.999117777,0.614035088,0.613493372,1.024232891,45.618972778,17.393682480,0.738369286,0.999999881,0.000341774,0.000154301,0.000365048
862,91.621000000,fused_map_f2f,1,1,0,0.057499642,0.023833630,1.000000000,1.000000000,0.100000000,0.010989011,0.010989011,0.036539573,0.002770083,1.000000000,0.000000000,0.000000000,0.000000000,0.000000000,0.000000000,0.493333333,0.295727937,0.414291175,1.000000000,0.997799296,0.611111111,0.609766236,1.023984416,45.793823242,17.394231796,0.737363935,0.999999881,0.000353250,0.000140547,0.000356486
863,91.713000000,fused_map_f2f,1,1,0,0.058200129,0.029014622,1.000000000,1.000000000,0.100000000,0.010989011,0.010989011,0.036494912,0.002770083,1.000000000,0.000000000,0.000000000,0.000000000,0.000000000,0.000000000,0.473684211,0.274148555,0.393869948,1.000000000,0.998673740,0.591065292,0.590281386,1.022685426,45.861129761,17.393997192,0.737427115,0.999999762,0.000518187,0.000168794,0.000366299
864,91.835000000,fused_map_f2f,1,1,0,0.056740437,0.025898767,1.000000000,1.000000000,0.100000000,0.010989011,0.010989011,0.036509016,0.002770083,1.000000000,0.000000000,0.000000000,0.000000000,0.000000000,0.000000000,0.513157895,0.253093873,0.409132286,1.000000000,0.998681319,0.597222222,0.596434676,1.023095645,46.012142181,17.394231796,0.737327993,0.999999821,0.000471468,0.000118072,0.000362491
865,91.928000000,fused_map_f2f,1,1,0,0.058142769,0.017488113,1.000000000,1.000000000,0.100000000,0.010989011,0.010989011,0.036487843,0.002770083,1.000000000,0.000000000,0.000000000,0.000000000,0.000000000,0.000000000,0.549295775,0.436411892,0.504142221,1.000000000,0.998236332,0.588235294,0.587197842,1.022479856,46.078720093,17.393772125,0.737740099,0.999999821,0.000472623,0.000098655,0.000300389
866,92.020000000,fused_map_f2f,1,1,0,0.057993098,0.023646839,1.000000000,1.000000000,0.100000000,0.010989011,0.010989011,0.036481703,0.002770083,1.000000000,0.000000000,0.000000000,0.000000000,0.000000000,0.000000000,0.506666667,0.219801425,0.391920570,1.000000000,0.999119718,0.585034014,0.584519019,1.022301268,46.144737244,17.393852234,0.737499356,0.999999821,0.000481581,0.000119907,0.000327875
867,92.117000000,fused_map_f2f,1,1,0,0.056748909,0.025179276,1.000000000,1.000000000,0.100000000,0.010989011,0.010989011,0.036571193,0.002770083,1.000000000,0.000000000,0.000000000,0.000000000,0.000000000,0.000000000,0.549295775,0.298310068,0.448901492,1.000000000,0.999117387,0.624113475,0.623562625,1.024904175,46.206939697,17.393781662,0.737403631,0.999999762,0.000531164,0.000162230,0.000338075
868,92.221000000,fused_map_f2f,1,1,0,0.057900444,0.014186504,1.000000000,1.000000000,0.100000000,0.010989011,0.010989011,0.036540284,0.002770083,1.000000000,0.000000000,0.000000000,0.000000000,0.000000000,0.000000000,0.542857143,0.266187076,0.432189116,1.000000000,0.999560826,0.610344828,0.610076780,1.024005119,46.275520325,17.393894196,0.737866938,0.999999702,0.000683618,0.000160283,0.000356553
869,92.321000000,fused_map_f2f,1,1,0,0.055084326,0.018905558,1.000000000,1.000000000,0.100000000,0.010989011,0.010989011,0.036517564,0.002770083,1.000000000,0.000000000,0.000000000,0.000000000,0.000000000,0.000000000,0.513513514,0.211405402,0.392670269,1.000000000,0.999116998,0.600694444,0.600164030,1.023344269,46.358901978,17.392683029,0.738478124,0.999999881,0.000395457,0.000138581,0.000277091
870,92.416000000,fused_map_f2f,1,1,0,0.055606002,0.019093898,1.000000000,1.000000000,0.100000000,0.010989011,0.010989011,0.036498420,0.002770083,1.000000000,0.000000000,0.000000000,0.000000000,0.000000000,0.000000000,0.493333333,0.286576884,0.410630754,1.000000000,0.999118166,0.592334495,0.591812154,1.022787477,46.433853149,17.393445969,0.738239050,0.999999821,0.000474200,0.000116313,0.000259774
871,92.518000000,fused_map_f2f,1,1,0,0.055353089,0.021434278,1.000000000,1.000000000,0.100000000,0.010989011,0.010989011,0.036488429,0.002770083,1.000000000,0.000000000,0.000000000,0.000000000,0.000000000,0.000000000,0.493506494,0.238870822,0.391652225,1.000000000,0.998670802,0.588235294,0.587453413,1.022496894,46.538177490,17.392400742,0.738293171,0.999999881,0.000389248,0.000115867,0.000240116
872,92.614000000,fused_map_f2f,1,1,0,0.054752814,0.022067495,1.000000000,1.000000000,0.100000000,0.010989011,0.010989011,0.036488643,0.002770083,1.000000000,0.000000000,0.000000000,0.000000000,0.000000000,0.000000000,0.520000000,0.259016302,0.415606521,1.000000000,0.997786631,0.588850174,0.587546832,1.022503122,46.612384796,17.392833710,0.738377512,0.999999821,0.000496805,0.000111765,0.000215449
873,92.740000000,fused_map_f2f,1,1,0,0.056357498,0.020010667,1.000000000,1.000000000,0.100000000,0.010989011,0.010989011,0.036493107,0.002770083,1.000000000,0.000000000,0.000000000,0.000000000,0.000000000,0.000000000,0.506666667,0.378652610,0.455461044,1.000000000,0.998672566,0.590277778,0.589494223,1.022632948,46.742599487,17.392667770,0.737996161,0.999999881,0.000395241,0.000110925,0.000194338
874,92.833000000,fused_map_f2f,1,1,0,0.056094418,0.019780629,1.000000000,1.000000000,0.100000000,0.010989011,0.010989011,0.036522170,0.002770083,1.000000000,0.000000000,0.000000000,0.000000000,0.000000000,0.000000000,0.520547945,0.409423177,0.476098038,1.000000000,0.997787611,0.603508772,0.602173576,1.023478238,46.831932068,17.392646790,0.738092482,0.999999881,0.000351255,0.000119737,0.000179163
875,92.924000000,fused_map_f2f,1,1,0,0.055352331,0.018001269,1.000000000,1.000000000,0.100000000,0.010989011,0.010989011,0.036490082,0.002770083,1.000000000,0.000000000,0.000000000,0.000000000,0.000000000,0.000000000,0.486842105,0.301312586,0.412630298,1.000000000,0.999556934,0.588435374,0.588174658,1.022544977,46.990901947,17.393110275,0.737702966,0.999999940,0.000243385,0.000102986,0.000160429
876,93.024000000,fused_map_f2f,1,1,0,0.056692423,0.023360181,1.000000000,1.000000000,0.100000000,0.010989011,0.010989011,0.036534723,0.002770083,1.000000000,0.000000000,0.000000000,0.000000000,0.000000000,0.000000000,0.466666667,0.235699995,0.374279998,1.000000000,0.997789567,0.608996540,0.607650394,1.023843360,47.058059692,17.393510818,0.737647533,0.999999881,0.000478665,0.000105303,0.000155453
877,93.119000000,fused_map_f2f,1,1,0,0.055305977,0.024097636,1.000000000,1.000000000,0.100000000,0.010989011,0.010989011,0.036537553,0.002770083,1.000000000,0.000000000,0.000000000,0.000000000,0.000000000,0.000000000,0.486486486,0.220284966,0.380005878,1.000000000,0.999556934,0.609154930,0.608885034,1.023925669,47.182304382,17.393217087,0.737750471,0.999999940,0.000348971,0.000095465,0.000163078
878,93.222000000,fused_map_f2f,1,1,0,0.056172425,0.025271456,1.000000000,1.000000000,0.100000000,0.010989011,0.010989011,0.036522238,0.002770083,1.000000000,0.000000000,0.000000000,0.000000000,0.000000000,0.000000000,0.507042254,0.308295911,0.427543716,1.000000000,0.999109924,0.602739726,0.602203242,1.023480216,47.259181976,17.393188477,0.737685859,0.999999881,0.000410772,0.000102619,0.000138101
879,93.327000000,fused_map_f2f,1,1,0,0.054985503,0.021137515,1.000000000,1.000000000,0.100000000,0.010989011,0.010989011,0.036578031,0.002770083,1.000000000,0.000000000,0.000000000,0.000000000,0.000000000,0.000000000,0.500000000,0.288934388,0.415573755,1.000000000,0.998226164,0.627659574,0.626546209,1.025103081,47.370166779,17.392498016,0.737451553,0.999999940,0.000278730,0.000102679,0.000128042
880,93.425000000,fused_map_f2f,1,1,0,0.054755070,0.022130861,1.000000000,1.000000000,0.100000000,0.010989011,0.010989011,0.036594016,0.002770083,1.000000000,0.000000000,0.000000000,0.000000000,0.000000000,0.000000000,0.554054054,0.223519931,0.421840405,1.000000000,0.999555950,0.633802817,0.633521377,1.025568092,47.435321808,17.392486572,0.737575114,0.999999881,0.000431846,0.000098273,0.000098320
881,93.527000000,fused_map_f2f,1,1,0,0.054156117,0.017187651,1.000000000,1.000000000,0.100000000,0.010989011,0.010989011,0.036603012,0.002770083,1.000000000,0.000000000,0.000000000,0.000000000,0.000000000,0.000000000,0.521126761,0.239967974,0.408663246,1.000000000,0.998666667,0.638297872,0.637446809,1.025829787,47.585304260,17.392875671,0.737429678,0.999999881,0.000362630,0.000092848,0.000122340
882,93.628000000,fused_map_f2f,1,1,0,0.055759066,0.015839891,1.000000000,1.000000000,0.100000000,0.010989011,0.010989011,0.036559711,0.002770083,1.000000000,0.000000000,0.000000000,0.000000000,0.000000000,0.000000000,0.520547945,0.252444610,0.413306611,1.000000000,0.998669033,0.619377163,0.618552792,1.024570186,47.654758453,17.392810822,0.737638712,0.999999881,0.000459217,0.000101653,0.000107586
883,93.725000000,fused_map_f2f,1,1,0,0.055891072,0.025823599,1.000000000,1.000000000,0.100000000,0.010989011,0.010989011,0.036570221,0.002770083,1.000000000,0.000000000,0.000000000,0.000000000,0.000000000,0.000000000,0.493333333,0.254198540,0.397679416,1.000000000,0.999110716,0.623693380,0.623138739,1.024875916,47.740444183,17.393360138,0.737498343,0.999999881,0.000411336,0.000115019,0.000089715
884,93.828000000,fused_map_f2f,1,1,0,0.054853231,0.026900350,1.000000000,1.000000000,0.100000000,0.010989011,0.010989011,0.036559711,0.002770083,1.000000000,0.000000000,0.000000000,0.000000000,0.000000000,0.000000000,0.500000000,0.245993753,0.398397501,1.000000000,0.998669033,0.619377163,0.618552792,1.024570186,47.819423676,17.393383026,0.737799883,0.999999821,0.000605425,0.000062838,0.000168115
885,93.924000000,fused_map_f2f,1,1,0,0.056105410,0.027810548,1.000000000,1.000000000,0.100000000,0.010989011,0.010989011,0.036553627,0.002770083,1.000000000,0.000000000,0.000000000,0.000000000,0.000000000,0.000000000,0.535211268,0.340443394,0.457304118,1.000000000,0.998660116,0.616724739,0.615898399,1.024393227,47.930473328,17.393035889,0.737479866,0.999999821,0.000578357,0.000119543,0.000092847
886,94.039000000,fused_map_f2f,1,1,0,0.052829387,0.022241826,1.000000000,1.000000000,0.100000000,0.010989011,0.010989011,0.036558077,0.002770083,1.000000000,0.000000000,0.000000000,0.000000000,0.000000000,0.000000000,0.434210526,0.261850601,0.365266556,1.000000000,0.997775801,0.619217082,0.617839820,1.024522655,48.026950836,17.394586563,0.738266230,0.999999583,0.000898245,0.000113353,0.000073313
887,94.129000000,fused_map_f2f,1,1,0,0.053282850,0.022386733,1.000000000,1.000000000,0.100000000,0.010989011,0.010989011,0.036544367,0.002770083,1.000000000,0.000000000,0.000000000,0.000000000,0.000000000,0.000000000,0.481012658,0.217005345,0.375409733,1.000000000,0.998664887,0.612676056,0.611858064,1.024123871,48.191627502,17.394201279,0.738192022,0.999999583,0.000905101,0.000113177,0.000080831
888,94.225000000,fused_map_f2f,1,1,0,0.051630571,0.022219505,1.000000000,1.000000000,0.100000000,0.010989011,0.010989011,0.036528476,0.002770083,1.000000000,0.000000000,0.000000000,0.000000000,0.000000000,0.000000000,0.535211268,0.244547209,0.418945644,1.000000000,0.998663102,0.605734767,0.604924961,1.023661664,48.262599945,17.394041061,0.737961471,0.999999583,0.000898210,0.000086737,0.000071603
889,94.332000000,fused_map_f2f,1,1,0,0.050262876,0.024624725,1.000000000,1.000000000,0.100000000,0.010989011,0.010989011,0.036519779,0.002770083,1.000000000,0.000000000,0.000000000,0.000000000,0.000000000,0.000000000,0.527777778,0.368514192,0.464072343,1.000000000,0.999554367,0.601398601,0.601130598,1.023408707,48.383434296,17.393461227,0.738539696,0.999999702,0.000775824,0.000109413,0.000078180
890,94.433000000,fused_map_f2f,1,1,0,0.051606813,0.019694222,1.000000000,1.000000000,0.100000000,0.010989011,0.010989011,0.036570896,0.002770083,1.000000000,0.000000000,0.000000000,0.000000000,0.000000000,0.000000000,0.473684211,0.279888098,0.396165765,1.000000000,0.998213488,0.624548736,0.623432973,1.024895532,48.455795288,17.393136978,0.738637388,0.999999642,0.000844696,0.000110552,0.000021856
891,94.515000000,fused_map_f2f,1,1,0,0.051020139,0.018736660,1.000000000,1.000000000,0.100000000,0.010989011,0.010989011,0.036528860,0.002770083,1.000000000,0.000000000,0.000000000,0.000000000,0.000000000,0.000000000,0.487179487,0.253369239,0.393655388,1.000000000,0.999105945,0.605633803,0.605092333,1.023672822,48.570438385,17.393384933,0.738541365,0.999999762,0.000680632,0.000108554,0.000056105
892,94.636000000,fused_map_f2f,1,1,0,0.051835726,0.015332174,1.000000000,1.000000000,0.100000000,0.010989011,0.010989011,0.036514337,0.002770083,1.000000000,0.000000000,0.000000000,0.000000000,0.000000000,0.000000000,0.493506494,0.274531313,0.405916421,1.000000000,0.999107939,0.599290780,0.598756176,1.023250412,48.673778534,17.393018723,0.738428891,0.999999762,0.000670032,0.000082248,0.000021138
893,94.739000000,fused_map_f2f,1,1,0,0.049544370,0.016920324,1.000000000,1.000000000,0.100000000,0.010989011,0.010989011,0.036454992,0.002770083,1.000000000,0.000000000,0.000000000,0.000000000,0.000000000,0.000000000,0.461538462,0.290173706,0.392992559,1.000000000,0.999107143,0.573378840,0.572866894,1.021524460,48.790752411,17.392860413,0.738738000,0.999999821,0.000498591,0.000101168,0.000075693
894,94.844000000,fused_map_f2f,1,1,0,0.051425568,0.022257351,1.000000000,1.000000000,0.100000000,0.010989011,0.010989011,0.036533560,0.002770083,1.000000000,0.000000000,0.000000000,0.000000000,0.000000000,0.000000000,0.500000000,0.260889842,0.404355937,1.000000000,1.000000000,0.607142857,0.607142857,1.023809524,48.872028351,17.392984390,0.739072204,0.999999821,0.000548996,0.000062764,0.000221947
895,94.932000000,fused_map_f2f,1,1,0,0.049554369,0.019603164,1.000000000,1.000000000,0.100000000,0.010989011,0.010989011,0.036501103,0.002770083,1.000000000,0.000000000,0.000000000,0.000000000,0.000000000,0.000000000,0.454545455,0.178997962,0.344326458,1.000000000,1.000000000,0.592982456,0.592982456,1.022865497,48.977172852,17.393074036,0.738505721,0.999999762,0.000626532,0.000104382,0.000072944
896,95.025000000,fused_map_f2f,1,1,0,0.050160436,0.024235923,1.000000000,1.000000000,0.100000000,0.010989011,0.010989011,0.036516575,0.002770083,1.000000000,0.000000000,0.000000000,0.000000000,0.000000000,0.000000000,0.507042254,0.266622261,0.410874257,1.000000000,0.999554367,0.600000000,0.599732620,1.023315508,49.043941498,17.392707825,0.738138974,0.999999762,0.000637165,0.000103927,0.000075671
897,95.123000000,fused_map_f2f,1,1,0,0.049043650,0.017139666,1.000000000,1.000000000,0.100000000,0.010989011,0.010989011,0.036494510,0.002770083,1.000000000,0.000000000,0.000000000,0.000000000,0.000000000,0.000000000,0.466666667,0.179554238,0.351821695,1.000000000,1.000000000,0.590106007,0.590106007,1.022673734,49.183792114,17.393215179,0.738267243,0.999999762,0.000650584,0.000112024,0.000066801
898,95.216000000,fused_map_f2f,1,1,0,0.050492649,0.020592400,1.000000000,1.000000000,0.100000000,0.010989011,0.010989011,0.036500774,0.002770083,1.000000000,0.000000000,0.000000000,0.000000000,0.000000000,0.000000000,0.541666667,0.311238001,0.449495201,1.000000000,0.999553771,0.593103448,0.592838788,1.022855919,49.248336792,17.393545151,0.738224983,0.999999702,0.000732090,0.000093051,0.000063743
899,95.313000000,fused_map_f2f,1,1,0,0.048331354,0.016699761,1.000000000,1.000000000,0.100000000,0.010989011,0.010989011,0.036514977,0.002770083,1.000000000,0.000000000,0.000000000,0.000000000,0.000000000,0.000000000,0.472972973,0.275985138,0.394177839,1.000000000,0.999552973,0.599303136,0.599035231,1.023269015,49.422122955,17.392679214,0.738145709,0.999999881,0.000460342,0.000101077,0.000087429
900,95.434000000,fused_map_f2f,1,1,0,0.047456279,0.037961153,1.000000000,1.000000000,0.100000000,0.010989011,0.010989011,0.036536927,0.002770083,1.000000000,0.000000000,0.000000000,0.000000000,0.000000000,0.000000000,0.527777778,0.281575355,0.429296808,1.000000000,0.999108734,0.609154930,0.608612011,1.023907467,49.572868347,17.393438339,0.737854302,0.999999821,0.000561790,0.000079999,0.000087253
901,95.529000000,fused_map_f2f,1,1,0,0.047412966,0.016868466,1.000000000,1.000000000,0.100000000,0.010989011,0.010989011,0.036555521,0.002770083,1.000000000,0.000000000,0.000000000,0.000000000,0.000000000,0.000000000,0.493506494,0.281571038,0.408732311,1.000000000,1.000000000,0.616724739,0.616724739,1.024448316,49.632644653,17.392837524,0.738208115,0.999999821,0.000512331,0.000089965,0.000092723
902,95.624000000,fused_map_f2f,1,1,0,0.050534831,0.019145729,1.000000000,1.000000000,0.100000000,0.010989011,0.010989011,0.036549360,0.002770083,1.000000000,0.000000000,0.000000000,0.000000000,0.000000000,0.000000000,0.461538462,0.284944245,0.390900775,1.000000000,0.999110320,0.614583333,0.614036551,1.024269103,49.685531616,17.393560410,0.738160670,0.999999642,0.000814953,0.000078159,0.000143356
903,95.743000000,fused_map_f2f,1,1,0,0.051396405,0.026682364,1.000000000,1.000000000,0.100000000,0.010989011,0.010989011,0.036578346,0.002770083,1.000000000,0.000000000,0.000000000,0.000000000,0.000000000,0.000000000,0.468354430,0.255321379,0.383141210,1.000000000,0.999112689,0.627240143,0.626683586,1.025112239,49.767974854,17.392789841,0.738129675,0.999999821,0.000573974,0.000081706,0.000101703
904,95.842000000,fused_map_f2f,1,1,0,0.049361541,0.022819077,1.000000000,1.000000000,0.100000000,0.010989011,0.010989011,0.036524894,0.002770083,1.000000000,0.000000000,0.000000000,0.000000000,0.000000000,0.000000000,0.480519481,0.248551670,0.387732356,1.000000000,0.998668442,0.604166667,0.603362184,1.023557479,49.818069458,17.393684387,0.737602711,0.999999702,0.000763938,0.000147425,0.000135311
905,95.946000000,fused_map_f2f,1,1,0,0.052047200,0.016953301,1.000000000,1.000000000,0.100000000,0.010989011,0.010989011,0.036566132,0.002770083,1.000000000,0.000000000,0.000000000,0.000000000,0.000000000,0.000000000,0.467532468,0.245211669,0.378604148,1.000000000,0.999109924,0.621908127,0.621354582,1.024756972,49.873615265,17.393568039,0.737155974,0.999999702,0.000714847,0.000134889,0.000143673
906,96.045000000,fused_map_f2f,1,1,0,0.050286955,0.017569006,1.000000000,1.000000000,0.100000000,0.010989011,0.010989011,0.036512850,0.002770083,1.000000000,0.000000000,0.000000000,0.000000000,0.000000000,0.000000000,0.448717949,0.378960291,0.420814886,1.000000000,0.999111506,0.598639456,0.598107568,1.023207171,49.963916779,17.393306732,0.738072157,0.999999702,0.000783478,0.000089310,0.000074016
907,96.136000000,fused_map_f2f,1,1,0,0.050973411,0.022764380,1.000000000,1.000000000,0.100000000,0.010989011,0.010989011,0.036526795,0.002770083,1.000000000,0.000000000,0.000000000,0.000000000,0.000000000,0.000000000,0.450000000,0.286860860,0.384744344,1.000000000,0.999109924,0.604729730,0.604191475,1.023612765,50.021007538,17.393962860,0.737966359,0.999999523,0.000937624,0.000069751,0.000064405
908,96.231000000,fused_map_f2f,1,1,0,0.053758483,0.014442487,1.000000000,1.000000000,0.100000000,0.010989011,0.010989011,0.036535472,0.002770083,1.000000000,0.000000000,0.000000000,0.000000000,0.000000000,0.000000000,0.473684211,0.182958712,0.357394011,1.000000000,0.999555556,0.608247423,0.607977090,1.023865139,50.067718506,17.394313812,0.737950206,0.999999464,0.001016916,0.000043443,0.000112364
909,96.327000000,fused_map_f2f,1,1,0,0.051597332,0.021822188,1.000000000,1.000000000,0.100000000,0.010989011,0.010989011,0.036522244,0.002770083,1.000000000,0.000000000,0.000000000,0.000000000,0.000000000,0.000000000,0.481012658,0.256937395,0.391382553,1.000000000,0.999114260,0.602739726,0.602205856,1.023480390,50.206848145,17.394487381,0.738013446,0.999999523,0.000982325,0.000084837,0.000033078
910,96.414000000,fused_map_f2f,1,1,0,0.053640064,0.022727981,1.000000000,1.000000000,0.100000000,0.010989011,0.010989011,0.036548111,0.002770083,1.000000000,0.000000000,0.000000000,0.000000000,0.000000000,0.000000000,0.486842105,0.190316370,0.368231811,1.000000000,0.998223801,0.614583333,0.613491711,1.024232781,50.251506805,17.394933701,0.737752676,0.999999464,0.001010647,0.000067419,0.000022171
911,96.543000000,fused_map_f2f,1,1,0,0.054352182,0.034763625,1.000000000,1.000000000,0.100000000,0.010989011,0.010989011,0.036528643,0.002770083,1.000000000,0.000000000,0.000000000,0.000000000,0.000000000,0.000000000,0.473684211,0.250426641,0.384381183,1.000000000,0.999110320,0.605536332,0.604997599,1.023666507,50.347793579,17.395385742,0.737734556,0.999999464,0.001052951,0.000080739,0.000014677
912,96.641000000,fused_map_f2f,1,1,0,0.054986617,0.026267256,1.000000000,1.000000000,0.100000000,0.010989011,0.010989011,0.036525509,0.002770083,1.000000000,0.000000000,0.000000000,0.000000000,0.000000000,0.000000000,0.486842105,0.323696372,0.421583812,1.000000000,0.999112295,0.604166667,0.603630345,1.023575356,50.419738770,17.395368576,0.737961054,0.999999404,0.001054990,0.000075182,0.000006517
913,96.733000000,fused_map_f2f,1,1,0,0.056372147,0.019539705,1.000000000,1.000000000,0.100000000,0.010989011,0.010989011,0.036529100,0.002770083,1.000000000,0.000000000,0.000000000,0.000000000,0.000000000,0.000000000,0.486842105,0.275058947,0.402128842,1.000000000,0.998226950,0.606271777,0.605196827,1.023679788,50.464958191,17.395296097,0.737902462,0.999999285,0.001191230,0.000077933,0.000028047
914,96.832000000,fused_map_f2f,1,1,0,0.056268545,0.038111140,1.000000000,1.000000000,0.100000000,0.010989011,0.010989011,0.036538201,0.002770083,1.000000000,0.000000000,0.000000000,0.000000000,0.000000000,0.000000000,0.493333333,0.238398072,0.391359229,1.000000000,0.997774811,0.610526316,0.609167779,1.023944519,50.634429932,17.395130157,0.737818062,0.999999464,0.001046801,0.000053934,0.000009533
915,96.922000000,fused_map_f2f,1,1,0,0.055686220,0.020326021,1.000000000,1.000000000,0.100000000,0.010989011,0.010989011,0.036489481,0.002770083,1.000000000,0.000000000,0.000000000,0.000000000,0.000000000,0.000000000,0.486842105,0.261604304,0.396746985,1.000000000,0.995992876,0.590277778,0.587912462,1.022527497,50.793090820,17.395000458,0.737187684,0.999999702,0.000748272,0.000046950,-0.000019866
916,97.021000000,fused_map_f2f,1,1,0,0.057105623,0.027228830,1.000000000,1.000000000,0.100000000,0.010989011,0.010989011,0.036455994,0.002770083,1.000000000,0.000000000,0.000000000,0.000000000,0.000000000,0.000000000,0.487179487,0.248254548,0.391609512,1.000000000,0.995557530,0.575862069,0.573303819,1.021553588,50.848850250,17.395404816,0.736997724,0.999999642,0.000822717,0.000028843,-0.000042055
917,97.115000000,fused_map_f2f,1,1,0,0.056987247,0.012307154,1.000000000,1.000000000,0.100000000,0.010989011,0.010989011,0.036474231,0.002770083,1.000000000,0.000000000,0.000000000,0.000000000,0.000000000,0.000000000,0.513157895,0.284849948,0.421834716,1.000000000,0.996444444,0.583333333,0.581259259,1.022083951,50.961036682,17.394979477,0.737225413,0.999999762,0.000696252,0.000061939,-0.000009430
918,97.232000000,fused_map_f2f,1,1,0,0.057998372,0.030239040,1.000000000,1.000000000,0.100000000,0.010989011,0.010989011,0.036484515,0.002770083,1.000000000,0.000000000,0.000000000,0.000000000,0.000000000,0.000000000,0.430379747,0.230210319,0.350311976,1.000000000,0.996441281,0.587837838,0.585745888,1.022383059,51.035732269,17.395362854,0.737266243,0.999999702,0.000798839,0.000045079,0.000003357
919,97.330000000,fused_map_f2f,1,1,0,0.058880682,0.013804008,1.000000000,1.000000000,0.100000000,0.010989011,0.010989011,0.036544932,0.002770083,1.000000000,0.000000000,0.000000000,0.000000000,0.000000000,0.000000000,0.480000000,0.265597136,0.394238855,1.000000000,0.994227353,0.615658363,0.612104385,1.024140292,51.173740387,17.395328522,0.736494124,0.999999762,0.000673727,0.000053002,0.000002716
920,97.413000000,fused_map_f2f,1,1,0,0.059740569,0.025081837,1.000000000,1.000000000,0.100000000,0.010989011,0.010989011,0.036520332,0.002770083,1.000000000,0.000000000,0.000000000,0.000000000,0.000000000,0.000000000,0.526315789,0.275432537,0.425962488,1.000000000,0.996458610,0.603508772,0.601371512,1.023424767,51.231948853,17.395309448,0.736605108,0.999999702,0.000778075,0.000027893,0.000013507
921,97.543000000,fused_map_f2f,1,1,0,0.059441770,0.042081562,1.000000000,1.000000000,0.100000000,0.010989011,0.010989011,0.036502864,0.002770083,1.000000000,0.000000000,0.000000000,0.000000000,0.000000000,0.000000000,0.534246575,0.273384519,0.429901753,1.000000000,0.997782705,0.595070423,0.593750976,1.022916732,51.384368896,17.394926071,0.737146676,0.999999821,0.000532273,0.000055333,0.000019694
922,97.632000000,fused_map_f2f,1,1,0,0.060812206,0.025416519,0.996785017,0.996785017,0.100000000,0.011024064,0.011024064,0.036590291,0.002778993,1.000000000,0.000000000,0.000000000,0.000000000,0.000000000,0.000000000,0.487179487,0.200948230,0.372686984,1.000000000,0.996012406,0.584775087,0.582443241,1.022162883,51.456378937,17.394754410,0.736974716,0.999999821,0.000553540,0.000047293,0.000009887
923,97.729000000,fused_map_f2f,1,1,0,0.061082468,0.029083496,0.995715231,0.995715231,0.100000000,0.011035777,0.011035777,0.036652660,0.002781970,1.000000000,0.000000000,0.000000000,0.000000000,0.000000000,0.000000000,0.480519481,0.324503654,0.418113150,1.000000000,0.997782705,0.594405594,0.593087622,1.022872508,51.549884796,17.395055771,0.736738622,0.999999881,0.000426628,0.000064648,-0.000001266
924,97.816000000,fused_map_f2f,1,1,0,0.061418581,0.019479934,0.994384782,0.994384782,0.100000000,0.011050379,0.011050379,0.036717878,0.002785682,1.000000000,0.000000000,0.000000000,0.000000000,0.000000000,0.000000000,0.506493506,0.220680384,0.392168257,1.000000000,0.999113082,0.601423488,0.600890074,1.023392672,51.617294312,17.395446777,0.737015426,0.999999821,0.000628563,0.000019244,-0.000032936
925,97.937000000,fused_map_f2f,1,1,0,0.063264006,0.024951047,0.987079975,0.987079975,0.100000000,0.011131247,0.011131247,0.036895491,0.002806239,1.000000000,0.000000000,0.000000000,0.000000000,0.000000000,0.000000000,0.487179487,0.307408487,0.415271087,1.000000000,0.998230871,0.565656566,0.564655846,1.020977056,51.786293030,17.395225525,0.737018764,0.999999881,0.000448429,0.000050355,0.000045115
926,98.030000000,fused_map_f2f,1,1,0,0.062442523,0.024406991,0.990331679,0.990331679,0.100000000,0.011095103,0.011095103,0.036821744,0.002797051,1.000000000,0.000000000,0.000000000,0.000000000,0.000000000,0.000000000,0.456790123,0.299071478,0.393702665,1.000000000,0.997341604,0.584775087,0.583220523,1.022214702,51.865226746,17.395114899,0.737135410,0.999999881,0.000470403,0.000002183,0.000083725
927,98.118000000,fused_map_f2f,1,1,0,0.060780335,0.019122021,0.996911172,0.996911172,0.100000000,0.011022684,0.011022684,0.036561474,0.002778642,1.000000000,0.000000000,0.000000000,0.000000000,0.000000000,0.000000000,0.473684211,0.290834165,0.400544192,1.000000000,0.996455472,0.573883162,0.571849017,1.021456601,51.997947693,17.395566940,0.736841857,0.999999940,0.000329024,0.000060300,0.000019006
928,98.237000000,fused_map_f2f,1,1,0,0.061614828,0.026186122,0.993607973,0.993607973,0.100000000,0.011058923,0.011058923,0.036649470,0.002787854,1.000000000,0.000000000,0.000000000,0.000000000,0.000000000,0.000000000,0.506493506,0.222459481,0.392879896,1.000000000,0.996452328,0.561224490,0.559233449,1.020615563,52.167747498,17.395236969,0.736599863,0.999999940,0.000365476,0.000069296,0.000034636
929,98.331000000,fused_map_f2f,1,1,0,0.064335464,0.024286205,0.982838790,0.982838790,0.100000000,0.011178744,0.011178744,0.037020109,0.002818315,1.000000000,0.000000000,0.000000000,0.000000000,0.000000000,0.000000000,0.475000000,0.277304532,0.395921813,1.000000000,0.996902655,0.554054054,0.552337957,1.020155864,52.253532410,17.395053864,0.737338901,0.999999940,0.000374315,0.000055203,0.000041575
930,98.422000000,fused_map_f2f,1,1,0,0.063250834,0.019195820,0.987132115,0.987132115,0.100000000,0.011130665,0.011130665,0.036877923,0.002806092,1.000000000,0.000000000,0.000000000,0.000000000,0.000000000,0.000000000,0.486486486,0.240263423,0.387997261,1.000000000,0.995992876,0.560137457,0.557892917,1.020526194,52.354434967,17.395345688,0.737209797,0.999999940,0.000396538,0.000067547,0.000037390
931,98.513000000,fused_map_f2f,1,1,0,0.065869754,0.031160517,0.976765558,0.976765558,0.100000000,0.011247468,0.011247468,0.037281683,0.002835789,1.000000000,0.000000000,0.000000000,0.000000000,0.000000000,0.000000000,0.461538462,0.306262927,0.399428248,1.000000000,0.995569340,0.571929825,0.569395798,1.021293053,52.447380066,17.395158768,0.737453282,0.999999940,0.000391405,0.000069506,0.000034589
932,98.631000000,fused_map_f2f,1,1,0,0.064345905,0.033579796,0.982797458,0.982797458,0.100000000,0.011179208,0.011179208,0.037069600,0.002818433,1.000000000,0.000000000,0.000000000,0.000000000,0.000000000,0.000000000,0.468354430,0.333968678,0.414600130,1.000000000,0.997336884,0.574468085,0.572938210,1.021529214,52.583271027,17.395252228,0.737299204,0.999999881,0.000448237,0.000075929,0.000055761
933,98.727000000,fused_map_f2f,1,1,0,0.066579024,0.016740012,0.973958031,0.973958031,0.100000000,0.011279524,0.011279524,0.037376980,0.002843940,1.000000000,0.000000000,0.000000000,0.000000000,0.000000000,0.000000000,0.493333333,0.227351489,0.386940596,1.000000000,0.996444444,0.567944251,0.565924894,1.021061660,52.674541473,17.395565033,0.737468839,0.999999881,0.000473836,0.000012477,0.000045071
934,98.826000000,fused_map_f2f,1,1,0,0.064830420,0.021961010,0.980879587,0.980879587,0.100000000,0.011200822,0.011200822,0.037096468,0.002823928,1.000000000,0.000000000,0.000000000,0.000000000,0.000000000,0.000000000,0.541666667,0.278216465,0.436286586,1.000000000,0.999555358,0.554794521,0.554547836,1.020303189,52.774871826,17.395648956,0.737362027,0.999999881,0.000481519,0.000004950,0.000047799
935,98.917000000,fused_map_f2f,1,1,0,0.066760591,0.028704321,0.973239329,0.973239329,0.100000000,0.011287760,0.011287760,0.037392301,0.002846034,1.000000000,0.000000000,0.000000000,0.000000000,0.000000000,0.000000000,0.481012658,0.344375010,0.426357599,1.000000000,0.996449179,0.563139932,0.561140323,1.020742688,52.869293213,17.395713806,0.737333834,0.999999881,0.000487356,0.000071521,0.000031398
936,99.040000000,fused_map_f2f,1,1,0,0.063648318,0.048223828,0.985558743,0.985558743,0.100000000,0.011148236,0.011148236,0.036967629,0.002810559,1.000000000,0.000000000,0.000000000,0.000000000,0.000000000,0.000000000,0.462500000,0.212072054,0.362328821,1.000000000,0.996890271,0.573883162,0.572098540,1.021473236,53.034198761,17.396238327,0.737305462,0.999999762,0.000653391,0.000062143,0.000053521
937,99.131000000,fused_map_f2f,1,1,0,0.062269660,0.025961195,0.991015928,0.991015928,0.100000000,0.011087528,0.011087528,0.036717735,0.002795125,1.000000000,0.000000000,0.000000000,0.000000000,0.000000000,0.000000000,0.450000000,0.336513255,0.404605302,1.000000000,1.000000000,0.548821549,0.548821549,1.019921437,53.195552826,17.395645142,0.737433970,0.999999940,0.000393886,0.000069656,0.000033279
938,99.220000000,fused_map_f2f,1,1,0,0.064459185,0.040982598,0.982349060,0.982349060,0.100000000,0.011184254,0.011184254,0.037022575,0.002819716,1.000000000,0.000000000,0.000000000,0.000000000,0.000000000,0.000000000,0.467532468,0.235072836,0.374548615,1.000000000,0.997789567,0.546979866,0.545770803,1.019718054,53.280307770,17.395912170,0.737448096,0.999999881,0.000446937,0.000071531,0.000053359
939,99.345000000,fused_map_f2f,1,1,0,0.061435655,0.023260010,0.994317199,0.994317199,0.100000000,0.011051122,0.011051122,0.036630264,0.002785871,1.000000000,0.000000000,0.000000000,0.000000000,0.000000000,0.000000000,0.493670886,0.249443048,0.395979751,1.000000000,0.996901284,0.563573883,0.561827528,1.020788502,53.403846741,17.395898819,0.737983882,0.999999881,0.000484468,0.000022820,0.000115480
940,99.432000000,fused_map_f2f,1,1,0,0.063303075,0.033216969,0.986925330,0.986925330,0.100000000,0.011132971,0.011132971,0.036861122,0.002806678,1.000000000,0.000000000,0.000000000,0.000000000,0.000000000,0.000000000,0.468354430,0.233130652,0.374264919,1.000000000,0.996894410,0.549152542,0.547447100,1.019829807,53.488079071,17.395982742,0.737937450,0.999999881,0.000453338,-0.000021242,0.000143752
941,99.517000000,fused_map_f2f,1,1,0,0.062140907,0.018350214,0.991525578,0.991525578,0.100000000,0.011081892,0.011081892,0.036748191,0.002793692,1.000000000,0.000000000,0.000000000,0.000000000,0.000000000,0.000000000,0.461538462,0.301587030,0.397557889,1.000000000,0.995555556,0.572413793,0.569869732,1.021324649,53.596607208,17.395528793,0.737926602,0.999999821,0.000555835,0.000086441,0.000075549
942,99.614000000,fused_map_f2f,1,1,0,0.062899393,0.020014755,0.988523234,0.988523234,0.100000000,0.011115175,0.011115175,0.036858083,0.002802154,1.000000000,0.000000000,0.000000000,0.000000000,0.000000000,0.000000000,0.468354430,0.317266803,0.407919380,1.000000000,0.998225377,0.571917808,0.570902870,1.021393525,53.684848785,17.395698547,0.738215148,0.999999762,0.000639228,0.000093691,0.000082130
943,99.742000000,fused_map_f2f,1,1,0,0.062336934,0.022824670,0.990749636,0.990749636,0.100000000,0.011090475,0.011090475,0.036747507,0.002795874,1.000000000,0.000000000,0.000000000,0.000000000,0.000000000,0.000000000,0.456790123,0.283783873,0.387587623,1.000000000,0.996894410,0.559322034,0.557585009,1.020505667,53.809833527,17.396133423,0.738748491,0.999999821,0.000567803,0.000055944,-0.000003603
944,99.837000000,fused_map_f2f,1,1,0,0.064634424,0.023402549,0.981655406,0.981655406,0.100000000,0.011192069,0.011192069,0.037062806,0.002821703,1.000000000,0.000000000,0.000000000,0.000000000,0.000000000,0.000000000,0.487500000,0.225949407,0.382879763,1.000000000,0.997341604,0.553691275,0.552219344,1.020147956,53.942234039,17.396240234,0.738042355,0.999999881,0.000430721,0.000102550,0.000048595
945,99.938000000,fused_map_f2f,1,1,0,0.062113348,0.020227395,0.991634666,0.991634666,0.100000000,0.011080686,0.011080686,0.036694182,0.002793386,1.000000000,0.000000000,0.000000000,0.000000000,0.000000000,0.000000000,0.433734940,0.254475081,0.362030996,1.000000000,0.998227736,0.549152542,0.548179299,1.019878620,54.027725220,17.395807266,0.738185167,0.999999881,0.000427650,0.000021246,0.000107301
946,100.032000000,fused_map_f2f,1,1,0,0.064068263,0.025852977,0.983896457,0.983896457,0.100000000,0.011166861,0.011166861,0.036926318,0.002815294,1.000000000,0.000000000,0.000000000,0.000000000,0.000000000,0.000000000,0.455696203,0.308149824,0.396677651,1.000000000,0.998671979,0.529209622,0.528506820,1.018567121,54.226432800,17.396774292,0.738308966,0.999999821,0.000584456,0.000064624,0.000085724
947,100.121000000,fused_map_f2f,1,1,0,0.062909255,0.017907750,0.988484199,0.988484199,0.100000000,0.011115609,0.011115609,0.036764319,0.002802264,1.000000000,0.000000000,0.000000000,0.000000000,0.000000000,0.000000000,0.487500000,0.211759782,0.377203913,1.000000000,0.997340426,0.531250000,0.529837101,1.018655807,54.413017273,17.395980835,0.738571584,0.999999940,0.000200090,0.000069556,0.000063483
948,100.217000000,fused_map_f2f,1,1,0,0.062182974,0.028680436,0.991359060,0.991359060,0.100000000,0.011083732,0.011083732,0.036655436,0.002794160,1.000000000,0.000000000,0.000000000,0.000000000,0.000000000,0.000000000,0.455696203,0.310930889,0.397790077,1.000000000,0.999557522,0.527397260,0.527163899,1.018477593,54.570453644,17.395078659,0.738273144,1.000000000,-0.000066842,0.000070280,0.000080095
949,100.333000000,fused_map_f2f,1,1,0,0.064479528,0.023464527,0.982268535,0.982268535,0.100000000,0.011185161,0.011185161,0.036973599,0.002819946,1.000000000,0.000000000,0.000000000,0.000000000,0.000000000,0.000000000,0.450000000,0.256051404,0.372420562,1.000000000,0.999113082,0.523972603,0.523507882,1.018233859,54.687820435,17.394969940,0.738080740,1.000000000,0.000020723,0.000070179,0.000092254
950,100.417000000,fused_map_f2f,1,1,0,0.062543196,0.020785269,0.989933184,0.989933184,0.100000000,0.011099520,0.011099520,0.036696183,0.002798174,1.000000000,0.000000000,0.000000000,0.000000000,0.000000000,0.000000000,0.426829268,0.336662428,0.390762532,1.000000000,0.998671979,0.523489933,0.522794727,1.018186315,54.770626068,17.395189285,0.737917781,1.000000000,-0.000093104,0.000074395,0.000086449
951,100.540000000,fused_map_f2f,1,1,0,0.065005405,0.022972197,0.980186937,0.980186937,0.100000000,0.011208648,0.011208648,0.037105232,0.002825918,1.000000000,0.000000000,0.000000000,0.000000000,0.000000000,0.000000000,0.432098765,0.277663137,0.370324514,1.000000000,0.997343958,0.548951049,0.547493012,1.019832867,54.890243530,17.395416260,0.738037050,1.000000000,-0.000127142,0.000053359,0.000104981
952,100.629000000,fused_map_f2f,1,1,0,0.060775461,0.024788887,0.996930467,0.996930467,0.100000000,0.011022473,0.011022473,0.036480528,0.002778588,1.000000000,0.000000000,0.000000000,0.000000000,0.000000000,0.000000000,0.432098765,0.297764601,0.378365100,1.000000000,0.999112689,0.537414966,0.536938112,1.019129207,54.982650757,17.395490646,0.738431513,0.999999940,-0.000199959,0.000082675,0.000092468
953,100.713000000,fused_map_f2f,1,1,0,0.062628729,0.018953893,0.989594616,0.989594616,0.100000000,0.011103275,0.011103275,0.036771861,0.002799128,1.000000000,0.000000000,0.000000000,0.000000000,0.000000000,0.000000000,0.455696203,0.265825441,0.379747898,1.000000000,0.997345133,0.551724138,0.550259384,1.020017292,55.049003601,17.395395279,0.738709986,0.999999940,-0.000258534,0.000053917,0.000077058
954,100.845000000,fused_map_f2f,1,1,0,0.061113965,0.019994222,0.995590557,0.995590557,0.100000000,0.011037144,0.011037144,0.036541874,0.002782318,1.000000000,0.000000000,0.000000000,0.000000000,0.000000000,0.000000000,0.468354430,0.208127269,0.364263566,1.000000000,0.995569340,0.545454545,0.543037822,1.019535855,55.184902191,17.395063400,0.738586962,0.999999940,-0.000133018,0.000093854,0.000090200
955,100.935000000,fused_map_f2f,1,1,0,0.064495111,0.016723975,0.982206852,0.982206852,0.100000000,0.011185855,0.011185855,0.037019211,0.002820123,1.000000000,0.000000000,0.000000000,0.000000000,0.000000000,0.000000000,0.474358974,0.302039703,0.405431266,1.000000000,0.997349823,0.543554007,0.542113493,1.019474233,55.264141083,17.395114899,0.738599539,1.000000000,-0.000160603,0.000092239,0.000051039
956,101.019000000,fused_map_f2f,1,1,0,0.062476113,0.029780779,0.990198721,0.990198721,0.100000000,0.011096576,0.011096576,0.036674402,0.002797425,1.000000000,0.000000000,0.000000000,0.000000000,0.000000000,0.000000000,0.448717949,0.167685335,0.336304903,1.000000000,0.998233216,0.518394649,0.517478757,1.017831917,55.392639160,17.395036697,0.738829613,0.999999940,-0.000197732,0.000076329,0.000134856
957,101.114000000,fused_map_f2f,1,1,0,0.063647940,0.017097862,0.985560239,0.985560239,0.100000000,0.011148220,0.011148220,0.036877427,0.002810554,1.000000000,0.000000000,0.000000000,0.000000000,0.000000000,0.000000000,0.493670886,0.354083535,0.437835946,1.000000000,0.998235554,0.534246575,0.533303926,1.018886928,55.566692352,17.395984650,0.738734782,0.999999940,-0.000180830,0.000069388,0.000117816
958,101.230000000,fused_map_f2f,1,1,0,0.063924986,0.024455146,0.984463597,0.984463597,0.100000000,0.011160500,0.011160500,0.036970969,0.002813676,1.000000000,0.000000000,0.000000000,0.000000000,0.000000000,0.000000000,0.474358974,0.237489515,0.379611191,1.000000000,0.998237109,0.557491289,0.556508493,1.020433900,55.670536041,17.395830154,0.738945305,0.999999881,-0.000395942,0.000049473,0.000131058
959,101.318000000,fused_map_f2f,1,1,0,0.061320769,0.020548848,0.994771954,0.994771954,0.100000000,0.011046126,0.011046126,0.036564260,0.002784601,1.000000000,0.000000000,0.000000000,0.000000000,0.000000000,0.000000000,0.467532468,0.226910041,0.371283497,1.000000000,0.997784670,0.541379310,0.540179976,1.019345332,55.801540375,17.395549774,0.739538431,0.999999940,-0.000216931,0.000061016,0.000189217
960,101.413000000,fused_map_f2f,1,1,0,0.062459091,0.019774774,0.990266099,0.990266099,0.100000000,0.011095830,0.011095830,0.036730950,0.002797236,1.000000000,0.000000000,0.000000000,0.000000000,0.000000000,0.000000000,0.439024390,0.277356828,0.374357365,1.000000000,0.998233216,0.543918919,0.542957931,1.019530529,55.888862610,17.396352768,0.738680124,0.999999940,-0.000109198,0.000064414,0.000146613
961,101.528000000,fused_map_f2f,1,1,0,0.060549485,0.017956785,0.997824955,0.997824955,0.100000000,0.011012701,0.011012701,0.036481369,0.002776105,1.000000000,0.000000000,0.000000000,0.000000000,0.000000000,0.000000000,0.466666667,0.326935826,0.410774331,1.000000000,1.000000000,0.551020408,0.551020408,1.020068027,56.006340027,17.395793915,0.739590347,0.999999940,-0.000188777,0.000044320,0.000176119
962,101.638000000,fused_map_f2f,1,1,0,0.062345393,0.021887418,0.990716151,0.990716151,0.100000000,0.011090845,0.011090845,0.036652749,0.002795969,1.000000000,0.000000000,0.000000000,0.000000000,0.000000000,0.000000000,0.439024390,0.242537136,0.360429489,1.000000000,0.998676665,0.516778523,0.516094652,1.017739643,56.181419373,17.395456314,0.739201665,0.999999881,-0.000469980,0.000055519,0.000196409
963,101.744000000,fused_map_f2f,1,1,0,0.063226426,0.018870121,0.987228732,0.987228732,0.100000000,0.011129588,0.011129588,0.036813171,0.002805818,1.000000000,0.000000000,0.000000000,0.000000000,0.000000000,0.000000000,0.474358974,0.186984697,0.359409263,1.000000000,0.998233996,0.532423208,0.531482946,1.018765530,56.268203735,17.396326065,0.739733279,0.999999881,-0.000375176,-0.000028958,0.000133791
964,101.838000000,fused_map_f2f,1,1,0,0.063037874,0.019704691,0.987975081,0.987975081,0.100000000,0.011121274,0.011121274,0.036799875,0.002803704,1.000000000,0.000000000,0.000000000,0.000000000,0.000000000,0.000000000,0.443037975,0.265443379,0.372000136,1.000000000,0.997343958,0.538732394,0.537301498,1.019153433,56.344718933,17.395942688,0.740041494,0.999999881,-0.000498112,-0.000058123,0.000171535
965,101.941000000,fused_map_f2f,1,1,0,0.061706212,0.028570489,0.993246244,0.993246244,0.100000000,0.011062906,0.011062906,0.036655047,0.002788866,1.000000000,0.000000000,0.000000000,0.000000000,0.000000000,0.000000000,0.435897436,0.299729558,0.381430285,1.000000000,0.997352162,0.557553957,0.556077645,1.020405176,56.442584991,17.395929337,0.738732696,0.999999940,-0.000243313,0.000062205,0.000167236
966,102.037000000,fused_map_f2f,1,1,0,0.060533996,0.022454897,0.997886265,0.997886265,0.100000000,0.011012032,0.011012032,0.036397162,0.002775934,1.000000000,0.000000000,0.000000000,0.000000000,0.000000000,0.000000000,0.454545455,0.342984892,0.409921230,1.000000000,0.997790544,0.516447368,0.515306300,1.017687087,56.588356018,17.396158218,0.739253104,0.999999881,-0.000434212,0.000062395,0.000172066
967,102.127000000,fused_map_f2f,1,1,0,0.061050630,0.023589737,0.995841256,0.995841256,0.100000000,0.011034396,0.011034396,0.036508986,0.002781619,1.000000000,0.000000000,0.000000000,0.000000000,0.000000000,0.000000000,0.454545455,0.210071878,0.356756024,1.000000000,0.996917657,0.534246575,0.532599844,1.018839990,56.654956818,17.396047592,0.739520729,0.999999821,-0.000598795,0.000031753,0.000187688
968,102.213000000,fused_map_f2f,1,1,0,0.060119801,0.019243050,0.999525787,0.999525787,0.100000000,0.010994167,0.010994167,0.036337712,0.002771394,1.000000000,0.000000000,0.000000000,0.000000000,0.000000000,0.000000000,0.434210526,0.299134322,0.380180044,1.000000000,0.998677832,0.515151515,0.514470398,1.017631360,56.811721802,17.395944595,0.739815176,0.999999821,-0.000581924,0.000063878,0.000184328
969,102.335000000,fused_map_f2f,1,1,0,0.060767632,0.019688855,0.996961456,0.996961456,0.100000000,0.011022134,0.011022134,0.036426789,0.002778502,1.000000000,0.000000000,0.000000000,0.000000000,0.000000000,0.000000000,0.423076923,0.283203240,0.367127450,1.000000000,0.998237109,0.514950166,0.514042365,1.017602824,56.991436005,17.396001816,0.739001632,0.999999762,-0.000668403,0.000047233,0.000203752
970,102.416000000,fused_map_f2f,1,1,0,0.061425868,0.023605124,0.994355938,0.994355938,0.100000000,0.011050696,0.011050696,0.036524585,0.002785763,1.000000000,0.000000000,0.000000000,0.000000000,0.000000000,0.000000000,0.430379747,0.222179542,0.347099665,1.000000000,0.996485062,0.518394649,0.516572524,1.017771502,57.047645569,17.395849228,0.739157975,0.999999642,-0.000808319,0.000024850,0.000223796
971,102.538000000,fused_map_f2f,1,1,0,0.060116853,0.016903247,0.999537458,0.999537458,0.100000000,0.010994040,0.010994040,0.036356880,0.002771361,1.000000000,0.000000000,0.000000000,0.000000000,0.000000000,0.000000000,0.425000000,0.245621446,0.353248579,1.000000000,0.996040475,0.525083612,0.523004530,1.018200302,57.159950256,17.396411896,0.738702416,0.999999762,-0.000612092,0.000049199,0.000220919
972,102.632000000,fused_map_f2f,1,1,0,0.061570913,0.016363043,0.993781803,0.993781803,0.100000000,0.011057010,0.011057010,0.036567956,0.002787367,1.000000000,0.000000000,0.000000000,0.000000000,0.000000000,0.000000000,0.444444444,0.367374460,0.413616451,1.000000000,0.996471107,0.528428094,0.526563328,1.018437555,57.226894379,17.396051407,0.739119530,0.999999583,-0.000876777,0.000046492,0.000218348
973,102.723000000,fused_map_f2f,1,1,0,0.063919433,0.022249648,0.984485576,0.984485576,0.100000000,0.011160253,0.011160253,0.036984869,0.002813614,1.000000000,0.000000000,0.000000000,0.000000000,0.000000000,0.000000000,0.455696203,0.167263865,0.340323268,1.000000000,0.996031746,0.565068493,0.562826158,1.020855077,57.283412933,17.397382736,0.739708602,0.999999762,-0.000647250,0.000035594,0.000215117
974,102.836000000,fused_map_f2f,1,1,0,0.061336481,0.022088724,0.994709762,0.994709762,0.100000000,0.011046809,0.011046809,0.036598014,0.002784774,1.000000000,0.000000000,0.000000000,0.000000000,0.000000000,0.000000000,0.425000000,0.166957293,0.321782917,1.000000000,0.995614035,0.556313993,0.553874020,1.020258268,57.377471924,17.396707535,0.738929689,0.999999642,-0.000774984,0.000054307,0.000211164
975,102.934000000,fused_map_f2f,1,1,0,0.065026112,0.028748345,0.980104974,0.980104974,0.100000000,0.011209575,0.011209575,0.037190302,0.002826154,1.000000000,0.000000000,0.000000000,0.000000000,0.000000000,0.000000000,0.467532468,0.237243529,0.375416892,1.000000000,0.997809899,0.583916084,0.582637249,1.022175817,57.432777405,17.396820068,0.738533795,0.999999702,-0.000707006,0.000137441,0.000066129
976,103.016000000,fused_map_f2f,1,1,0,0.062434696,0.026021648,0.990362662,0.990362662,0.100000000,0.011094760,0.011094760,0.036830119,0.002796964,1.000000000,0.000000000,0.000000000,0.000000000,0.000000000,0.000000000,0.454545455,0.205769866,0.355035219,1.000000000,0.999120879,0.587837838,0.587321057,1.022488070,57.472988129,17.396501541,0.738831758,0.999999642,-0.000814518,0.000108966,0.000098291
977,103.133000000,fused_map_f2f,1,1,0,0.063100532,0.015458822,0.987727062,0.987727062,0.100000000,0.011124035,0.011124035,0.036949516,0.002804406,1.000000000,0.000000000,0.000000000,0.000000000,0.000000000,0.000000000,0.448717949,0.272124402,0.378080530,1.000000000,0.997799296,0.599315068,0.597996153,1.023199744,57.547416687,17.395845413,0.739212751,0.999999404,-0.001036811,0.000119524,0.000190805
978,103.223000000,fused_map_f2f,1,1,0,0.061877206,0.013242602,0.992569392,0.992569392,0.100000000,0.011070367,0.011070367,0.036783048,0.002790763,1.000000000,0.000000000,0.000000000,0.000000000,0.000000000,0.000000000,0.448717949,0.282989806,0.382426692,1.000000000,0.997355663,0.602693603,0.601099878,1.023406659,57.599334717,17.396272659,0.739659607,0.999999523,-0.000958347,0.000072663,0.000191718
979,103.338000000,fused_map_f2f,1,1,0,0.064453775,0.023653985,0.982370474,0.982370474,0.100000000,0.011184013,0.011184013,0.037225372,0.002819655,1.000000000,0.000000000,0.000000000,0.000000000,0.000000000,0.000000000,0.461538462,0.200521846,0.357131815,1.000000000,0.997350993,0.634812287,0.633130665,1.025542044,57.662685394,17.396694183,0.738987744,0.999999642,-0.000815086,0.000065588,0.000197718
980,103.416000000,fused_map_f2f,1,1,0,0.063534024,0.018401910,0.986011156,0.986011156,0.100000000,0.011143178,0.011143178,0.037064151,0.002809273,1.000000000,0.000000000,0.000000000,0.000000000,0.000000000,0.000000000,0.387500000,0.231954569,0.325281828,1.000000000,0.996469550,0.622895623,0.620696521,1.024713101,57.797851562,17.396520615,0.739471197,0.999999583,-0.000908232,0.000061713,0.000227667
981,103.517000000,fused_map_f2f,1,1,0,0.061840702,0.011562461,0.992713890,0.992713890,0.100000000,0.011068773,0.011068773,0.036846666,0.002790358,1.000000000,0.000000000,0.000000000,0.000000000,0.000000000,0.000000000,0.441558442,0.236291374,0.359451615,1.000000000,0.997789567,0.632302405,0.630904743,1.025393650,57.847633362,17.396959305,0.739764214,0.999999583,-0.000844003,0.000028902,0.000222292
982,103.634000000,fused_map_f2f,1,1,0,0.062671679,0.016068689,0.989424605,0.989424605,0.100000000,0.011105162,0.011105162,0.036959858,0.002799608,1.000000000,0.000000000,0.000000000,0.000000000,0.000000000,0.000000000,0.441558442,0.267803628,0.372056516,1.000000000,0.997356828,0.630508475,0.628841932,1.025256129,57.994148254,17.397281647,0.739591956,0.999999464,-0.001010171,0.000063350,0.000213341
983,103.717000000,fused_map_f2f,1,1,0,0.063052138,0.022078786,0.987918622,0.987918622,0.100000000,0.011121902,0.011121902,0.036995467,0.002803864,1.000000000,0.000000000,0.000000000,0.000000000,0.000000000,0.000000000,0.402439024,0.218945955,0.329041797,1.000000000,0.997345133,0.622448980,0.620796460,1.024719764,58.036182404,17.397394180,0.739686191,0.999999404,-0.001042348,0.000077078,0.000221416
984,103.838000000,fused_map_f2f,1,1,0,0.063694726,0.011969586,0.985375041,0.985375041,0.100000000,0.011150292,0.011150292,0.037049263,0.002811081,1.000000000,0.000000000,0.000000000,0.000000000,0.000000000,0.000000000,0.467532468,0.285560326,0.394743611,1.000000000,0.996033495,0.606779661,0.604372866,1.023624858,58.094036102,17.397258759,0.739784122,0.999999285,-0.001164670,0.000055721,0.000232133
985,103.926000000,fused_map_f2f,1,1,0,0.061367130,0.016634497,0.994588443,0.994588443,0.100000000,0.011048142,0.011048142,0.036675663,0.002785113,1.000000000,0.000000000,0.000000000,0.000000000,0.000000000,0.000000000,0.428571429,0.276988521,0.367938266,1.000000000,0.996036988,0.588039867,0.585709458,1.022380631,58.180652618,17.396923065,0.739198089,0.999999344,-0.001118864,0.000070518,0.000236701
986,104.035000000,fused_map_f2f,1,1,0,0.063173813,0.021098410,0.987436989,0.987436989,0.100000000,0.011127267,0.011127267,0.036933877,0.002805228,1.000000000,0.000000000,0.000000000,0.000000000,0.000000000,0.000000000,0.480519481,0.346443999,0.426889288,1.000000000,0.997798327,0.588039867,0.586745195,1.022449680,58.237438202,17.397298813,0.739095271,0.999999225,-0.001205143,0.000073028,0.000218894
987,104.164000000,fused_map_f2f,1,1,0,0.062224725,0.012607026,0.991193797,0.991193797,0.100000000,0.011085560,0.011085560,0.036784552,0.002794625,1.000000000,0.000000000,0.000000000,0.000000000,0.000000000,0.000000000,0.430379747,0.143886630,0.315782500,1.000000000,0.995583039,0.583050847,0.580475535,1.022031702,58.365821838,17.397752762,0.739224851,0.999999166,-0.001247286,0.000064111,0.000238009
988,104.222000000,fused_map_f2f,1,1,0,0.061086813,0.020711210,0.995698030,0.995698030,0.100000000,0.011035966,0.011035966,0.036664449,0.002782018,1.000000000,0.000000000,0.000000000,0.000000000,0.000000000,0.000000000,0.441558442,0.220547707,0.353154148,1.000000000,0.994257951,0.601398601,0.597945341,1.023196356,58.403842926,17.397630692,0.739172697,0.999999106,-0.001300003,0.000069954,0.000236556
989,104.333000000,fused_map_f2f,1,1,0,0.061781085,0.014883780,0.992949872,0.992949872,0.100000000,0.011066172,0.011066172,0.036738049,0.002789696,1.000000000,0.000000000,0.000000000,0.000000000,0.000000000,0.000000000,0.444444444,0.252739040,0.367762283,1.000000000,0.997350993,0.589041096,0.587480722,1.022498715,58.462600708,17.397453308,0.739178181,0.999999166,-0.001262932,0.000084110,0.000244116
990,104.420000000,fused_map_f2f,1,1,0,0.062148316,0.022616572,0.991496248,0.991496248,0.100000000,0.011082216,0.011082216,0.036750003,0.002793775,1.000000000,0.000000000,0.000000000,0.000000000,0.000000000,0.000000000,0.430379747,0.226365567,0.348774075,1.000000000,0.998675497,0.570957096,0.570200861,1.021346724,58.540618896,17.397117615,0.739008367,0.999999046,-0.001346062,0.000076174,0.000242441
991,104.524000000,fused_map_f2f,1,1,0,0.062066878,0.015660398,0.991818608,0.991818608,0.100000000,0.011078654,0.011078654,0.036757632,0.002792869,1.000000000,0.000000000,0.000000000,0.000000000,0.000000000,0.000000000,0.450000000,0.212414685,0.354965874,1.000000000,0.996464870,0.580536913,0.578484639,1.021898976,58.609611511,17.397464752,0.739653826,0.999999046,-0.001356433,0.000086014,0.000218212
992,104.626000000,fused_map_f2f,1,1,0,0.064015240,0.020715292,0.984106342,0.984106342,0.100000000,0.011164506,0.011164506,0.037042057,0.002814695,1.000000000,0.000000000,0.000000000,0.000000000,0.000000000,0.000000000,0.454545455,0.215992393,0.359124230,1.000000000,0.997350993,0.583050847,0.581506342,1.022100423,58.680618286,17.397588730,0.739820898,0.999999046,-0.001360774,0.000053450,0.000263882
993,104.730000000,fused_map_f2f,1,1,0,0.061686986,0.021415623,0.993322349,0.993322349,0.100000000,0.011062068,0.011062068,0.036736740,0.002788653,1.000000000,0.000000000,0.000000000,0.000000000,0.000000000,0.000000000,0.467532468,0.223895703,0.370077762,1.000000000,0.996913580,0.594501718,0.592666836,1.022844456,58.778160095,17.397506714,0.739327788,0.999998987,-0.001385752,0.000100139,0.000238540
994,104.813000000,fused_map_f2f,1,1,0,0.060752972,0.022382631,0.997019484,0.997019484,0.100000000,0.011021500,0.011021500,0.036581727,0.002778341,1.000000000,0.000000000,0.000000000,0.000000000,0.000000000,0.000000000,0.430379747,0.252431132,0.359200301,1.000000000,0.997783688,0.583617747,0.582324268,1.022154951,58.830368042,17.396924973,0.739854574,0.999998689,-0.001580280,0.000099099,0.000361892
995,104.923000000,fused_map_f2f,1,1,0,0.061550002,0.018217547,0.993864574,0.993864574,0.100000000,0.011056099,0.011056099,0.036675521,0.002787136,1.000000000,0.000000000,0.000000000,0.000000000,0.000000000,0.000000000,0.435897436,0.182298102,0.334457702,1.000000000,0.996902655,0.576271186,0.574486276,1.021632418,58.984558105,17.397842407,0.738666952,0.999999106,-0.001292579,0.000096133,0.000234614
996,105.040000000,fused_map_f2f,1,1,0,0.062082309,0.017547990,0.991757527,0.991757527,0.100000000,0.011079329,0.011079329,0.036807812,0.002793041,1.000000000,0.000000000,0.000000000,0.000000000,0.000000000,0.000000000,0.460526316,0.325431678,0.406488461,1.000000000,0.996452328,0.601398601,0.599265037,1.023284336,59.076217651,17.397706985,0.739038944,0.999999106,-0.001274614,0.000055518,0.000269246
997,105.127000000,fused_map_f2f,1,1,0,0.061195743,0.023210577,0.995266852,0.995266852,0.100000000,0.011040694,0.011040694,0.036645709,0.002783220,1.000000000,0.000000000,0.000000000,0.000000000,0.000000000,0.000000000,0.447368421,0.187412474,0.343386042,1.000000000,0.998231653,0.584192440,0.583159385,1.022210626,59.192420959,17.397224426,0.739018440,0.999998868,-0.001469368,0.000093950,0.000238181
998,105.233000000,fused_map_f2f,1,1,0,0.062344679,0.018422968,0.990718979,0.990718979,0.100000000,0.011090814,0.011090814,0.036819537,0.002795961,1.000000000,0.000000000,0.000000000,0.000000000,0.000000000,0.000000000,0.455696203,0.295407013,0.391580527,1.000000000,0.997341604,0.589830508,0.588262505,1.022550834,59.268886566,17.397409439,0.739376366,0.999998868,-0.001479296,0.000092310,0.000234808
999,105.315000000,fused_map_f2f,1,1,0,0.063468976,0.022749785,0.986268637,0.986268637,0.100000000,0.011140302,0.011140302,0.037009972,0.002808541,1.000000000,0.000000000,0.000000000,0.000000000,0.000000000,0.000000000,0.500000000,0.225983767,0.390393507,1.000000000,0.996460177,0.603508772,0.601372458,1.023424831,59.365131378,17.397508621,0.738848507,0.999999046,-0.001350554,0.000094477,0.000243668
1000,105.433000000,fused_map_f2f,1,1,0,0.063796716,0.015437604,0.984971332,0.984971332,0.100000000,0.011154811,0.011154811,0.037047416,0.002812230,1.000000000,0.000000000,0.000000000,0.000000000,0.000000000,0.000000000,0.460526316,0.284951292,0.390296306,1.000000000,0.997780737,0.598615917,0.597287431,1.023152495,59.457046509,17.398097992,0.739338696,0.999999225,-0.001245975,0.000092972,0.000203322
1001,105.513000000,fused_map_f2f,1,1,0,0.065781026,0.015713131,0.977116771,0.977116771,0.100000000,0.011243471,0.011243471,0.037277151,0.002834772,1.000000000,0.000000000,0.000000000,0.000000000,0.000000000,0.000000000,0.480519481,0.266952379,0.395092640,1.000000000,0.996899911,0.574750831,0.572969052,1.021531270,59.535083771,17.398710251,0.738684475,0.999999285,-0.001149540,0.000097931,0.000210275
1002,105.623000000,fused_map_f2f,1,1,0,0.061242915,0.017422225,0.995080129,0.995080129,0.100000000,0.011042743,0.011042743,0.036641855,0.002783741,1.000000000,0.000000000,0.000000000,0.000000000,0.000000000,0.000000000,0.461538462,0.215272428,0.363032048,1.000000000,0.999109924,0.579124579,0.578609114,1.021907274,59.618057251,17.398538589,0.739218712,0.999999166,-0.001280125,0.000078608,0.000231633
1003,105.730000000,fused_map_f2f,1,1,0,0.065246449,0.022144071,0.979232805,0.979232805,0.100000000,0.011219447,0.011219447,0.037237174,0.002828664,1.000000000,0.000000000,0.000000000,0.000000000,0.000000000,0.000000000,0.513513514,0.248106392,0.407350665,1.000000000,0.994229916,0.592465753,0.589047176,1.022603145,59.700454712,17.398200989,0.739566982,0.999999046,-0.001341865,0.000112832,0.000341992
1004,105.837000000,fused_map_f2f,1,1,0,0.061515900,0.017529774,0.993999563,0.993999563,0.100000000,0.011054615,0.011054615,0.036653945,0.002786759,1.000000000,0.000000000,0.000000000,0.000000000,0.000000000,0.000000000,0.480519481,0.304662999,0.410176888,1.000000000,0.995102404,0.570000000,0.567208370,1.021147225,59.780467987,17.398815155,0.739763141,0.999999046,-0.001314256,0.000072319,0.000390496
1005,105.915000000,fused_map_f2f,1,1,0,0.062271302,0.014995726,0.991009430,0.991009430,0.100000000,0.011087599,0.011087599,0.036757883,0.002795143,1.000000000,0.000000000,0.000000000,0.000000000,0.000000000,0.000000000,0.467532468,0.276971982,0.391308273,1.000000000,0.996446024,0.568106312,0.566087276,1.021072485,59.841365814,17.398391724,0.739265203,0.999998987,-0.001412214,0.000120595,0.000229008
1006,106.021000000,fused_map_f2f,1,1,0,0.063022681,0.017195581,0.988035221,0.988035221,0.100000000,0.011120604,0.011120604,0.036875475,0.002803534,1.000000000,0.000000000,0.000000000,0.000000000,0.000000000,0.000000000,0.481012658,0.293246157,0.405906058,1.000000000,0.996439697,0.572881356,0.570841725,1.021389448,59.946346283,17.398662567,0.739610434,0.999999225,-0.001241046,0.000148914,0.000206499
1007,106.132000000,fused_map_f2f,1,1,0,0.062569316,0.019533367,0.989829791,0.989829791,0.100000000,0.011100666,0.011100666,0.036807664,0.002798465,1.000000000,0.000000000,0.000000000,0.000000000,0.000000000,0.000000000,0.456790123,0.236666701,0.368740754,1.000000000,0.995557530,0.571906355,0.569365678,1.021291045,60.039367676,17.399005890,0.739799201,0.999999225,-0.001234347,0.000098250,0.000216806
1008,106.235000000,fused_map_f2f,1,1,0,0.060516635,0.018604457,0.997954987,0.997954987,0.100000000,0.011011282,0.011011282,0.036474480,0.002775744,1.000000000,0.000000000,0.000000000,0.000000000,0.000000000,0.000000000,0.469135802,0.217537225,0.368496371,1.000000000,0.997316637,0.551495017,0.550015155,1.020001010,60.179286957,17.398138046,0.739245236,0.999999046,-0.001336032,0.000138252,0.000205675
1009,106.331000000,fused_map_f2f,1,1,0,0.062917766,0.018053360,0.988450511,0.988450511,0.100000000,0.011115984,0.011115984,0.036832677,0.002802359,1.000000000,0.000000000,0.000000000,0.000000000,0.000000000,0.000000000,0.474358974,0.299708213,0.404498670,1.000000000,0.996436526,0.560810811,0.558812376,1.020587492,60.254695892,17.397743225,0.739760041,0.999998748,-0.001553869,0.000119880,0.000242154
1010,106.437000000,fused_map_f2f,1,1,0,0.061154610,0.016420276,0.995429670,0.995429670,0.100000000,0.011038908,0.011038908,0.036583152,0.002782766,1.000000000,0.000000000,0.000000000,0.000000000,0.000000000,0.000000000,0.481012658,0.270200682,0.396687868,1.000000000,0.997311828,0.560000000,0.558494624,1.020566308,60.404590607,17.397994995,0.739412487,0.999999106,-0.001318551,0.000128765,0.000192285
1011,106.513000000,fused_map_f2f,1,1,0,0.062726820,0.029638862,0.989206339,0.989206339,0.100000000,0.011107585,0.011107585,0.036833454,0.002800224,1.000000000,0.000000000,0.000000000,0.000000000,0.000000000,0.000000000,0.486486486,0.164584303,0.357725613,1.000000000,0.997315436,0.572390572,0.570853953,1.021390264,60.457408905,17.398071289,0.739757836,0.999998868,-0.001482942,0.000149189,0.000217934
1012,106.637000000,fused_map_f2f,1,1,0,0.061979157,0.015604820,0.992165838,0.992165838,0.100000000,0.011074819,0.011074819,0.036745743,0.002791895,1.000000000,0.000000000,0.000000000,0.000000000,0.000000000,0.000000000,0.474358974,0.188593179,0.360052656,1.000000000,0.997762864,0.580000000,0.578702461,1.021913497,60.574199677,17.398427963,0.738972902,0.999998927,-0.001443650,0.000131175,0.000196191
1013,106.715000000,fused_map_f2f,1,1,0,0.063210087,0.017216361,0.987293407,0.987293407,0.100000000,0.011128867,0.011128867,0.036903781,0.002805634,1.000000000,0.000000000,0.000000000,0.000000000,0.000000000,0.000000000,0.487500000,0.289100255,0.408140102,1.000000000,0.996873604,0.573333333,0.571540866,1.021436058,60.630535126,17.397823334,0.738352060,0.999998629,-0.001619190,0.000130232,0.000181656
1014,106.825000000,fused_map_f2f,1,1,0,0.063921210,0.012632147,0.984478542,0.984478542,0.100000000,0.011160332,0.011160332,0.036996589,0.002813634,1.000000000,0.000000000,0.000000000,0.000000000,0.000000000,0.000000000,0.451219512,0.200576332,0.350962240,1.000000000,0.996873604,0.569536424,0.567755828,1.021183722,60.778530121,17.397735596,0.738526464,0.999998510,-0.001701810,0.000125038,0.000206328
1015,106.934000000,fused_map_f2f,1,1,0,0.064156005,0.016421430,0.983549146,0.983549146,0.100000000,0.011170760,0.011170760,0.037017459,0.002816285,1.000000000,0.000000000,0.000000000,0.000000000,0.000000000,0.000000000,0.481012658,0.254261266,0.390312101,1.000000000,0.995529727,0.564784053,0.562259314,1.020817288,60.854579926,17.398002625,0.738641560,0.999998689,-0.001614832,0.000059551,0.000233036
1016,107.013000000,fused_map_f2f,1,1,0,0.064844523,0.014231799,0.980823763,0.980823763,0.100000000,0.011201452,0.011201452,0.037131456,0.002824088,1.000000000,0.000000000,0.000000000,0.000000000,0.000000000,0.000000000,0.468354430,0.273605225,0.390454748,1.000000000,0.996880570,0.570446735,0.568667267,1.021244484,60.945941925,17.397108078,0.738038838,0.999998331,-0.001802459,0.000122447,0.000214221
1017,107.118000000,fused_map_f2f,1,1,0,0.062323336,0.014699091,0.990803460,0.990803460,0.100000000,0.011089879,0.011089879,0.036741084,0.002795723,1.000000000,0.000000000,0.000000000,0.000000000,0.000000000,0.000000000,0.469135802,0.311590880,0.406117833,1.000000000,0.995519713,0.558139535,0.555638910,1.020375927,61.019008636,17.397357941,0.738355041,0.999998629,-0.001646450,0.000056568,0.000214185
1018,107.235000000,fused_map_f2f,1,1,0,0.066693383,0.019354724,0.973505358,0.973505358,0.100000000,0.011284710,0.011284710,0.037389057,0.002845258,1.000000000,0.000000000,0.000000000,0.000000000,0.000000000,0.000000000,0.460526316,0.193788830,0.353831322,1.000000000,0.995973154,0.566225166,0.563945064,1.020929671,61.101200104,17.397098541,0.738389552,0.999998331,-0.001812981,0.000057450,0.000213369
1019,107.313000000,fused_map_f2f,1,1,0,0.062502973,0.013784409,0.990092399,0.990092399,0.100000000,0.011097755,0.011097755,0.036850230,0.002797725,1.000000000,0.000000000,0.000000000,0.000000000,0.000000000,0.000000000,0.475000000,0.317879955,0.412151982,1.000000000,0.995503597,0.594501718,0.591828599,1.022788573,61.149639130,17.396652222,0.738515019,0.999998212,-0.001876672,0.000053267,0.000210743
1020,107.418000000,fused_map_f2f,1,1,0,0.064026004,0.011672001,0.984063736,0.984063736,0.100000000,0.011164984,0.011164984,0.037010496,0.002814817,1.000000000,0.000000000,0.000000000,0.000000000,0.000000000,0.000000000,0.506666667,0.271348926,0.412539570,1.000000000,0.995960503,0.569579288,0.567278474,1.021151898,61.219684601,17.396503448,0.738157690,0.999998212,-0.001872636,0.000108287,0.000212558
1021,107.526000000,fused_map_f2f,1,1,0,0.062765705,0.022756954,0.989052417,0.989052417,0.100000000,0.011109294,0.011109294,0.036921392,0.002800659,1.000000000,0.000000000,0.000000000,0.000000000,0.000000000,0.000000000,0.493506494,0.253142938,0.397361071,1.000000000,0.992362983,0.611111111,0.606444045,1.023762936,61.384311676,17.396944046,0.737906218,0.999998510,-0.001703163,0.000097798,0.000249686
1022,107.613000000,fused_map_f2f,1,1,0,0.063702116,0.011871388,0.985345790,0.985345790,0.100000000,0.011150619,0.011150619,0.037051709,0.002811164,1.000000000,0.000000000,0.000000000,0.000000000,0.000000000,0.000000000,0.506666667,0.330402291,0.436160917,1.000000000,0.994611585,0.608247423,0.604969933,1.023664662,61.441730499,17.396869659,0.737895250,0.999998510,-0.001705937,0.000102465,0.000245421
1023,107.736000000,fused_map_f2f,1,1,0,0.062261637,0.015698897,0.991047688,0.991047688,0.100000000,0.011087176,0.011087176,0.036859885,0.002795036,1.000000000,0.000000000,0.000000000,0.000000000,0.000000000,0.000000000,0.506493506,0.244541593,0.401712741,1.000000000,0.997309417,0.612456747,0.610808882,1.024053925,61.611137390,17.397125244,0.737392724,0.999998271,-0.001828141,0.000082344,0.000217795
1024,107.815000000,fused_map_f2f,1,1,0,0.061803632,0.014725391,0.992860622,0.992860622,0.100000000,0.011067155,0.011067155,0.036763273,0.002789946,1.000000000,0.000000000,0.000000000,0.000000000,0.000000000,0.000000000,0.493670886,0.212905279,0.381364643,1.000000000,0.995056180,0.600000000,0.597033708,1.023135581,61.658397675,17.397348404,0.737298071,0.999998152,-0.001897422,0.000093772,0.000244432
1025,107.936000000,fused_map_f2f,1,1,0,0.060898370,0.013384950,0.996443954,0.996443954,0.100000000,0.011027795,0.011027795,0.036574069,0.002779941,1.000000000,0.000000000,0.000000000,0.000000000,0.000000000,0.000000000,0.467532468,0.213293410,0.365836845,1.000000000,0.997751799,0.571428571,0.570143885,1.021342926,61.763328552,17.396337509,0.737975299,0.999998271,-0.001825097,0.000078355,0.000235787
1026,108.027000000,fused_map_f2f,1,1,0,0.058726479,0.023095510,1.000000000,1.000000000,0.100000000,0.010989011,0.010989011,0.036473729,0.002770083,1.000000000,0.000000000,0.000000000,0.000000000,0.000000000,0.000000000,0.486842105,0.243099180,0.389344935,1.000000000,0.994604317,0.584192440,0.581040322,1.022069355,61.812679291,17.396329880,0.737889051,0.999997914,-0.002025589,0.000099685,0.000223263
1027,108.138000000,fused_map_f2f,1,1,0,0.060118245,0.023924896,0.999531948,0.999531948,0.100000000,0.010994100,0.010994100,0.036422092,0.002771377,1.000000000,0.000000000,0.000000000,0.000000000,0.000000000,0.000000000,0.474358974,0.210822545,0.368944403,1.000000000,0.995040577,0.554098361,0.551350353,1.020090024,61.882358551,17.396812439,0.738147795,0.999998450,-0.001747884,0.000082043,0.000228663
1028,108.239000000,fused_map_f2f,1,1,0,0.058822900,0.022090842,1.000000000,1.000000000,0.100000000,0.010989011,0.010989011,0.036437027,0.002770083,1.000000000,0.000000000,0.000000000,0.000000000,0.000000000,0.000000000,0.467532468,0.305738427,0.402814851,1.000000000,0.994584838,0.568106312,0.565029924,1.021001995,61.945384979,17.397157669,0.738060951,0.999998450,-0.001750729,0.000048362,0.000231461
1029,108.333000000,fused_map_f2f,1,1,0,0.056427066,0.027164872,1.000000000,1.000000000,0.100000000,0.010989011,0.010989011,0.036428274,0.002770083,1.000000000,0.000000000,0.000000000,0.000000000,0.000000000,0.000000000,0.481481481,0.276986732,0.399683582,1.000000000,0.995483288,0.563758389,0.561212055,1.020747470,62.006549835,17.396642685,0.738444448,0.999998331,-0.001809514,0.000083350,0.000234096
1030,108.437000000,fused_map_f2f,1,1,0,0.060251524,0.020977032,0.999004383,0.999004383,0.100000000,0.010999842,0.010999842,0.036438454,0.002772836,1.000000000,0.000000000,0.000000000,0.000000000,0.000000000,0.000000000,0.462500000,0.236304578,0.372021831,1.000000000,0.994589720,0.553398058,0.550404020,1.020026935,62.072700500,17.396728516,0.738161564,0.999997795,-0.002059143,0.000096509,0.000281566
1031,108.531000000,fused_map_f2f,1,1,0,0.057914455,0.022676835,1.000000000,1.000000000,0.100000000,0.010989011,0.010989011,0.036425971,0.002770083,1.000000000,0.000000000,0.000000000,0.000000000,0.000000000,0.000000000,0.475000000,0.304613448,0.406845379,1.000000000,0.994125621,0.563517915,0.560207598,1.020680507,62.187480927,17.396867752,0.737926602,0.999998391,-0.001757986,0.000087960,0.000241960
1032,108.638000000,fused_map_f2f,1,1,0,0.058162551,0.022454851,1.000000000,1.000000000,0.100000000,0.010989011,0.010989011,0.036445603,0.002770083,1.000000000,0.000000000,0.000000000,0.000000000,0.000000000,0.000000000,0.468354430,0.209492963,0.364809844,1.000000000,0.993676603,0.572390572,0.568771120,1.021251408,62.250862122,17.396120071,0.737761796,0.999998212,-0.001867246,0.000093370,0.000226018
1033,108.718000000,fused_map_f2f,1,1,0,0.059456172,0.029257806,1.000000000,1.000000000,0.100000000,0.010989011,0.010989011,0.036482290,0.002770083,1.000000000,0.000000000,0.000000000,0.000000000,0.000000000,0.000000000,0.493333333,0.221045939,0.384418376,1.000000000,0.994117647,0.588235294,0.584775087,1.022318339,62.296634674,17.396501541,0.737422645,0.999998450,-0.001732901,0.000096207,0.000238290
1034,108.837000000,fused_map_f2f,1,1,0,0.057022753,0.014848501,1.000000000,1.000000000,0.100000000,0.010989011,0.010989011,0.036496341,0.002770083,1.000000000,0.000000000,0.000000000,0.000000000,0.000000000,0.000000000,0.486842105,0.234644259,0.385962967,1.000000000,0.995029372,0.593856655,0.590904815,1.022726988,62.366352081,17.396593094,0.737797618,0.999998391,-0.001761637,0.000104505,0.000229521
1035,108.913000000,fused_map_f2f,1,1,0,0.057099323,0.032179971,1.000000000,1.000000000,0.100000000,0.010989011,0.010989011,0.036523822,0.002770083,1.000000000,0.000000000,0.000000000,0.000000000,0.000000000,0.000000000,0.474358974,0.242230517,0.381507591,1.000000000,0.996831145,0.604810997,0.602894438,1.023526296,62.417362213,17.396934509,0.737628281,0.999998510,-0.001700814,0.000101326,0.000225031
1036,109.029000000,fused_map_f2f,1,1,0,0.058476224,0.011617472,1.000000000,1.000000000,0.100000000,0.010989011,0.010989011,0.036554031,0.002770083,1.000000000,0.000000000,0.000000000,0.000000000,0.000000000,0.000000000,0.481481481,0.199620133,0.368736942,1.000000000,0.995464853,0.618881119,0.616074402,1.024404960,62.475181580,17.397033691,0.737831712,0.999998629,-0.001636367,0.000061202,0.000227920
1037,109.144000000,fused_map_f2f,1,1,0,0.055412729,0.021425871,1.000000000,1.000000000,0.100000000,0.010989011,0.010989011,0.036533317,0.002770083,1.000000000,0.000000000,0.000000000,0.000000000,0.000000000,0.000000000,0.487179487,0.171171863,0.360776438,1.000000000,0.994579946,0.610344828,0.607036726,1.023802448,62.621078491,17.396718979,0.737497568,0.999998569,-0.001663317,0.000093681,0.000217841
1038,109.226000000,fused_map_f2f,1,1,0,0.056366692,0.011495538,1.000000000,1.000000000,0.100000000,0.010989011,0.010989011,0.036501846,0.002770083,1.000000000,0.000000000,0.000000000,0.000000000,0.000000000,0.000000000,0.493670886,0.286356929,0.410745303,1.000000000,0.994560290,0.596551724,0.593306656,1.022887110,62.669822693,17.397268295,0.737246156,0.999998868,-0.001496024,0.000088673,0.000199087
1039,109.336000000,fused_map_f2f,1,1,0,0.054303850,0.017061619,1.000000000,1.000000000,0.100000000,0.010989011,0.010989011,0.036499635,0.002770083,1.000000000,0.000000000,0.000000000,0.000000000,0.000000000,0.000000000,0.481012658,0.214104157,0.374249258,1.000000000,0.996366939,0.594501718,0.592341857,1.022822790,62.783714294,17.396633148,0.737600029,0.999998331,-0.001820487,0.000076227,0.000191410
1040,109.418000000,fused_map_f2f,1,1,0,0.054020061,0.014933427,1.000000000,1.000000000,0.100000000,0.010989011,0.010989011,0.036465190,0.002770083,1.000000000,0.000000000,0.000000000,0.000000000,0.000000000,0.000000000,0.493506494,0.241225041,0.392593913,1.000000000,0.995020371,0.580204778,0.577315574,1.021821038,62.830249786,17.396545410,0.737723589,0.999998569,-0.001675955,0.000091555,0.000177001
1041,109.528000000,fused_map_f2f,1,1,0,0.054602869,0.021020987,1.000000000,1.000000000,0.100000000,0.010989011,0.010989011,0.036501063,0.002770083,1.000000000,0.000000000,0.000000000,0.000000000,0.000000000,0.000000000,0.443037975,0.229786817,0.357737512,1.000000000,0.994088222,0.596491228,0.592964904,1.022864327,62.883403778,17.397102356,0.737608254,0.999998331,-0.001789993,0.000087284,0.000251515
1042,109.613000000,fused_map_f2f,1,1,0,0.052752112,0.012823272,1.000000000,1.000000000,0.100000000,0.010989011,0.010989011,0.036464632,0.002770083,1.000000000,0.000000000,0.000000000,0.000000000,0.000000000,0.000000000,0.500000000,0.224853115,0.389941246,1.000000000,0.993656547,0.580756014,0.577072015,1.021804801,62.978321075,17.396852493,0.737592399,0.999998569,-0.001683419,0.000099041,0.000206093
1043,109.732000000,fused_map_f2f,1,1,0,0.051979433,0.016976553,1.000000000,1.000000000,0.100000000,0.010989011,0.010989011,0.036537460,0.002770083,1.000000000,0.000000000,0.000000000,0.000000000,0.000000000,0.000000000,0.468354430,0.250526915,0.381223424,1.000000000,0.994101633,0.612456747,0.608844253,1.023922950,63.033317566,17.397197723,0.737246871,0.999998510,-0.001693463,0.000090198,0.000200043
1044,109.819000000,fused_map_f2f,1,1,0,0.052513851,0.012095470,1.000000000,1.000000000,0.100000000,0.010989011,0.010989011,0.036499023,0.002770083,1.000000000,0.000000000,0.000000000,0.000000000,0.000000000,0.000000000,0.487500000,0.221527293,0.381110917,1.000000000,0.996826836,0.593959732,0.592075000,1.022805000,63.071678162,17.397817612,0.737088025,0.999998748,-0.001572588,0.000102944,0.000179853
1045,109.943000000,fused_map_f2f,1,1,0,0.050989519,0.015458547,1.000000000,1.000000000,0.100000000,0.010989011,0.010989011,0.036527869,0.002770083,1.000000000,0.000000000,0.000000000,0.000000000,0.000000000,0.000000000,0.456790123,0.224289015,0.363789680,1.000000000,0.994101633,0.608247423,0.604659756,1.023643984,63.156337738,17.397586823,0.737463117,0.999998629,-0.001654147,0.000111968,0.000193576
1046,110.038000000,fused_map_f2f,1,1,0,0.050048237,0.023136588,1.000000000,1.000000000,0.100000000,0.010989011,0.010989011,0.036511276,0.002770083,1.000000000,0.000000000,0.000000000,0.000000000,0.000000000,0.000000000,0.500000000,0.188015295,0.375206118,1.000000000,0.994550409,0.600694444,0.597420905,1.023161394,63.196029663,17.397230148,0.737736583,0.999998510,-0.001722506,0.000103241,0.000195117
1047,110.140000000,fused_map_f2f,1,1,0,0.050327671,0.024388611,1.000000000,1.000000000,0.100000000,0.010989011,0.010989011,0.036487931,0.002770083,1.000000000,0.000000000,0.000000000,0.000000000,0.000000000,0.000000000,0.445783133,0.268526241,0.374880376,1.000000000,0.994567678,0.590443686,0.587236206,1.022482414,63.227394104,17.396871567,0.737629056,0.999998093,-0.001951868,0.000139749,0.000184441
1048,110.225000000,fused_map_f2f,1,1,0,0.051703124,0.018542537,1.000000000,1.000000000,0.100000000,0.010989011,0.010989011,0.036509385,0.002770083,1.000000000,0.000000000,0.000000000,0.000000000,0.000000000,0.000000000,0.500000000,0.240755103,0.396302041,1.000000000,0.995462795,0.599315068,0.596595853,1.023106390,63.253894806,17.396375656,0.737364650,0.999998093,-0.001931081,0.000126926,0.000258464
1049,110.330000000,fused_map_f2f,1,1,0,0.051950291,0.014756833,1.000000000,1.000000000,0.100000000,0.010989011,0.010989011,0.036496682,0.002770083,1.000000000,0.000000000,0.000000000,0.000000000,0.000000000,0.000000000,0.480519481,0.239389365,0.384067434,1.000000000,0.995458674,0.593750000,0.591053588,1.022736906,63.287265778,17.396535873,0.737446606,0.999998212,-0.001867689,0.000153937,0.000252262
1050,110.418000000,fused_map_f2f,1,1,0,0.048951735,0.019387467,1.000000000,1.000000000,0.100000000,0.010989011,0.010989011,0.036488106,0.002770083,1.000000000,0.000000000,0.000000000,0.000000000,0.000000000,0.000000000,0.461538462,0.217789177,0.364038748,1.000000000,0.993650794,0.591065292,0.587312497,1.022487500,63.398593903,17.397109985,0.737047851,0.999998093,-0.001927984,0.000101049,0.000172554
1051,110.530000000,fused_map_f2f,1,1,0,0.050590467,0.020751760,1.000000000,1.000000000,0.100000000,0.010989011,0.010989011,0.036523516,0.002770083,1.000000000,0.000000000,0.000000000,0.000000000,0.000000000,0.000000000,0.500000000,0.189341851,0.375736740,1.000000000,0.994555354,0.606060606,0.602760821,1.023517388,63.433555603,17.396711349,0.736615419,0.999997914,-0.002028658,0.000148422,0.000172788
1052,110.614000000,fused_map_f2f,1,1,0,0.050579439,0.026913138,1.000000000,1.000000000,0.100000000,0.010989011,0.010989011,0.036544082,0.002770083,1.000000000,0.000000000,0.000000000,0.000000000,0.000000000,0.000000000,0.451219512,0.289662716,0.386596794,1.000000000,0.993645030,0.615646259,0.611733845,1.024115590,63.460021973,17.397552490,0.736428857,0.999998152,-0.001909579,0.000118823,0.000159305
1053,110.726000000,fused_map_f2f,1,1,0,0.052388124,0.021799320,1.000000000,1.000000000,0.100000000,0.010989011,0.010989011,0.036577799,0.002770083,1.000000000,0.000000000,0.000000000,0.000000000,0.000000000,0.000000000,0.487179487,0.272862025,0.401452502,1.000000000,0.992727273,0.631034483,0.626445141,1.025096343,63.495861053,17.397432327,0.736428797,0.999998450,-0.001741112,0.000118272,0.000156484
1054,110.836000000,fused_map_f2f,1,1,0,0.050374300,0.021647697,1.000000000,1.000000000,0.100000000,0.010989011,0.010989011,0.036554396,0.002770083,1.000000000,0.000000000,0.000000000,0.000000000,0.000000000,0.000000000,0.500000000,0.248699240,0.399479696,1.000000000,0.995454545,0.619047619,0.616233766,1.024415584,63.541622162,17.397113800,0.736462057,0.999998152,-0.001900838,0.000121101,0.000166318
1055,110.914000000,fused_map_f2f,1,1,0,0.049319915,0.013307337,1.000000000,1.000000000,0.100000000,0.010989011,0.010989011,0.036589619,0.002770083,1.000000000,0.000000000,0.000000000,0.000000000,0.000000000,0.000000000,0.468354430,0.255506307,0.383215181,1.000000000,0.995460735,0.634482759,0.631602673,1.025440178,63.576358795,17.397323608,0.736605287,0.999997854,-0.002051881,0.000125157,0.000156516
1056,111.021000000,fused_map_f2f,1,1,0,0.050138739,0.014088206,1.000000000,1.000000000,0.100000000,0.010989011,0.010989011,0.036615507,0.002770083,1.000000000,0.000000000,0.000000000,0.000000000,0.000000000,0.000000000,0.487500000,0.216676882,0.379170753,1.000000000,0.995456611,0.645833333,0.642899061,1.026193271,63.614761353,17.397499084,0.736397445,0.999998033,-0.001974614,0.000125929,0.000135444
1057,111.117000000,fused_map_f2f,1,1,0,0.051035174,0.013724650,1.000000000,1.000000000,0.100000000,0.010989011,0.010989011,0.036633809,0.002770083,1.000000000,0.000000000,0.000000000,0.000000000,0.000000000,0.000000000,0.481481481,0.247102347,0.387729828,1.000000000,0.993639255,0.655052265,0.650885644,1.026725710,63.645225525,17.397726059,0.736511469,0.999998212,-0.001875770,0.000127749,0.000134003
1058,111.216000000,fused_map_f2f,1,1,0,0.052632460,0.023086927,1.000000000,1.000000000,0.100000000,0.010989011,0.010989011,0.036573704,0.002770083,1.000000000,0.000000000,0.000000000,0.000000000,0.000000000,0.000000000,0.475000000,0.242797949,0.382119180,1.000000000,0.994080146,0.628378378,0.624658470,1.024977231,63.682823181,17.398418427,0.736265123,0.999998271,-0.001849514,0.000114796,0.000131609
1059,111.326000000,fused_map_f2f,1,1,0,0.049851830,0.015756940,1.000000000,1.000000000,0.100000000,0.010989011,0.010989011,0.036581928,0.002770083,1.000000000,0.000000000,0.000000000,0.000000000,0.000000000,0.000000000,0.493670886,0.209101440,0.379843108,1.000000000,0.995006809,0.631399317,0.628246620,1.025216441,63.791324615,17.397796631,0.736333668,0.999997914,-0.002034595,0.000114500,0.000132051
1060,111.436000000,fused_map_f2f,1,1,0,0.050382158,0.026121645,1.000000000,1.000000000,0.100000000,0.010989011,0.010989011,0.036527420,0.002770083,1.000000000,0.000000000,0.000000000,0.000000000,0.000000000,0.000000000,0.481012658,0.229844248,0.380545294,1.000000000,0.994988610,0.607508532,0.604464071,1.023630938,63.829555511,17.397520065,0.736236691,0.999997556,-0.002203691,0.000167604,0.000158769
1061,111.514000000,fused_map_f2f,1,1,0,0.051674728,0.013397249,1.000000000,1.000000000,0.100000000,0.010989011,0.010989011,0.036553362,0.002770083,1.000000000,0.000000000,0.000000000,0.000000000,0.000000000,0.000000000,0.487179487,0.196927149,0.371078552,1.000000000,0.996819627,0.617747440,0.615782773,1.024385518,63.856712341,17.398258209,0.736342251,0.999998152,-0.001910521,0.000129832,0.000144080
1062,111.625000000,fused_map_f2f,1,1,0,0.052500864,0.011518443,1.000000000,1.000000000,0.100000000,0.010989011,0.010989011,0.036527430,0.002770083,1.000000000,0.000000000,0.000000000,0.000000000,0.000000000,0.000000000,0.493506494,0.270067078,0.404130727,1.000000000,0.994995450,0.607508532,0.604468226,1.023631215,63.894767761,17.398448944,0.735943735,0.999997973,-0.001990338,0.000154873,0.000133279
1063,111.734000000,fused_map_f2f,1,1,0,0.050390686,0.019455495,1.000000000,1.000000000,0.100000000,0.010989011,0.010989011,0.036465472,0.002770083,1.000000000,0.000000000,0.000000000,0.000000000,0.000000000,0.000000000,0.456790123,0.203248455,0.355373456,1.000000000,0.993194192,0.581395349,0.577438484,1.021829232,63.987041473,17.397819519,0.736051619,0.999997795,-0.002083927,0.000119567,0.000116312
1064,111.813000000,fused_map_f2f,1,1,0,0.049211291,0.012235643,1.000000000,1.000000000,0.100000000,0.010989011,0.010989011,0.036504056,0.002770083,1.000000000,0.000000000,0.000000000,0.000000000,0.000000000,0.000000000,0.487804878,0.181429528,0.365254738,1.000000000,0.994979461,0.597269625,0.594271009,1.022951401,64.037536621,17.398988724,0.736428380,0.999998152,-0.001918709,0.000121330,0.000093254
1065,111.918000000,fused_map_f2f,1,1,0,0.052571468,0.017673967,1.000000000,1.000000000,0.100000000,0.010989011,0.010989011,0.036496958,0.002770083,1.000000000,0.000000000,0.000000000,0.000000000,0.000000000,0.000000000,0.468354430,0.270862984,0.389357852,1.000000000,0.990888383,0.596610169,0.591174086,1.022744939,64.086105347,17.398456573,0.736532629,0.999997914,-0.002040585,0.000167223,0.000141879
1066,112.029000000,fused_map_f2f,1,1,0,0.050765732,0.016497696,1.000000000,1.000000000,0.100000000,0.010989011,0.010989011,0.036472653,0.002770083,1.000000000,0.000000000,0.000000000,0.000000000,0.000000000,0.000000000,0.493506494,0.229170031,0.387771908,1.000000000,0.989990901,0.586440678,0.580570935,1.022038062,64.169250488,17.398960114,0.736122727,0.999998033,-0.001980828,0.000122208,0.000118093
1067,112.137000000,fused_map_f2f,1,1,0,0.051118099,0.022171507,1.000000000,1.000000000,0.100000000,0.010989011,0.010989011,0.036490072,0.002770083,1.000000000,0.000000000,0.000000000,0.000000000,0.000000000,0.000000000,0.500000000,0.178343563,0.371337425,1.000000000,0.990424077,0.593856655,0.588169929,1.022544662,64.225288391,17.399177551,0.736315608,0.999998212,-0.001882504,0.000127239,0.000114503
1068,112.241000000,fused_map_f2f,1,1,0,0.052450726,0.017947813,1.000000000,1.000000000,0.100000000,0.010989011,0.010989011,0.036529899,0.002770083,1.000000000,0.000000000,0.000000000,0.000000000,0.000000000,0.000000000,0.527027027,0.188990752,0.391812517,1.000000000,0.990892532,0.611111111,0.605545436,1.023703029,64.274871826,17.399011612,0.736353338,0.999998212,-0.001888340,0.000117248,0.000132575
1069,112.320000000,fused_map_f2f,1,1,0,0.052795619,0.018798617,1.000000000,1.000000000,0.100000000,0.010989011,0.010989011,0.036487049,0.002770083,1.000000000,0.000000000,0.000000000,0.000000000,0.000000000,0.000000000,0.462500000,0.215214016,0.363585607,1.000000000,0.991347905,0.591973244,0.586851436,1.022456762,64.361160278,17.399446487,0.735700250,0.999998271,-0.001829597,0.000109908,0.000087048
1070,112.427000000,fused_map_f2f,1,1,0,0.052054356,0.020448892,1.000000000,1.000000000,0.100000000,0.010989011,0.010989011,0.036506529,0.002770083,1.000000000,0.000000000,0.000000000,0.000000000,0.000000000,0.000000000,0.512820513,0.219297865,0.395411454,1.000000000,0.989981785,0.601374570,0.595349871,1.023023325,64.422248840,17.400232315,0.736018002,0.999998271,-0.001837125,0.000119185,0.000106534
1071,112.539000000,fused_map_f2f,1,1,0,0.052806764,0.015742407,1.000000000,1.000000000,0.100000000,0.010989011,0.010989011,0.036505958,0.002770083,1.000000000,0.000000000,0.000000000,0.000000000,0.000000000,0.000000000,0.487179487,0.179279046,0.364019311,1.000000000,0.994088222,0.598639456,0.595100432,1.023006695,64.485809326,17.399801254,0.736080229,0.999997675,-0.002155173,0.000114402,0.000112955
1072,112.627000000,fused_map_f2f,1,1,0,0.050475908,0.017628499,1.000000000,1.000000000,0.100000000,0.010989011,0.010989011,0.036467364,0.002770083,1.000000000,0.000000000,0.000000000,0.000000000,0.000000000,0.000000000,0.456790123,0.262680041,0.379146090,1.000000000,0.992248062,0.582781457,0.578263771,1.021884251,64.566459656,17.400485992,0.736194193,0.999998569,-0.001684055,0.000117947,0.000108057
1073,112.734000000,fused_map_f2f,1,1,0,0.051433559,0.031447301,1.000000000,1.000000000,0.100000000,0.010989011,0.010989011,0.036496317,0.002770083,1.000000000,0.000000000,0.000000000,0.000000000,0.000000000,0.000000000,0.481481481,0.274369510,0.398636693,1.000000000,0.990419708,0.596610169,0.590894470,1.022726298,64.629013062,17.400749207,0.736087739,0.999998510,-0.001711849,0.000114518,0.000143101
1074,112.817000000,fused_map_f2f,1,1,0,0.052472193,0.015865274,1.000000000,1.000000000,0.100000000,0.010989011,0.010989011,0.036478235,0.002770083,1.000000000,0.000000000,0.000000000,0.000000000,0.000000000,0.000000000,0.462500000,0.327831948,0.408632779,1.000000000,0.991780822,0.587837838,0.583006294,1.022200420,64.679481506,17.400600433,0.735637009,0.999998510,-0.001722199,0.000134739,0.000083819
1075,112.936000000,fused_map_f2f,1,1,0,0.051721337,0.026535107,1.000000000,1.000000000,0.100000000,0.010989011,0.010989011,0.036486282,0.002770083,1.000000000,0.000000000,0.000000000,0.000000000,0.000000000,0.000000000,0.460526316,0.268439599,0.383691629,1.000000000,0.989958923,0.592465753,0.586516759,1.022434451,64.770523071,17.400699615,0.735168338,0.999998510,-0.001716687,0.000122761,0.000067177
1076,113.015000000,fused_map_f2f,1,1,0,0.051745215,0.012858376,1.000000000,1.000000000,0.100000000,0.010989011,0.010989011,0.036480612,0.002770083,1.000000000,0.000000000,0.000000000,0.000000000,0.000000000,0.000000000,0.487179487,0.239583065,0.388140918,1.000000000,0.990904957,0.589403974,0.584043319,1.022269555,64.839309692,17.401193619,0.735322952,0.999998510,-0.001695298,0.000119184,0.000093327
1077,113.125000000,fused_map_f2f,1,1,0,0.050421164,0.015262081,1.000000000,1.000000000,0.100000000,0.010989011,0.010989011,0.036553114,0.002770083,1.000000000,0.000000000,0.000000000,0.000000000,0.000000000,0.000000000,0.487179487,0.225401406,0.382468255,1.000000000,0.991340018,0.621052632,0.615674327,1.024378288,65.033615112,17.401546478,0.735640168,0.999998689,-0.001603550,0.000120934,0.000093667
1078,113.234000000,fused_map_f2f,1,1,0,0.050225318,0.011680694,1.000000000,1.000000000,0.100000000,0.010989011,0.010989011,0.036525154,0.002770083,1.000000000,0.000000000,0.000000000,0.000000000,0.000000000,0.000000000,0.481012658,0.202278394,0.369518952,1.000000000,0.990933817,0.608996540,0.603475266,1.023565018,65.189170837,17.400911331,0.735200942,0.999998391,-0.001788982,0.000101825,0.000088796
1079,113.314000000,fused_map_f2f,1,1,0,0.051174361,0.019297760,1.000000000,1.000000000,0.100000000,0.010989011,0.010989011,0.036504339,0.002770083,1.000000000,0.000000000,0.000000000,0.000000000,0.000000000,0.000000000,0.468354430,0.211716915,0.365699424,1.000000000,0.989531179,0.600682594,0.594394155,1.022959610,65.237861633,17.401081085,0.735176802,0.999998093,-0.001927111,0.000104102,0.000100887
1080,113.436000000,fused_map_f2f,1,1,0,0.050892666,0.019105654,1.000000000,1.000000000,0.100000000,0.010989011,0.010989011,0.036540819,0.002770083,1.000000000,0.000000000,0.000000000,0.000000000,0.000000000,0.000000000,0.475000000,0.191229822,0.361491929,1.000000000,0.990445860,0.616197183,0.610309949,1.024020663,65.369354248,17.401372910,0.735197067,0.999998391,-0.001781813,0.000099550,0.000082790
1081,113.522000000,fused_map_f2f,1,1,0,0.049938419,0.014346392,1.000000000,1.000000000,0.100000000,0.010989011,0.010989011,0.036528424,0.002770083,1.000000000,0.000000000,0.000000000,0.000000000,0.000000000,0.000000000,0.493333333,0.209681585,0.379872634,1.000000000,0.989521640,0.611307420,0.604901921,1.023660128,65.419006348,17.401508331,0.735547781,0.999998569,-0.001671806,0.000072991,0.000145750
1082,113.632000000,fused_map_f2f,1,1,0,0.053154438,0.018443127,1.000000000,1.000000000,0.100000000,0.010989011,0.010989011,0.036524229,0.002770083,1.000000000,0.000000000,0.000000000,0.000000000,0.000000000,0.000000000,0.493827160,0.255970749,0.398684596,1.000000000,0.990013618,0.609154930,0.603071676,1.023538112,65.483535767,17.401897430,0.735591650,0.999998569,-0.001688465,0.000086009,0.000062776
1083,113.742000000,fused_map_f2f,1,1,0,0.052118427,0.017421959,1.000000000,1.000000000,0.100000000,0.010989011,0.010989011,0.036543855,0.002770083,1.000000000,0.000000000,0.000000000,0.000000000,0.000000000,0.000000000,0.445783133,0.255344367,0.369607626,1.000000000,0.989100817,0.618374558,0.611634781,1.024108985,65.578865051,17.401535034,0.735744059,0.999998748,-0.001592154,0.000099278,0.000052837
1084,113.825000000,fused_map_f2f,1,1,0,0.053324256,0.015360310,1.000000000,1.000000000,0.100000000,0.010989011,0.010989011,0.036539045,0.002770083,1.000000000,0.000000000,0.000000000,0.000000000,0.000000000,0.000000000,0.487500000,0.283145523,0.405758209,1.000000000,0.991371480,0.614840989,0.609535822,1.023969055,65.621932983,17.401697159,0.735038698,0.999998868,-0.001480817,0.000184436,0.000062283
1085,113.927000000,fused_map_f2f,1,1,0,0.053501890,0.022887348,1.000000000,1.000000000,0.100000000,0.010989011,0.010989011,0.036518863,0.002770083,1.000000000,0.000000000,0.000000000,0.000000000,0.000000000,0.000000000,0.500000000,0.173721576,0.369488630,1.000000000,0.988631196,0.607638889,0.600730761,1.023382051,65.676521301,17.401632309,0.735140324,0.999998748,-0.001577070,0.000196246,0.000067860
1086,114.038000000,fused_map_f2f,1,1,0,0.053061726,0.021207540,1.000000000,1.000000000,0.100000000,0.010989011,0.010989011,0.036460404,0.002770083,1.000000000,0.000000000,0.000000000,0.000000000,0.000000000,0.000000000,0.506666667,0.232337826,0.396935130,1.000000000,0.990480508,0.580756014,0.575227511,1.021681834,65.784896851,17.401809692,0.736004412,0.999998748,-0.001584735,0.000097790,0.000054790
1087,114.128000000,fused_map_f2f,1,1,0,0.053291458,0.020134587,1.000000000,1.000000000,0.100000000,0.010989011,0.010989011,0.036458336,0.002770083,1.000000000,0.000000000,0.000000000,0.000000000,0.000000000,0.000000000,0.451219512,0.221836101,0.359466148,1.000000000,0.991394928,0.579310345,0.574325337,1.021621689,65.835441589,17.401836395,0.736181021,0.999998748,-0.001589934,0.000094320,0.000033126
1088,114.220000000,fused_map_f2f,1,1,0,0.055781274,0.021912724,1.000000000,1.000000000,0.100000000,0.010989011,0.010989011,0.036467364,0.002770083,1.000000000,0.000000000,0.000000000,0.000000000,0.000000000,0.000000000,0.462500000,0.208908170,0.361063268,1.000000000,0.986449864,0.586206897,0.578263714,1.021884248,65.882667542,17.401020050,0.735947549,0.999998450,-0.001729559,0.000146762,0.000063255
1089,114.323000000,fused_map_f2f,1,1,0,0.054943684,0.021976291,1.000000000,1.000000000,0.100000000,0.010989011,0.010989011,0.036460162,0.002770083,1.000000000,0.000000000,0.000000000,0.000000000,0.000000000,0.000000000,0.527027027,0.216589877,0.402852167,1.000000000,0.992769995,0.579310345,0.575121928,1.021674795,65.946914673,17.402221680,0.735203803,0.999998808,-0.001548324,0.000103861,0.000046807
1090,114.432000000,fused_map_f2f,1,1,0,0.053826065,0.022000412,1.000000000,1.000000000,0.100000000,0.010989011,0.010989011,0.036416197,0.002770083,1.000000000,0.000000000,0.000000000,0.000000000,0.000000000,0.000000000,0.493827160,0.233491265,0.389692802,1.000000000,0.992756904,0.560000000,0.555943866,1.020396258,66.021644592,17.402313232,0.735457540,0.999998748,-0.001561290,0.000086816,0.000024045
1091,114.515000000,fused_map_f2f,1,1,0,0.056480450,0.024626461,1.000000000,1.000000000,0.100000000,0.010989011,0.010989011,0.036405760,0.002770083,1.000000000,0.000000000,0.000000000,0.000000000,0.000000000,0.000000000,0.463414634,0.221263748,0.366554280,1.000000000,0.990523466,0.556666667,0.551391396,1.020092760,66.063308716,17.402116776,0.735226035,0.999998689,-0.001607049,0.000116106,0.000009291
1092,114.628000000,fused_map_f2f,1,1,0,0.055850097,0.015661598,1.000000000,1.000000000,0.100000000,0.010989011,0.010989011,0.036437548,0.002770083,1.000000000,0.000000000,0.000000000,0.000000000,0.000000000,0.000000000,0.469135802,0.244776405,0.379392044,1.000000000,0.990036232,0.570945946,0.565257173,1.021017145,66.230781555,17.403158188,0.735572159,0.999998927,-0.001439358,0.000078436,0.000003785
1093,114.717000000,fused_map_f2f,1,1,0,0.057916190,0.014387806,1.000000000,1.000000000,0.100000000,0.010989011,0.010989011,0.036496337,0.002770083,1.000000000,0.000000000,0.000000000,0.000000000,0.000000000,0.000000000,0.487500000,0.245253113,0.390601245,1.000000000,0.991873589,0.595744681,0.590903415,1.022726894,66.276756287,17.403242111,0.735735178,0.999998927,-0.001461069,0.000111512,0.000007293
1094,114.840000000,fused_map_f2f,1,1,0,0.057536900,0.018794190,1.000000000,1.000000000,0.100000000,0.010989011,0.010989011,0.036427755,0.002770083,1.000000000,0.000000000,0.000000000,0.000000000,0.000000000,0.000000000,0.500000000,0.219950983,0.387980393,1.000000000,0.990962494,0.566101695,0.560985548,1.020732370,66.394889832,17.403177261,0.735742152,0.999998987,-0.001410426,0.000075663,0.000006319
1095,114.926000000,fused_map_f2f,1,1,0,0.058175200,0.026270503,1.000000000,1.000000000,0.100000000,0.010989011,0.010989011,0.036470549,0.002770083,1.000000000,0.000000000,0.000000000,0.000000000,0.000000000,0.000000000,0.512820513,0.297790619,0.426808555,1.000000000,0.993690852,0.583333333,0.579652997,1.021976866,66.448219299,17.402799606,0.735389471,0.999998808,-0.001519824,0.000075001,0.000008948
1096,115.014000000,fused_map_f2f,1,1,0,0.060553353,0.020516236,0.997809643,0.997809643,0.100000000,0.011012868,0.011012868,0.036490130,0.002776147,1.000000000,0.000000000,0.000000000,0.000000000,0.000000000,0.000000000,0.468354430,0.229222655,0.372701720,1.000000000,0.989644304,0.560402685,0.554599325,1.020306622,66.492004395,17.402427673,0.735152602,0.999998689,-0.001616225,0.000132776,0.000035351
1097,115.124000000,fused_map_f2f,1,1,0,0.058502941,0.018678358,1.000000000,1.000000000,0.100000000,0.010989011,0.010989011,0.036510409,0.002770083,1.000000000,0.000000000,0.000000000,0.000000000,0.000000000,0.000000000,0.520000000,0.230528937,0.404211575,1.000000000,0.992796038,0.601374570,0.597042291,1.023136153,66.589653015,17.402500153,0.735330701,0.999998748,-0.001592980,0.000070544,0.000012006
1098,115.229000000,fused_map_f2f,1,1,0,0.060531787,0.016813906,0.997895009,0.997895009,0.100000000,0.011011936,0.011011936,0.036545466,0.002775910,1.000000000,0.000000000,0.000000000,0.000000000,0.000000000,0.000000000,0.493670886,0.228669662,0.387670396,1.000000000,0.992369838,0.584459459,0.579999939,1.021999996,66.640892029,17.402627945,0.735343814,0.999998569,-0.001670603,0.000081307,0.000013156
1099,115.332000000,fused_map_f2f,1,1,0,0.060796056,0.014382889,0.996848947,0.996848947,0.100000000,0.011023364,0.011023364,0.036580532,0.002778815,1.000000000,0.000000000,0.000000000,0.000000000,0.000000000,0.000000000,0.512820513,0.198451240,0.387072804,1.000000000,0.991931869,0.583892617,0.579181695,1.021945446,66.697532654,17.403715134,0.735492766,0.999998927,-0.001450202,0.000068413,0.000021097
1100,115.413000000,fused_map_f2f,1,1,0,0.059661529,0.017392824,1.000000000,1.000000000,0.100000000,0.010989011,0.010989011,0.036492419,0.002770083,1.000000000,0.000000000,0.000000000,0.000000000,0.000000000,0.000000000,0.493506494,0.240388431,0.392259268,1.000000000,0.989713775,0.595317726,0.589194153,1.022612944,66.775604248,17.403524399,0.735333085,0.999998629,-0.001653194,0.000084808,-0.000025034
1101,115.518000000,fused_map_f2f,1,1,0,0.062479615,0.012933592,0.990184858,0.990184858,0.100000000,0.011096730,0.011096730,0.036880987,0.002797465,1.000000000,0.000000000,0.000000000,0.000000000,0.000000000,0.000000000,0.480519481,0.246275886,0.386822043,1.000000000,0.992857143,0.610921502,0.606557777,1.023770518,66.834251404,17.403936386,0.735314250,0.999998629,-0.001649635,0.000082233,-0.000017570
1102,115.617000000,fused_map_f2f,1,1,0,0.063618144,0.013715261,0.985678181,0.985678181,0.100000000,0.011146901,0.011146901,0.037049357,0.002810219,1.000000000,0.000000000,0.000000000,0.000000000,0.000000000,0.000000000,0.475000000,0.256709566,0.387683827,1.000000000,0.992414101,0.613793103,0.609136931,1.023942462,66.887718201,17.403818130,0.735215902,0.999998629,-0.001641242,0.000118937,-0.000015639
1103,115.730000000,fused_map_f2f,1,1,0,0.063809766,0.018158231,0.984919675,0.984919675,0.100000000,0.011155389,0.011155389,0.037072997,0.002812377,1.000000000,0.000000000,0.000000000,0.000000000,0.000000000,0.000000000,0.513513514,0.211063378,0.392533459,1.000000000,0.988854213,0.614334471,0.607487230,1.023832482,66.976470947,17.403251648,0.734840512,0.999998569,-0.001673024,0.000087290,-0.000019736
1104,115.817000000,fused_map_f2f,1,1,0,0.063438987,0.014992206,0.986387343,0.986387343,0.100000000,0.011138976,0.011138976,0.036994077,0.002808204,1.000000000,0.000000000,0.000000000,0.000000000,0.000000000,0.000000000,0.450000000,0.202664586,0.351065834,1.000000000,0.990641711,0.602006689,0.596372937,1.023091529,67.030456543,17.403423309,0.734650433,0.999998450,-0.001758175,0.000085325,-0.000009982
1105,115.934000000,fused_map_f2f,1,1,0,0.066982231,0.014830752,0.972362003,0.972362003,0.100000000,0.011297829,0.011297829,0.037514905,0.002848594,1.000000000,0.000000000,0.000000000,0.000000000,0.000000000,0.000000000,0.461538462,0.228438981,0.368298669,1.000000000,0.992424242,0.604026846,0.599450885,1.023296726,67.107147217,17.404125214,0.734624147,0.999998808,-0.001554683,0.000085767,-0.000030863
1106,116.033000000,fused_map_f2f,1,1,0,0.064773623,0.022698646,0.981104407,0.981104407,0.100000000,0.011198284,0.011198284,0.037195804,0.002823283,1.000000000,0.000000000,0.000000000,0.000000000,0.000000000,0.000000000,0.469135802,0.263864459,0.387027265,1.000000000,0.988883948,0.607382550,0.600630855,1.023375390,67.161582947,17.404270172,0.734506905,0.999998689,-0.001607153,0.000121617,-0.000036520
1107,116.133000000,fused_map_f2f,1,1,0,0.065379433,0.021837465,0.978706412,0.978706412,0.100000000,0.011225414,0.011225414,0.037313846,0.002830181,1.000000000,0.000000000,0.000000000,0.000000000,0.000000000,0.000000000,0.443037975,0.234545625,0.359641035,1.000000000,0.990658363,0.619377163,0.613591166,1.024239411,67.241561890,17.404058456,0.734596670,0.999998629,-0.001651887,0.000095330,-0.000030889
1108,116.220000000,fused_map_f2f,1,1,0,0.064911813,0.021000390,0.980557406,0.980557406,0.100000000,0.011204461,0.011204461,0.037281832,0.002824853,1.000000000,0.000000000,0.000000000,0.000000000,0.000000000,0.000000000,0.474358974,0.248194048,0.383893004,1.000000000,0.989791389,0.635416667,0.628929945,1.025261996,67.375045776,17.404500961,0.734631062,0.999998569,-0.001696353,0.000080386,-0.000059865
1109,116.328000000,fused_map_f2f,1,1,0,0.064485103,0.015741463,0.982246468,0.982246468,0.100000000,0.011185409,0.011185409,0.037212819,0.002820010,1.000000000,0.000000000,0.000000000,0.000000000,0.000000000,0.000000000,0.481012658,0.229628531,0.380459007,1.000000000,0.991134752,0.631399317,0.625801806,1.025053454,67.431762695,17.405115128,0.734733164,0.999998689,-0.001612647,0.000098270,-0.000102656
1110,116.436000000,fused_map_f2f,1,1,0,0.067486427,0.024486221,0.970366225,0.970366225,0.100000000,0.011320803,0.011320803,0.037646031,0.002854437,1.000000000,0.000000000,0.000000000,0.000000000,0.000000000,0.000000000,0.481012658,0.222047527,0.377426606,1.000000000,0.991596639,0.628865979,0.623581391,1.024905426,67.488059998,17.403944016,0.734432042,0.999998391,-0.001785821,0.000090945,-0.000051371
1111,116.519000000,fused_map_f2f,1,1,0,0.065174516,0.022227432,0.979517540,0.979517540,0.100000000,0.011216222,0.011216222,0.037335763,0.002827844,1.000000000,0.000000000,0.000000000,0.000000000,0.000000000,0.000000000,0.500000000,0.218025646,0.387210259,1.000000000,0.991563055,0.641114983,0.635705931,1.025713729,67.580833435,17.404752731,0.734436750,0.999998629,-0.001649127,0.000081452,-0.000074515
1112,116.637000000,fused_map_f2f,1,1,0,0.063712259,0.011725134,0.985305642,0.985305642,0.100000000,0.011151068,0.011151068,0.037096290,0.002811279,1.000000000,0.000000000,0.000000000,0.000000000,0.000000000,0.000000000,0.480519481,0.178018022,0.359518897,1.000000000,0.992904656,0.627986348,0.623530569,1.024902038,67.636039734,17.404947281,0.734522521,0.999998689,-0.001601591,0.000103794,-0.000077734
1113,116.742000000,fused_map_f2f,1,1,0,0.068619181,0.010546922,0.965882410,0.965882410,0.100000000,0.011372758,0.011372758,0.037832505,0.002867649,1.000000000,0.000000000,0.000000000,0.000000000,0.000000000,0.000000000,0.487179487,0.261456470,0.396890280,1.000000000,0.991589199,0.636678201,0.631323227,1.025421548,67.686820984,17.405366898,0.734855771,0.999998808,-0.001511223,0.000097705,-0.000097181
1114,116.821000000,fused_map_f2f,1,1,0,0.064868106,0.021715085,0.980730415,0.980730415,0.100000000,0.011202506,0.011202506,0.037234708,0.002824357,1.000000000,0.000000000,0.000000000,0.000000000,0.000000000,0.000000000,0.474358974,0.215721474,0.370903974,1.000000000,0.989804965,0.617747440,0.611449483,1.024096632,67.781044006,17.404617310,0.734614313,0.999998510,-0.001705124,0.000085037,-0.000072647
1115,116.929000000,fused_map_f2f,1,1,0,0.064347904,0.011317683,0.982789546,0.982789546,0.100000000,0.011179297,0.011179297,0.037148810,0.002818456,1.000000000,0.000000000,0.000000000,0.000000000,0.000000000,0.000000000,0.486486486,0.183565762,0.365318197,1.000000000,0.991138680,0.612244898,0.606819600,1.023787973,67.832260132,17.404840469,0.734498560,0.999998748,-0.001593799,0.000079591,-0.000067793
1116,117.030000000,fused_map_f2f,1,1,0,0.066539183,0.013329622,0.974115734,0.974115734,0.100000000,0.011277719,0.011277719,0.037489469,0.002843481,1.000000000,0.000000000,0.000000000,0.000000000,0.000000000,0.000000000,0.487179487,0.262350321,0.397247821,1.000000000,0.991592920,0.621527778,0.616302544,1.024420170,67.879096985,17.404911041,0.734448671,0.999998569,-0.001693501,0.000116601,-0.000064997
1117,117.134000000,fused_map_f2f,1,1,0,0.064000012,0.023392922,0.984166620,0.984166620,0.100000000,0.011163830,0.011163830,0.037062282,0.002814523,1.000000000,0.000000000,0.000000000,0.000000000,0.000000000,0.000000000,0.455696203,0.228265202,0.364723802,1.000000000,0.988515901,0.598006645,0.591139077,1.022742605,67.985839844,17.404363632,0.734471321,0.999998271,-0.001866447,0.000086806,-0.000081575
1118,117.234000000,fused_map_f2f,1,1,0,0.064978564,0.018779368,0.980293184,0.980293184,0.100000000,0.011207447,0.011207447,0.037230153,0.002825613,1.000000000,0.000000000,0.000000000,0.000000000,0.000000000,0.000000000,0.500000000,0.316588479,0.426635391,1.000000000,0.989827510,0.608843537,0.602650083,1.023510006,68.023719788,17.404247284,0.735017359,0.999998152,-0.001897408,0.000118343,-0.000088531
1119,117.313000000,fused_map_f2f,1,1,0,0.066297537,0.014123496,0.975072248,0.975072248,0.100000000,0.011266780,0.011266780,0.037395785,0.002840699,1.000000000,0.000000000,0.000000000,0.000000000,0.000000000,0.000000000,0.506329114,0.293937050,0.421372288,1.000000000,0.990274094,0.597269625,0.591460636,1.022764042,68.054405212,17.403474808,0.734363317,0.999997675,-0.002158186,0.000101897,-0.000061196
1120,117.426000000,fused_map_f2f,1,1,0,0.068151267,0.016507175,0.967734567,0.967734567,0.100000000,0.011351239,0.011351239,0.037607613,0.002862177,1.000000000,0.000000000,0.000000000,0.000000000,0.000000000,0.000000000,0.480000000,0.252838795,0.389135518,1.000000000,0.989025461,0.571906355,0.565629946,1.021041996,68.099609375,17.403505325,0.734219968,0.999997795,-0.002082794,0.000066062,-0.000026009
1121,117.534000000,fused_map_f2f,1,1,0,0.063569374,0.018040053,0.985871228,0.985871228,0.100000000,0.011144742,0.011144742,0.036960367,0.002809670,1.000000000,0.000000000,0.000000000,0.000000000,0.000000000,0.000000000,0.456790123,0.290779984,0.390386068,1.000000000,0.988074205,0.580756014,0.573830037,1.021588669,68.180229187,17.404041290,0.734471679,0.999998271,-0.001849583,0.000069255,-0.000084091
1122,117.617000000,fused_map_f2f,1,1,0,0.063930992,0.015676044,0.984439824,0.984439824,0.100000000,0.011160766,0.011160766,0.037011594,0.002813744,1.000000000,0.000000000,0.000000000,0.000000000,0.000000000,0.000000000,0.463414634,0.232718093,0.371136018,1.000000000,0.988058381,0.580536913,0.573604362,1.021573624,68.211708069,17.404182434,0.734519780,0.999998271,-0.001837023,0.000103307,-0.000056123
1123,117.735000000,fused_map_f2f,1,1,0,0.066021068,0.022633523,0.976166607,0.976166607,0.100000000,0.011254291,0.011254291,0.037333740,0.002837524,1.000000000,0.000000000,0.000000000,0.000000000,0.000000000,0.000000000,0.486842105,0.203157257,0.373368166,1.000000000,0.989417989,0.588435374,0.582208545,1.022147236,68.258094788,17.404356003,0.734493077,0.999998271,-0.001836239,0.000118576,-0.000036723
1124,117.840000000,fused_map_f2f,1,1,0,0.067598015,0.017925461,0.969924525,0.969924525,0.100000000,0.011325900,0.011325900,0.037599820,0.002855733,1.000000000,0.000000000,0.000000000,0.000000000,0.000000000,0.000000000,0.468354430,0.246788597,0.379728097,1.000000000,0.988110964,0.604166667,0.596983708,1.023132247,68.300689697,17.403873444,0.734323442,0.999997973,-0.002003267,0.000110124,-0.000010503
1125,117.916000000,fused_map_f2f,1,1,0,0.065571240,0.016531441,0.977947175,0.977947175,0.100000000,0.011234031,0.011234031,0.037283878,0.002832372,1.000000000,0.000000000,0.000000000,0.000000000,0.000000000,0.000000000,0.474358974,0.204399430,0.366375156,1.000000000,0.989431968,0.595155709,0.588866085,1.022591072,68.339698792,17.404390335,0.734040499,0.999998212,-0.001879396,0.000069017,-0.000053831
1126,118.027000000,fused_map_f2f,1,1,0,0.064721842,0.015704389,0.981309376,0.981309376,0.100000000,0.011195971,0.011195971,0.037206913,0.002822695,1.000000000,0.000000000,0.000000000,0.000000000,0.000000000,0.000000000,0.480000000,0.204089522,0.369635809,1.000000000,0.988536155,0.615658363,0.608600551,1.023906703,68.382255554,17.403593063,0.734479904,0.999997914,-0.002043335,0.000125054,0.000026693
1127,118.134000000,fused_map_f2f,1,1,0,0.063091133,0.021806734,0.987764265,0.987764265,0.100000000,0.011123621,0.011123621,0.036901072,0.002804301,1.000000000,0.000000000,0.000000000,0.000000000,0.000000000,0.000000000,0.475000000,0.240436042,0.381174417,1.000000000,0.990308370,0.583333333,0.577679883,1.021845326,68.437828064,17.404474258,0.733811617,0.999998093,-0.001957935,0.000071917,-0.000072134
1128,118.234000000,fused_map_f2f,1,1,0,0.067554920,0.020253126,0.970095108,0.970095108,0.100000000,0.011323931,0.011323931,0.037624722,0.002855232,1.000000000,0.000000000,0.000000000,0.000000000,0.000000000,0.000000000,0.461538462,0.230958904,0.369306638,1.000000000,0.990342406,0.616197183,0.610246201,1.024016413,68.479690552,17.403827667,0.733733952,0.999997795,-0.002084957,0.000112367,-0.000019431
1129,118.314000000,fused_map_f2f,1,1,0,0.063580271,0.018186953,0.985828095,0.985828095,0.100000000,0.011145224,0.011145224,0.037028710,0.002809793,1.000000000,0.000000000,0.000000000,0.000000000,0.000000000,0.000000000,0.480519481,0.254186679,0.389986360,1.000000000,0.989469065,0.608996540,0.602583237,1.023505549,68.585578918,17.403497696,0.734103203,0.999997973,-0.002014622,0.000072380,-0.000095281
1130,118.427000000,fused_map_f2f,1,1,0,0.065025754,0.015232937,0.980106389,0.980106389,0.100000000,0.011209559,0.011209559,0.037253377,0.002826150,1.000000000,0.000000000,0.000000000,0.000000000,0.000000000,0.000000000,0.500000000,0.180670325,0.372268130,1.000000000,0.988561373,0.616724739,0.609670254,1.023978017,68.637390137,17.403738022,0.734093249,0.999998033,-0.001985289,0.000076415,-0.000096776
1131,118.529000000,fused_map_f2f,1,1,0,0.065760567,0.012612108,0.977197757,0.977197757,0.100000000,0.011242549,0.011242549,0.037361245,0.002834538,1.000000000,0.000000000,0.000000000,0.000000000,0.000000000,0.000000000,0.486842105,0.193593350,0.369542603,1.000000000,0.987703118,0.617747440,0.610151073,1.024010072,68.691078186,17.404163361,0.733947337,0.999998212,-0.001887233,0.000080790,-0.000109870
1132,118.630000000,fused_map_f2f,1,1,0,0.064085102,0.013848835,0.983829806,0.983829806,0.100000000,0.011167609,0.011167609,0.037122839,0.002815484,1.000000000,0.000000000,0.000000000,0.000000000,0.000000000,0.000000000,0.520000000,0.262721333,0.417088533,1.000000000,0.986842105,0.620071685,0.611912847,1.024127523,68.828567505,17.403898239,0.734508395,0.999998271,-0.001856439,0.000065285,-0.000114521
1133,118.716000000,fused_map_f2f,1,1,0,0.064821891,0.018941930,0.980913347,0.980913347,0.100000000,0.011200441,0.011200441,0.037175563,0.002823831,1.000000000,0.000000000,0.000000000,0.000000000,0.000000000,0.000000000,0.455696203,0.242355333,0.370359855,1.000000000,0.987286278,0.596551724,0.588967331,1.022597822,68.868606567,17.404081345,0.734330833,0.999998331,-0.001821675,0.000047955,-0.000073564
1134,118.834000000,fused_map_f2f,1,1,0,0.064105405,0.012547266,0.983749437,0.983749437,0.100000000,0.011168511,0.011168511,0.037036214,0.002815713,1.000000000,0.000000000,0.000000000,0.000000000,0.000000000,0.000000000,0.461538462,0.164876471,0.342873665,1.000000000,0.987767584,0.580536913,0.573435544,1.021562370,68.979911804,17.404163361,0.734258831,0.999998033,-0.001975261,0.000070019,-0.000120033
1135,118.939000000,fused_map_f2f,1,1,0,0.062388173,0.014768067,0.990546816,0.990546816,0.100000000,0.011092720,0.011092720,0.036836420,0.002796445,1.000000000,0.000000000,0.000000000,0.000000000,0.000000000,0.000000000,0.450000000,0.206051248,0.352420499,1.000000000,0.988163086,0.600000000,0.592897852,1.022859857,69.033721924,17.403966904,0.734453380,0.999998152,-0.001898006,0.000073618,-0.000105044
1136,119.032000000,fused_map_f2f,1,1,0,0.063700675,0.012278259,0.985351496,0.985351496,0.100000000,0.011150555,0.011150555,0.037023857,0.002811148,1.000000000,0.000000000,0.000000000,0.000000000,0.000000000,0.000000000,0.466666667,0.162786762,0.345114705,1.000000000,0.987330712,0.600682594,0.593072373,1.022871492,69.077911377,17.403375626,0.734539032,0.999998033,-0.001973606,0.000110442,0.000019538
1137,119.122000000,fused_map_f2f,1,1,0,0.063136702,0.016475826,0.987583886,0.987583886,0.100000000,0.011125630,0.011125630,0.036955306,0.002804811,1.000000000,0.000000000,0.000000000,0.000000000,0.000000000,0.000000000,0.456790123,0.348602802,0.413515195,1.000000000,0.989044698,0.604895105,0.598268296,1.023217886,69.167037964,17.404291153,0.734603584,0.999998331,-0.001829495,0.000072953,-0.000101933
1138,119.215000000,fused_map_f2f,1,1,0,0.061921165,0.019448685,0.992395388,0.992395388,0.100000000,0.011072286,0.011072286,0.036790119,0.002791251,1.000000000,0.000000000,0.000000000,0.000000000,0.000000000,0.000000000,0.455696203,0.271303737,0.381939216,1.000000000,0.988626422,0.608391608,0.601472019,1.023431468,69.217376709,17.404905319,0.734762549,0.999998450,-0.001761527,0.000097480,-0.000142491
1139,119.334000000,fused_map_f2f,1,1,0,0.061760555,0.020830159,0.993031137,0.993031137,0.100000000,0.011065276,0.011065276,0.036742085,0.002789469,1.000000000,0.000000000,0.000000000,0.000000000,0.000000000,0.000000000,0.425000000,0.228529727,0.346411891,1.000000000,0.988641328,0.597269625,0.590485435,1.022699029,69.382011414,17.404409409,0.734537125,0.999998212,-0.001886077,0.000085876,-0.000097138
1140,119.414000000,fused_map_f2f,1,1,0,0.063970860,0.016601079,0.984282011,0.984282011,0.100000000,0.011162536,0.011162536,0.037110261,0.002814194,1.000000000,0.000000000,0.000000000,0.000000000,0.000000000,0.000000000,0.462500000,0.179085108,0.349134043,1.000000000,0.987347295,0.621428571,0.613565819,1.024237721,69.432449341,17.403993607,0.734564424,0.999998093,-0.001949638,0.000084278,-0.000105706
1141,119.517000000,fused_map_f2f,1,1,0,0.065955504,0.013931963,0.976426132,0.976426132,0.100000000,0.011251334,0.011251334,0.037402027,0.002836772,1.000000000,0.000000000,0.000000000,0.000000000,0.000000000,0.000000000,0.486842105,0.217995255,0.379303365,1.000000000,0.986080905,0.624113475,0.615426380,1.024361759,69.489913940,17.403852463,0.734253645,0.999997973,-0.002011658,0.000123296,-0.000109394
1142,119.625000000,fused_map_f2f,1,1,0,0.061053626,0.014300292,0.995829396,0.995829396,0.100000000,0.011034526,0.011034526,0.036659480,0.002781652,1.000000000,0.000000000,0.000000000,0.000000000,0.000000000,0.000000000,0.432098765,0.254484201,0.361052940,1.000000000,0.986044483,0.606271777,0.597810941,1.023187396,69.578132629,17.404317856,0.734438300,0.999998391,-0.001786700,0.000091471,-0.000132977
1143,119.725000000,fused_map_f2f,1,1,0,0.064076836,0.028607627,0.983862522,0.983862522,0.100000000,0.011167242,0.011167242,0.037126100,0.002815391,1.000000000,0.000000000,0.000000000,0.000000000,0.000000000,0.000000000,0.461538462,0.242553883,0.373944630,1.000000000,0.989135159,0.620567376,0.613825010,1.024255001,69.643203735,17.404634476,0.734242022,0.999998391,-0.001787219,0.000102054,-0.000113607
1144,119.831000000,fused_map_f2f,1,1,0,0.062579143,0.022262935,0.989790892,0.989790892,0.100000000,0.011101098,0.011101098,0.036878760,0.002798575,1.000000000,0.000000000,0.000000000,0.000000000,0.000000000,0.000000000,0.480000000,0.274678474,0.397871390,1.000000000,0.987788923,0.606896552,0.599485691,1.023299046,69.788047791,17.404911041,0.734807014,0.999998629,-0.001631486,0.000087845,-0.000155747
1145,119.913000000,fused_map_f2f,1,1,0,0.062662221,0.016524810,0.989462042,0.989462042,0.100000000,0.011104746,0.011104746,0.036949314,0.002799502,1.000000000,0.000000000,0.000000000,0.000000000,0.000000000,0.000000000,0.480519481,0.188777753,0.363822790,1.000000000,0.987007362,0.633093525,0.624867971,1.024991198,69.851486206,17.405200958,0.734657705,0.999998689,-0.001606438,0.000089581,-0.000150033
1146,120.036000000,fused_map_f2f,1,1,0,0.060888104,0.017803715,0.996484587,0.996484587,0.100000000,0.011027351,0.011027351,0.036600915,0.002779828,1.000000000,0.000000000,0.000000000,0.000000000,0.000000000,0.000000000,0.450000000,0.230298035,0.362119214,1.000000000,0.985670864,0.590909091,0.582441874,1.022162792,70.019142151,17.405239105,0.734981000,0.999998689,-0.001608348,0.000087078,-0.000172985
1147,120.134000000,fused_map_f2f,1,1,0,0.062032783,0.013178430,0.991953568,0.991953568,0.100000000,0.011077163,0.011077163,0.036706539,0.002792490,1.000000000,0.000000000,0.000000000,0.000000000,0.000000000,0.000000000,0.493333333,0.229234853,0.387693941,1.000000000,0.983933999,0.567567568,0.558449027,1.020563268,70.170578003,17.405899048,0.734497786,0.999998748,-0.001544521,0.000093574,-0.000219242
1148,120.239000000,fused_map_f2f,1,1,0,0.060846585,0.020708717,0.996648933,0.996648933,0.100000000,0.011025552,0.011025552,0.036520694,0.002779371,1.000000000,0.000000000,0.000000000,0.000000000,0.000000000,0.000000000,0.487179487,0.249313843,0.392033230,1.000000000,0.986129172,0.557823129,0.550085661,1.020005711,70.247688293,17.405767441,0.735140920,0.999998748,-0.001554852,0.000124416,-0.000210427
1149,120.325000000,fused_map_f2f,1,1,0,0.060370498,0.016113067,0.998533444,0.998533444,0.100000000,0.011004973,0.011004973,0.036459643,0.002774140,1.000000000,0.000000000,0.000000000,0.000000000,0.000000000,0.000000000,0.460526316,0.231747232,0.369014682,1.000000000,0.983578220,0.561643836,0.552420644,1.020161376,70.386352539,17.404947281,0.735185206,0.999998748,-0.001571611,0.000089637,-0.000233347
1150,120.431000000,fused_map_f2f,1,1,0,0.062999937,0.023003347,0.988125248,0.988125248,0.100000000,0.011119602,0.011119602,0.036831025,0.002803279,1.000000000,0.000000000,0.000000000,0.000000000,0.000000000,0.000000000,0.474358974,0.195387259,0.362770288,1.000000000,0.983975747,0.562068966,0.553062230,1.020204149,70.469238281,17.405279160,0.735681891,0.999998808,-0.001511486,0.000074114,-0.000193627
1151,120.513000000,fused_map_f2f,1,1,0,0.060333879,0.015812408,0.998678394,0.998678394,0.100000000,0.011003393,0.011003393,0.036459267,0.002773739,1.000000000,0.000000000,0.000000000,0.000000000,0.000000000,0.000000000,0.480519481,0.232019982,0.381119681,1.000000000,0.985738980,0.562500000,0.554478176,1.020298545,70.576766968,17.405481339,0.735183954,0.999998868,-0.001489190,0.000096950,-0.000226739
1152,120.617000000,fused_map_f2f,1,1,0,0.061040022,0.020470822,0.995883246,0.995883246,0.100000000,0.011033936,0.011033936,0.036552094,0.002781502,1.000000000,0.000000000,0.000000000,0.000000000,0.000000000,0.000000000,0.455696203,0.296415722,0.391984010,1.000000000,0.983954900,0.560975610,0.551974700,1.020131647,70.662818909,17.405393600,0.735476673,0.999998927,-0.001429490,0.000077195,-0.000216627
1153,120.722000000,fused_map_f2f,1,1,0,0.061558221,0.019432013,0.993832040,0.993832040,0.100000000,0.011056457,0.011056457,0.036605674,0.002787227,1.000000000,0.000000000,0.000000000,0.000000000,0.000000000,0.000000000,0.423076923,0.122769530,0.302953966,1.000000000,0.983982684,0.552542373,0.543692127,1.019579475,70.749130249,17.405588150,0.735373259,0.999998987,-0.001409830,0.000101065,-0.000241856
1154,120.830000000,fused_map_f2f,1,1,0,0.060853240,0.021931148,0.996622593,0.996622593,0.100000000,0.011025841,0.011025841,0.036509798,0.002779444,1.000000000,0.000000000,0.000000000,0.000000000,0.000000000,0.000000000,0.472972973,0.219227921,0.371474952,1.000000000,0.983556902,0.554054054,0.544943689,1.019662913,70.831306458,17.405185699,0.735451162,0.999998629,-0.001644263,0.000097251,-0.000251889
1155,120.928000000,fused_map_f2f,1,1,0,0.060884661,0.018424456,0.996498219,0.996498219,0.100000000,0.011027201,0.011027201,0.036558183,0.002779790,1.000000000,0.000000000,0.000000000,0.000000000,0.000000000,0.000000000,0.435897436,0.180193112,0.333615707,1.000000000,0.980993521,0.575000000,0.564071274,1.020938085,70.952423096,17.405389786,0.735055268,0.999998569,-0.001674506,0.000085266,-0.000252546
1156,121.025000000,fused_map_f2f,1,1,0,0.058549178,0.042331458,1.000000000,1.000000000,0.100000000,0.010989011,0.010989011,0.036452124,0.002770083,1.000000000,0.000000000,0.000000000,0.000000000,0.000000000,0.000000000,0.467532468,0.302175094,0.401389518,1.000000000,0.984449244,0.580645161,0.571615690,1.021441046,71.036346436,17.405342102,0.735596657,0.999998748,-0.001555453,0.000096622,-0.000272644
1157,121.131000000,fused_map_f2f,1,1,0,0.058934276,0.020923544,1.000000000,1.000000000,0.100000000,0.010989011,0.010989011,0.036407829,0.002770083,1.000000000,0.000000000,0.000000000,0.000000000,0.000000000,0.000000000,0.467532468,0.210644508,0.364777284,1.000000000,0.979220779,0.564013841,0.552294073,1.020152938,71.187774658,17.405887604,0.735746086,0.999998629,-0.001608591,0.000104929,-0.000261283
1158,121.229000000,fused_map_f2f,1,1,0,0.060751730,0.013325891,0.997024401,0.997024401,0.100000000,0.011021446,0.011021446,0.036564712,0.002778327,1.000000000,0.000000000,0.000000000,0.000000000,0.000000000,0.000000000,0.461538462,0.246538168,0.375538344,1.000000000,0.979238754,0.587188612,0.574997845,1.021666523,71.258293152,17.406133652,0.735759437,0.999998629,-0.001603898,0.000104401,-0.000290416
1159,121.329000000,fused_map_f2f,1,1,0,0.059271698,0.028801829,1.000000000,1.000000000,0.100000000,0.010989011,0.010989011,0.036417525,0.002770083,1.000000000,0.000000000,0.000000000,0.000000000,0.000000000,0.000000000,0.448717949,0.197476528,0.348221380,1.000000000,0.982297064,0.566552901,0.556523251,1.020434883,71.372116089,17.405632019,0.735650122,0.999998748,-0.001523810,0.000106546,-0.000292129
1160,121.436000000,fused_map_f2f,1,1,0,0.059903706,0.024792059,1.000000000,1.000000000,0.100000000,0.010989011,0.010989011,0.036460690,0.002770083,1.000000000,0.000000000,0.000000000,0.000000000,0.000000000,0.000000000,0.455696203,0.220671796,0.361686440,1.000000000,0.981888745,0.585964912,0.575352352,1.021690157,71.455245972,17.405893326,0.735530496,0.999998927,-0.001440832,0.000103365,-0.000268699
1161,121.518000000,fused_map_f2f,1,1,0,0.059316863,0.016494262,1.000000000,1.000000000,0.100000000,0.010989011,0.010989011,0.036507330,0.002770083,1.000000000,0.000000000,0.000000000,0.000000000,0.000000000,0.000000000,0.455696203,0.192143645,0.350275179,1.000000000,0.978897502,0.608540925,0.595699192,1.023046613,71.575515747,17.405704498,0.735554278,0.999998927,-0.001439331,0.000094111,-0.000269058
1162,121.634000000,fused_map_f2f,1,1,0,0.059902573,0.021358906,1.000000000,1.000000000,0.100000000,0.010989011,0.010989011,0.036508471,0.002770083,1.000000000,0.000000000,0.000000000,0.000000000,0.000000000,0.000000000,0.480000000,0.205818612,0.370327445,1.000000000,0.979715149,0.608540925,0.596196763,1.023079784,71.663368225,17.405754089,0.735357642,0.999998808,-0.001489040,0.000073278,-0.000277803
1163,121.734000000,fused_map_f2f,1,1,0,0.059964586,0.024485322,1.000000000,1.000000000,0.100000000,0.010989011,0.010989011,0.036433781,0.002770083,1.000000000,0.000000000,0.000000000,0.000000000,0.000000000,0.000000000,0.441558442,0.253343226,0.366272355,1.000000000,0.978036176,0.576271186,0.563614067,1.020907604,71.768867493,17.405426025,0.735055923,0.999998510,-0.001682786,0.000094154,-0.000258683
1164,121.834000000,fused_map_f2f,1,1,0,0.060556630,0.018762375,0.997796672,0.997796672,0.100000000,0.011013010,0.011013010,0.036548030,0.002776183,1.000000000,0.000000000,0.000000000,0.000000000,0.000000000,0.000000000,0.412500000,0.215997572,0.333899029,1.000000000,0.981919931,0.590277778,0.579605515,1.021973701,71.845016479,17.406030655,0.735194504,0.999998808,-0.001529535,0.000082673,-0.000227771
1165,121.933000000,fused_map_f2f,1,1,0,0.061157472,0.028818282,0.995418339,0.995418339,0.100000000,0.011039032,0.011039032,0.036605242,0.002782798,1.000000000,0.000000000,0.000000000,0.000000000,0.000000000,0.000000000,0.437500000,0.284299260,0.376219704,1.000000000,0.979399142,0.579861111,0.567915474,1.021194365,71.946037292,17.405477524,0.734685838,0.999998629,-0.001605622,0.000094330,-0.000272483
1166,122.024000000,fused_map_f2f,1,1,0,0.060033292,0.036402134,0.999868218,0.999868218,0.100000000,0.010990443,0.010990443,0.036466693,0.002770447,1.000000000,0.000000000,0.000000000,0.000000000,0.000000000,0.000000000,0.474358974,0.294100353,0.402255526,1.000000000,0.979819665,0.587813620,0.575951344,1.021730090,72.011222839,17.406011581,0.734793007,0.999998689,-0.001587877,0.000081433,-0.000263163
1167,122.127000000,fused_map_f2f,1,1,0,0.061482562,0.016985241,0.994131526,0.994131526,0.100000000,0.011053163,0.011053163,0.036637330,0.002786390,1.000000000,0.000000000,0.000000000,0.000000000,0.000000000,0.000000000,0.453333333,0.143779046,0.329511619,1.000000000,0.975986278,0.575862069,0.562033477,1.020802232,72.090850830,17.405553818,0.734646142,0.999998748,-0.001523602,0.000098876,-0.000286615
1168,122.252000000,fused_map_f2f,1,1,0,0.058429505,0.016043028,1.000000000,1.000000000,0.100000000,0.010989011,0.010989011,0.036406438,0.002770083,1.000000000,0.000000000,0.000000000,0.000000000,0.000000000,0.000000000,0.441558442,0.264395223,0.370693154,1.000000000,0.981529210,0.562068966,0.551687107,1.020112474,72.180191040,17.406255722,0.735086858,0.999999046,-0.001351422,0.000063458,-0.000277918
1169,122.315000000,fused_map_f2f,1,1,0,0.059755334,0.021075203,1.000000000,1.000000000,0.100000000,0.010989011,0.010989011,0.036402752,0.002770083,1.000000000,0.000000000,0.000000000,0.000000000,0.000000000,0.000000000,0.432098765,0.203282740,0.340572355,1.000000000,0.982043608,0.560137457,0.550079410,1.020005294,72.231483459,17.405748367,0.734926939,0.999998689,-0.001584245,0.000095786,-0.000292237
1170,122.414000000,fused_map_f2f,1,1,0,0.058212918,0.026262501,1.000000000,1.000000000,0.100000000,0.010989011,0.010989011,0.036387045,0.002770083,1.000000000,0.000000000,0.000000000,0.000000000,0.000000000,0.000000000,0.448717949,0.219996537,0.357229384,1.000000000,0.979810997,0.554421769,0.543228546,1.019548570,72.427574158,17.405796051,0.735195100,0.999998748,-0.001555359,0.000083150,-0.000306818
1171,122.513000000,fused_map_f2f,1,1,0,0.058086168,0.018715862,1.000000000,1.000000000,0.100000000,0.010989011,0.010989011,0.036427521,0.002770083,1.000000000,0.000000000,0.000000000,0.000000000,0.000000000,0.000000000,0.467532468,0.182672606,0.353588523,1.000000000,0.978997000,0.572916667,0.560883698,1.020725580,72.557586670,17.405776978,0.735106409,0.999998510,-0.001675627,0.000086996,-0.000327160
1172,122.624000000,fused_map_f2f,1,1,0,0.057601348,0.022886887,1.000000000,1.000000000,0.100000000,0.010989011,0.010989011,0.036423034,0.002770083,1.000000000,0.000000000,0.000000000,0.000000000,0.000000000,0.000000000,0.454545455,0.257403408,0.375688636,1.000000000,0.978120978,0.571428571,0.558926273,1.020595085,72.634292603,17.405809402,0.735287309,0.999998868,-0.001467525,0.000077091,-0.000316023
1173,122.736000000,fused_map_f2f,1,1,0,0.057154225,0.020333348,1.000000000,1.000000000,0.100000000,0.010989011,0.010989011,0.036443879,0.002770083,1.000000000,0.000000000,0.000000000,0.000000000,0.000000000,0.000000000,0.479452055,0.248296037,0.386989648,1.000000000,0.981123981,0.578947368,0.568019147,1.021201276,72.775276184,17.406419754,0.735241234,0.999998808,-0.001517054,0.000081028,-0.000310077
1174,122.814000000,fused_map_f2f,1,1,0,0.057471975,0.014781116,1.000000000,1.000000000,0.100000000,0.010989011,0.010989011,0.036439294,0.002770083,1.000000000,0.000000000,0.000000000,0.000000000,0.000000000,0.000000000,0.473684211,0.191076599,0.360641166,1.000000000,0.981099656,0.576923077,0.566019033,1.021067936,72.828948975,17.405595779,0.734939933,0.999998629,-0.001623808,0.000088821,-0.000321360
1175,122.916000000,fused_map_f2f,1,1,0,0.060605248,0.018306213,0.997604228,0.997604228,0.100000000,0.011015111,0.011015111,0.036550493,0.002776717,1.000000000,0.000000000,0.000000000,0.000000000,0.000000000,0.000000000,0.479452055,0.223849146,0.377210891,1.000000000,0.976873662,0.591397849,0.577720983,1.021848066,72.899291992,17.406263351,0.734916151,0.999998689,-0.001579279,0.000092170,-0.000336672
1176,123.019000000,fused_map_f2f,1,1,0,0.057673207,0.020363909,1.000000000,1.000000000,0.100000000,0.010989011,0.010989011,0.036451785,0.002770083,1.000000000,0.000000000,0.000000000,0.000000000,0.000000000,0.000000000,0.437500000,0.281748213,0.375199285,1.000000000,0.977691978,0.584507042,0.571467846,1.021431190,72.982383728,17.406139374,0.735370219,0.999998748,-0.001538088,0.000094581,-0.000300370
1177,123.124000000,fused_map_f2f,1,1,0,0.061749485,0.024247052,0.993074956,0.993074956,0.100000000,0.011064793,0.011064793,0.036680574,0.002789346,1.000000000,0.000000000,0.000000000,0.000000000,0.000000000,0.000000000,0.473684211,0.208405178,0.367572598,1.000000000,0.977796755,0.577319588,0.564501219,1.020966748,73.061370850,17.406042099,0.734995604,0.999998629,-0.001617931,0.000100017,-0.000313152
1178,123.231000000,fused_map_f2f,1,1,0,0.058806285,0.027591256,1.000000000,1.000000000,0.100000000,0.010989011,0.010989011,0.036433589,0.002770083,1.000000000,0.000000000,0.000000000,0.000000000,0.000000000,0.000000000,0.486486486,0.233324409,0.385221655,1.000000000,0.979469632,0.575342466,0.563530473,1.020902032,73.146728516,17.406616211,0.735138535,0.999998808,-0.001506517,0.000094277,-0.000286826
1179,123.329000000,fused_map_f2f,1,1,0,0.059847317,0.021404010,1.000000000,1.000000000,0.100000000,0.010989011,0.010989011,0.036447956,0.002770083,1.000000000,0.000000000,0.000000000,0.000000000,0.000000000,0.000000000,0.455696203,0.187102529,0.348258733,1.000000000,0.977758768,0.582758621,0.569797351,1.021319823,73.223228455,17.405984879,0.735037982,0.999998689,-0.001592102,0.000102717,-0.000289126
1180,123.429000000,fused_map_f2f,1,1,0,0.057507801,0.018111157,1.000000000,1.000000000,0.100000000,0.010989011,0.010989011,0.036442688,0.002770083,1.000000000,0.000000000,0.000000000,0.000000000,0.000000000,0.000000000,0.506666667,0.220297190,0.392118876,1.000000000,0.977739726,0.580419580,0.567499282,1.021166619,73.382293701,17.406076431,0.735605896,0.999998808,-0.001500930,0.000086045,-0.000303136
1181,123.542000000,fused_map_f2f,1,1,0,0.060595904,0.031484846,0.997641214,0.997641214,0.100000000,0.011014707,0.011014707,0.036539350,0.002776614,1.000000000,0.000000000,0.000000000,0.000000000,0.000000000,0.000000000,0.500000000,0.226379287,0.390551715,1.000000000,0.978623343,0.585964912,0.573438942,1.021562596,73.468299866,17.405794144,0.735622764,0.999998748,-0.001521710,0.000048271,-0.000337060
1182,123.616000000,fused_map_f2f,1,1,0,0.057345806,0.013893069,1.000000000,1.000000000,0.100000000,0.010989011,0.010989011,0.036466205,0.002770083,1.000000000,0.000000000,0.000000000,0.000000000,0.000000000,0.000000000,0.506849315,0.272190930,0.412985961,1.000000000,0.976445396,0.591695502,0.577758349,1.021850557,73.601287842,17.406301498,0.735387087,0.999998748,-0.001525320,0.000092076,-0.000318362
1183,123.725000000,fused_map_f2f,1,1,0,0.060584474,0.026153565,0.997686458,0.997686458,0.100000000,0.011014213,0.011014213,0.036508245,0.002776489,1.000000000,0.000000000,0.000000000,0.000000000,0.000000000,0.000000000,0.460526316,0.270889798,0.384671709,1.000000000,0.976942784,0.573825503,0.560594685,1.020706312,73.680740356,17.406391144,0.735409439,0.999998808,-0.001503392,0.000046983,-0.000272169
1184,123.819000000,fused_map_f2f,1,1,0,0.058770778,0.015743781,1.000000000,1.000000000,0.100000000,0.010989011,0.010989011,0.036470535,0.002770083,1.000000000,0.000000000,0.000000000,0.000000000,0.000000000,0.000000000,0.473684211,0.194130168,0.361862593,1.000000000,0.977311644,0.593103448,0.579646906,1.021976460,73.768440247,17.406234741,0.735957265,0.999998808,-0.001482486,0.000093550,-0.000326421
1185,123.929000000,fused_map_f2f,1,1,0,0.060557324,0.020517610,0.997793926,0.997793926,0.100000000,0.011013040,0.011013040,0.036529783,0.002776191,1.000000000,0.000000000,0.000000000,0.000000000,0.000000000,0.000000000,0.447368421,0.200512994,0.348626250,1.000000000,0.976099018,0.585616438,0.571619631,1.021441309,73.853614807,17.406030655,0.734895527,0.999998748,-0.001521466,0.000105163,-0.000308351
1186,124.028000000,fused_map_f2f,1,1,0,0.059381529,0.016262906,1.000000000,1.000000000,0.100000000,0.010989011,0.010989011,0.036427415,0.002770083,1.000000000,0.000000000,0.000000000,0.000000000,0.000000000,0.000000000,0.520547945,0.196180611,0.390801011,1.000000000,0.973019272,0.576388889,0.560837497,1.020722500,73.956321716,17.406057358,0.735438108,0.999998868,-0.001450229,0.000116140,-0.000311722
1187,124.130000000,fused_map_f2f,1,1,0,0.059685935,0.024010415,1.000000000,1.000000000,0.100000000,0.010989011,0.010989011,0.036409930,0.002770083,1.000000000,0.000000000,0.000000000,0.000000000,0.000000000,0.000000000,0.486842105,0.296223639,0.410594719,1.000000000,0.975661827,0.567010309,0.553210315,1.020214021,74.033477783,17.406429291,0.735350132,0.999998987,-0.001373293,0.000112158,-0.000341006
1188,124.232000000,fused_map_f2f,1,1,0,0.058889721,0.024891364,1.000000000,1.000000000,0.100000000,0.010989011,0.010989011,0.036399005,0.002770083,1.000000000,0.000000000,0.000000000,0.000000000,0.000000000,0.000000000,0.473684211,0.162497574,0.349209556,1.000000000,0.971343028,0.564625850,0.548445383,1.019896359,74.143264771,17.405687332,0.735568523,0.999998808,-0.001512329,0.000111120,-0.000303493
1189,124.325000000,fused_map_f2f,1,1,0,0.058397522,0.016275446,1.000000000,1.000000000,0.100000000,0.010989011,0.010989011,0.036437303,0.002770083,1.000000000,0.000000000,0.000000000,0.000000000,0.000000000,0.000000000,0.473684211,0.213305542,0.369532743,1.000000000,0.971782813,0.581560284,0.565150289,1.021010019,74.217300415,17.405271530,0.735105217,0.999998510,-0.001674588,0.000116894,-0.000288532
1190,124.428000000,fused_map_f2f,1,1,0,0.059705419,0.018953663,1.000000000,1.000000000,0.100000000,0.010989011,0.010989011,0.036442123,0.002770083,1.000000000,0.000000000,0.000000000,0.000000000,0.000000000,0.000000000,0.493333333,0.283955672,0.409582269,1.000000000,0.973898160,0.582456140,0.567252963,1.021150198,74.281623840,17.405773163,0.735661149,0.999998868,-0.001464180,0.000120411,-0.000300239
1191,124.527000000,fused_map_f2f,1,1,0,0.058550912,0.014845038,1.000000000,1.000000000,0.100000000,0.010989011,0.010989011,0.036439206,0.002770083,1.000000000,0.000000000,0.000000000,0.000000000,0.000000000,0.000000000,0.468354430,0.246573225,0.379641948,1.000000000,0.972672929,0.581881533,0.565980415,1.021065361,74.351593018,17.406019211,0.735391378,0.999999046,-0.001347892,0.000125383,-0.000287406
1192,124.633000000,fused_map_f2f,1,1,0,0.058291758,0.027958511,1.000000000,1.000000000,0.100000000,0.010989011,0.010989011,0.036445877,0.002770083,1.000000000,0.000000000,0.000000000,0.000000000,0.000000000,0.000000000,0.500000000,0.277448444,0.410979378,1.000000000,0.971855011,0.585365854,0.568890738,1.021259383,74.419380188,17.406845093,0.735617042,0.999999404,-0.001015208,0.000146556,-0.000296355
1193,124.714000000,fused_map_f2f,1,1,0,0.059315557,0.014929560,1.000000000,1.000000000,0.100000000,0.010989011,0.010989011,0.036438809,0.002770083,1.000000000,0.000000000,0.000000000,0.000000000,0.000000000,0.000000000,0.493150685,0.201474273,0.376480120,1.000000000,0.971416382,0.582456140,0.565807437,1.021053829,74.474578857,17.407039642,0.736095071,0.999999464,-0.000975905,0.000104978,-0.000237830
1194,124.821000000,fused_map_f2f,1,1,0,0.057098644,0.019593025,1.000000000,1.000000000,0.100000000,0.010989011,0.010989011,0.036428466,0.002770083,1.000000000,0.000000000,0.000000000,0.000000000,0.000000000,0.000000000,0.448717949,0.212304352,0.354152510,1.000000000,0.973134328,0.576791809,0.561295910,1.020753061,74.575759888,17.405759811,0.735688627,0.999998868,-0.001459825,0.000109763,-0.000284479
1195,124.927000000,fused_map_f2f,1,1,0,0.058487141,0.016050719,1.000000000,1.000000000,0.100000000,0.010989011,0.010989011,0.036435079,0.002770083,1.000000000,0.000000000,0.000000000,0.000000000,0.000000000,0.000000000,0.448717949,0.224462228,0.359015660,1.000000000,0.970915312,0.581081081,0.564180519,1.020945368,74.642143250,17.405679703,0.735412180,0.999998927,-0.001421532,0.000113682,-0.000340740
1196,125.041000000,fused_map_f2f,1,1,0,0.058268628,0.017721830,1.000000000,1.000000000,0.100000000,0.010989011,0.010989011,0.036441967,0.002770083,1.000000000,0.000000000,0.000000000,0.000000000,0.000000000,0.000000000,0.472972973,0.166527640,0.350394840,1.000000000,0.971843003,0.583617747,0.567184825,1.021145655,74.774597168,17.405632019,0.735461831,0.999998808,-0.001507859,0.000111714,-0.000307166
1197,125.136000000,fused_map_f2f,1,1,0,0.057976181,0.019331185,1.000000000,1.000000000,0.100000000,0.010989011,0.010989011,0.036447437,0.002770083,1.000000000,0.000000000,0.000000000,0.000000000,0.000000000,0.000000000,0.474358974,0.209770850,0.368523725,1.000000000,0.969270166,0.587628866,0.569571129,1.021304742,74.841766357,17.405843735,0.735450387,0.999998927,-0.001414338,0.000104335,-0.000293418
1198,125.234000000,fused_map_f2f,1,1,0,0.057632890,0.021604509,1.000000000,1.000000000,0.100000000,0.010989011,0.010989011,0.036457816,0.002770083,1.000000000,0.000000000,0.000000000,0.000000000,0.000000000,0.000000000,0.526315789,0.232465318,0.408775601,1.000000000,0.970500214,0.591549296,0.574098718,1.021606581,74.977775574,17.406066895,0.735234678,0.999998748,-0.001541058,0.000095655,-0.000295630
1199,125.315000000,fused_map_f2f,1,1,0,0.057523711,0.020398300,1.000000000,1.000000000,0.100000000,0.010989011,0.010989011,0.036436206,0.002770083,1.000000000,0.000000000,0.000000000,0.000000000,0.000000000,0.000000000,0.460526316,0.187190625,0.351192039,1.000000000,0.972305070,0.580756014,0.564672017,1.020978134,75.026344299,17.405908585,0.734905660,0.999998987,-0.001361671,0.000162679,-0.000321612
1200,125.427000000,fused_map_f2f,1,1,0,0.060281185,0.022116406,0.998886977,0.998886977,0.100000000,0.011001121,0.011001121,0.036517032,0.002773161,1.000000000,0.000000000,0.000000000,0.000000000,0.000000000,0.000000000,0.473684211,0.239359815,0.379954452,1.000000000,0.968003413,0.602112676,0.582847125,1.022189808,75.100776672,17.405418396,0.734654009,0.999998748,-0.001558463,0.000112143,-0.000256658
1201,125.521000000,fused_map_f2f,1,1,0,0.057428090,0.012551069,1.000000000,1.000000000,0.100000000,0.010989011,0.010989011,0.036508563,0.002770083,1.000000000,0.000000000,0.000000000,0.000000000,0.000000000,0.000000000,0.541666667,0.196103450,0.403441380,1.000000000,0.971014493,0.614035088,0.596236969,1.023082465,75.186614990,17.405677795,0.735267699,0.999998748,-0.001533073,0.000112792,-0.000267682
1202,125.613000000,fused_map_f2f,1,1,0,0.056665185,0.016799077,1.000000000,1.000000000,0.100000000,0.010989011,0.010989011,0.036500263,0.002770083,1.000000000,0.000000000,0.000000000,0.000000000,0.000000000,0.000000000,0.468354430,0.214547562,0.366831683,1.000000000,0.967604433,0.612456747,0.592615864,1.022841058,75.244552612,17.405950546,0.735164344,0.999998808,-0.001503084,0.000109406,-0.000293759
1203,125.724000000,fused_map_f2f,1,1,0,0.057222870,0.019119988,1.000000000,1.000000000,0.100000000,0.010989011,0.010989011,0.036516419,0.002770083,1.000000000,0.000000000,0.000000000,0.000000000,0.000000000,0.000000000,0.486842105,0.193242370,0.369402211,1.000000000,0.968949383,0.618881119,0.599664478,1.023310965,75.348426819,17.405807495,0.734892309,0.999998987,-0.001372656,0.000118829,-0.000274568
1204,125.826000000,fused_map_f2f,1,1,0,0.056201895,0.013831304,1.000000000,1.000000000,0.100000000,0.010989011,0.010989011,0.036498982,0.002770083,1.000000000,0.000000000,0.000000000,0.000000000,0.000000000,0.000000000,0.473684211,0.221722568,0.372899554,1.000000000,0.967590618,0.611888112,0.592057197,1.022803813,75.422546387,17.405673981,0.735231638,0.999998927,-0.001425496,0.000104493,-0.000246943
1205,125.940000000,fused_map_f2f,1,1,0,0.057695595,0.016281304,1.000000000,1.000000000,0.100000000,0.010989011,0.010989011,0.036541098,0.002770083,1.000000000,0.000000000,0.000000000,0.000000000,0.000000000,0.000000000,0.472972973,0.226067141,0.374210640,1.000000000,0.967673330,0.630824373,0.610431922,1.024028795,75.538642883,17.405458450,0.734514058,0.999998987,-0.001377649,0.000119522,-0.000258044
1206,126.015000000,fused_map_f2f,1,1,0,0.055297822,0.028218439,1.000000000,1.000000000,0.100000000,0.010989011,0.010989011,0.036515823,0.002770083,1.000000000,0.000000000,0.000000000,0.000000000,0.000000000,0.000000000,0.540540541,0.319941392,0.452300881,1.000000000,0.969322539,0.618374558,0.599404397,1.023293626,75.613021851,17.405914307,0.734918416,0.999998987,-0.001380078,0.000112784,-0.000249456
1207,126.114000000,fused_map_f2f,1,1,0,0.058811622,0.015846561,1.000000000,1.000000000,0.100000000,0.010989011,0.010989011,0.036493697,0.002770083,1.000000000,0.000000000,0.000000000,0.000000000,0.000000000,0.000000000,0.493506494,0.264679112,0.401975541,1.000000000,0.967192160,0.609756098,0.589751317,1.022650088,75.692161560,17.405633926,0.734074414,0.999998808,-0.001523013,0.000046022,-0.000218887
1208,126.220000000,fused_map_f2f,1,1,0,0.056450704,0.015003876,1.000000000,1.000000000,0.100000000,0.010989011,0.010989011,0.036474419,0.002770083,1.000000000,0.000000000,0.000000000,0.000000000,0.000000000,0.000000000,0.486842105,0.200732476,0.372398254,1.000000000,0.965502555,0.602112676,0.581341327,1.022089422,75.785865784,17.405157089,0.734811664,0.999998987,-0.001405138,0.000093079,-0.000250700
1209,126.329000000,fused_map_f2f,1,1,0,0.058830418,0.018937358,1.000000000,1.000000000,0.100000000,0.010989011,0.010989011,0.036424989,0.002770083,1.000000000,0.000000000,0.000000000,0.000000000,0.000000000,0.000000000,0.520000000,0.329231119,0.443692447,1.000000000,0.967192160,0.578767123,0.559779024,1.020651935,75.877914429,17.405649185,0.735103905,0.999999106,-0.001303375,0.000107046,-0.000249847
1210,126.427000000,fused_map_f2f,1,1,0,0.057179847,0.021530988,1.000000000,1.000000000,0.100000000,0.010989011,0.010989011,0.036443305,0.002770083,1.000000000,0.000000000,0.000000000,0.000000000,0.000000000,0.000000000,0.519480519,0.187358520,0.386631720,1.000000000,0.965546576,0.588028169,0.567768585,1.021184572,75.989105225,17.405834198,0.734907746,0.999998987,-0.001381150,0.000111022,-0.000242066
1211,126.536000000,fused_map_f2f,1,1,0,0.060044048,0.019631451,0.999825643,0.999825643,0.100000000,0.010990906,0.010990906,0.036381332,0.002770565,1.000000000,0.000000000,0.000000000,0.000000000,0.000000000,0.000000000,0.467532468,0.231948332,0.373298813,1.000000000,0.964590444,0.557823129,0.538070860,1.019204724,76.088264465,17.406169891,0.734814525,0.999999166,-0.001275659,0.000083305,-0.000241223
1212,126.618000000,fused_map_f2f,1,1,0,0.057911364,0.018888541,1.000000000,1.000000000,0.100000000,0.010989011,0.010989011,0.036384036,0.002770083,1.000000000,0.000000000,0.000000000,0.000000000,0.000000000,0.000000000,0.486842105,0.272354374,0.401047013,1.000000000,0.966751918,0.560553633,0.541916300,1.019461087,76.180099487,17.405330658,0.734681964,0.999998868,-0.001499024,0.000112050,-0.000244050
1213,126.726000000,fused_map_f2f,1,1,0,0.059528266,0.021223029,1.000000000,1.000000000,0.100000000,0.010989011,0.010989011,0.036340799,0.002770083,1.000000000,0.000000000,0.000000000,0.000000000,0.000000000,0.000000000,0.486486486,0.216804498,0.378613691,1.000000000,0.963875903,0.542662116,0.523058937,1.018203929,76.282798767,17.405303955,0.734461606,0.999998868,-0.001496319,0.000098548,-0.000235082
1214,126.826000000,fused_map_f2f,1,1,0,0.057506362,0.016489339,1.000000000,1.000000000,0.100000000,0.010989011,0.010989011,0.036338485,0.002770083,1.000000000,0.000000000,0.000000000,0.000000000,0.000000000,0.000000000,0.473684211,0.244431405,0.381983088,1.000000000,0.963783553,0.541666667,0.522049425,1.018136628,76.382499695,17.405653000,0.734587431,0.999998689,-0.001582916,0.000095503,-0.000214306
1215,126.932000000,fused_map_f2f,1,1,0,0.060216216,0.019257503,0.999144145,0.999144145,0.100000000,0.010998321,0.010998321,0.036370493,0.002772449,1.000000000,0.000000000,0.000000000,0.000000000,0.000000000,0.000000000,0.520547945,0.221168584,0.400796201,1.000000000,0.962585034,0.543252595,0.522926818,1.018195121,76.483497620,17.404991150,0.734532535,0.999998808,-0.001526270,0.000101787,-0.000185930
1216,127.037000000,fused_map_f2f,1,1,0,0.057503241,0.022990702,1.000000000,1.000000000,0.100000000,0.010989011,0.010989011,0.036338252,0.002770083,1.000000000,0.000000000,0.000000000,0.000000000,0.000000000,0.000000000,0.533333333,0.288847523,0.435539009,1.000000000,0.961309524,0.542955326,0.521948126,1.018129875,76.580238342,17.405462265,0.734594345,0.999998927,-0.001465225,0.000106216,-0.000128599
1217,127.115000000,fused_map_f2f,1,1,0,0.058302962,0.018825127,1.000000000,1.000000000,0.100000000,0.010989011,0.010989011,0.036344257,0.002770083,1.000000000,0.000000000,0.000000000,0.000000000,0.000000000,0.000000000,0.513513514,0.180097283,0.380147021,1.000000000,0.963891249,0.544217687,0.524566666,1.018304444,76.650115967,17.405389786,0.734382510,0.999998927,-0.001449854,0.000114070,-0.000168684
1218,127.222000000,fused_map_f2f,1,1,0,0.057834209,0.015287886,1.000000000,1.000000000,0.100000000,0.010989011,0.010989011,0.036380360,0.002770083,1.000000000,0.000000000,0.000000000,0.000000000,0.000000000,0.000000000,0.500000000,0.221107957,0.388443183,1.000000000,0.963891249,0.560553633,0.540312742,1.019354183,76.746391296,17.405776978,0.733543098,0.999998987,-0.001416181,0.000099651,-0.000175510
1219,127.325000000,fused_map_f2f,1,1,0,0.057289675,0.016752756,1.000000000,1.000000000,0.100000000,0.010989011,0.010989011,0.036392450,0.002770083,1.000000000,0.000000000,0.000000000,0.000000000,0.000000000,0.000000000,0.513513514,0.248292592,0.407425145,1.000000000,0.964755839,0.565517241,0.545586060,1.019705737,76.838783264,17.405399323,0.733661771,0.999998868,-0.001503662,0.000102663,-0.000164303
1220,127.428000000,fused_map_f2f,1,1,0,0.058012948,0.028972658,1.000000000,1.000000000,0.100000000,0.010989011,0.010989011,0.036409876,0.002770083,1.000000000,0.000000000,0.000000000,0.000000000,0.000000000,0.000000000,0.520000000,0.255824088,0.414329635,1.000000000,0.959745763,0.576388889,0.553186794,1.020212453,76.954742432,17.404989243,0.733549237,0.999998808,-0.001533746,0.000099170,-0.000163194
1221,127.528000000,fused_map_f2f,1,1,0,0.058714105,0.024705174,1.000000000,1.000000000,0.100000000,0.010989011,0.010989011,0.036421457,0.002770083,1.000000000,0.000000000,0.000000000,0.000000000,0.000000000,0.000000000,0.549295775,0.198827685,0.409108539,1.000000000,0.958421723,0.582456140,0.558238617,1.020549241,77.042015076,17.405477524,0.733731866,0.999998987,-0.001382614,0.000114214,-0.000161059
1222,127.626000000,fused_map_f2f,1,1,0,0.058657187,0.018053314,1.000000000,1.000000000,0.100000000,0.010989011,0.010989011,0.036420224,0.002770083,1.000000000,0.000000000,0.000000000,0.000000000,0.000000000,0.000000000,0.534246575,0.233478615,0.413939391,1.000000000,0.961783439,0.579861111,0.557700814,1.020513388,77.172691345,17.404846191,0.733612180,0.999998689,-0.001595199,0.000086862,-0.000150487
1223,127.736000000,fused_map_f2f,1,1,0,0.060754468,0.021477518,0.997013566,0.997013566,0.100000000,0.011021564,0.011021564,0.036483220,0.002778357,1.000000000,0.000000000,0.000000000,0.000000000,0.000000000,0.000000000,0.527027027,0.219628763,0.404067721,1.000000000,0.961082910,0.561224490,0.539383266,1.019292218,77.279541016,17.404947281,0.734014928,0.999998868,-0.001485581,0.000042862,-0.000098995
1224,127.813000000,fused_map_f2f,1,1,0,0.058847136,0.024064201,1.000000000,1.000000000,0.100000000,0.010989011,0.010989011,0.036390937,0.002770083,1.000000000,0.000000000,0.000000000,0.000000000,0.000000000,0.000000000,0.513157895,0.228353496,0.399236135,1.000000000,0.958544839,0.568493151,0.544926176,1.019661745,77.370109558,17.404726028,0.733511627,0.999998450,-0.001733534,0.000091818,-0.000132175
1225,127.913000000,fused_map_f2f,1,1,0,0.061101325,0.016780290,0.995640590,0.995640590,0.100000000,0.011036595,0.011036595,0.036621668,0.002782178,1.000000000,0.000000000,0.000000000,0.000000000,0.000000000,0.000000000,0.557142857,0.202187759,0.415160818,1.000000000,0.960676533,0.602150538,0.578471891,1.021898126,77.452186584,17.404884338,0.733818173,0.999998510,-0.001696898,0.000083190,-0.000125216
1226,128.038000000,fused_map_f2f,1,1,0,0.057852020,0.024554895,1.000000000,1.000000000,0.100000000,0.010989011,0.010989011,0.036437071,0.002770083,1.000000000,0.000000000,0.000000000,0.000000000,0.000000000,0.000000000,0.534246575,0.251074463,0.420977731,1.000000000,0.961928934,0.587412587,0.565049164,1.021003278,77.576194763,17.404113770,0.733589768,0.999998510,-0.001699488,0.000077584,-0.000100247
1227,128.133000000,fused_map_f2f,1,1,0,0.059787515,0.021946507,1.000000000,1.000000000,0.100000000,0.010989011,0.010989011,0.036431979,0.002770083,1.000000000,0.000000000,0.000000000,0.000000000,0.000000000,0.000000000,0.555555556,0.209444588,0.417111169,1.000000000,0.960118795,0.586206897,0.562828259,1.020855217,77.650276184,17.404438019,0.733421326,0.999998629,-0.001636484,0.000083718,-0.000069182
1228,128.232000000,fused_map_f2f,1,1,0,0.060317146,0.024553073,0.998744630,0.998744630,0.100000000,0.011002672,0.011002672,0.036436668,0.002773555,1.000000000,0.000000000,0.000000000,0.000000000,0.000000000,0.000000000,0.547945205,0.264169868,0.434435071,1.000000000,0.959813875,0.568493151,0.545647614,1.019709841,77.770263672,17.403623581,0.732754052,0.999998510,-0.001734343,0.000085525,-0.000080161
1229,128.339000000,fused_map_f2f,1,1,0,0.059418342,0.016405063,1.000000000,1.000000000,0.100000000,0.010989011,0.010989011,0.036428318,0.002770083,1.000000000,0.000000000,0.000000000,0.000000000,0.000000000,0.000000000,0.474358974,0.250958198,0.384998664,1.000000000,0.956797967,0.586572438,0.561231316,1.020748754,77.861747742,17.403646469,0.733157933,0.999998689,-0.001620100,0.000076540,-0.000060912
1230,128.418000000,fused_map_f2f,1,1,0,0.061228386,0.024631831,0.995137638,0.995137638,0.100000000,0.011042112,0.011042112,0.036520432,0.002783580,1.000000000,0.000000000,0.000000000,0.000000000,0.000000000,0.000000000,0.547945205,0.299868691,0.448714600,1.000000000,0.953969595,0.552188552,0.526771089,1.018451406,77.927520752,17.403787613,0.732784867,0.999998689,-0.001623719,0.000090126,-0.000073798
1231,128.521000000,fused_map_f2f,1,1,0,0.059407474,0.022111554,1.000000000,1.000000000,0.100000000,0.010989011,0.010989011,0.036363302,0.002770083,1.000000000,0.000000000,0.000000000,0.000000000,0.000000000,0.000000000,0.555555556,0.300926553,0.453703955,1.000000000,0.959813875,0.555183946,0.532873255,1.018858217,78.011703491,17.403732300,0.733449161,0.999998569,-0.001674143,0.000088516,-0.000050795
1232,128.632000000,fused_map_f2f,1,1,0,0.060079865,0.028499250,0.999683866,0.999683866,0.100000000,0.010992448,0.010992448,0.036373093,0.002770957,1.000000000,0.000000000,0.000000000,0.000000000,0.000000000,0.000000000,0.513513514,0.276747227,0.418806999,1.000000000,0.956852792,0.556313993,0.532310598,1.018820707,78.184852600,17.403348923,0.733087897,0.999998331,-0.001832174,0.000081510,-0.000071507
1233,128.713000000,fused_map_f2f,1,1,0,0.060017002,0.024383030,0.999932701,0.999932701,0.100000000,0.010989742,0.010989742,0.036338737,0.002770269,1.000000000,0.000000000,0.000000000,0.000000000,0.000000000,0.000000000,0.549295775,0.229113046,0.421222683,1.000000000,0.961342396,0.542087542,0.521131737,1.018075449,78.243232727,17.403642654,0.733324647,0.999998271,-0.001840408,0.000041534,-0.000028822
1234,128.834000000,fused_map_f2f,1,1,0,0.060838207,0.020743073,0.996682099,0.996682099,0.100000000,0.011025189,0.011025189,0.036494960,0.002779279,1.000000000,0.000000000,0.000000000,0.000000000,0.000000000,0.000000000,0.520547945,0.292340628,0.429265019,1.000000000,0.959677419,0.562068966,0.539404894,1.019293660,78.380325317,17.403169632,0.733742177,0.999998510,-0.001713155,0.000076623,-0.000059196
1235,128.930000000,fused_map_f2f,1,1,0,0.062314133,0.016727158,0.990839889,0.990839889,0.100000000,0.011089476,0.011089476,0.036694819,0.002795620,1.000000000,0.000000000,0.000000000,0.000000000,0.000000000,0.000000000,0.557142857,0.269603066,0.442126941,1.000000000,0.960543063,0.558219178,0.536193559,1.019079571,78.452384949,17.403615952,0.734059811,0.999998868,-0.001500588,0.000069690,-0.000089445
1236,129.030000000,fused_map_f2f,1,1,0,0.060909291,0.028765592,0.996400725,0.996400725,0.100000000,0.011028269,0.011028269,0.036520684,0.002780062,1.000000000,0.000000000,0.000000000,0.000000000,0.000000000,0.000000000,0.547945205,0.222683751,0.417840624,1.000000000,0.959304790,0.569444444,0.546270783,1.019751386,78.561859131,17.403562546,0.733581841,0.999998331,-0.001816142,0.000084657,-0.000073239
1237,129.135000000,fused_map_f2f,1,1,0,0.062303069,0.020204484,0.990883685,0.990883685,0.100000000,0.011088991,0.011088991,0.036729797,0.002795497,1.000000000,0.000000000,0.000000000,0.000000000,0.000000000,0.000000000,0.569444444,0.354220002,0.483354668,1.000000000,0.957680914,0.576388889,0.551996638,1.020133109,78.634384155,17.402626038,0.733036995,0.999997914,-0.002031877,0.000093390,-0.000060594
1238,129.214000000,fused_map_f2f,1,1,0,0.063492900,0.017391115,0.986173939,0.986173939,0.100000000,0.011141359,0.011141359,0.036909273,0.002808810,1.000000000,0.000000000,0.000000000,0.000000000,0.000000000,0.000000000,0.534246575,0.306502828,0.443149077,1.000000000,0.958845991,0.580419580,0.556532988,1.020435533,78.692665100,17.403104782,0.733194292,0.999998033,-0.001985280,0.000089377,-0.000048820
1239,129.337000000,fused_map_f2f,1,1,0,0.062634272,0.026411220,0.989572673,0.989572673,0.100000000,0.011103519,0.011103519,0.036778346,0.002799190,1.000000000,0.000000000,0.000000000,0.000000000,0.000000000,0.000000000,0.542857143,0.240375067,0.421864313,1.000000000,0.958050847,0.576923077,0.552721643,1.020181443,78.794342041,17.403030396,0.733464360,0.999998152,-0.001923914,0.000103057,-0.000068958
1240,129.419000000,fused_map_f2f,1,1,0,0.062515372,0.012165533,0.990043319,0.990043319,0.100000000,0.011098299,0.011098299,0.036804869,0.002797863,1.000000000,0.000000000,0.000000000,0.000000000,0.000000000,0.000000000,0.507042254,0.211338106,0.388760595,1.000000000,0.955838641,0.597864769,0.571462248,1.021430817,78.845565796,17.403379440,0.733500719,0.999998212,-0.001892536,0.000101591,-0.000059739
1241,129.515000000,fused_map_f2f,1,1,0,0.063912629,0.016607941,0.984512509,0.984512509,0.100000000,0.011159951,0.011159951,0.036938650,0.002813537,1.000000000,0.000000000,0.000000000,0.000000000,0.000000000,0.000000000,0.527777778,0.252224383,0.417556420,1.000000000,0.958139535,0.567114094,0.543374434,1.019558296,78.953407288,17.403308868,0.732964039,0.999998033,-0.001964128,0.000117116,-0.000060615
1242,129.615000000,fused_map_f2f,1,1,0,0.062582028,0.015630076,0.989779471,0.989779471,0.100000000,0.011101225,0.011101225,0.036803749,0.002798607,1.000000000,0.000000000,0.000000000,0.000000000,0.000000000,0.000000000,0.480000000,0.269023834,0.395609533,1.000000000,0.956006768,0.592982456,0.566895241,1.021126349,79.024772644,17.402952194,0.733508766,0.999997854,-0.002058643,0.000106297,-0.000047988
1243,129.720000000,fused_map_f2f,1,1,0,0.065725544,0.022634863,0.977336389,0.977336389,0.100000000,0.011240972,0.011240972,0.037258934,0.002834137,1.000000000,0.000000000,0.000000000,0.000000000,0.000000000,0.000000000,0.541666667,0.269574203,0.432829681,1.000000000,0.954372624,0.595818815,0.568633166,1.021242211,79.104164124,17.403079987,0.732956767,0.999998093,-0.001939540,0.000118416,-0.000048437
1244,129.816000000,fused_map_f2f,1,1,0,0.063564839,0.028652548,0.985889180,0.985889180,0.100000000,0.011144541,0.011144541,0.036946109,0.002809619,1.000000000,0.000000000,0.000000000,0.000000000,0.000000000,0.000000000,0.563380282,0.265000536,0.444028383,1.000000000,0.955527319,0.594405594,0.567970784,1.021198052,79.179466248,17.402830124,0.733062029,0.999998033,-0.001963126,0.000076301,-0.000029135
1245,129.943000000,fused_map_f2f,1,1,0,0.065289502,0.034494947,0.979062388,0.979062388,0.100000000,0.011221378,0.011221378,0.037178362,0.002829155,1.000000000,0.000000000,0.000000000,0.000000000,0.000000000,0.000000000,0.577464789,0.245475121,0.444668922,1.000000000,0.951776650,0.589655172,0.561220025,1.020748002,79.293014526,17.402431488,0.732866287,0.999997914,-0.002017910,0.000114484,-0.000049057
1246,130.015000000,fused_map_f2f,1,1,0,0.062343919,0.015547093,0.990721986,0.990721986,0.100000000,0.011090781,0.011090781,0.036751520,0.002795952,1.000000000,0.000000000,0.000000000,0.000000000,0.000000000,0.000000000,0.569444444,0.274243623,0.451364116,1.000000000,0.954775993,0.585365854,0.558893264,1.020592884,79.387863159,17.402437210,0.733544171,0.999997914,-0.002035714,0.000109489,-0.000045751
1247,130.114000000,fused_map_f2f,1,1,0,0.064092374,0.017245367,0.983801019,0.983801019,0.100000000,0.011167932,0.011167932,0.037028073,0.002815566,1.000000000,0.000000000,0.000000000,0.000000000,0.000000000,0.000000000,0.571428571,0.218085254,0.430091245,1.000000000,0.952360877,0.599290780,0.570741093,1.021382740,79.463157654,17.402475357,0.733361661,0.999998093,-0.001937560,0.000104963,-0.000055111
1248,130.216000000,fused_map_f2f,1,1,0,0.064100382,0.017124713,0.983769322,0.983769322,0.100000000,0.011168288,0.011168288,0.037000259,0.002815657,1.000000000,0.000000000,0.000000000,0.000000000,0.000000000,0.000000000,0.563380282,0.250034014,0.438041775,1.000000000,0.953350297,0.585616438,0.558297605,1.020553174,79.544052124,17.402429581,0.733647943,0.999998033,-0.001984501,0.000096099,-0.000041880
1249,130.317000000,fused_map_f2f,1,1,0,0.063751265,0.016148817,0.985151243,0.985151243,0.100000000,0.011152796,0.011152796,0.037000086,0.002811718,1.000000000,0.000000000,0.000000000,0.000000000,0.000000000,0.000000000,0.557142857,0.265630664,0.440537980,1.000000000,0.953852667,0.607773852,0.579726709,1.021981781,79.621017456,17.402318954,0.733924031,0.999998093,-0.001945641,0.000099992,-0.000056945
1250,130.423000000,fused_map_f2f,1,1,0,0.065267479,0.026811215,0.979149561,0.979149561,0.100000000,0.011220390,0.011220390,0.037198419,0.002828904,1.000000000,0.000000000,0.000000000,0.000000000,0.000000000,0.000000000,0.563380282,0.278057652,0.449251230,1.000000000,0.954179041,0.598591549,0.571163511,1.021410901,79.696922302,17.402622223,0.734152973,0.999998271,-0.001858522,0.000087818,-0.000048673
1251,130.521000000,fused_map_f2f,1,1,0,0.062179744,0.019714705,0.991371847,0.991371847,0.100000000,0.011083591,0.011083591,0.036715263,0.002794124,1.000000000,0.000000000,0.000000000,0.000000000,0.000000000,0.000000000,0.569444444,0.254285397,0.443380825,1.000000000,0.951715375,0.581314879,0.553246308,1.020216421,79.763717651,17.401931763,0.734540939,0.999998212,-0.001894686,0.000092821,-0.000055406
1252,130.629000000,fused_map_f2f,1,1,0,0.062430934,0.022614054,0.990377552,0.990377552,0.100000000,0.011094595,0.011094595,0.036763128,0.002796922,1.000000000,0.000000000,0.000000000,0.000000000,0.000000000,0.000000000,0.535211268,0.195376626,0.399277411,1.000000000,0.954256671,0.585365854,0.558589271,1.020572618,79.833793640,17.402584076,0.734549940,0.999998331,-0.001826598,0.000081645,-0.000056323
1253,130.739000000,fused_map_f2f,1,1,0,0.063558032,0.026086272,0.985916123,0.985916123,0.100000000,0.011144240,0.011144240,0.036973826,0.002809543,1.000000000,0.000000000,0.000000000,0.000000000,0.000000000,0.000000000,0.506849315,0.216886264,0.390864095,1.000000000,0.950528541,0.610526316,0.580322688,1.022021513,79.938781738,17.401882172,0.734190524,0.999998212,-0.001886109,0.000082847,-0.000054010
1254,130.816000000,fused_map_f2f,1,1,0,0.061156139,0.025537956,0.995423618,0.995423618,0.100000000,0.011038974,0.011038974,0.036604247,0.002782783,1.000000000,0.000000000,0.000000000,0.000000000,0.000000000,0.000000000,0.555555556,0.272173735,0.442202827,1.000000000,0.953508030,0.595238095,0.567564304,1.021170954,79.988830566,17.402336121,0.734749138,0.999998271,-0.001860494,0.000074219,-0.000059258
1255,130.920000000,fused_map_f2f,1,1,0,0.063302828,0.022480009,0.986926307,0.986926307,0.100000000,0.011132960,0.011132960,0.036944245,0.002806675,1.000000000,0.000000000,0.000000000,0.000000000,0.000000000,0.000000000,0.528571429,0.197150941,0.396003234,1.000000000,0.953566906,0.611683849,0.583281475,1.022218765,80.057083130,17.402376175,0.734375656,0.999998331,-0.001815276,0.000078939,-0.000050579
1256,131.016000000,fused_map_f2f,1,1,0,0.062864900,0.020005039,0.988659771,0.988659771,0.100000000,0.011113657,0.011113657,0.036841719,0.002801768,1.000000000,0.000000000,0.000000000,0.000000000,0.000000000,0.000000000,0.527777778,0.157999688,0.379866542,1.000000000,0.955255382,0.592465753,0.565956100,1.021063740,80.126991272,17.402261734,0.734032989,0.999998331,-0.001816894,0.000087804,-0.000069952
1257,131.115000000,fused_map_f2f,1,1,0,0.061332760,0.021010215,0.994724493,0.994724493,0.100000000,0.011046647,0.011046647,0.036700798,0.002784733,1.000000000,0.000000000,0.000000000,0.000000000,0.000000000,0.000000000,0.541666667,0.226079776,0.415431911,1.000000000,0.953891709,0.627659574,0.598719264,1.023247951,80.192192078,17.402311325,0.734168351,0.999998391,-0.001794202,0.000134720,-0.000072697
1258,131.225000000,fused_map_f2f,1,1,0,0.062919843,0.016827296,0.988442288,0.988442288,0.100000000,0.011116076,0.011116076,0.036904306,0.002802383,1.000000000,0.000000000,0.000000000,0.000000000,0.000000000,0.000000000,0.579710145,0.239215036,0.443512101,1.000000000,0.951919022,0.619377163,0.589596903,1.022639794,80.258766174,17.402395248,0.734126985,0.999998510,-0.001702294,0.000098284,-0.000055286
1259,131.326000000,fused_map_f2f,1,1,0,0.062738341,0.025805322,0.989160732,0.989160732,0.100000000,0.011108091,0.011108091,0.036942816,0.002800353,1.000000000,0.000000000,0.000000000,0.000000000,0.000000000,0.000000000,0.541666667,0.254914678,0.426965871,1.000000000,0.953508030,0.647482014,0.617379300,1.024491953,80.322212219,17.402288437,0.734119415,0.999998510,-0.001717746,0.000052542,-0.000041246
1260,131.425000000,fused_map_f2f,1,1,0,0.060812142,0.017169731,0.996785273,0.996785273,0.100000000,0.011024061,0.011024061,0.036620299,0.002778992,1.000000000,0.000000000,0.000000000,0.000000000,0.000000000,0.000000000,0.577464789,0.239500506,0.442279076,1.000000000,0.954795099,0.623693380,0.595499382,1.023033292,80.385635376,17.402547836,0.734202921,0.999998748,-0.001565346,0.000086218,-0.000073837
1261,131.529000000,fused_map_f2f,1,1,0,0.061246494,0.017186193,0.995065959,0.995065959,0.100000000,0.011042898,0.011042898,0.036699289,0.002783780,1.000000000,0.000000000,0.000000000,0.000000000,0.000000000,0.000000000,0.602941176,0.208550240,0.445184802,1.000000000,0.953872196,0.632508834,0.603332591,1.023555506,80.444618225,17.402908325,0.734367728,0.999998808,-0.001545430,0.000095562,-0.000071550
1262,131.629000000,fused_map_f2f,1,1,0,0.062533788,0.014005182,0.989970421,0.989970421,0.100000000,0.011099107,0.011099107,0.036846546,0.002798069,1.000000000,0.000000000,0.000000000,0.000000000,0.000000000,0.000000000,0.555555556,0.221167272,0.421800242,1.000000000,0.955236486,0.615916955,0.588346348,1.022556423,80.495552063,17.402362823,0.734616637,0.999998808,-0.001528922,0.000091308,-0.000067627
1263,131.727000000,fused_map_f2f,1,1,0,0.060476396,0.020914281,0.998114267,0.998114267,0.100000000,0.011009544,0.011009544,0.036589266,0.002775302,1.000000000,0.000000000,0.000000000,0.000000000,0.000000000,0.000000000,0.611940299,0.176005549,0.437566399,1.000000000,0.955255382,0.630662021,0.602443290,1.023496219,80.581916809,17.402421951,0.734751403,0.999998629,-0.001640413,0.000092313,-0.000070100
1264,131.830000000,fused_map_f2f,1,1,0,0.061481051,0.028554187,0.994137508,0.994137508,0.100000000,0.011053098,0.011053098,0.036701176,0.002786373,1.000000000,0.000000000,0.000000000,0.000000000,0.000000000,0.000000000,0.555555556,0.203337904,0.414668495,1.000000000,0.955583756,0.617241379,0.589825836,1.022655056,80.635902405,17.402622223,0.734856963,0.999998868,-0.001493232,0.000096442,-0.000065307
1265,131.929000000,fused_map_f2f,1,1,0,0.062238939,0.010621243,0.991137532,0.991137532,0.100000000,0.011086182,0.011086182,0.036818017,0.002794783,1.000000000,0.000000000,0.000000000,0.000000000,0.000000000,0.000000000,0.520547945,0.169674355,0.380198509,1.000000000,0.953930685,0.622775801,0.594084946,1.022938996,80.685195923,17.402383804,0.734787762,0.999998808,-0.001530522,0.000099206,-0.000100898
1266,132.024000000,fused_map_f2f,1,1,0,0.059886540,0.018622057,1.000000000,1.000000000,0.100000000,0.010989011,0.010989011,0.036548657,0.002770083,1.000000000,0.000000000,0.000000000,0.000000000,0.000000000,0.000000000,0.611940299,0.242148499,0.464023579,1.000000000,0.953911205,0.643382353,0.613729636,1.024248642,80.783416748,17.402103424,0.734799743,0.999998450,-0.001747220,0.000072102,-0.000069002
1267,132.130000000,fused_map_f2f,1,1,0,0.060897248,0.031734688,0.996448395,0.996448395,0.100000000,0.011027747,0.011027747,0.036627563,0.002779929,1.000000000,0.000000000,0.000000000,0.000000000,0.000000000,0.000000000,0.571428571,0.244180327,0.440529274,1.000000000,0.956337431,0.620567376,0.593471810,1.022898121,80.836769104,17.402503967,0.734759867,0.999998808,-0.001552567,0.000057577,-0.000028854
1268,132.229000000,fused_map_f2f,1,1,0,0.061373962,0.015609380,0.994561401,0.994561401,0.100000000,0.011048439,0.011048439,0.036663857,0.002785189,1.000000000,0.000000000,0.000000000,0.000000000,0.000000000,0.000000000,0.535211268,0.235572745,0.415355858,1.000000000,0.956943858,0.606271777,0.580168053,1.022011204,80.889511108,17.402502060,0.734691262,0.999998808,-0.001550701,0.000071747,-0.000048564
1269,132.334000000,fused_map_f2f,1,1,0,0.059726519,0.024452767,1.000000000,1.000000000,0.100000000,0.010989011,0.010989011,0.036486087,0.002770083,1.000000000,0.000000000,0.000000000,0.000000000,0.000000000,0.000000000,0.569444444,0.256197282,0.444145579,1.000000000,0.953793981,0.614840989,0.586431635,1.022428776,80.980949402,17.403095245,0.735286295,0.999998808,-0.001522483,0.000069119,-0.000059304
1270,132.416000000,fused_map_f2f,1,1,0,0.059262357,0.012933268,1.000000000,1.000000000,0.100000000,0.010989011,0.010989011,0.036491036,0.002770083,1.000000000,0.000000000,0.000000000,0.000000000,0.000000000,0.000000000,0.513513514,0.178776017,0.379618515,1.000000000,0.955198648,0.616197183,0.588590716,1.022572714,81.017608643,17.403022766,0.735011518,0.999998927,-0.001466307,0.000052169,-0.000059485
1271,132.518000000,fused_map_f2f,1,1,0,0.060239314,0.019780183,0.999052715,0.999052715,0.100000000,0.010999316,0.010999316,0.036532563,0.002772702,1.000000000,0.000000000,0.000000000,0.000000000,0.000000000,0.000000000,0.561643836,0.256286124,0.439500751,1.000000000,0.954775993,0.620209059,0.592160721,1.022810715,81.067695618,17.403032303,0.734966695,0.999998868,-0.001509800,0.000027565,-0.000053324
1272,132.623000000,fused_map_f2f,1,1,0,0.058455585,0.013057049,1.000000000,1.000000000,0.100000000,0.010989011,0.010989011,0.036512496,0.002770083,1.000000000,0.000000000,0.000000000,0.000000000,0.000000000,0.000000000,0.541666667,0.187161539,0.399864615,1.000000000,0.956724650,0.625000000,0.597952906,1.023196860,81.166381836,17.403009415,0.735142529,0.999998987,-0.001437765,0.000057309,-0.000063219
1273,132.735000000,fused_map_f2f,1,1,0,0.057719710,0.022461114,1.000000000,1.000000000,0.100000000,0.010989011,0.010989011,0.036522294,0.002770083,1.000000000,0.000000000,0.000000000,0.000000000,0.000000000,0.000000000,0.549295775,0.257991824,0.432774194,1.000000000,0.955489614,0.630281690,0.602227609,1.023481841,81.225036621,17.402484894,0.735063136,0.999998808,-0.001542755,0.000053626,-0.000031908
1274,132.816000000,fused_map_f2f,1,1,0,0.059303803,0.016645213,1.000000000,1.000000000,0.100000000,0.010989011,0.010989011,0.036493430,0.002770083,1.000000000,0.000000000,0.000000000,0.000000000,0.000000000,0.000000000,0.594202899,0.183811585,0.430046373,1.000000000,0.958157227,0.615384615,0.589635217,1.022642348,81.258834839,17.402662277,0.734773636,0.999998689,-0.001604279,0.000055680,-0.000059418
1275,132.933000000,fused_map_f2f,1,1,0,0.060888474,0.020961636,0.996483125,0.996483125,0.100000000,0.011027367,0.011027367,0.036637130,0.002779832,1.000000000,0.000000000,0.000000000,0.000000000,0.000000000,0.000000000,0.521126761,0.211898060,0.397435280,1.000000000,0.955027577,0.626334520,0.598166739,1.023211116,81.316642761,17.402685165,0.734658957,0.999998748,-0.001560586,0.000061008,-0.000046580
1276,133.019000000,fused_map_f2f,1,1,0,0.058836245,0.026767518,1.000000000,1.000000000,0.100000000,0.010989011,0.010989011,0.036507451,0.002770083,1.000000000,0.000000000,0.000000000,0.000000000,0.000000000,0.000000000,0.535211268,0.240575673,0.417357030,1.000000000,0.953872196,0.624561404,0.595751758,1.023050117,81.383934021,17.402921677,0.734953225,0.999999046,-0.001380406,0.000067834,-0.000077249
1277,133.135000000,fused_map_f2f,1,1,0,0.060210661,0.014675184,0.999166132,0.999166132,0.100000000,0.010998081,0.010998081,0.036549940,0.002772389,1.000000000,0.000000000,0.000000000,0.000000000,0.000000000,0.000000000,0.541666667,0.206591593,0.407636637,1.000000000,0.956281834,0.628975265,0.601477620,1.023431841,81.451766968,17.403654099,0.735209823,0.999999225,-0.001248341,0.000068153,-0.000066529
1278,133.233000000,fused_map_f2f,1,1,0,0.061081882,0.017172295,0.995717552,0.995717552,0.100000000,0.011035752,0.011035752,0.036699440,0.002781964,1.000000000,0.000000000,0.000000000,0.000000000,0.000000000,0.000000000,0.584615385,0.217922952,0.437938412,1.000000000,0.954641797,0.642599278,0.613452130,1.024230142,81.515495300,17.403125763,0.734763086,0.999998927,-0.001454062,0.000081251,-0.000080552
1279,133.337000000,fused_map_f2f,1,1,0,0.059787238,0.027347740,1.000000000,1.000000000,0.100000000,0.010989011,0.010989011,0.036516436,0.002770083,1.000000000,0.000000000,0.000000000,0.000000000,0.000000000,0.000000000,0.542857143,0.265730322,0.432006414,1.000000000,0.956779661,0.626760563,0.599671759,1.023311451,81.576408386,17.403076172,0.735113680,0.999998987,-0.001397245,0.000086658,-0.000076463
1280,133.430000000,fused_map_f2f,1,1,0,0.059517606,0.018513193,1.000000000,1.000000000,0.100000000,0.010989011,0.010989011,0.036521361,0.002770083,1.000000000,0.000000000,0.000000000,0.000000000,0.000000000,0.000000000,0.493333333,0.276892997,0.406757199,1.000000000,0.955432937,0.629893238,0.601820747,1.023454716,81.633491516,17.403261185,0.735059142,0.999999225,-0.001227953,0.000072840,-0.000069444
1281,133.531000000,fused_map_f2f,1,1,0,0.059628632,0.022330227,1.000000000,1.000000000,0.100000000,0.010989011,0.010989011,0.036494809,0.002770083,1.000000000,0.000000000,0.000000000,0.000000000,0.000000000,0.000000000,0.535211268,0.160833379,0.385460112,1.000000000,0.954989384,0.618055556,0.590236494,1.022682433,81.787429810,17.402730942,0.734593570,0.999998927,-0.001446115,0.000072756,-0.000074729
1282,133.613000000,fused_map_f2f,1,1,0,0.060291395,0.015975591,0.998846561,0.998846561,0.100000000,0.011001561,0.011001561,0.036545310,0.002773273,1.000000000,0.000000000,0.000000000,0.000000000,0.000000000,0.000000000,0.565217391,0.209863348,0.423075774,1.000000000,0.953330505,0.623655914,0.594550207,1.022970014,81.838043213,17.402141571,0.734559536,0.999998689,-0.001611073,0.000056668,-0.000075385
1283,133.737000000,fused_map_f2f,1,1,0,0.060047674,0.022285675,0.999811289,0.999811289,0.100000000,0.010991062,0.010991062,0.036457214,0.002770604,1.000000000,0.000000000,0.000000000,0.000000000,0.000000000,0.000000000,0.567164179,0.154242812,0.401995632,1.000000000,0.954912803,0.597902098,0.570944368,1.021396291,81.975036621,17.402946472,0.735320449,0.999999046,-0.001371630,0.000064593,-0.000086568
1284,133.833000000,fused_map_f2f,1,1,0,0.060803704,0.014724286,0.996818674,0.996818674,0.100000000,0.011023696,0.011023696,0.036547273,0.002778899,1.000000000,0.000000000,0.000000000,0.000000000,0.000000000,0.000000000,0.527777778,0.228688665,0.408142133,1.000000000,0.953617021,0.591695502,0.564250902,1.020950060,82.042945862,17.402534485,0.734947681,0.999998868,-0.001488852,0.000062354,-0.000079701
1285,133.935000000,fused_map_f2f,1,1,0,0.062235866,0.029165354,0.991149699,0.991149699,0.100000000,0.011086048,0.011086048,0.036750799,0.002794749,1.000000000,0.000000000,0.000000000,0.000000000,0.000000000,0.000000000,0.602941176,0.243571998,0.459193505,1.000000000,0.953131657,0.592982456,0.565190351,1.021012690,82.109909058,17.402629852,0.734562099,0.999998987,-0.001406198,0.000058578,-0.000084784
1286,134.033000000,fused_map_f2f,1,1,0,0.060158962,0.014971503,0.999370774,0.999370774,0.100000000,0.010995854,0.010995854,0.036476975,0.002771822,1.000000000,0.000000000,0.000000000,0.000000000,0.000000000,0.000000000,0.588235294,0.275950610,0.463321420,1.000000000,0.953577513,0.600694444,0.572808714,1.021520581,82.178314209,17.402183533,0.734855533,0.999998868,-0.001493267,0.000070545,-0.000105395
1287,134.141000000,fused_map_f2f,1,1,0,0.060804345,0.018492798,0.996816136,0.996816136,0.100000000,0.011023723,0.011023723,0.036619014,0.002778906,1.000000000,0.000000000,0.000000000,0.000000000,0.000000000,0.000000000,0.575757576,0.168863685,0.413000019,1.000000000,0.952665245,0.625000000,0.595415778,1.023027719,82.232818604,17.401891708,0.735224545,0.999998927,-0.001460147,0.000056639,-0.000106278
1288,134.234000000,fused_map_f2f,1,1,0,0.063221364,0.024747661,0.987248768,0.987248768,0.100000000,0.011129365,0.011129365,0.036954222,0.002805761,1.000000000,0.000000000,0.000000000,0.000000000,0.000000000,0.000000000,0.535211268,0.227022503,0.411935762,1.000000000,0.953597275,0.621428571,0.592592593,1.022839506,82.296287537,17.401519775,0.734862268,0.999998808,-0.001534004,0.000071448,-0.000086708
1289,134.331000000,fused_map_f2f,1,1,0,0.060746861,0.018712275,0.997043673,0.997043673,0.100000000,0.011021235,0.011021235,0.036596070,0.002778274,1.000000000,0.000000000,0.000000000,0.000000000,0.000000000,0.000000000,0.565217391,0.267345934,0.446068809,1.000000000,0.949787234,0.620071685,0.588936170,1.022595745,82.366271973,17.401144028,0.734810352,0.999998569,-0.001667554,0.000049295,-0.000125697
1290,134.422000000,fused_map_f2f,1,1,0,0.061496913,0.024767728,0.994074717,0.994074717,0.100000000,0.011053788,0.011053788,0.036704457,0.002786548,1.000000000,0.000000000,0.000000000,0.000000000,0.000000000,0.000000000,0.560606061,0.185081560,0.410396260,1.000000000,0.951955782,0.620071685,0.590280826,1.022685388,82.426010132,17.400346756,0.734432936,0.999998510,-0.001713921,0.000093604,-0.000131664
1291,134.539000000,fused_map_f2f,1,1,0,0.061468065,0.017362818,0.994188908,0.994188908,0.100000000,0.011052532,0.011052532,0.036682254,0.002786229,1.000000000,0.000000000,0.000000000,0.000000000,0.000000000,0.000000000,0.573529412,0.173798765,0.413637153,1.000000000,0.950938567,0.612456747,0.582408741,1.022160583,82.572212219,17.400720596,0.735520244,0.999998748,-0.001553162,0.000051895,-0.000120355
1292,134.641000000,fused_map_f2f,1,1,0,0.061643648,0.019902533,0.993493894,0.993493894,0.100000000,0.011060179,0.011060179,0.036721079,0.002788173,1.000000000,0.000000000,0.000000000,0.000000000,0.000000000,0.000000000,0.549295775,0.172617157,0.398624327,1.000000000,0.948914432,0.620209059,0.588525327,1.022568355,82.634742737,17.400056839,0.735236645,0.999998748,-0.001555383,0.000067494,-0.000114616
1293,134.734000000,fused_map_f2f,1,1,0,0.063548645,0.025186777,0.985953279,0.985953279,0.100000000,0.011143825,0.011143825,0.036966875,0.002809437,1.000000000,0.000000000,0.000000000,0.000000000,0.000000000,0.000000000,0.541666667,0.177991859,0.396196744,1.000000000,0.949893843,0.608391608,0.577907443,1.021860496,82.687690735,17.400125504,0.734960258,0.999998868,-0.001476524,0.000057913,-0.000115297
1294,134.837000000,fused_map_f2f,1,1,0,0.063674165,0.011859560,0.985456430,0.985456430,0.100000000,0.011149381,0.011149381,0.037019364,0.002810850,1.000000000,0.000000000,0.000000000,0.000000000,0.000000000,0.000000000,0.506849315,0.207737012,0.387204394,1.000000000,0.948436179,0.625000000,0.592772612,1.022851507,82.743141174,17.400262833,0.734719157,0.999999106,-0.001309728,0.000096220,-0.000072305
1295,134.928000000,fused_map_f2f,1,1,0,0.061674185,0.014935327,0.993373019,0.993373019,0.100000000,0.011061510,0.011061510,0.036699049,0.002788511,1.000000000,0.000000000,0.000000000,0.000000000,0.000000000,0.000000000,0.544117647,0.194984353,0.404464329,1.000000000,0.947390751,0.609154930,0.577107746,1.021807183,82.793113708,17.399677277,0.735124648,0.999998927,-0.001476688,0.000052342,-0.000096095
1296,135.029000000,fused_map_f2f,1,1,0,0.063000195,0.015752792,0.988124228,0.988124228,0.100000000,0.011119614,0.011119614,0.036886955,0.002803282,1.000000000,0.000000000,0.000000000,0.000000000,0.000000000,0.000000000,0.558823529,0.206119790,0.417742034,1.000000000,0.943268417,0.611888112,0.577174730,1.021811649,82.848983765,17.399639130,0.734992862,0.999998868,-0.001473015,0.000078374,-0.000110236
1297,135.129000000,fused_map_f2f,1,1,0,0.060928178,0.021381294,0.996325962,0.996325962,0.100000000,0.011029087,0.011029087,0.036680073,0.002780270,1.000000000,0.000000000,0.000000000,0.000000000,0.000000000,0.000000000,0.528571429,0.193332397,0.394475816,1.000000000,0.946808511,0.648936170,0.614418289,1.024294553,82.982353210,17.399745941,0.735416293,0.999998868,-0.001481285,0.000068552,-0.000113483
1298,135.236000000,fused_map_f2f,1,1,0,0.062445510,0.020921305,0.990319855,0.990319855,0.100000000,0.011095234,0.011095234,0.036875581,0.002797084,1.000000000,0.000000000,0.000000000,0.000000000,0.000000000,0.000000000,0.563380282,0.208146951,0.421286950,1.000000000,0.950000000,0.638225256,0.606313993,1.023754266,83.038215637,17.399848938,0.735605299,0.999998927,-0.001442343,0.000061209,-0.000109446
1299,135.318000000,fused_map_f2f,1,1,0,0.063663686,0.013734155,0.985497911,0.985497911,0.100000000,0.011148917,0.011148917,0.037085969,0.002810732,1.000000000,0.000000000,0.000000000,0.000000000,0.000000000,0.000000000,0.540540541,0.212788837,0.409439859,1.000000000,0.944774851,0.658450704,0.622087666,1.024805844,83.079963684,17.399995804,0.735590696,0.999999106,-0.001299728,0.000070695,-0.000113352
1300,135.423000000,fused_map_f2f,1,1,0,0.062918403,0.019557339,0.988447989,0.988447989,0.100000000,0.011116012,0.011116012,0.036948126,0.002802366,1.000000000,0.000000000,0.000000000,0.000000000,0.000000000,0.000000000,0.534246575,0.268719413,0.428035710,1.000000000,0.945269410,0.643835616,0.608598113,1.023906541,83.174217224,17.399452209,0.735288262,0.999998927,-0.001427868,0.000065599,-0.000119315
1301,135.532000000,fused_map_f2f,1,1,0,0.062783222,0.017067245,0.988983080,0.988983080,0.100000000,0.011110065,0.011110065,0.036946508,0.002800854,1.000000000,0.000000000,0.000000000,0.000000000,0.000000000,0.000000000,0.571428571,0.239298267,0.438576450,1.000000000,0.945739720,0.651567944,0.616213685,1.024414246,83.228904724,17.398763657,0.735314608,0.999998868,-0.001485142,0.000067981,-0.000134573
1302,135.626000000,fused_map_f2f,1,1,0,0.064068597,0.015673888,0.983895136,0.983895136,0.100000000,0.011166876,0.011166876,0.037166930,0.002815297,1.000000000,0.000000000,0.000000000,0.000000000,0.000000000,0.000000000,0.550724638,0.167948373,0.397614132,1.000000000,0.946117947,0.667870036,0.631883827,1.025458922,83.272857666,17.399978638,0.735245705,0.999999166,-0.001303544,0.000049197,-0.000104679
1303,135.734000000,fused_map_f2f,1,1,0,0.064900383,0.019112390,0.980602649,0.980602649,0.100000000,0.011203950,0.011203950,0.037244862,0.002824723,1.000000000,0.000000000,0.000000000,0.000000000,0.000000000,0.000000000,0.567164179,0.226732702,0.430991588,1.000000000,0.945315812,0.649305556,0.613798808,1.024253254,83.337524414,17.399253845,0.735065043,0.999998927,-0.001466663,0.000055781,-0.000101809
1304,135.832000000,fused_map_f2f,1,1,0,0.062132109,0.020736298,0.991560403,0.991560403,0.100000000,0.011081507,0.011081507,0.036870829,0.002793595,1.000000000,0.000000000,0.000000000,0.000000000,0.000000000,0.000000000,0.550724638,0.171201642,0.398915439,1.000000000,0.946785866,0.658536585,0.623493131,1.024899542,83.384475708,17.399307251,0.735558629,0.999998987,-0.001419813,0.000040445,-0.000098359
1305,135.922000000,fused_map_f2f,1,1,0,0.062909044,0.017728148,0.988485033,0.988485033,0.100000000,0.011115600,0.011115600,0.036961795,0.002802262,1.000000000,0.000000000,0.000000000,0.000000000,0.000000000,0.000000000,0.577464789,0.246477254,0.445069775,1.000000000,0.946763203,0.649659864,0.615074053,1.024338270,83.409667969,17.399244308,0.735616446,0.999998868,-0.001493380,0.000044410,-0.000099706
1306,136.032000000,fused_map_f2f,1,1,0,0.064480742,0.016014371,0.982263728,0.982263728,0.100000000,0.011185215,0.011185215,0.037234074,0.002819960,1.000000000,0.000000000,0.000000000,0.000000000,0.000000000,0.000000000,0.555555556,0.275549804,0.443553255,1.000000000,0.949447749,0.669014085,0.635193916,1.025679594,83.438926697,17.399469376,0.734998941,0.999999106,-0.001338475,0.000051661,-0.000120709
1307,136.135000000,fused_map_f2f,1,1,0,0.064447381,0.017604801,0.982395782,0.982395782,0.100000000,0.011183728,0.011183728,0.037226855,0.002819582,1.000000000,0.000000000,0.000000000,0.000000000,0.000000000,0.000000000,0.521126761,0.174601347,0.382516595,1.000000000,0.947907771,0.669014085,0.634163650,1.025610910,83.480461121,17.399728775,0.734912097,0.999999166,-0.001268647,0.000064021,-0.000121651
1308,136.229000000,fused_map_f2f,1,1,0,0.063956181,0.016128976,0.984340117,0.984340117,0.100000000,0.011161884,0.011161884,0.037182597,0.002814028,1.000000000,0.000000000,0.000000000,0.000000000,0.000000000,0.000000000,0.582089552,0.251600745,0.449894029,1.000000000,0.948400853,0.680701754,0.645578124,1.026371875,83.539886475,17.398931503,0.735178471,0.999998987,-0.001411372,0.000057999,-0.000096241
1309,136.333000000,fused_map_f2f,1,1,0,0.063187793,0.016537898,0.987381653,0.987381653,0.100000000,0.011127883,0.011127883,0.037066510,0.002805384,1.000000000,0.000000000,0.000000000,0.000000000,0.000000000,0.000000000,0.550724638,0.216465323,0.417020912,1.000000000,0.946291560,0.679577465,0.643078419,1.026205228,83.588134766,17.398929596,0.734952986,0.999998868,-0.001474923,0.000059606,-0.000107635
1310,136.436000000,fused_map_f2f,1,1,0,0.063367394,0.024253304,0.986670731,0.986670731,0.100000000,0.011135812,0.011135812,0.037153804,0.002807400,1.000000000,0.000000000,0.000000000,0.000000000,0.000000000,0.000000000,0.558823529,0.259277974,0.439005307,1.000000000,0.946581197,0.707407407,0.669618550,1.027974570,83.623970032,17.399301529,0.735758007,0.999999046,-0.001349782,0.000033433,-0.000121673
1311,136.527000000,fused_map_f2f,1,1,0,0.064925025,0.017926184,0.980505111,0.980505111,0.100000000,0.011205052,0.011205052,0.037323816,0.002825004,1.000000000,0.000000000,0.000000000,0.000000000,0.000000000,0.000000000,0.521126761,0.213222516,0.397965063,1.000000000,0.948957890,0.680851064,0.646098989,1.026406599,83.648834229,17.399278641,0.734953165,0.999998987,-0.001388988,0.000053353,-0.000121346
1312,136.620000000,fused_map_f2f,1,1,0,0.065116451,0.016333092,0.979747383,0.979747383,0.100000000,0.011213620,0.011213620,0.037317378,0.002827182,1.000000000,0.000000000,0.000000000,0.000000000,0.000000000,0.000000000,0.542857143,0.291527781,0.442325398,1.000000000,0.947166596,0.666666667,0.631444397,1.025429626,83.685661316,17.399120331,0.734442592,0.999998927,-0.001428239,0.000051727,-0.000125311
1313,136.718000000,fused_map_f2f,1,1,0,0.064403078,0.021162341,0.982571151,0.982571151,0.100000000,0.011181755,0.011181755,0.037212067,0.002819080,1.000000000,0.000000000,0.000000000,0.000000000,0.000000000,0.000000000,0.486486486,0.226758542,0.382595309,1.000000000,0.945842217,0.666666667,0.630561478,1.025370765,83.740402222,17.399898529,0.735106647,0.999999225,-0.001211633,0.000050216,-0.000119905
1314,136.813000000,fused_map_f2f,1,1,0,0.064992773,0.015550032,0.980236939,0.980236939,0.100000000,0.011208083,0.011208083,0.037268641,0.002825774,1.000000000,0.000000000,0.000000000,0.000000000,0.000000000,0.000000000,0.529411765,0.292606025,0.434689469,1.000000000,0.948870899,0.651567944,0.618253861,1.024550257,83.782638550,17.399572372,0.735355616,0.999999106,-0.001340838,0.000058804,-0.000129919
1315,136.931000000,fused_map_f2f,1,1,0,0.064726876,0.026881320,0.981289448,0.981289448,0.100000000,0.011196196,0.011196196,0.037205483,0.002822752,1.000000000,0.000000000,0.000000000,0.000000000,0.000000000,0.000000000,0.565217391,0.218857037,0.426673249,1.000000000,0.944184065,0.643598616,0.607675557,1.023845037,83.827819824,17.399261475,0.734805882,0.999999046,-0.001366966,0.000047652,-0.000118612
1316,137.032000000,fused_map_f2f,1,1,0,0.066201864,0.017415601,0.975450956,0.975450956,0.100000000,0.011262455,0.011262455,0.037470818,0.002839599,1.000000000,0.000000000,0.000000000,0.000000000,0.000000000,0.000000000,0.528571429,0.232963937,0.410328432,1.000000000,0.945819113,0.665467626,0.629411999,1.025294133,83.863769531,17.399677277,0.734600067,0.999999225,-0.001216603,0.000055537,-0.000122755
1317,137.122000000,fused_map_f2f,1,1,0,0.067743704,0.022716272,0.969347838,0.969347838,0.100000000,0.011332561,0.011332561,0.037639483,0.002857427,1.000000000,0.000000000,0.000000000,0.000000000,0.000000000,0.000000000,0.565217391,0.312066338,0.463956970,1.000000000,0.947863248,0.637931034,0.604671382,1.023644759,83.902679443,17.399682999,0.734373450,0.999999285,-0.001168267,0.000043023,-0.000153608
1318,137.214000000,fused_map_f2f,1,1,0,0.068487339,0.026106907,0.966404284,0.966404284,0.100000000,0.011366687,0.011366687,0.037774332,0.002866105,1.000000000,0.000000000,0.000000000,0.000000000,0.000000000,0.000000000,0.528571429,0.174161085,0.386807291,1.000000000,0.945462292,0.650519031,0.615041214,1.024336081,83.942817688,17.398973465,0.734099030,0.999999046,-0.001367875,0.000038631,-0.000141114
1319,137.332000000,fused_map_f2f,1,1,0,0.066752577,0.015225624,0.973271047,0.973271047,0.100000000,0.011287396,0.011287396,0.037508739,0.002845941,1.000000000,0.000000000,0.000000000,0.000000000,0.000000000,0.000000000,0.571428571,0.252819397,0.443984902,1.000000000,0.949275362,0.643835616,0.611177288,1.024078486,83.987411499,17.400110245,0.734746516,0.999998927,-0.001457905,0.000050827,-0.000171426
1320,137.432000000,fused_map_f2f,1,1,0,0.067891835,0.014680249,0.968761487,0.968761487,0.100000000,0.011339343,0.011339343,0.037672004,0.002859151,1.000000000,0.000000000,0.000000000,0.000000000,0.000000000,0.000000000,0.528571429,0.279332301,0.428875777,1.000000000,0.947211579,0.643109541,0.609160804,1.023944054,84.021438599,17.400054932,0.734436393,0.999998927,-0.001463541,0.000061199,-0.000184572
1321,137.521000000,fused_map_f2f,1,1,0,0.068227006,0.016126849,0.967434769,0.967434769,0.100000000,0.011354717,0.011354717,0.037675150,0.002863061,1.000000000,0.000000000,0.000000000,0.000000000,0.000000000,0.000000000,0.521126761,0.260382088,0.416828892,1.000000000,0.948400853,0.621527778,0.589457475,1.022630498,84.046524048,17.400016785,0.734513164,0.999999166,-0.001262118,0.000063805,-0.000203285
1322,137.620000000,fused_map_f2f,1,1,0,0.069116776,0.018833073,0.963912761,0.963912761,0.100000000,0.011395732,0.011395732,0.037764531,0.002873492,1.000000000,0.000000000,0.000000000,0.000000000,0.000000000,0.000000000,0.535211268,0.272803750,0.430248261,1.000000000,0.946717818,0.603448276,0.571295235,1.021419682,84.089164734,17.400218964,0.734748304,0.999999046,-0.001374107,0.000057678,-0.000204653
1323,137.714000000,fused_map_f2f,1,1,0,0.067439426,0.014279449,0.970552273,0.970552273,0.100000000,0.011318657,0.011318657,0.037569775,0.002853891,1.000000000,0.000000000,0.000000000,0.000000000,0.000000000,0.000000000,0.549295775,0.274129323,0.439229194,1.000000000,0.944657301,0.628975265,0.594166076,1.022944405,84.150978088,17.399978638,0.734863400,0.999999046,-0.001355068,0.000057565,-0.000209915
1324,137.831000000,fused_map_f2f,1,1,0,0.066815327,0.019963530,0.973022663,0.973022663,0.100000000,0.011290245,0.011290245,0.037474095,0.002846666,1.000000000,0.000000000,0.000000000,0.000000000,0.000000000,0.000000000,0.557142857,0.206381282,0.416838227,1.000000000,0.945369185,0.626760563,0.592520123,1.022834675,84.203483582,17.399839401,0.734791219,0.999999166,-0.001282458,0.000056939,-0.000233895
1325,137.920000000,fused_map_f2f,1,1,0,0.066419241,0.019870696,0.974590506,0.974590506,0.100000000,0.011272287,0.011272287,0.037433988,0.002842099,1.000000000,0.000000000,0.000000000,0.000000000,0.000000000,0.000000000,0.542857143,0.220742457,0.414011269,1.000000000,0.947435897,0.633451957,0.600155124,1.023343675,84.239608765,17.399827957,0.735066116,0.999999225,-0.001235759,0.000036632,-0.000264932
1326,138.020000000,fused_map_f2f,1,1,0,0.068600037,0.023252506,0.965958186,0.965958186,0.100000000,0.011371876,0.011371876,0.037739615,0.002867425,1.000000000,0.000000000,0.000000000,0.000000000,0.000000000,0.000000000,0.541666667,0.255218992,0.427087597,1.000000000,0.946581197,0.626760563,0.593279764,1.022885318,84.280815125,17.400093079,0.734355927,0.999999046,-0.001330092,0.000067792,-0.000262785
1327,138.113000000,fused_map_f2f,1,1,0,0.068852236,0.019064312,0.964959897,0.964959897,0.100000000,0.011383507,0.011383507,0.037752486,0.002870383,1.000000000,0.000000000,0.000000000,0.000000000,0.000000000,0.000000000,0.486486486,0.239708576,0.387775322,1.000000000,0.943517330,0.617747440,0.582855415,1.022190361,84.325225830,17.400281906,0.734252036,0.999999225,-0.001215113,0.000060963,-0.000265763
1328,138.231000000,fused_map_f2f,1,1,0,0.069393855,0.012439330,0.962815989,0.962815989,0.100000000,0.011408565,0.011408565,0.037870199,0.002876756,1.000000000,0.000000000,0.000000000,0.000000000,0.000000000,0.000000000,0.544117647,0.234880911,0.420422953,1.000000000,0.944965870,0.633217993,0.598369392,1.023224626,84.382514954,17.400096893,0.735533714,0.999999285,-0.001150763,0.000059600,-0.000277528
1329,138.323000000,fused_map_f2f,1,1,0,0.067945687,0.014310203,0.968548323,0.968548323,0.100000000,0.011341810,0.011341810,0.037651938,0.002859779,1.000000000,0.000000000,0.000000000,0.000000000,0.000000000,0.000000000,0.557142857,0.252287597,0.435200753,1.000000000,0.946512623,0.631034483,0.597282103,1.023152140,84.418411255,17.399940491,0.735266566,0.999999046,-0.001334797,0.000054367,-0.000289401
1330,138.426000000,fused_map_f2f,1,1,0,0.069564619,0.022713430,0.962140050,0.962140050,0.100000000,0.011416489,0.011416489,0.037871215,0.002878771,1.000000000,0.000000000,0.000000000,0.000000000,0.000000000,0.000000000,0.542857143,0.221195871,0.414192634,1.000000000,0.947368421,0.620689655,0.588021779,1.022534785,84.457000732,17.400121689,0.735231996,0.999999285,-0.001115549,0.000057649,-0.000290535
1331,138.518000000,fused_map_f2f,1,1,0,0.070502356,0.017224866,0.958428172,0.958428172,0.100000000,0.011460197,0.011460197,0.038051276,0.002889888,1.000000000,0.000000000,0.000000000,0.000000000,0.000000000,0.000000000,0.544117647,0.281157006,0.438933391,1.000000000,0.946397942,0.638596491,0.604366405,1.023624427,84.469802856,17.399906158,0.735519946,0.999999404,-0.001042649,0.000055802,-0.000288377
1332,138.627000000,fused_map_f2f,1,1,0,0.069891659,0.015752878,0.960845518,0.960845518,0.100000000,0.011431694,0.011431694,0.037978586,0.002882639,1.000000000,0.000000000,0.000000000,0.000000000,0.000000000,0.000000000,0.571428571,0.275095980,0.452895535,1.000000000,0.945135019,0.648083624,0.612526528,1.024168435,84.526451111,17.399923325,0.735051930,0.999999285,-0.001157610,0.000065321,-0.000292142
1333,138.721000000,fused_map_f2f,1,1,0,0.069127476,0.017191057,0.963870406,0.963870406,0.100000000,0.011396227,0.011396227,0.037873466,0.002873618,1.000000000,0.000000000,0.000000000,0.000000000,0.000000000,0.000000000,0.527777778,0.268900171,0.424226735,1.000000000,0.942967410,0.653846154,0.616555614,1.024437041,84.560844421,17.400253296,0.735176742,0.999999285,-0.001123356,0.000058256,-0.000287866
1334,138.834000000,fused_map_f2f,1,1,0,0.069083010,0.018874405,0.964046420,0.964046420,0.100000000,0.011394170,0.011394170,0.037874965,0.002873095,1.000000000,0.000000000,0.000000000,0.000000000,0.000000000,0.000000000,0.528571429,0.168556448,0.384565436,1.000000000,0.943468951,0.657142857,0.619993882,1.024666259,84.598358154,17.400350571,0.735121071,0.999999225,-0.001169426,0.000080852,-0.000284060
1335,138.931000000,fused_map_f2f,1,1,0,0.068735921,0.017320763,0.965420311,0.965420311,0.100000000,0.011378140,0.011378140,0.037869085,0.002869018,1.000000000,0.000000000,0.000000000,0.000000000,0.000000000,0.000000000,0.563380282,0.238766118,0.433534616,1.000000000,0.945516946,0.676258993,0.639414337,1.025960956,84.615539551,17.400497437,0.735729516,0.999999523,-0.000892705,0.000071927,-0.000299565
1336,139.028000000,fused_map_f2f,1,1,0,0.069364627,0.039127005,0.962931685,0.962931685,0.100000000,0.011407210,0.011407210,0.037925767,0.002876411,1.000000000,0.000000000,0.000000000,0.000000000,0.000000000,0.000000000,0.573529412,0.284594587,0.457955482,1.000000000,0.945182013,0.659793814,0.623625246,1.024908350,84.608734131,17.399991989,0.735376179,0.999999344,-0.001059295,0.000070202,-0.000317983
1337,139.123000000,fused_map_f2f,1,1,0,0.069927814,0.022544028,0.960702404,0.960702404,0.100000000,0.011433378,0.011433378,0.037999972,0.002883067,1.000000000,0.000000000,0.000000000,0.000000000,0.000000000,0.000000000,0.558823529,0.273831433,0.444826691,1.000000000,0.944969905,0.655290102,0.619229426,1.024615295,84.613014221,17.400394440,0.735620677,0.999999404,-0.001024155,0.000065915,-0.000304546
1338,139.226000000,fused_map_f2f,1,1,0,0.071117905,0.024395110,0.955991625,0.955991625,0.100000000,0.011489070,0.011489070,0.038217350,0.002897232,1.000000000,0.000000000,0.000000000,0.000000000,0.000000000,0.000000000,0.521126761,0.299917302,0.432642977,1.000000000,0.945493562,0.671428571,0.634831392,1.025655426,84.608024597,17.400154114,0.735732019,0.999999464,-0.000963655,0.000063149,-0.000336870
1339,139.318000000,fused_map_f2f,1,1,0,0.070162633,0.015567166,0.959772910,0.959772910,0.100000000,0.011444324,0.011444324,0.038066839,0.002885851,1.000000000,0.000000000,0.000000000,0.000000000,0.000000000,0.000000000,0.535211268,0.211880841,0.405879097,1.000000000,0.945376344,0.668989547,0.632446892,1.025496459,84.626197815,17.400814056,0.736148477,0.999999642,-0.000790845,0.000067595,-0.000331966
1340,139.413000000,fused_map_f2f,1,1,0,0.071670554,0.034147304,0.953804058,0.953804058,0.100000000,0.011515117,0.011515117,0.038315994,0.002903858,1.000000000,0.000000000,0.000000000,0.000000000,0.000000000,0.000000000,0.535211268,0.305281660,0.443239425,1.000000000,0.948024055,0.675958188,0.640824623,1.026054975,84.656982422,17.400501251,0.736096680,0.999999583,-0.000855207,0.000033290,-0.000360618
1341,139.540000000,fused_map_f2f,1,1,0,0.072968371,0.015325524,0.948666864,0.948666864,0.100000000,0.011576751,0.011576751,0.038533433,0.002919537,1.000000000,0.000000000,0.000000000,0.000000000,0.000000000,0.000000000,0.545454545,0.176450138,0.397852782,1.000000000,0.945689655,0.685512367,0.648281954,1.026552130,84.702751160,17.400253296,0.735651255,0.999999464,-0.000992557,0.000055171,-0.000335822
1342,139.615000000,fused_map_f2f,1,1,0,0.070907548,0.021599612,0.956824288,0.956824288,0.100000000,0.011479187,0.011479187,0.038140158,0.002894718,1.000000000,0.000000000,0.000000000,0.000000000,0.000000000,0.000000000,0.542857143,0.265886403,0.432068847,1.000000000,0.944587629,0.652027027,0.615896663,1.024393111,84.744537354,17.400236130,0.735184491,0.999999464,-0.000980269,0.000079433,-0.000323538
1343,139.714000000,fused_map_f2f,1,1,0,0.068527586,0.010443648,0.966244972,0.966244972,0.100000000,0.011368539,0.011368539,0.037788886,0.002866576,1.000000000,0.000000000,0.000000000,0.000000000,0.000000000,0.000000000,0.558823529,0.236877303,0.430045039,1.000000000,0.945619335,0.654237288,0.618659430,1.024577295,84.779754639,17.400320053,0.735629976,0.999999583,-0.000845660,0.000043407,-0.000292405
1344,139.826000000,fused_map_f2f,1,1,0,0.068870156,0.013063722,0.964888964,0.964888964,0.100000000,0.011384334,0.011384334,0.037882356,0.002870593,1.000000000,0.000000000,0.000000000,0.000000000,0.000000000,0.000000000,0.536231884,0.314069972,0.447367119,1.000000000,0.946574752,0.672473868,0.636546785,1.025769786,84.820732117,17.400411606,0.735405445,0.999999464,-0.000942312,0.000071446,-0.000345131
1345,139.926000000,fused_map_f2f,1,1,0,0.070190913,0.030281983,0.959660969,0.959660969,0.100000000,0.011445643,0.011445643,0.038046800,0.002886187,1.000000000,0.000000000,0.000000000,0.000000000,0.000000000,0.000000000,0.486842105,0.250947788,0.392484379,1.000000000,0.944756150,0.658620690,0.622235947,1.024815730,84.850601196,17.400470734,0.735525608,0.999999464,-0.000966699,0.000072870,-0.000349527
1346,140.024000000,fused_map_f2f,1,1,0,0.070942301,0.010605645,0.956686727,0.956686727,0.100000000,0.011480818,0.011480818,0.038178027,0.002895133,1.000000000,0.000000000,0.000000000,0.000000000,0.000000000,0.000000000,0.560606061,0.220483723,0.424557126,1.000000000,0.946004320,0.665480427,0.629547359,1.025303157,84.888618469,17.400215149,0.735370934,0.999999404,-0.001002467,0.000085930,-0.000342412
1347,140.118000000,fused_map_f2f,1,1,0,0.071196881,0.017924072,0.955679014,0.955679014,0.100000000,0.011492785,0.011492785,0.038198849,0.002898177,1.000000000,0.000000000,0.000000000,0.000000000,0.000000000,0.000000000,0.550724638,0.239228376,0.426126133,1.000000000,0.944732297,0.658450704,0.622059646,1.024803976,84.927192688,17.400726318,0.735581040,0.999999583,-0.000843794,0.000083897,-0.000349361
1348,140.217000000,fused_map_f2f,1,1,0,0.070385044,0.016687691,0.958892534,0.958892534,0.100000000,0.011454711,0.011454711,0.038056022,0.002888493,1.000000000,0.000000000,0.000000000,0.000000000,0.000000000,0.000000000,0.493333333,0.294470995,0.413788398,1.000000000,0.943795936,0.650349650,0.613797357,1.024253157,84.966171265,17.400440216,0.735525668,0.999999583,-0.000864396,0.000080266,-0.000355008
1349,140.333000000,fused_map_f2f,1,1,0,0.069553237,0.022586241,0.962185105,0.962185105,0.100000000,0.011415960,0.011415960,0.037904258,0.002878637,1.000000000,0.000000000,0.000000000,0.000000000,0.000000000,0.000000000,0.534246575,0.246531350,0.419160485,1.000000000,0.945140389,0.637630662,0.602650492,1.023510033,85.013687134,17.400268555,0.735881031,0.999999523,-0.000876537,0.000093534,-0.000336942
1350,140.428000000,fused_map_f2f,1,1,0,0.071521893,0.017632321,0.954392507,0.954392507,0.100000000,0.011508099,0.011508099,0.038194791,0.002902073,1.000000000,0.000000000,0.000000000,0.000000000,0.000000000,0.000000000,0.535211268,0.303252757,0.442427864,1.000000000,0.944732297,0.634751773,0.599670501,1.023311367,85.056053162,17.400623322,0.735760808,0.999999642,-0.000699953,0.000162804,-0.000351544
1351,140.523000000,fused_map_f2f,1,1,0,0.073032978,0.029751540,0.948411130,0.948411130,0.100000000,0.011579837,0.011579837,0.038413076,0.002920322,1.000000000,0.000000000,0.000000000,0.000000000,0.000000000,0.000000000,0.579710145,0.247883988,0.446979682,1.000000000,0.945957631,0.628070175,0.594127775,1.022941852,85.099685669,17.400196075,0.735419333,0.999999583,-0.000828958,0.000156703,-0.000350617
1352,140.615000000,fused_map_f2f,1,1,0,0.072221037,0.013452528,0.951625061,0.951625061,0.100000000,0.011541180,0.011541180,0.038289510,0.002910488,1.000000000,0.000000000,0.000000000,0.000000000,0.000000000,0.000000000,0.493150685,0.237254630,0.390792263,1.000000000,0.946753247,0.628070175,0.594627478,1.022975165,85.143936157,17.400260925,0.735118151,0.999999583,-0.000827742,0.000109586,-0.000329886
1353,140.720000000,fused_map_f2f,1,1,0,0.070988059,0.013843746,0.956505599,0.956505599,0.100000000,0.011482967,0.011482967,0.038109591,0.002895680,1.000000000,0.000000000,0.000000000,0.000000000,0.000000000,0.000000000,0.513888889,0.218943261,0.395910638,1.000000000,0.945957631,0.632142857,0.597980359,1.023198691,85.201316833,17.400140762,0.734734952,0.999999464,-0.000915362,0.000116238,-0.000377076
1354,140.822000000,fused_map_f2f,1,1,0,0.071236952,0.013554191,0.955520399,0.955520399,0.100000000,0.011494671,0.011494671,0.038128277,0.002898657,1.000000000,0.000000000,0.000000000,0.000000000,0.000000000,0.000000000,0.500000000,0.224552360,0.389820944,1.000000000,0.945957631,0.623693380,0.589987512,1.022665834,85.252151489,17.400339127,0.735337138,0.999999583,-0.000837550,0.000101252,-0.000337538
1355,140.914000000,fused_map_f2f,1,1,0,0.073390817,0.021433033,0.946994683,0.946994683,0.100000000,0.011596956,0.011596956,0.038504832,0.002924677,1.000000000,0.000000000,0.000000000,0.000000000,0.000000000,0.000000000,0.549295775,0.250913712,0.429942949,1.000000000,0.942523768,0.646428571,0.609274293,1.023951620,85.302619934,17.401260376,0.735163808,0.999999702,-0.000714168,0.000099419,-0.000332161
1356,141.013000000,fused_map_f2f,1,1,0,0.071064180,0.017360952,0.956204287,0.956204287,0.100000000,0.011486544,0.011486544,0.038139890,0.002896590,1.000000000,0.000000000,0.000000000,0.000000000,0.000000000,0.000000000,0.536231884,0.199321720,0.401467818,1.000000000,0.949130435,0.638297872,0.605827937,1.023721862,85.357589722,17.400884628,0.735300601,0.999999583,-0.000820868,0.000090309,-0.000326399
1357,141.131000000,fused_map_f2f,1,1,0,0.070755669,0.034228522,0.957425478,0.957425478,0.100000000,0.011472061,0.011472061,0.038073091,0.002892906,1.000000000,0.000000000,0.000000000,0.000000000,0.000000000,0.000000000,0.527777778,0.239461822,0.412451395,1.000000000,0.948484848,0.629893238,0.597444193,1.023162946,85.422592163,17.400897980,0.735083699,0.999999583,-0.000848161,0.000098410,-0.000347553
1358,141.231000000,fused_map_f2f,1,1,0,0.070901201,0.020026788,0.956849414,0.956849414,0.100000000,0.011478889,0.011478889,0.038115567,0.002894643,1.000000000,0.000000000,0.000000000,0.000000000,0.000000000,0.000000000,0.528571429,0.285428195,0.431314135,1.000000000,0.948373102,0.638989170,0.606000141,1.023733343,85.473800659,17.400518417,0.734880447,0.999999464,-0.000922672,0.000101570,-0.000353370
1359,141.326000000,fused_map_f2f,1,1,0,0.070108563,0.028804745,0.959986938,0.959986938,0.100000000,0.011441801,0.011441801,0.037930692,0.002885209,1.000000000,0.000000000,0.000000000,0.000000000,0.000000000,0.000000000,0.493150685,0.203736573,0.377385040,1.000000000,0.951388889,0.608247423,0.578679840,1.021911989,85.549491882,17.400661469,0.735021770,0.999999583,-0.000802370,0.000086500,-0.000343286
1360,141.423000000,fused_map_f2f,1,1,0,0.070989720,0.021969029,0.956499024,0.956499024,0.100000000,0.011483045,0.011483045,0.038054052,0.002895700,1.000000000,0.000000000,0.000000000,0.000000000,0.000000000,0.000000000,0.479452055,0.163822804,0.353200354,1.000000000,0.950086806,0.604810997,0.574622948,1.021641530,85.597908020,17.400363922,0.735316396,0.999999583,-0.000846899,0.000086715,-0.000355089
1361,141.513000000,fused_map_f2f,1,1,0,0.072159475,0.015054533,0.951868744,0.951868744,0.100000000,0.011538259,0.011538259,0.038242134,0.002909745,1.000000000,0.000000000,0.000000000,0.000000000,0.000000000,0.000000000,0.485714286,0.332540372,0.424444720,1.000000000,0.948051948,0.610526316,0.578810663,1.021920711,85.646736145,17.399742126,0.735028327,0.999999404,-0.001015080,0.000083803,-0.000415819
1362,141.635000000,fused_map_f2f,1,1,0,0.072486287,0.018219516,0.950575115,0.950575115,0.100000000,0.011553780,0.011553780,0.038253821,0.002913693,1.000000000,0.000000000,0.000000000,0.000000000,0.000000000,0.000000000,0.528571429,0.246690108,0.415818900,1.000000000,0.950000000,0.592465753,0.562842466,1.020856164,85.704757690,17.400878906,0.734513223,0.999999583,-0.000816752,0.000085212,-0.000340215
1363,141.728000000,fused_map_f2f,1,1,0,0.071695654,0.022317578,0.953704702,0.953704702,0.100000000,0.011516303,0.011516303,0.038150219,0.002904160,1.000000000,0.000000000,0.000000000,0.000000000,0.000000000,0.000000000,0.544117647,0.222813410,0.415595952,1.000000000,0.952194698,0.598615917,0.569998902,1.021333260,85.751823425,17.400299072,0.734729469,0.999999464,-0.000937323,0.000046290,-0.000346283
1364,141.832000000,fused_map_f2f,1,1,0,0.071697308,0.019355070,0.953698156,0.953698156,0.100000000,0.011516381,0.011516381,0.038129385,0.002904179,1.000000000,0.000000000,0.000000000,0.000000000,0.000000000,0.000000000,0.552238806,0.272293294,0.440260601,1.000000000,0.954032958,0.588235294,0.561195857,1.020746390,85.796310425,17.400306702,0.735224545,0.999999523,-0.000911592,0.000083671,-0.000357805
1365,141.924000000,fused_map_f2f,1,1,0,0.073027888,0.026239656,0.948431278,0.948431278,0.100000000,0.011579594,0.011579594,0.038291206,0.002920260,1.000000000,0.000000000,0.000000000,0.000000000,0.000000000,0.000000000,0.513888889,0.240146023,0.404391743,1.000000000,0.950108460,0.572390572,0.543833125,1.019588875,85.803741455,17.399406433,0.734778166,0.999999344,-0.001087287,0.000084852,-0.000338893
1366,142.020000000,fused_map_f2f,1,1,0,0.073166934,0.024053613,0.947880884,0.947880884,0.100000000,0.011586240,0.011586240,0.038375915,0.002921951,1.000000000,0.000000000,0.000000000,0.000000000,0.000000000,0.000000000,0.535211268,0.290144129,0.437184412,1.000000000,0.953478261,0.597938144,0.570121022,1.021341401,85.803909302,17.400100708,0.734953284,0.999999464,-0.000959706,0.000080094,-0.000338574
1367,142.119000000,fused_map_f2f,1,1,0,0.073806511,0.019259432,0.945349227,0.945349227,0.100000000,0.011616907,0.011616907,0.038493724,0.002929753,1.000000000,0.000000000,0.000000000,0.000000000,0.000000000,0.000000000,0.535211268,0.226537885,0.411741914,1.000000000,0.952173913,0.607017544,0.577986270,1.021865751,85.813514709,17.399255753,0.734690011,0.999999344,-0.001083553,0.000091050,-0.000340619
1368,142.214000000,fused_map_f2f,1,1,0,0.071995514,0.017115720,0.952517758,0.952517758,0.100000000,0.011530488,0.011530488,0.038191150,0.002907768,1.000000000,0.000000000,0.000000000,0.000000000,0.000000000,0.000000000,0.569230769,0.267726893,0.448629219,1.000000000,0.951070336,0.597222222,0.568000340,1.021200023,85.809783936,17.399890900,0.735294163,0.999999583,-0.000827127,0.000100608,-0.000337281
1369,142.333000000,fused_map_f2f,1,1,0,0.073973760,0.023301049,0.944687202,0.944687202,0.100000000,0.011624954,0.011624954,0.038479761,0.002931800,1.000000000,0.000000000,0.000000000,0.000000000,0.000000000,0.000000000,0.507042254,0.281880175,0.416977422,1.000000000,0.949934697,0.591065292,0.561473429,1.020764895,85.856948853,17.399427414,0.734722674,0.999999464,-0.000971062,0.000101378,-0.000294113
1370,142.426000000,fused_map_f2f,1,1,0,0.076144948,0.013018536,0.936092915,0.936092915,0.100000000,0.011730431,0.011730431,0.038812313,0.002958637,1.000000000,0.000000000,0.000000000,0.000000000,0.000000000,0.000000000,0.514285714,0.244547563,0.406390454,1.000000000,0.950590293,0.587628866,0.558594296,1.020572953,85.896682739,17.399501801,0.734791458,0.999999404,-0.001011530,0.000094800,-0.000306219
1371,142.520000000,fused_map_f2f,1,1,0,0.073956755,0.011926512,0.944754513,0.944754513,0.100000000,0.011624135,0.011624135,0.038509039,0.002931592,1.000000000,0.000000000,0.000000000,0.000000000,0.000000000,0.000000000,0.500000000,0.269091508,0.407636603,1.000000000,0.952234882,0.603508772,0.574682104,1.021645474,85.944892883,17.400505066,0.735303342,0.999999642,-0.000782393,0.000103754,-0.000302783
1372,142.631000000,fused_map_f2f,1,1,0,0.073478196,0.023350111,0.946648809,0.946648809,0.100000000,0.011601144,0.011601144,0.038400064,0.002925743,1.000000000,0.000000000,0.000000000,0.000000000,0.000000000,0.000000000,0.486486486,0.238590645,0.387328150,1.000000000,0.951379763,0.588850174,0.560220139,1.020681343,85.991363525,17.399547577,0.735267460,0.999999523,-0.000920920,0.000094541,-0.000304478
1373,142.733000000,fused_map_f2f,1,1,0,0.073388275,0.034708319,0.947004744,0.947004744,0.100000000,0.011596835,0.011596835,0.038340918,0.002924646,1.000000000,0.000000000,0.000000000,0.000000000,0.000000000,0.000000000,0.506849315,0.227308866,0.395033135,1.000000000,0.952422523,0.568493151,0.541445681,1.019429712,86.034835815,17.399999619,0.735190272,0.999999523,-0.000927430,0.000089946,-0.000317299
1374,142.821000000,fused_map_f2f,1,1,0,0.071922181,0.043571259,0.952808034,0.952808034,0.100000000,0.011527016,0.011527016,0.038074802,0.002906885,1.000000000,0.000000000,0.000000000,0.000000000,0.000000000,0.000000000,0.507042254,0.278940526,0.415801563,1.000000000,0.952401747,0.550335570,0.524140559,1.018276037,86.019813538,17.399356842,0.734831512,0.999999344,-0.001104811,0.000098486,-0.000323987
1375,142.917000000,fused_map_f2f,1,1,0,0.074884322,0.014764282,0.941082890,0.941082890,0.100000000,0.011668957,0.011668957,0.038525045,0.002942996,1.000000000,0.000000000,0.000000000,0.000000000,0.000000000,0.000000000,0.486111111,0.198668070,0.371133895,1.000000000,0.952714536,0.547619048,0.521724627,1.018114975,86.044685364,17.399066925,0.734986186,0.999999344,-0.001058190,0.000091606,-0.000321711
1376,143.014000000,fused_map_f2f,1,1,0,0.076062294,0.058748206,0.936420086,0.936420086,0.100000000,0.011726380,0.011726380,0.038724838,0.002957607,1.000000000,0.000000000,0.000000000,0.000000000,0.000000000,0.000000000,0.466666667,0.198620058,0.359448023,1.000000000,0.951775537,0.554794521,0.528039853,1.018535990,86.087242126,17.399326324,0.734407067,0.999999285,-0.001125054,0.000081483,-0.000318542
1377,143.134000000,fused_map_f2f,1,1,0,0.075396842,0.019310457,0.939054167,0.939054167,0.100000000,0.011693872,0.011693872,0.038644985,0.002949335,1.000000000,0.000000000,0.000000000,0.000000000,0.000000000,0.000000000,0.506849315,0.290324208,0.420239272,1.000000000,0.954148472,0.564013841,0.538152944,1.019210196,86.145126343,17.399406433,0.734108686,0.999999225,-0.001191609,0.000094119,-0.000320158
1378,143.228000000,fused_map_f2f,1,1,0,0.074992599,0.022352711,0.940654295,0.940654295,0.100000000,0.011674212,0.011674212,0.038590113,0.002944333,1.000000000,0.000000000,0.000000000,0.000000000,0.000000000,0.000000000,0.479452055,0.206252531,0.370172245,1.000000000,0.953590193,0.567944251,0.541586068,1.019439071,86.186058044,17.399133682,0.734442115,0.999999225,-0.001197354,0.000091646,-0.000316814
1379,143.318000000,fused_map_f2f,1,1,0,0.074821144,0.016419059,0.941332972,0.941332972,0.100000000,0.011665893,0.011665893,0.038588032,0.002942216,1.000000000,0.000000000,0.000000000,0.000000000,0.000000000,0.000000000,0.465753425,0.270182522,0.387525064,1.000000000,0.953947368,0.578397213,0.551760499,1.020117367,86.223632812,17.399173737,0.734415054,0.999999285,-0.001134334,0.000074664,-0.000315853
1380,143.422000000,fused_map_f2f,1,1,0,0.075627553,0.018399842,0.938140937,0.938140937,0.100000000,0.011705122,0.011705122,0.038673409,0.002952197,1.000000000,0.000000000,0.000000000,0.000000000,0.000000000,0.000000000,0.514705882,0.236068724,0.403251019,1.000000000,0.949978061,0.563139932,0.534970580,1.018998039,86.260025024,17.399517059,0.733986378,0.999999404,-0.001043696,0.000099650,-0.000301848
1381,143.533000000,fused_map_f2f,1,1,0,0.078513787,0.030594947,0.926716261,0.926716261,0.100000000,0.011847715,0.011847715,0.039208670,0.002988484,1.000000000,0.000000000,0.000000000,0.000000000,0.000000000,0.000000000,0.486111111,0.244343669,0.389404134,1.000000000,0.955263158,0.592857143,0.566334586,1.021088972,86.304893494,17.399087906,0.733991623,0.999999285,-0.001134264,0.000098589,-0.000300686
1382,143.624000000,fused_map_f2f,1,1,0,0.076668613,0.019409777,0.934020072,0.934020072,0.100000000,0.011756158,0.011756158,0.038923621,0.002965184,1.000000000,0.000000000,0.000000000,0.000000000,0.000000000,0.000000000,0.459459459,0.233234428,0.368969447,1.000000000,0.952735230,0.598566308,0.570275209,1.021351681,86.343292236,17.399236679,0.734036148,0.999999404,-0.001041760,0.000096825,-0.000285969
1383,143.713000000,fused_map_f2f,1,1,0,0.076447822,0.019616425,0.934894039,0.934894039,0.100000000,0.011745297,0.011745297,0.038863920,0.002962420,1.000000000,0.000000000,0.000000000,0.000000000,0.000000000,0.000000000,0.500000000,0.226370890,0.390548356,1.000000000,0.953569864,0.587412587,0.560138941,1.020675929,86.377456665,17.399520874,0.733859479,0.999999464,-0.000984520,0.000083459,-0.000273356
1384,143.826000000,fused_map_f2f,1,1,0,0.076561659,0.025010075,0.934443433,0.934443433,0.100000000,0.011750894,0.011750894,0.038885430,0.002963844,1.000000000,0.000000000,0.000000000,0.000000000,0.000000000,0.000000000,0.492957746,0.277418071,0.406741876,1.000000000,0.956998684,0.586805556,0.561572144,1.020771476,86.422225952,17.399059296,0.734644651,0.999999285,-0.001139255,0.000090473,-0.000264915
1385,143.921000000,fused_map_f2f,1,1,0,0.075768212,0.017677171,0.937584161,0.937584161,0.100000000,0.011711992,0.011711992,0.038746220,0.002953945,1.000000000,0.000000000,0.000000000,0.000000000,0.000000000,0.000000000,0.500000000,0.239498890,0.395799556,1.000000000,0.956140351,0.581314879,0.555818612,1.020387907,86.452705383,17.399471283,0.734042108,0.999999464,-0.000985646,0.000094660,-0.000261549
1386,144.014000000,fused_map_f2f,1,1,0,0.078046072,0.044061122,0.928567631,0.928567631,0.100000000,0.011824372,0.011824372,0.039146955,0.002982543,1.000000000,0.000000000,0.000000000,0.000000000,0.000000000,0.000000000,0.479452055,0.186458165,0.362254499,1.000000000,0.952987698,0.600000000,0.571792619,1.021452841,86.487167358,17.400247574,0.734183848,0.999999404,-0.001041492,0.000079303,-0.000274983
1387,144.114000000,fused_map_f2f,1,1,0,0.077995044,0.021342611,0.928769616,0.928769616,0.100000000,0.011821831,0.011821831,0.039121380,0.002981896,1.000000000,0.000000000,0.000000000,0.000000000,0.000000000,0.000000000,0.521126761,0.274126771,0.422326765,1.000000000,0.954385965,0.591695502,0.564705882,1.020980392,86.547370911,17.399766922,0.734169781,0.999999464,-0.000969283,0.000084052,-0.000263788
1388,144.239000000,fused_map_f2f,1,1,0,0.076266270,0.014890571,0.935612683,0.935612683,0.100000000,0.011736381,0.011736381,0.038828074,0.002960151,1.000000000,0.000000000,0.000000000,0.000000000,0.000000000,0.000000000,0.521739130,0.236877957,0.407794661,1.000000000,0.952024648,0.585284281,0.557205061,1.020480337,86.602790833,17.399271011,0.734406590,0.999999523,-0.000960494,0.000084550,-0.000255198
1389,144.328000000,fused_map_f2f,1,1,0,0.077994036,0.021020541,0.928773609,0.928773609,0.100000000,0.011821781,0.011821781,0.039165687,0.002981884,1.000000000,0.000000000,0.000000000,0.000000000,0.000000000,0.000000000,0.465753425,0.216850015,0.366192061,1.000000000,0.955830389,0.609756098,0.582823408,1.022188227,86.644256592,17.400381088,0.734704614,0.999999464,-0.001014691,0.000085689,-0.000243737
1390,144.423000000,fused_map_f2f,1,1,0,0.079863254,0.012983363,0.921374621,0.921374621,0.100000000,0.011915583,0.011915583,0.039493946,0.003005757,1.000000000,0.000000000,0.000000000,0.000000000,0.000000000,0.000000000,0.500000000,0.329012672,0.431605069,1.000000000,0.954164830,0.621908127,0.593402863,1.022893524,86.692695618,17.400228500,0.734395802,0.999999344,-0.001112372,0.000094144,-0.000201066
1391,144.520000000,fused_map_f2f,1,1,0,0.076689892,0.034618585,0.933935842,0.933935842,0.100000000,0.011757205,0.011757205,0.038934409,0.002965450,1.000000000,0.000000000,0.000000000,0.000000000,0.000000000,0.000000000,0.530303030,0.266953345,0.424963156,1.000000000,0.957690613,0.598639456,0.573311387,1.021554092,86.784858704,17.399581909,0.734934628,0.999999285,-0.001155131,0.000092514,-0.000220639
1392,144.618000000,fused_map_f2f,1,1,0,0.076559873,0.014571600,0.934450502,0.934450502,0.100000000,0.011750806,0.011750806,0.038943010,0.002963822,1.000000000,0.000000000,0.000000000,0.000000000,0.000000000,0.000000000,0.500000000,0.222094219,0.388837687,1.000000000,0.954404604,0.613240418,0.585279478,1.022351965,86.824989319,17.399629593,0.734911978,0.999999225,-0.001237324,0.000056576,-0.000255662
1393,144.716000000,fused_map_f2f,1,1,0,0.078057912,0.028280231,0.928520766,0.928520766,0.100000000,0.011824962,0.011824962,0.039192929,0.002982693,1.000000000,0.000000000,0.000000000,0.000000000,0.000000000,0.000000000,0.471428571,0.246968467,0.381644530,1.000000000,0.953703704,0.618374558,0.589746107,1.022649740,86.863655090,17.399837494,0.734675527,0.999999404,-0.001065435,0.000098123,-0.000237376
1394,144.832000000,fused_map_f2f,1,1,0,0.077310600,0.017973227,0.931478875,0.931478875,0.100000000,0.011787852,0.011787852,0.039025658,0.002973249,1.000000000,0.000000000,0.000000000,0.000000000,0.000000000,0.000000000,0.458333333,0.269895875,0.382958350,1.000000000,0.955947137,0.596551724,0.570271913,1.021351461,86.949073792,17.400152206,0.734966576,0.999999344,-0.001110091,0.000089994,-0.000204586
1395,144.932000000,fused_map_f2f,1,1,0,0.077030149,0.013947648,0.932588994,0.932588994,0.100000000,0.011773985,0.011773985,0.038966542,0.002969720,1.000000000,0.000000000,0.000000000,0.000000000,0.000000000,0.000000000,0.459459459,0.262122008,0.380524479,1.000000000,0.954807266,0.591065292,0.564353436,1.020956896,87.005775452,17.400398254,0.734819412,0.999999404,-0.001089272,0.000096204,-0.000198499
1396,145.033000000,fused_map_f2f,1,1,0,0.078522594,0.039920498,0.926681397,0.926681397,0.100000000,0.011848155,0.011848155,0.039189164,0.002988596,1.000000000,0.000000000,0.000000000,0.000000000,0.000000000,0.000000000,0.457142857,0.172749347,0.343385453,1.000000000,0.955810871,0.583617747,0.557828187,1.020521879,87.047775269,17.400194168,0.734139383,0.999999285,-0.001174933,0.000102614,-0.000171472
1397,145.113000000,fused_map_f2f,1,1,0,0.080865231,0.016461700,0.917408460,0.917408460,0.100000000,0.011966480,0.011966480,0.039627187,0.003018713,1.000000000,0.000000000,0.000000000,0.000000000,0.000000000,0.000000000,0.452054795,0.227495000,0.362230877,1.000000000,0.953818828,0.609154930,0.581023441,1.022068229,87.081253052,17.399139404,0.734143853,0.999999166,-0.001278078,0.000102460,-0.000178394
1398,145.223000000,fused_map_f2f,1,1,0,0.078751434,0.016047623,0.925775573,0.925775573,0.100000000,0.011859610,0.011859610,0.039252082,0.002991511,1.000000000,0.000000000,0.000000000,0.000000000,0.000000000,0.000000000,0.458333333,0.227495772,0.365998309,1.000000000,0.953900709,0.595890411,0.568420286,1.021228019,87.161926270,17.400417328,0.734147131,0.999999225,-0.001199416,0.000104541,-0.000182622
1399,145.321000000,fused_map_f2f,1,1,0,0.078880681,0.095306334,0.925263972,0.925263972,0.086024576,0.010224710,0.010224710,0.034017438,0.002575931,1.000000000,0.000000000,0.000000000,0.000000000,0.000000000,0.000000000,0.445945946,0.231986923,0.360362337,1.000000000,0.954404604,0.618374558,0.590179525,1.022678635,87.207008362,17.399503708,0.734345913,0.999999106,-0.001308589,0.000097186,-0.000170515
1400,145.426000000,fused_map_f2f,1,1,0,0.079073901,0.013589707,0.924499143,0.924499143,0.100000000,0.011875790,0.011875790,0.039311733,0.002995629,1.000000000,0.000000000,0.000000000,0.000000000,0.000000000,0.000000000,0.479452055,0.280840130,0.400007285,1.000000000,0.956927176,0.597222222,0.571498174,1.021433212,87.248191833,17.399269104,0.734570682,0.999999225,-0.001246661,0.000089269,-0.000177291
1401,145.518000000,fused_map_f2f,1,1,0,0.083159347,0.035667374,0.908327584,0.908327584,0.100000000,0.012084668,0.012084668,0.039941736,0.003048800,1.000000000,0.000000000,0.000000000,0.000000000,0.000000000,0.000000000,0.485294118,0.182887320,0.364331399,1.000000000,0.953818828,0.581632653,0.554772175,1.020318145,87.293708801,17.398887634,0.734169722,0.999999046,-0.001348008,0.000077302,-0.000175629
1402,145.615000000,fused_map_f2f,1,1,0,0.081565172,0.020938403,0.914637862,0.914637862,0.100000000,0.012002294,0.012002294,0.039691640,0.003027829,1.000000000,0.000000000,0.000000000,0.000000000,0.000000000,0.000000000,0.507462687,0.222046850,0.393296352,1.000000000,0.954022989,0.587628866,0.560611447,1.020707430,87.352745056,17.399129868,0.734109461,0.999999225,-0.001240555,0.000099382,-0.000185211
1403,145.741000000,fused_map_f2f,1,1,0,0.080660953,0.030744322,0.918217062,0.918217062,0.100000000,0.011956068,0.011956068,0.039548046,0.003016062,1.000000000,0.000000000,0.000000000,0.000000000,0.000000000,0.000000000,0.472222222,0.219283400,0.371046693,1.000000000,0.951111111,0.591549296,0.562629108,1.020841941,87.415077209,17.398773193,0.734529078,0.999998927,-0.001448132,0.000093252,-0.000177813
1404,145.830000000,fused_map_f2f,1,1,0,0.081895296,0.013081843,0.913331118,0.913331118,0.100000000,0.012019260,0.012019260,0.039723611,0.003032148,1.000000000,0.000000000,0.000000000,0.000000000,0.000000000,0.000000000,0.471428571,0.195692062,0.361133968,1.000000000,0.952993348,0.578767123,0.551561219,1.020104081,87.459213257,17.398351669,0.734566391,0.999998868,-0.001475685,0.000097698,-0.000181081
1405,145.930000000,fused_map_f2f,1,1,0,0.083299626,0.012412522,0.907772316,0.907772316,0.100000000,0.012091970,0.012091970,0.039991857,0.003050659,1.000000000,0.000000000,0.000000000,0.000000000,0.000000000,0.000000000,0.478873239,0.197237168,0.366218811,1.000000000,0.955810871,0.591549296,0.565409247,1.021027283,87.534255981,17.398895264,0.734081984,0.999999046,-0.001380022,0.000094122,-0.000148936
1406,146.039000000,fused_map_f2f,1,1,0,0.082519091,0.014614597,0.910861930,0.910861930,0.100000000,0.012051449,0.012051449,0.039819994,0.003040343,1.000000000,0.000000000,0.000000000,0.000000000,0.000000000,0.000000000,0.478873239,0.146216396,0.345810502,1.000000000,0.951176209,0.576923077,0.548755505,1.019917034,87.578857422,17.399126053,0.734369338,0.999999046,-0.001370263,0.000098923,-0.000137383
1407,146.114000000,fused_map_f2f,1,1,0,0.081244731,0.049064375,0.915906271,0.915906271,0.100000000,0.011985871,0.011985871,0.039588993,0.003023649,1.000000000,0.000000000,0.000000000,0.000000000,0.000000000,0.000000000,0.463768116,0.141778538,0.334972285,1.000000000,0.954120267,0.566552901,0.540559605,1.019370640,87.617828369,17.399234772,0.734852612,0.999998987,-0.001403607,0.000085346,-0.000129766
1408,146.230000000,fused_map_f2f,1,1,0,0.083899999,0.018527472,0.905395837,0.905395837,0.100000000,0.012123324,0.012123324,0.040141520,0.003058642,1.000000000,0.000000000,0.000000000,0.000000000,0.000000000,0.000000000,0.500000000,0.195283821,0.378113528,1.000000000,0.954262877,0.612903226,0.584870796,1.022324720,87.666648865,17.398620605,0.734776974,0.999998808,-0.001517004,0.000092220,-0.000169297
1409,146.331000000,fused_map_f2f,1,1,0,0.085807426,0.024708167,0.897845603,0.897845603,0.100000000,0.012224027,0.012224027,0.040418412,0.003084283,1.000000000,0.000000000,0.000000000,0.000000000,0.000000000,0.000000000,0.500000000,0.210723761,0.384289504,1.000000000,0.953777778,0.593750000,0.566305556,1.021087037,87.715438843,17.398885727,0.734236479,0.999998808,-0.001537834,0.000108161,-0.000141455
1410,146.419000000,fused_map_f2f,1,1,0,0.082054026,0.026339670,0.912702812,0.912702812,0.100000000,0.012027434,0.012027434,0.039758998,0.003034229,1.000000000,0.000000000,0.000000000,0.000000000,0.000000000,0.000000000,0.463768116,0.193684607,0.355734712,1.000000000,0.951807229,0.583333333,0.555220884,1.020348059,87.785018921,17.399124146,0.734188974,0.999998808,-0.001545793,0.000096901,-0.000132094
1411,146.532000000,fused_map_f2f,1,1,0,0.084076276,0.015029102,0.904698074,0.904698074,0.100000000,0.012132561,0.012132561,0.040069174,0.003060994,1.000000000,0.000000000,0.000000000,0.000000000,0.000000000,0.000000000,0.471428571,0.215863764,0.369202648,1.000000000,0.950022311,0.572916667,0.544283616,1.019618908,87.839500427,17.399312973,0.733679831,0.999998927,-0.001439253,0.000096694,-0.000124646
1412,146.625000000,fused_map_f2f,1,1,0,0.084429658,0.013933500,0.903299270,0.903299270,0.100000000,0.012151121,0.012151121,0.040095545,0.003065719,1.000000000,0.000000000,0.000000000,0.000000000,0.000000000,0.000000000,0.478260870,0.238616465,0.382403108,1.000000000,0.949553571,0.559322034,0.531106235,1.018740416,87.885025024,17.398124695,0.733997941,0.999998689,-0.001594008,0.000099683,-0.000129553
1413,146.722000000,fused_map_f2f,1,1,0,0.085297007,0.024167917,0.899866014,0.899866014,0.100000000,0.012196916,0.012196916,0.040265505,0.003077380,1.000000000,0.000000000,0.000000000,0.000000000,0.000000000,0.000000000,0.471428571,0.276163154,0.393322405,1.000000000,0.948752228,0.569444444,0.540261685,1.019350779,87.987213135,17.398113251,0.733879566,0.999998629,-0.001657078,0.000097345,-0.000142725
1414,146.815000000,fused_map_f2f,1,1,0,0.086815980,0.019356998,0.893853411,0.893853411,0.100000000,0.012277952,0.012277952,0.040486565,0.003098016,1.000000000,0.000000000,0.000000000,0.000000000,0.000000000,0.000000000,0.485714286,0.168692063,0.358905396,1.000000000,0.950760967,0.552188552,0.524999322,1.018333288,88.032951355,17.398538589,0.734128058,0.999998808,-0.001510898,0.000117344,-0.000140118
1415,146.913000000,fused_map_f2f,1,1,0,0.088534565,0.014157704,0.887050681,0.887050681,0.100000000,0.012370946,0.012370946,0.040880881,0.003121700,1.000000000,0.000000000,0.000000000,0.000000000,0.000000000,0.000000000,0.465753425,0.212860202,0.364596135,1.000000000,0.949932946,0.592334495,0.562678052,1.020845203,88.081459045,17.398248672,0.733997226,0.999998808,-0.001519547,0.000079416,-0.000118075
1416,147.029000000,fused_map_f2f,1,1,0,0.084032357,0.023566989,0.904871919,0.904871919,0.100000000,0.012130259,0.012130259,0.040056792,0.003060407,1.000000000,0.000000000,0.000000000,0.000000000,0.000000000,0.000000000,0.464788732,0.220427627,0.367044290,1.000000000,0.949843260,0.570934256,0.542298055,1.019486537,88.167709351,17.398164749,0.734240890,0.999998689,-0.001613807,0.000102689,-0.000136515
1417,147.121000000,fused_map_f2f,1,1,0,0.084031830,0.017105334,0.904874007,0.904874007,0.100000000,0.012130231,0.012130231,0.040035093,0.003060400,1.000000000,0.000000000,0.000000000,0.000000000,0.000000000,0.000000000,0.452054795,0.277751616,0.382333523,1.000000000,0.946260636,0.564013841,0.533704096,1.018913606,88.216323853,17.397939682,0.733810246,0.999998450,-0.001752120,0.000133233,-0.000058287
1418,147.219000000,fused_map_f2f,1,1,0,0.084990099,0.030419110,0.901080856,0.901080856,0.100000000,0.012180672,0.012180672,0.040201583,0.003073244,1.000000000,0.000000000,0.000000000,0.000000000,0.000000000,0.000000000,0.492753623,0.167296123,0.362570623,1.000000000,0.947061463,0.565517241,0.535579586,1.019038639,88.267074585,17.398031235,0.733116627,0.999998689,-0.001596731,0.000112556,-0.000124188
1419,147.325000000,fused_map_f2f,1,1,0,0.087485639,0.014115290,0.891202678,0.891202678,0.100000000,0.012314021,0.012314021,0.040629062,0.003107202,1.000000000,0.000000000,0.000000000,0.000000000,0.000000000,0.000000000,0.500000000,0.206312144,0.382524857,1.000000000,0.946516854,0.565836299,0.535573594,1.019038240,88.363464355,17.397880554,0.733781099,0.999998748,-0.001570142,0.000103332,-0.000123652
1420,147.418000000,fused_map_f2f,1,1,0,0.086244597,0.026423084,0.896115138,0.896115138,0.100000000,0.012247343,0.012247343,0.040399272,0.003090221,1.000000000,0.000000000,0.000000000,0.000000000,0.000000000,0.000000000,0.463768116,0.187755122,0.353362918,1.000000000,0.945535714,0.559726962,0.529241833,1.018616122,88.408592224,17.397872925,0.734417558,0.999998748,-0.001567538,0.000030337,-0.000178182
1421,147.534000000,fused_map_f2f,1,1,0,0.087918185,0.018409182,0.889490517,0.889490517,0.100000000,0.012337432,0.012337432,0.040732439,0.003113164,1.000000000,0.000000000,0.000000000,0.000000000,0.000000000,0.000000000,0.492753623,0.225732854,0.385945315,1.000000000,0.943946188,0.579136691,0.546673872,1.019778258,88.470077515,17.397871017,0.733654082,0.999998808,-0.001535049,0.000099221,-0.000116579
1422,147.630000000,fused_map_f2f,1,1,0,0.087219528,0.033798146,0.892256035,0.892256035,0.100000000,0.012299663,0.012299663,0.040555882,0.003103545,1.000000000,0.000000000,0.000000000,0.000000000,0.000000000,0.000000000,0.514705882,0.283399182,0.422183202,1.000000000,0.942895683,0.556701031,0.524910999,1.018327400,88.538604736,17.398563385,0.733779967,0.999999046,-0.001352149,0.000099423,-0.000104703
1423,147.720000000,fused_map_f2f,1,1,0,0.085846129,0.028144114,0.897692405,0.897692405,0.100000000,0.012226087,0.012226087,0.040376503,0.003084808,1.000000000,0.000000000,0.000000000,0.000000000,0.000000000,0.000000000,0.471428571,0.275434279,0.393030854,1.000000000,0.945069788,0.578947368,0.547145667,1.019809711,88.591751099,17.397922516,0.733960927,0.999998868,-0.001500296,0.000061621,-0.000108397
1424,147.816000000,fused_map_f2f,1,1,0,0.090247152,0.018231293,0.880271690,0.880271690,0.100000000,0.012465027,0.012465027,0.041177423,0.003145665,1.000000000,0.000000000,0.000000000,0.000000000,0.000000000,0.000000000,0.485294118,0.180647077,0.363435301,1.000000000,0.945617978,0.592857143,0.560616372,1.020707758,88.652748108,17.398292542,0.733855784,0.999998868,-0.001485550,0.000063253,-0.000094827
1425,147.935000000,fused_map_f2f,1,1,0,0.091545078,0.020680690,0.875134065,0.875134065,0.100000000,0.012537288,0.012537288,0.041406964,0.003164074,1.000000000,0.000000000,0.000000000,0.000000000,0.000000000,0.000000000,0.477611940,0.141761470,0.343271752,1.000000000,0.944194419,0.592857143,0.559772406,1.020651494,88.742080688,17.397344589,0.733255804,0.999998868,-0.001475308,0.000110095,-0.000134315
1426,148.023000000,fused_map_f2f,1,1,0,0.088960871,0.024303892,0.885363218,0.885363218,0.100000000,0.012394232,0.012394232,0.040914308,0.003127632,1.000000000,0.000000000,0.000000000,0.000000000,0.000000000,0.000000000,0.500000000,0.206214776,0.382485910,1.000000000,0.940777577,0.580985915,0.546578522,1.019771901,88.810928345,17.397846222,0.733591199,0.999998868,-0.001471269,0.000113593,-0.000125000
1427,148.122000000,fused_map_f2f,1,1,0,0.092744751,0.023653904,0.870385362,0.870385362,0.100000000,0.012604828,0.012604828,0.041585670,0.003181282,1.000000000,0.000000000,0.000000000,0.000000000,0.000000000,0.000000000,0.485294118,0.180721779,0.363465182,1.000000000,0.936651584,0.582142857,0.545265029,1.019684335,88.885070801,17.397657394,0.733476281,0.999998689,-0.001595484,0.000116954,-0.000131912
1428,148.219000000,fused_map_f2f,1,1,0,0.090343912,0.018633147,0.879888682,0.879888682,0.100000000,0.012470386,0.012470386,0.041088523,0.003147030,1.000000000,0.000000000,0.000000000,0.000000000,0.000000000,0.000000000,0.442857143,0.148713912,0.325199850,1.000000000,0.938969259,0.553264605,0.519498456,1.017966564,88.959312439,17.397060394,0.733370304,0.999998331,-0.001808587,0.000141202,-0.000175308
1429,148.321000000,fused_map_f2f,1,1,0,0.092016660,0.013277586,0.873267389,0.873267389,0.100000000,0.012563751,0.012563751,0.041415849,0.003170816,1.000000000,0.000000000,0.000000000,0.000000000,0.000000000,0.000000000,0.449275362,0.109031061,0.313177642,1.000000000,0.939900587,0.564459930,0.530536220,1.018702415,89.032478333,17.396888733,0.733366370,0.999998510,-0.001721409,0.000062918,-0.000159043
1430,148.418000000,fused_map_f2f,1,1,0,0.090821769,0.027117649,0.877997165,0.877997165,0.100000000,0.012496916,0.012496916,0.041235574,0.003153788,1.000000000,0.000000000,0.000000000,0.000000000,0.000000000,0.000000000,0.428571429,0.135318521,0.311270266,1.000000000,0.937952899,0.579505300,0.543548676,1.019569912,89.197616577,17.397529602,0.732678354,0.999998868,-0.001497466,0.000091674,-0.000117118
1431,148.536000000,fused_map_f2f,1,1,0,0.091992484,0.040473647,0.873363084,0.873363084,0.100000000,0.012562392,0.012562392,0.041446255,0.003170469,1.000000000,0.000000000,0.000000000,0.000000000,0.000000000,0.000000000,0.464788732,0.186851012,0.353613644,1.000000000,0.932426304,0.583333333,0.543915344,1.019594356,89.279563904,17.397462845,0.733003795,0.999998808,-0.001523097,0.000045805,-0.000077939
1432,148.630000000,fused_map_f2f,1,1,0,0.092748479,0.019703554,0.870370605,0.870370605,0.100000000,0.012605039,0.012605039,0.041575006,0.003181335,1.000000000,0.000000000,0.000000000,0.000000000,0.000000000,0.000000000,0.478260870,0.220900112,0.375316566,1.000000000,0.937359171,0.577060932,0.540913357,1.019394224,89.387840271,17.396249771,0.732783258,0.999998689,-0.001615428,0.000093400,-0.000127590
1433,148.721000000,fused_map_f2f,1,1,0,0.093776670,0.022784618,0.866300682,0.866300682,0.100000000,0.012663508,0.012663508,0.041738662,0.003196234,1.000000000,0.000000000,0.000000000,0.000000000,0.000000000,0.000000000,0.463768116,0.213930161,0.363832934,1.000000000,0.937528293,0.567375887,0.531930947,1.018795396,89.452217102,17.395473480,0.732993901,0.999998510,-0.001726395,0.000045752,-0.000135077
1434,148.820000000,fused_map_f2f,1,1,0,0.096237108,0.039968306,0.856561447,0.856561447,0.100000000,0.012805650,0.012805650,0.042179361,0.003232458,1.000000000,0.000000000,0.000000000,0.000000000,0.000000000,0.000000000,0.492537313,0.212737056,0.380617210,1.000000000,0.933092224,0.564459930,0.526693172,1.018446211,89.540435791,17.396701813,0.732526720,0.999998569,-0.001692122,0.000100100,-0.000104818
1435,148.935000000,fused_map_f2f,1,1,0,0.096536953,0.022219711,0.855374560,0.855374560,0.100000000,0.012823191,0.012823191,0.042237165,0.003236929,1.000000000,0.000000000,0.000000000,0.000000000,0.000000000,0.000000000,0.454545455,0.239953053,0.368708494,1.000000000,0.936789450,0.562937063,0.527353501,1.018490233,89.630485535,17.396839142,0.732559800,0.999998689,-0.001628653,0.000093881,-0.000051989
1436,149.022000000,fused_map_f2f,1,1,0,0.097358243,0.031013765,0.852123622,0.852123622,0.100000000,0.012871483,0.012871483,0.042423032,0.003249238,1.000000000,0.000000000,0.000000000,0.000000000,0.000000000,0.000000000,0.507462687,0.230455165,0.396659678,1.000000000,0.933789954,0.577464789,0.539230819,1.019282055,89.694213867,17.396478653,0.732309103,0.999998331,-0.001805764,0.000100611,-0.000102544
1437,149.123000000,fused_map_f2f,1,1,0,0.096044181,0.016373475,0.857325116,0.857325116,0.100000000,0.012794389,0.012794389,0.042142717,0.003229588,1.000000000,0.000000000,0.000000000,0.000000000,0.000000000,0.000000000,0.470588235,0.205606925,0.364595711,1.000000000,0.937328454,0.561643836,0.526444748,1.018429650,89.779479980,17.396980286,0.733741581,0.999998868,-0.001476237,0.000117003,-0.000058385
1438,149.219000000,fused_map_f2f,1,1,0,0.098698110,0.049454457,0.846819981,0.846819981,0.100000000,0.012951053,0.012951053,0.042658167,0.003269521,1.000000000,0.000000000,0.000000000,0.000000000,0.000000000,0.000000000,0.523076923,0.241077368,0.410277101,1.000000000,0.933575978,0.569892473,0.532037923,1.018802528,89.847854614,17.396974564,0.733610272,0.999998987,-0.001426307,0.000107318,-0.000075944
1439,149.335000000,fused_map_f2f,1,1,0,0.100276593,0.033843525,0.840571820,0.840571820,0.100000000,0.013046065,0.013046065,0.042889111,0.003293744,1.000000000,0.000000000,0.000000000,0.000000000,0.000000000,0.000000000,0.507462687,0.242044120,0.401295260,1.000000000,0.936645397,0.539249147,0.505085231,1.017005682,89.949745178,17.396770477,0.732391536,0.999998868,-0.001495901,0.000117166,-0.000062580
1440,149.434000000,fused_map_f2f,1,1,0,0.099313211,0.026319733,0.844385207,0.844385207,0.100000000,0.012987912,0.012987912,0.042716031,0.003278918,1.000000000,0.000000000,0.000000000,0.000000000,0.000000000,0.000000000,0.492753623,0.264486097,0.401446613,1.000000000,0.934433746,0.545454545,0.509691134,1.017312742,90.024711609,17.396539688,0.732606292,0.999999046,-0.001370614,0.000138630,-0.000060444
1441,149.523000000,fused_map_f2f,1,1,0,0.100446906,0.024032575,0.839897666,0.839897666,0.100000000,0.013056400,0.013056400,0.042940385,0.003296379,1.000000000,0.000000000,0.000000000,0.000000000,0.000000000,0.000000000,0.546875000,0.254438442,0.429900377,1.000000000,0.934613626,0.547703180,0.511890855,1.017459390,90.226829529,17.395002365,0.732540250,0.999998689,-0.001609861,0.000115024,-0.000081515
1442,149.613000000,fused_map_f2f,1,1,0,0.101373672,0.031518111,0.836229215,0.836229215,0.100000000,0.013112926,0.013112926,0.043146128,0.003310792,1.000000000,0.000000000,0.000000000,0.000000000,0.000000000,0.000000000,0.485294118,0.233999396,0.384776229,1.000000000,0.934313275,0.557971014,0.521319726,1.018087982,90.286102295,17.395233154,0.732657969,0.999998748,-0.001561171,0.000098616,-0.000115934
1443,149.734000000,fused_map_f2f,1,1,0,0.100318931,0.019850013,0.840404231,0.840404231,0.100000000,0.013048633,0.013048633,0.042878980,0.003294399,1.000000000,0.000000000,0.000000000,0.000000000,0.000000000,0.000000000,0.538461538,0.231133756,0.415530425,1.000000000,0.935082873,0.532871972,0.498279455,1.016551964,90.395835876,17.394586563,0.732348323,0.999998629,-0.001646178,0.000086236,-0.000078111
1444,149.816000000,fused_map_f2f,1,1,0,0.101692835,0.033685977,0.834965860,0.834965860,0.100000000,0.013132506,0.013132506,0.043217207,0.003315785,1.000000000,0.000000000,0.000000000,0.000000000,0.000000000,0.000000000,0.507042254,0.222469833,0.393213285,1.000000000,0.933548685,0.561837456,0.524502618,1.018300175,90.452033997,17.395797729,0.732567787,0.999998808,-0.001543388,0.000089023,-0.000064219
1445,149.933000000,fused_map_f2f,1,1,0,0.101924400,0.013474179,0.834049252,0.834049252,0.100000000,0.013146749,0.013146749,0.043286962,0.003319417,1.000000000,0.000000000,0.000000000,0.000000000,0.000000000,0.000000000,0.500000000,0.179064534,0.371625814,1.000000000,0.934411085,0.570921986,0.533475832,1.018898389,90.549606323,17.395248413,0.732132316,0.999998868,-0.001483267,0.000099922,-0.000062552
1446,150.029000000,fused_map_f2f,1,1,0,0.103328100,0.020689602,0.828492937,0.828492937,0.100000000,0.013233751,0.013233751,0.043559500,0.003341604,1.000000000,0.000000000,0.000000000,0.000000000,0.000000000,0.000000000,0.514705882,0.242266663,0.405730195,1.000000000,0.936778957,0.567474048,0.531597747,1.018773183,90.611938477,17.394765854,0.731877744,0.999998629,-0.001656819,0.000066550,-0.000065622
1447,150.116000000,fused_map_f2f,1,1,0,0.104993581,0.018171531,0.821900410,0.821900410,0.100000000,0.013338484,0.013338484,0.043851479,0.003368317,1.000000000,0.000000000,0.000000000,0.000000000,0.000000000,0.000000000,0.521739130,0.237682643,0.408116535,1.000000000,0.934963100,0.552188552,0.516275920,1.017751728,90.670051575,17.395919800,0.731762052,0.999998987,-0.001418644,0.000092719,-0.000047765
1448,150.213000000,fused_map_f2f,1,1,0,0.104197992,0.018396453,0.825049616,0.825049616,0.100000000,0.013288248,0.013288248,0.043757690,0.003355504,1.000000000,0.000000000,0.000000000,0.000000000,0.000000000,0.000000000,0.500000000,0.155028968,0.362011587,1.000000000,0.936632747,0.577060932,0.540494166,1.019366278,90.766319275,17.396701813,0.732211232,0.999999106,-0.001322210,0.000086944,-0.000044977
1449,150.322000000,fused_map_f2f,1,1,0,0.104112420,0.020265196,0.825388338,0.825388338,0.100000000,0.013282867,0.013282867,0.043690914,0.003354131,1.000000000,0.000000000,0.000000000,0.000000000,0.000000000,0.000000000,0.514705882,0.236535456,0.403437712,1.000000000,0.936308694,0.557894737,0.522361692,1.018157446,90.837615967,17.397146225,0.732309520,0.999999285,-0.001177261,0.000099708,-0.000033871
1450,150.420000000,fused_map_f2f,1,1,0,0.109882959,0.031627026,0.802546621,0.802546621,0.100000000,0.013655756,0.013655756,0.044889602,0.003449266,1.000000000,0.000000000,0.000000000,0.000000000,0.000000000,0.000000000,0.514705882,0.273229207,0.418115212,1.000000000,0.935228332,0.562724014,0.526275441,1.018418363,90.902206421,17.396377563,0.732662141,0.999999225,-0.001244083,0.000078352,-0.000018149
1451,150.517000000,fused_map_f2f,1,1,0,0.105738701,0.027710024,0.818950974,0.818950974,0.100000000,0.013385880,0.013385880,0.043980166,0.003380407,1.000000000,0.000000000,0.000000000,0.000000000,0.000000000,0.000000000,0.538461538,0.235341835,0.417213657,1.000000000,0.936655799,0.542553191,0.508185593,1.017212373,90.992065430,17.396104813,0.732667327,0.999999285,-0.001192535,0.000082130,-0.000041272
1452,150.637000000,fused_map_f2f,1,1,0,0.107325012,0.031724240,0.812671828,0.812671828,0.100000000,0.013487911,0.013487911,0.044330087,0.003406437,1.000000000,0.000000000,0.000000000,0.000000000,0.000000000,0.000000000,0.542857143,0.262463401,0.430699646,1.000000000,0.940459447,0.550000000,0.517252696,1.017816846,91.070426941,17.396808624,0.732513607,0.999999404,-0.001078256,0.000086095,-0.000034025
1453,150.732000000,fused_map_f2f,1,1,0,0.106884969,0.018782168,0.814413663,0.814413663,0.100000000,0.013459452,0.013459452,0.044271706,0.003399176,1.000000000,0.000000000,0.000000000,0.000000000,0.000000000,0.000000000,0.500000000,0.251434360,0.400573744,1.000000000,0.938785047,0.563380282,0.528892984,1.018592866,91.137718201,17.396318436,0.732012630,0.999999404,-0.001065505,0.000079298,-0.000047797
1454,150.829000000,fused_map_f2f,1,1,0,0.105864404,0.015993620,0.818453400,0.818453400,0.100000000,0.013393908,0.013393908,0.044113359,0.003382455,1.000000000,0.000000000,0.000000000,0.000000000,0.000000000,0.000000000,0.522388060,0.172262936,0.382338010,1.000000000,0.939578454,0.582417582,0.547227012,1.019815134,91.203056335,17.396463394,0.732150078,0.999999583,-0.000904373,0.000022120,-0.000036312
1455,150.933000000,fused_map_f2f,1,1,0,0.106677046,0.016170547,0.815236694,0.815236694,0.100000000,0.013446047,0.013446047,0.044301770,0.003395756,1.000000000,0.000000000,0.000000000,0.000000000,0.000000000,0.000000000,0.523076923,0.192017323,0.390653083,1.000000000,0.938468765,0.591603053,0.555200987,1.020346732,91.261878967,17.396429062,0.731984019,0.999999404,-0.001069800,0.000083164,-0.000058743
1456,151.015000000,fused_map_f2f,1,1,0,0.104982357,0.029647241,0.821944837,0.821944837,0.100000000,0.013337773,0.013337773,0.043826559,0.003368136,1.000000000,0.000000000,0.000000000,0.000000000,0.000000000,0.000000000,0.578125000,0.298480400,0.466267160,1.000000000,0.936881771,0.542253521,0.508027439,1.017201829,91.381340027,17.396797180,0.731664956,0.999999344,-0.001125581,0.000082867,-0.000042799
1457,151.115000000,fused_map_f2f,1,1,0,0.107235370,0.017502861,0.813026662,0.813026662,0.100000000,0.013482104,0.013482104,0.044324524,0.003404955,1.000000000,0.000000000,0.000000000,0.000000000,0.000000000,0.000000000,0.507246377,0.208089132,0.387583479,1.000000000,0.938765897,0.555956679,0.521913170,1.018127545,91.443817139,17.396800995,0.732028842,0.999999464,-0.001020421,0.000069007,-0.000039844
1458,151.214000000,fused_map_f2f,1,1,0,0.103378107,0.012746669,0.828294993,0.828294993,0.100000000,0.013236872,0.013236872,0.043562386,0.003342400,1.000000000,0.000000000,0.000000000,0.000000000,0.000000000,0.000000000,0.560606061,0.260403748,0.440525135,1.000000000,0.939322672,0.563176895,0.529004826,1.018600322,91.552223206,17.396724701,0.731583774,0.999999702,-0.000795649,0.000058540,-0.000056870
1459,151.333000000,fused_map_f2f,1,1,0,0.104467687,0.026587334,0.823982072,0.823982072,0.100000000,0.013305235,0.013305235,0.043786734,0.003359836,1.000000000,0.000000000,0.000000000,0.000000000,0.000000000,0.000000000,0.597014925,1.000000000,0.758208955,1.000000000,0.940009447,0.565217391,0.531309688,1.018753979,91.648811340,17.396793365,0.732223988,0.999999464,-0.001013720,0.000062075,-0.000046406
1460,151.424000000,fused_map_f2f,1,1,0,0.103260561,0.028555679,0.828760278,0.828760278,0.100000000,0.013229539,0.013229539,0.043533055,0.003340530,1.000000000,0.000000000,0.000000000,0.000000000,0.000000000,0.000000000,0.537313433,0.233602836,0.415829194,1.000000000,0.940284360,0.560283688,0.526825989,1.018455066,91.754241943,17.396883011,0.732098758,0.999999702,-0.000796977,0.000061857,-0.000053564
1461,151.518000000,fused_map_f2f,1,1,0,0.104411525,0.039512281,0.824204379,0.824204379,0.100000000,0.013301694,0.013301694,0.043764615,0.003358933,1.000000000,0.000000000,0.000000000,0.000000000,0.000000000,0.000000000,0.537313433,0.201404740,0.402949956,1.000000000,0.938629876,0.561837456,0.527357422,1.018490495,91.814865112,17.396869659,0.732404411,0.999999583,-0.000916438,0.000049148,-0.000048482
1462,151.613000000,fused_map_f2f,1,1,0,0.102735751,0.020916214,0.830837653,0.830837653,0.100000000,0.013196897,0.013196897,0.043441611,0.003332205,1.000000000,0.000000000,0.000000000,0.000000000,0.000000000,0.000000000,0.562500000,0.324828780,0.467431512,1.000000000,0.938512869,0.566308244,0.531487575,1.018765838,91.874282837,17.396867752,0.731629848,0.999999583,-0.000899536,0.000080879,-0.000058484
1463,151.730000000,fused_map_f2f,1,1,0,0.102182632,0.019279001,0.833027082,0.833027082,0.100000000,0.013162668,0.013162668,0.043282843,0.003323476,1.000000000,0.000000000,0.000000000,0.000000000,0.000000000,0.000000000,0.485294118,0.260070514,0.395204676,1.000000000,0.937052933,0.547703180,0.513226871,1.017548458,91.965293884,17.397254944,0.731900394,0.999999523,-0.000954628,0.000035179,-0.000030252
1464,151.818000000,fused_map_f2f,1,1,0,0.102045942,0.014856182,0.833568145,0.833568145,0.100000000,0.013154237,0.013154237,0.043312763,0.003321326,1.000000000,0.000000000,0.000000000,0.000000000,0.000000000,0.000000000,0.514285714,0.290484964,0.424765414,1.000000000,0.940839695,0.567765568,0.534176383,1.018945092,92.014587402,17.398134232,0.731823444,0.999999821,-0.000587091,0.000070711,0.000003919
1465,151.920000000,fused_map_f2f,1,1,0,0.105330644,0.048084699,0.820566201,0.820566201,0.100000000,0.013359882,0.013359882,0.043925853,0.003373776,1.000000000,0.000000000,0.000000000,0.000000000,0.000000000,0.000000000,0.558823529,0.211279322,0.419805846,1.000000000,0.940669856,0.551236749,0.518531794,1.017902120,92.078628540,17.397443771,0.731905401,0.999999762,-0.000687920,0.000054362,-0.000026536
1466,152.015000000,fused_map_f2f,1,1,0,0.102991792,0.032194703,0.829824156,0.829824156,0.100000000,0.013212802,0.013212802,0.043413080,0.003336262,1.000000000,0.000000000,0.000000000,0.000000000,0.000000000,0.000000000,0.529411765,0.184429005,0.391418661,1.000000000,0.941938580,0.533333333,0.502367242,1.016824483,92.155822754,17.396415710,0.731085777,0.999999642,-0.000857479,0.000056505,-0.000045551
1467,152.129000000,fused_map_f2f,1,1,0,0.104095171,0.017164907,0.825456613,0.825456613,0.100000000,0.013281783,0.013281783,0.043657888,0.003353855,1.000000000,0.000000000,0.000000000,0.000000000,0.000000000,0.000000000,0.544117647,0.236371523,0.421019198,1.000000000,0.941798942,0.543165468,0.511552663,1.017436844,92.230789185,17.396142960,0.731342316,0.999999583,-0.000905543,0.000001708,-0.000019520
1468,152.222000000,fused_map_f2f,1,1,0,0.105620081,0.027591271,0.819420512,0.819420512,0.100000000,0.013378312,0.013378312,0.043902173,0.003378477,1.000000000,0.000000000,0.000000000,0.000000000,0.000000000,0.000000000,0.573529412,0.293131202,0.461370128,1.000000000,0.944658325,0.517241379,0.488616375,1.015907758,92.297378540,17.396711349,0.730929077,0.999999642,-0.000809347,0.000047737,-0.000064793
1469,152.321000000,fused_map_f2f,1,1,0,0.103288005,0.022777852,0.828651647,0.828651647,0.100000000,0.013231250,0.013231250,0.043430156,0.003340966,1.000000000,0.000000000,0.000000000,0.000000000,0.000000000,0.000000000,0.530303030,0.235949674,0.412561688,1.000000000,0.938439166,0.519031142,0.487079152,1.015805277,92.378303528,17.397455215,0.731733322,0.999999642,-0.000820221,0.000054145,-0.000046825
1470,152.433000000,fused_map_f2f,1,1,0,0.106034682,0.021654567,0.817779385,0.817779385,0.100000000,0.013404800,0.013404800,0.044034635,0.003385234,1.000000000,0.000000000,0.000000000,0.000000000,0.000000000,0.000000000,0.536231884,0.239853917,0.417680697,1.000000000,0.939893359,0.538461538,0.506096424,1.017073095,92.463539124,17.397701263,0.731162667,0.999999762,-0.000711808,0.000059668,-0.000036989
1471,152.529000000,fused_map_f2f,1,1,0,0.103740952,0.022733027,0.826858731,0.826858731,0.100000000,0.013259560,0.013259560,0.043585647,0.003348187,1.000000000,0.000000000,0.000000000,0.000000000,0.000000000,0.000000000,0.562500000,0.279348188,0.449239275,1.000000000,0.939629990,0.543859649,0.511026837,1.017401789,92.539283752,17.398162842,0.731671214,0.999999762,-0.000646677,0.000056422,-0.000013231
1472,152.620000000,fused_map_f2f,1,1,0,0.102584915,0.037263637,0.831434710,0.831434710,0.100000000,0.013187545,0.013187545,0.043373301,0.003329820,1.000000000,0.000000000,0.000000000,0.000000000,0.000000000,0.000000000,0.584615385,0.299739126,0.470664881,1.000000000,0.940603700,0.550000000,0.517332035,1.017822136,92.628639221,17.397687912,0.731812477,0.999999642,-0.000801153,0.000060631,0.000007018
1473,152.731000000,fused_map_f2f,1,1,0,0.105908449,0.019129465,0.818279054,0.818279054,0.100000000,0.013396724,0.013396724,0.044043055,0.003383174,1.000000000,0.000000000,0.000000000,0.000000000,0.000000000,0.000000000,0.560606061,0.202396475,0.417322226,1.000000000,0.941434846,0.550724638,0.518471365,1.017898091,92.777030945,17.398033142,0.732371271,0.999999821,-0.000589364,0.000068577,-0.000017573
1474,152.833000000,fused_map_f2f,1,1,0,0.106963693,0.033734322,0.814102047,0.814102047,0.100000000,0.013464535,0.013464535,0.044169957,0.003400473,1.000000000,0.000000000,0.000000000,0.000000000,0.000000000,0.000000000,0.560606061,0.266711268,0.443048144,1.000000000,0.940860215,0.516891892,0.486323017,1.015754868,92.854217529,17.397729874,0.731777430,0.999999821,-0.000620223,0.000065769,-0.000019964
1475,152.921000000,fused_map_f2f,1,1,0,0.106185908,0.017326837,0.817180781,0.817180781,0.100000000,0.013414487,0.013414487,0.044080256,0.003387705,1.000000000,0.000000000,0.000000000,0.000000000,0.000000000,0.000000000,0.538461538,0.243986767,0.420671630,1.000000000,0.942675159,0.542553191,0.511451416,1.017430094,92.956687927,17.398490906,0.731928766,0.999999881,-0.000471007,0.000064316,0.000003187
1476,153.018000000,fused_map_f2f,1,1,0,0.105642834,0.024375080,0.819330447,0.819330447,0.100000000,0.013379763,0.013379763,0.043925073,0.003378847,1.000000000,0.000000000,0.000000000,0.000000000,0.000000000,0.000000000,0.514705882,0.309593743,0.432661027,1.000000000,0.942270059,0.525597270,0.495254570,1.016350305,93.028251648,17.398424149,0.732348084,0.999999821,-0.000542017,0.000052279,-0.000000811
1477,153.115000000,fused_map_f2f,1,1,0,0.109487543,0.024960175,0.804111807,0.804111807,0.100000000,0.013629537,0.013629537,0.044774078,0.003442575,1.000000000,0.000000000,0.000000000,0.000000000,0.000000000,0.000000000,0.584615385,0.430966852,0.523155972,1.000000000,0.943304008,0.545774648,0.514831413,1.017655428,93.094787598,17.398515701,0.732179403,0.999999940,-0.000376450,0.000068588,-0.000009834
1478,153.222000000,fused_map_f2f,1,1,0,0.107028718,0.038363138,0.813844658,0.813844658,0.100000000,0.013468736,0.013468736,0.044259224,0.003401545,1.000000000,0.000000000,0.000000000,0.000000000,0.000000000,0.000000000,0.492753623,0.243381615,0.393004820,1.000000000,0.941809291,0.545454545,0.513714159,1.017580944,93.169090271,17.399621964,0.732875943,0.999999940,-0.000358934,0.000057585,0.000005141
1479,153.316000000,fused_map_f2f,1,1,0,0.107240001,0.030024121,0.813008330,0.813008330,0.100000000,0.013482404,0.013482404,0.044369051,0.003405032,1.000000000,0.000000000,0.000000000,0.000000000,0.000000000,0.000000000,0.552238806,0.326307832,0.461866416,1.000000000,0.944199706,0.569395018,0.537622609,1.019174841,93.229728699,17.400588989,0.732492507,1.000000000,-0.000141361,0.000060398,0.000008862
1480,153.439000000,fused_map_f2f,1,1,0,0.108216559,0.026094641,0.809142787,0.809142787,0.100000000,0.013545941,0.013545941,0.044539392,0.003421243,1.000000000,0.000000000,0.000000000,0.000000000,0.000000000,0.000000000,0.500000000,0.249824934,0.399929974,1.000000000,0.946928747,0.555555556,0.526071526,1.018404768,93.320442200,17.401281357,0.732660294,1.000000000,-0.000194633,0.000080264,0.000000450
1481,153.513000000,fused_map_f2f,1,1,0,0.106894523,0.034569921,0.814375845,0.814375845,0.100000000,0.013460069,0.013460069,0.044214593,0.003399334,1.000000000,0.000000000,0.000000000,0.000000000,0.000000000,0.000000000,0.500000000,0.341412704,0.436565082,1.000000000,0.946798030,0.536082474,0.507561830,1.017170789,93.373725891,17.401245117,0.732352555,1.000000000,-0.000075823,0.000078372,0.000004824
1482,153.624000000,fused_map_f2f,1,1,0,0.109391709,0.016766287,0.804491151,0.804491151,0.100000000,0.013623198,0.013623198,0.044765184,0.003440957,1.000000000,0.000000000,0.000000000,0.000000000,0.000000000,0.000000000,0.553846154,0.312407998,0.457270891,1.000000000,0.947911548,0.547368421,0.518856847,1.017923790,93.445472717,17.401926041,0.732449889,1.000000000,-0.000119752,0.000075530,0.000017217
1483,153.716000000,fused_map_f2f,1,1,0,0.109546322,0.068536839,0.803879141,0.803879141,0.096620835,0.013178804,0.013178804,0.043356674,0.003327591,1.000000000,0.000000000,0.000000000,0.000000000,0.000000000,0.000000000,0.538461538,0.248456449,0.422459503,1.000000000,0.948743223,0.549645390,0.521472339,1.018098156,93.509902954,17.401840210,0.732154250,1.000000000,-0.000061998,0.000087884,0.000015136
1484,153.817000000,fused_map_f2f,1,1,0,0.109214599,0.020809140,0.805192214,0.805192214,0.100000000,0.013611498,0.013611498,0.044815578,0.003437971,1.000000000,0.000000000,0.000000000,0.000000000,0.000000000,0.000000000,0.538461538,0.238747340,0.418575859,1.000000000,0.947134387,0.580882353,0.550173651,1.020011577,93.570228577,17.401929855,0.732581258,1.000000000,-0.000117063,0.000087495,-0.000003025
1485,153.914000000,fused_map_f2f,1,1,0,0.109560610,0.025108981,0.803822586,0.803822586,0.100000000,0.013634374,0.013634374,0.044839868,0.003443809,1.000000000,0.000000000,0.000000000,0.000000000,0.000000000,0.000000000,0.552238806,0.243877633,0.428894337,1.000000000,0.946850394,0.562724014,0.532815455,1.018854364,93.627395630,17.402025223,0.731942415,1.000000000,-0.000121507,0.000079320,-0.000015721
1486,154.032000000,fused_map_f2f,1,1,0,0.111841060,0.023925280,0.794795802,0.794795802,0.100000000,0.013787090,0.013787090,0.045284901,0.003482786,1.000000000,0.000000000,0.000000000,0.000000000,0.000000000,0.000000000,0.606557377,0.363203410,0.509215790,1.000000000,0.949629630,0.545774648,0.518283777,1.017885585,93.723495483,17.401624680,0.732267559,1.000000000,-0.000190145,0.000026233,-0.000009405
1487,154.132000000,fused_map_f2f,1,1,0,0.110289941,0.020806009,0.800935648,0.800935648,0.100000000,0.013682846,0.013682846,0.044907970,0.003456179,1.000000000,0.000000000,0.000000000,0.000000000,0.000000000,0.000000000,0.571428571,0.270126628,0.450907794,1.000000000,0.949211045,0.529010239,0.502142362,1.016809491,93.799674988,17.402187347,0.731954753,1.000000000,-0.000144694,0.000058468,0.000035128
1488,154.221000000,fused_map_f2f,1,1,0,0.112342624,0.015154974,0.792810445,0.792810445,0.100000000,0.013821138,0.013821138,0.045346434,0.003491477,1.000000000,0.000000000,0.000000000,0.000000000,0.000000000,0.000000000,0.562500000,0.307704771,0.460581908,1.000000000,0.951842752,0.527210884,0.501821859,1.016788124,93.830673218,17.401540756,0.732549965,0.999999940,-0.000259752,0.000086501,0.000027438
1489,154.313000000,fused_map_f2f,1,1,0,0.113466468,0.040951095,0.788361898,0.788361898,0.100000000,0.013898044,0.013898044,0.045555258,0.003511109,1.000000000,0.000000000,0.000000000,0.000000000,0.000000000,0.000000000,0.560606061,0.450794386,0.516681391,1.000000000,0.950417280,0.514950166,0.489417536,1.015961169,93.905906677,17.402046204,0.732851505,1.000000000,-0.000015440,0.000123117,0.000015685
1490,154.415000000,fused_map_f2f,1,1,0,0.112509420,0.019729829,0.792150214,0.792150214,0.100000000,0.013832499,0.013832499,0.045405616,0.003494377,1.000000000,0.000000000,0.000000000,0.000000000,0.000000000,0.000000000,0.546875000,0.379214231,0.479810692,1.000000000,0.951700345,0.535836177,0.509955475,1.017330365,93.966293335,17.401277542,0.732050896,1.000000000,-0.000177730,0.000086672,0.000033249
1491,154.525000000,fused_map_f2f,1,1,0,0.113594539,0.032470070,0.787854948,0.787854948,0.100000000,0.013906862,0.013906862,0.045621121,0.003513360,1.000000000,0.000000000,0.000000000,0.000000000,0.000000000,0.000000000,0.560606061,1.000000000,0.736363636,1.000000000,0.956415279,0.525597270,0.502689259,1.016845951,94.014633179,17.400220871,0.732306957,0.999999940,-0.000316480,0.000081164,0.000027867
1492,154.617000000,fused_map_f2f,1,1,0,0.111332694,0.017790443,0.796808087,0.796808087,0.100000000,0.013752750,0.013752750,0.045131928,0.003474021,1.000000000,0.000000000,0.000000000,0.000000000,0.000000000,0.000000000,0.537313433,0.253577618,0.423819107,1.000000000,0.950787402,0.528813559,0.502789270,1.016852618,94.020065308,17.401309967,0.732543886,1.000000000,-0.000185081,0.000076709,0.000035140
1493,154.732000000,fused_map_f2f,1,1,0,0.110873374,0.027066668,0.798626226,0.798626226,0.100000000,0.013721871,0.013721871,0.045022225,0.003466139,1.000000000,0.000000000,0.000000000,0.000000000,0.000000000,0.000000000,0.507246377,0.323278781,0.433659339,1.000000000,0.952027695,0.523809524,0.498681174,1.016578745,94.131881714,17.402080536,0.732958913,1.000000000,0.000120872,0.000045995,0.000047158
1494,154.832000000,fused_map_f2f,1,1,0,0.111447573,0.027209790,0.796353358,0.796353358,0.100000000,0.013760495,0.013760495,0.045199184,0.003475997,1.000000000,0.000000000,0.000000000,0.000000000,0.000000000,0.000000000,0.537313433,0.404568334,0.484215393,1.000000000,0.954835542,0.542372881,0.517876904,1.017858460,94.165657043,17.401559830,0.731869638,0.999999940,-0.000286891,0.000080653,0.000017497
1495,154.930000000,fused_map_f2f,1,1,0,0.111088311,0.022376854,0.797775436,0.797775436,0.100000000,0.013736304,0.013736304,0.045173594,0.003469823,1.000000000,0.000000000,0.000000000,0.000000000,0.000000000,0.000000000,0.500000000,0.247939050,0.399175620,1.000000000,0.957037037,0.560137457,0.536072292,1.019071486,94.206153870,17.401592255,0.731950402,0.999999940,-0.000299964,0.000067179,-0.000023302
1496,155.026000000,fused_map_f2f,1,1,0,0.110888414,0.031254443,0.798566696,0.798566696,0.100000000,0.013722880,0.013722880,0.045112756,0.003466397,1.000000000,0.000000000,0.000000000,0.000000000,0.000000000,0.000000000,0.537313433,0.259346751,0.426126760,1.000000000,0.952075099,0.556313993,0.529652700,1.018643513,94.295013428,17.402009964,0.731510937,0.999999940,-0.000220783,0.000057951,-0.000062808
1497,155.129000000,fused_map_f2f,1,1,0,0.111246494,0.026233348,0.797149295,0.797149295,0.100000000,0.013746945,0.013746945,0.045218595,0.003472539,1.000000000,0.000000000,0.000000000,0.000000000,0.000000000,0.000000000,0.500000000,0.252526408,0.401010563,1.000000000,0.951604938,0.567474048,0.540011107,1.019334074,94.399116516,17.402070999,0.731821775,1.000000000,0.000020717,-0.000007739,-0.000058737
1498,155.222000000,fused_map_f2f,1,1,0,0.112571772,0.041807407,0.791903402,0.791903402,0.100000000,0.013836750,0.013836750,0.045539004,0.003495462,1.000000000,0.000000000,0.000000000,0.000000000,0.000000000,0.000000000,0.603174603,1.000000000,0.761904762,1.000000000,0.955260570,0.578014184,0.552154159,1.020143611,94.520195007,17.402870178,0.731668711,0.999999940,-0.000299909,0.000058657,-0.000085130
1499,155.318000000,fused_map_f2f,1,1,0,0.112975298,0.025635195,0.790306112,0.790306112,0.100000000,0.013864328,0.013864328,0.045613108,0.003502502,1.000000000,0.000000000,0.000000000,0.000000000,0.000000000,0.000000000,0.578125000,1.000000000,0.746875000,1.000000000,0.953626048,0.573943662,0.547327626,1.019821842,94.623863220,17.401657104,0.731744468,0.999999762,-0.000653480,-0.000015763,-0.000133833
1500,155.419000000,fused_map_f2f,1,1,0,0.115368843,0.025610113,0.780831665,0.780831665,0.100000000,0.014030194,0.014030194,0.046134429,0.003544850,1.000000000,0.000000000,0.000000000,0.000000000,0.000000000,0.000000000,0.539682540,0.361118252,0.468256825,1.000000000,0.955489614,0.570422535,0.545032808,1.019668854,94.737800598,17.402647018,0.731887043,0.999999881,-0.000375008,0.000067792,-0.000112245
1501,155.516000000,fused_map_f2f,1,1,0,0.114889194,0.024106900,0.782730274,0.782730274,0.100000000,0.013996639,0.013996639,0.046047117,0.003536282,1.000000000,0.000000000,0.000000000,0.000000000,0.000000000,0.000000000,0.578125000,0.356429605,0.489446842,1.000000000,0.954657467,0.578014184,0.551805557,1.020120370,94.850204468,17.401954651,0.731878042,0.999999940,-0.000315223,0.000062493,-0.000110661
1502,155.629000000,fused_map_f2f,1,1,0,0.116341395,0.030602029,0.776981976,0.776981976,0.100000000,0.014098729,0.014098729,0.046378057,0.003562351,1.000000000,0.000000000,0.000000000,0.000000000,0.000000000,0.000000000,0.538461538,0.263137391,0.428331879,1.000000000,0.957656327,0.578397213,0.553905750,1.020260383,94.994300842,17.402763367,0.731909811,0.999999881,-0.000476050,0.000057315,-0.000096025
1503,155.724000000,fused_map_f2f,1,1,0,0.119832216,0.048816097,0.763164143,0.763164143,0.100000000,0.014350337,0.014350337,0.047175870,0.003626617,1.000000000,0.000000000,0.000000000,0.000000000,0.000000000,0.000000000,0.625000000,0.286022885,0.489409154,1.000000000,0.957206099,0.577854671,0.553126016,1.020208401,95.172874451,17.402050018,0.732249141,0.999999940,-0.000324070,0.000061155,-0.000102019
1504,155.820000000,fused_map_f2f,1,1,0,0.121398061,0.019328798,0.756966009,0.756966009,0.100000000,0.014466140,0.014466140,0.047549669,0.003656203,1.000000000,0.000000000,0.000000000,0.000000000,0.000000000,0.000000000,0.578125000,0.449752054,0.526775821,1.000000000,0.959744723,0.578397213,0.555113672,1.020340911,95.269104004,17.401782990,0.732529461,0.999999940,-0.000131574,0.000026748,-0.000228479
1505,155.920000000,fused_map_f2f,1,1,0,0.119868261,0.020701752,0.763021468,0.763021468,0.100000000,0.014352982,0.014352982,0.047140244,0.003627292,1.000000000,0.000000000,0.000000000,0.000000000,0.000000000,0.000000000,0.600000000,1.000000000,0.760000000,1.000000000,0.960726559,0.560137457,0.538138931,1.019209262,95.376174927,17.402072906,0.732200265,0.999999940,-0.000270505,0.000052706,-0.000138855
1506,156.014000000,fused_map_f2f,1,1,0,0.122700784,0.023673477,0.751809395,0.751809395,0.100000000,0.014563917,0.014563917,0.047841183,0.003681189,1.000000000,0.000000000,0.000000000,0.000000000,0.000000000,0.000000000,0.603174603,1.000000000,0.761904762,1.000000000,0.956926089,0.573426573,0.548726848,1.019915123,95.470954895,17.401983261,0.732217252,0.999999940,-0.000079368,0.000095731,-0.000105558
1507,156.122000000,fused_map_f2f,1,1,0,0.125375490,0.031277654,0.741222019,0.741222019,0.100000000,0.014768871,0.014768871,0.048511474,0.003733573,1.000000000,0.000000000,0.000000000,0.000000000,0.000000000,0.000000000,0.571428571,0.361859679,0.487601014,1.000000000,0.960213489,0.578397213,0.555384805,1.020358987,95.628211975,17.401170731,0.731513023,0.999999821,-0.000600802,0.000047398,-0.000085611
1508,156.222000000,fused_map_f2f,1,1,0,0.125724672,0.020723834,0.739839840,0.739839840,0.100000000,0.014796054,0.014796054,0.048503446,0.003740522,1.000000000,0.000000000,0.000000000,0.000000000,0.000000000,0.000000000,0.538461538,0.296983489,0.441870319,1.000000000,0.959361393,0.546391753,0.524187153,1.018279144,95.777839661,17.400819778,0.731376529,0.999999821,-0.000600755,0.000059606,-0.000049599
1509,156.316000000,fused_map_f2f,1,1,0,0.127467403,0.020305591,0.732941530,0.732941530,0.100000000,0.014933233,0.014933233,0.048937997,0.003775595,1.000000000,0.000000000,0.000000000,0.000000000,0.000000000,0.000000000,0.562500000,0.331838543,0.470235417,1.000000000,0.961798839,0.545138889,0.524313951,1.018287597,95.879806519,17.400568008,0.730994999,0.999999821,-0.000590989,0.000075266,-0.000047407
1510,156.418000000,fused_map_f2f,1,1,0,0.125760292,0.023884055,0.739698843,0.739698843,0.100000000,0.014798833,0.014798833,0.048478267,0.003741233,1.000000000,0.000000000,0.000000000,0.000000000,0.000000000,0.000000000,0.538461538,0.425754722,0.493378812,1.000000000,0.962190984,0.533101045,0.512945019,1.017529668,96.010116577,17.400653839,0.731275320,0.999999762,-0.000716305,0.000060506,-0.000029109
1511,156.530000000,fused_map_f2f,1,1,0,0.124739226,0.025046050,0.743740562,0.743740562,0.100000000,0.014719595,0.014719595,0.048176798,0.003720977,1.000000000,0.000000000,0.000000000,0.000000000,0.000000000,0.000000000,0.587301587,0.492706592,0.549463589,1.000000000,0.962391514,0.515463918,0.496078100,1.016405207,96.169708252,17.401403427,0.731687546,0.999999881,-0.000509917,0.000057824,-0.000011874
1512,156.621000000,fused_map_f2f,1,1,0,0.125952524,0.040429118,0.738937925,0.738937925,0.100000000,0.014813846,0.014813846,0.048476356,0.003745071,1.000000000,0.000000000,0.000000000,0.000000000,0.000000000,0.000000000,0.537313433,0.219466549,0.410174679,1.000000000,0.962819894,0.515789474,0.496612366,1.016440824,96.268486023,17.400989532,0.731826663,0.999999881,-0.000415993,-0.000003558,-0.000019046
1513,156.725000000,fused_map_f2f,1,1,0,0.123820710,0.023222164,0.747376356,0.747376356,0.100000000,0.014649037,0.014649037,0.047956241,0.003702943,1.000000000,0.000000000,0.000000000,0.000000000,0.000000000,0.000000000,0.590163934,0.407426657,0.517069023,1.000000000,0.960963855,0.517123288,0.496936788,1.016462453,96.385002136,17.400405884,0.731819510,0.999999821,-0.000571283,0.000058880,-0.000050379
1514,156.816000000,fused_map_f2f,1,1,0,0.125275837,0.027236271,0.741616478,0.741616478,0.100000000,0.014761132,0.014761132,0.048361872,0.003731595,1.000000000,0.000000000,0.000000000,0.000000000,0.000000000,0.000000000,0.578125000,1.000000000,0.746875000,1.000000000,0.960633701,0.534965035,0.513905442,1.017593696,96.470169067,17.400178909,0.732119203,0.999999821,-0.000526073,0.000094563,0.000024305
1515,156.929000000,fused_map_f2f,1,1,0,0.123015041,0.023332096,0.750565462,0.750565462,0.100000000,0.014587702,0.014587702,0.047750855,0.003687267,1.000000000,0.000000000,0.000000000,0.000000000,0.000000000,0.000000000,0.578125000,0.510542894,0.551092158,1.000000000,0.966794995,0.510067114,0.493130333,1.016208689,96.579627991,17.399572372,0.732610762,0.999999881,-0.000500998,0.000100133,-0.000049587
1516,157.023000000,fused_map_f2f,1,1,0,0.122171085,0.052130109,0.753906122,0.753906122,0.100000000,0.014524001,0.014524001,0.047586266,0.003670988,1.000000000,0.000000000,0.000000000,0.000000000,0.000000000,0.000000000,0.548387097,0.316161423,0.455496827,1.000000000,0.963942308,0.524475524,0.505564147,1.017037610,96.665771484,17.399227142,0.733121753,0.999999821,-0.000601715,0.000046256,-0.000108968
1517,157.121000000,fused_map_f2f,1,1,0,0.122390414,0.029659940,0.753037943,0.753037943,0.100000000,0.014540502,0.014540502,0.047600619,0.003675205,1.000000000,0.000000000,0.000000000,0.000000000,0.000000000,0.000000000,0.596774194,0.399712707,0.517949599,1.000000000,0.965930902,0.510204082,0.492821889,1.016188126,96.771369934,17.400123596,0.731972814,0.999999821,-0.000524065,0.000044746,-0.000113252
1518,157.222000000,fused_map_f2f,1,1,0,0.119537400,0.021532701,0.764331125,0.764331125,0.100000000,0.014328741,0.014328741,0.046928238,0.003621100,1.000000000,0.000000000,0.000000000,0.000000000,0.000000000,0.000000000,0.596774194,0.445116657,0.536111179,1.000000000,0.965055050,0.509933775,0.492114165,1.016140944,96.866798401,17.399387360,0.731877089,0.999999762,-0.000689425,-0.000034519,-0.000125994
1519,157.323000000,fused_map_f2f,1,1,0,0.121447490,0.025042984,0.756770352,0.756770352,0.100000000,0.014469826,0.014469826,0.047401491,0.003657145,1.000000000,0.000000000,0.000000000,0.000000000,0.000000000,0.000000000,0.580645161,0.316390896,0.474943455,1.000000000,0.967095851,0.518151815,0.501102471,1.016740165,96.987815857,17.400524139,0.731987000,0.999999881,-0.000515603,0.000048696,-0.000082271
1520,157.430000000,fused_map_f2f,1,1,0,0.117702596,0.018732538,0.771593891,0.771593891,0.100000000,0.014195784,0.014195784,0.046560595,0.003587138,1.000000000,0.000000000,0.000000000,0.000000000,0.000000000,0.000000000,0.530303030,0.230209404,0.410265580,1.000000000,0.967127203,0.527868852,0.510516327,1.017367755,97.078804016,17.401187897,0.731966496,1.000000000,-0.000198386,0.000009698,-0.000068257
1521,157.514000000,fused_map_f2f,1,1,0,0.119351550,0.021118363,0.765066780,0.765066780,0.100000000,0.014315161,0.014315161,0.046923340,0.003617630,1.000000000,0.000000000,0.000000000,0.000000000,0.000000000,0.000000000,0.567164179,1.000000000,0.740298507,1.000000000,0.968929254,0.521311475,0.505113939,1.017007596,97.150123596,17.401571274,0.731985450,1.000000000,-0.000069022,0.000003292,-0.000093400
1522,157.623000000,fused_map_f2f,1,1,0,0.117226222,0.033147013,0.773479538,0.773479538,0.100000000,0.014161667,0.014161667,0.046486393,0.003578424,1.000000000,0.000000000,0.000000000,0.000000000,0.000000000,0.000000000,0.584615385,0.465413429,0.536934602,1.000000000,0.966634890,0.540268456,0.522242340,1.018149489,97.256378174,17.400194168,0.731690764,0.999999940,-0.000338831,0.000038224,-0.000102652
1523,157.717000000,fused_map_f2f,1,1,0,0.116767335,0.019752496,0.775295966,0.775295966,0.100000000,0.014128956,0.014128956,0.046389737,0.003570070,1.000000000,0.000000000,0.000000000,0.000000000,0.000000000,0.000000000,0.564516129,0.362164763,0.483575583,1.000000000,0.966270784,0.543046358,0.524729830,1.018315322,97.384841919,17.400852203,0.731669128,0.999999940,-0.000399885,0.000023064,-0.000041420
1524,157.832000000,fused_map_f2f,1,1,0,0.118431839,0.031127749,0.768707302,0.768707302,0.100000000,0.014248331,0.014248331,0.046779580,0.003600559,1.000000000,0.000000000,0.000000000,0.000000000,0.000000000,0.000000000,0.562500000,1.000000000,0.737500000,1.000000000,0.967205323,0.546357616,0.528439994,1.018562666,97.480926514,17.400423050,0.731397808,0.999999881,-0.000504752,-0.000014443,-0.000023264
1525,157.938000000,fused_map_f2f,1,1,0,0.119057657,0.017277999,0.766230109,0.766230109,0.100000000,0.014293737,0.014293737,0.046979667,0.003612158,1.000000000,0.000000000,0.000000000,0.000000000,0.000000000,0.000000000,0.580645161,1.000000000,0.748387097,1.000000000,0.968750000,0.565217391,0.547554348,1.019836957,97.623954773,17.400463104,0.731315315,0.999999881,-0.000455322,0.000021895,-0.000050191
1526,158.033000000,fused_map_f2f,1,1,0,0.117739641,0.021773821,0.771447254,0.771447254,0.100000000,0.014198444,0.014198444,0.046669922,0.003587817,1.000000000,0.000000000,0.000000000,0.000000000,0.000000000,0.000000000,0.571428571,1.000000000,0.742857143,1.000000000,0.967803030,0.563333333,0.545195707,1.019679714,97.713859558,17.400531769,0.730915427,0.999999940,-0.000367957,0.000027324,-0.000049511
1527,158.129000000,fused_map_f2f,1,1,0,0.117328241,0.037244879,0.773075713,0.773075713,0.100000000,0.014168959,0.014168959,0.046550335,0.003580286,1.000000000,0.000000000,0.000000000,0.000000000,0.000000000,0.000000000,0.548387097,0.386402368,0.483593205,1.000000000,0.971631206,0.551948052,0.536289951,1.019085997,97.784347534,17.400640488,0.730911434,0.999999940,-0.000360661,-0.000024621,-0.000053845
1528,158.221000000,fused_map_f2f,1,1,0,0.115774962,0.025641910,0.779224110,0.779224110,0.100000000,0.014058732,0.014058732,0.046280706,0.003552137,1.000000000,0.000000000,0.000000000,0.000000000,0.000000000,0.000000000,0.557377049,1.000000000,0.734426230,1.000000000,0.974068835,0.579310345,0.564288153,1.020952544,97.854309082,17.400466919,0.731529951,0.999999881,-0.000449148,0.000015223,-0.000073366
1529,158.316000000,fused_map_f2f,1,1,0,0.114901511,0.024559738,0.782681521,0.782681521,0.100000000,0.013997498,0.013997498,0.046036963,0.003536501,1.000000000,0.000000000,0.000000000,0.000000000,0.000000000,0.000000000,0.564516129,0.506700257,0.541389780,1.000000000,0.967575188,0.565656566,0.547315258,1.019821017,97.949684143,17.400150299,0.731482267,0.999999881,-0.000502325,0.000011192,-0.000066132
1530,158.433000000,fused_map_f2f,1,1,0,0.117720751,0.024906733,0.771522025,0.771522025,0.100000000,0.014197087,0.014197087,0.046645597,0.003587471,1.000000000,0.000000000,0.000000000,0.000000000,0.000000000,0.000000000,0.596774194,1.000000000,0.758064516,1.000000000,0.972859148,0.553333333,0.538315395,1.019221026,98.034355164,17.400230408,0.731891274,0.999999821,-0.000548102,-0.000011455,-0.000064283
1531,158.523000000,fused_map_f2f,1,1,0,0.115842466,0.021029419,0.778956904,0.778956904,0.100000000,0.014063487,0.014063487,0.046236616,0.003553351,1.000000000,0.000000000,0.000000000,0.000000000,0.000000000,0.000000000,0.569230769,0.494077908,0.539169625,1.000000000,0.970973783,0.560000000,0.543745318,1.019583021,98.124977112,17.399946213,0.731533468,0.999999881,-0.000477935,0.000020628,-0.000075617
1532,158.627000000,fused_map_f2f,1,1,0,0.114188714,0.045867467,0.785503007,0.785503007,0.100000000,0.013947921,0.013947921,0.045874290,0.003523843,1.000000000,0.000000000,0.000000000,0.000000000,0.000000000,0.000000000,0.539682540,0.484851918,0.517750291,1.000000000,0.972884525,0.560810811,0.545604160,1.019706944,98.210083008,17.400114059,0.731903493,0.999999940,-0.000362616,-0.000023840,-0.000109396
1533,158.732000000,fused_map_f2f,1,1,0,0.118663006,0.016682290,0.767792267,0.767792267,0.100000000,0.014265070,0.014265070,0.046875254,0.003604835,1.000000000,0.000000000,0.000000000,0.000000000,0.000000000,0.000000000,0.557377049,0.473038529,0.523641641,1.000000000,0.969640355,0.560000000,0.542998599,1.019533240,98.314506531,17.399787903,0.731649816,0.999999881,-0.000406173,0.000011221,-0.000088602
1534,158.817000000,fused_map_f2f,1,1,0,0.116474289,0.035242278,0.776455939,0.776455939,0.100000000,0.014108146,0.014108146,0.046423966,0.003564756,1.000000000,0.000000000,0.000000000,0.000000000,0.000000000,0.000000000,0.566666667,1.000000000,0.740000000,1.000000000,0.970560748,0.576388889,0.559420431,1.020628029,98.381362915,17.399971008,0.731860578,0.999999940,-0.000320042,-0.000019959,-0.000136763
1535,158.935000000,fused_map_f2f,1,1,0,0.120759204,0.018644908,0.759494818,0.759494818,0.100000000,0.014418668,0.014418668,0.047331115,0.003644074,1.000000000,0.000000000,0.000000000,0.000000000,0.000000000,0.000000000,0.583333333,1.000000000,0.750000000,1.000000000,0.970779221,0.548172757,0.532154722,1.018810315,98.476303101,17.400154114,0.732217371,0.999999940,-0.000251685,-0.000081842,-0.000127074
1536,159.031000000,fused_map_f2f,1,1,0,0.116719647,0.024205190,0.775484729,0.775484729,0.100000000,0.014125566,0.014125566,0.046441633,0.003569204,1.000000000,0.000000000,0.000000000,0.000000000,0.000000000,0.000000000,0.578125000,1.000000000,0.746875000,1.000000000,0.973537604,0.561224490,0.546373145,1.019758210,98.579803467,17.399971008,0.732344270,0.999999940,-0.000239098,-0.000002291,-0.000046465
1537,159.123000000,fused_map_f2f,1,1,0,0.118748959,0.028990461,0.767452037,0.767452037,0.100000000,0.014271304,0.014271304,0.046889301,0.003606427,1.000000000,0.000000000,0.000000000,0.000000000,0.000000000,0.000000000,0.548387097,0.479136631,0.520686911,1.000000000,0.973210162,0.555921053,0.541028018,1.019401868,98.652122498,17.400382996,0.732374430,1.000000000,-0.000183003,0.000002782,-0.000070800
1538,159.219000000,fused_map_f2f,1,1,0,0.115184283,0.016177207,0.781562212,0.781562212,0.100000000,0.014017264,0.014017264,0.046116393,0.003541548,1.000000000,0.000000000,0.000000000,0.000000000,0.000000000,0.000000000,0.550000000,1.000000000,0.730000000,1.000000000,0.974454250,0.567567568,0.553068628,1.020204575,98.765411377,17.400283813,0.732987642,1.000000000,-0.000164828,-0.000003234,-0.000036481
1539,159.320000000,fused_map_f2f,1,1,0,0.113619748,0.016085117,0.787755166,0.787755166,0.100000000,0.013908600,0.013908600,0.045743656,0.003513804,1.000000000,0.000000000,0.000000000,0.000000000,0.000000000,0.000000000,0.533333333,0.419350401,0.487740160,1.000000000,0.977335800,0.556291391,0.543683491,1.019578899,98.839485168,17.400636673,0.732959926,1.000000000,-0.000033703,-0.000017018,-0.000030545
1540,159.414000000,fused_map_f2f,1,1,0,0.116746519,0.018699059,0.775378363,0.775378363,0.100000000,0.014127476,0.014127476,0.046444390,0.003569692,1.000000000,0.000000000,0.000000000,0.000000000,0.000000000,0.000000000,0.555555556,1.000000000,0.733333333,1.000000000,0.975496995,0.558922559,0.545227277,1.019681818,98.935852051,17.399873734,0.732436538,0.999999940,-0.000350536,-0.000018920,-0.000067396
1541,159.539000000,fused_map_f2f,1,1,0,0.114567107,0.019625215,0.784005202,0.784005202,0.100000000,0.013974196,0.013974196,0.045900289,0.003530551,1.000000000,0.000000000,0.000000000,0.000000000,0.000000000,0.000000000,0.564516129,1.000000000,0.738709677,1.000000000,0.974110032,0.539473684,0.525506728,1.018367115,99.027420044,17.400510788,0.732696593,0.999999940,-0.000372558,-0.000027449,-0.000083740
1542,159.617000000,fused_map_f2f,1,1,0,0.116884777,0.015199668,0.774831092,0.774831092,0.100000000,0.014137313,0.014137313,0.046433522,0.003572204,1.000000000,0.000000000,0.000000000,0.000000000,0.000000000,0.000000000,0.564516129,1.000000000,0.738709677,1.000000000,0.975126670,0.544217687,0.530681181,1.018712079,99.086471558,17.400903702,0.732361019,0.999999940,-0.000231349,-0.000014118,-0.000075641
1543,159.713000000,fused_map_f2f,1,1,0,0.111755310,0.016784423,0.795135233,0.795135233,0.100000000,0.013781286,0.013781286,0.045293480,0.003481304,1.000000000,0.000000000,0.000000000,0.000000000,0.000000000,0.000000000,0.539682540,0.808365778,0.647155835,1.000000000,0.973708487,0.542087542,0.527835240,1.018522349,99.165466309,17.400890350,0.733027518,0.999999940,-0.000197826,-0.000012469,-0.000084957
1544,159.823000000,fused_map_f2f,1,1,0,0.112635086,0.020194988,0.791652783,0.791652783,0.100000000,0.013841070,0.013841070,0.045477170,0.003496565,1.000000000,0.000000000,0.000000000,0.000000000,0.000000000,0.000000000,0.523809524,1.000000000,0.714285714,1.000000000,0.975553506,0.538720539,0.525550710,1.018370047,99.244224548,17.400510788,0.733013391,0.999999881,-0.000473625,-0.000016504,-0.000181940
1545,159.918000000,fused_map_f2f,1,1,0,0.112791471,0.026979428,0.791033761,0.791033761,0.100000000,0.013851751,0.013851751,0.045532810,0.003499291,1.000000000,0.000000000,0.000000000,0.000000000,0.000000000,0.000000000,0.576271186,1.000000000,0.745762712,1.000000000,0.977481618,0.545454545,0.533171791,1.018878119,99.354957581,17.401283264,0.733092129,0.999999940,-0.000260377,-0.000022503,-0.000060086
1546,160.022000000,fused_map_f2f,1,1,0,0.113601010,0.018846158,0.787829337,0.787829337,0.100000000,0.013907308,0.013907308,0.045705453,0.003513474,1.000000000,0.000000000,0.000000000,0.000000000,0.000000000,0.000000000,0.566666667,1.000000000,0.740000000,1.000000000,0.977605119,0.543918919,0.531737919,1.018782528,99.435432434,17.401357651,0.732674658,0.999999940,-0.000281844,-0.000024507,-0.000085387
1547,160.117000000,fused_map_f2f,1,1,0,0.111047385,0.017623478,0.797937434,0.797937434,0.100000000,0.013733553,0.013733553,0.045184675,0.003469121,1.000000000,0.000000000,0.000000000,0.000000000,0.000000000,0.000000000,0.540983607,1.000000000,0.724590164,1.000000000,0.978928081,0.554794521,0.543103935,1.019540262,99.535263062,17.400751114,0.732416391,0.999999940,-0.000354592,-0.000018699,-0.000084027
1548,160.221000000,fused_map_f2f,1,1,0,0.109349041,0.023717603,0.804660047,0.804660047,0.100000000,0.013620377,0.013620377,0.044778503,0.003440237,1.000000000,0.000000000,0.000000000,0.000000000,0.000000000,0.000000000,0.593220339,1.000000000,0.755932203,1.000000000,0.981651376,0.536666667,0.526819572,1.018454638,99.618850708,17.401575089,0.732975543,1.000000000,-0.000124599,-0.000020129,-0.000071477
1549,160.316000000,fused_map_f2f,1,1,0,0.114312135,0.031498563,0.785014467,0.785014467,0.100000000,0.013956481,0.013956481,0.045902995,0.003526028,1.000000000,0.000000000,0.000000000,0.000000000,0.000000000,0.000000000,0.559322034,0.579580335,0.567425354,1.000000000,0.977615349,0.558620690,0.546116161,1.019741077,99.685684204,17.401649475,0.732866406,1.000000000,-0.000075652,-0.000032403,-0.000057102
1550,160.431000000,fused_map_f2f,1,1,0,0.111292899,0.020783295,0.796965607,0.796965607,0.100000000,0.013750070,0.013750070,0.045197500,0.003473336,1.000000000,0.000000000,0.000000000,0.000000000,0.000000000,0.000000000,0.553571429,0.462854182,0.517284530,1.000000000,0.977168950,0.541379310,0.529019052,1.018601270,99.785598755,17.401380539,0.732644498,1.000000000,-0.000114128,-0.000019033,-0.000108335
1551,160.523000000,fused_map_f2f,1,1,0,0.112489563,0.015386307,0.792228812,0.792228812,0.100000000,0.013831145,0.013831145,0.045423388,0.003494031,1.000000000,0.000000000,0.000000000,0.000000000,0.000000000,0.000000000,0.559322034,0.556269183,0.558100894,1.000000000,0.975331201,0.530821918,0.517727179,1.017848479,99.847999573,17.400930405,0.732691586,0.999999940,-0.000223269,-0.000025925,-0.000130415
1552,160.615000000,fused_map_f2f,1,1,0,0.112508323,0.019974023,0.792154557,0.792154557,0.100000000,0.013832424,0.013832424,0.045355810,0.003494358,1.000000000,0.000000000,0.000000000,0.000000000,0.000000000,0.000000000,0.550000000,0.835263383,0.664105353,1.000000000,0.978529009,0.503311258,0.492504667,1.016166978,99.950027466,17.401264191,0.732453406,0.999999940,-0.000289013,-0.000034297,-0.000097914
1553,160.724000000,fused_map_f2f,1,1,0,0.111045947,0.019105486,0.797943127,0.797943127,0.100000000,0.013733456,0.013733456,0.045068297,0.003469096,1.000000000,0.000000000,0.000000000,0.000000000,0.000000000,0.000000000,0.500000000,1.000000000,0.700000000,1.000000000,0.980813157,0.511784512,0.501964983,1.016797666,100.025428772,17.401256561,0.732935905,1.000000000,-0.000109688,-0.000047536,-0.000083963
1554,160.823000000,fused_map_f2f,1,1,0,0.114516418,0.017117577,0.784205844,0.784205844,0.100000000,0.013970670,0.013970670,0.045777290,0.003529651,1.000000000,0.000000000,0.000000000,0.000000000,0.000000000,0.000000000,0.573770492,1.000000000,0.744262295,1.000000000,0.979545455,0.496666667,0.486507576,1.015767172,100.088729858,17.401840210,0.733014703,1.000000000,-0.000031266,-0.000041732,-0.000105239
1555,160.917000000,fused_map_f2f,1,1,0,0.112682247,0.014589348,0.791466107,0.791466107,0.100000000,0.013844289,0.013844289,0.045365986,0.003497386,1.000000000,0.000000000,0.000000000,0.000000000,0.000000000,0.000000000,0.550000000,1.000000000,0.730000000,1.000000000,0.978636364,0.493377483,0.482837146,1.015522476,100.174903870,17.401987076,0.732513249,0.999999940,-0.000195622,-0.000030689,-0.000112927
1556,161.088000000,fused_map_f2f,1,1,0,0.114921661,0.021780903,0.782601758,0.782601758,0.100000000,0.013998905,0.013998905,0.045887731,0.003536860,1.000000000,0.000000000,0.000000000,0.000000000,0.000000000,0.000000000,0.620689655,1.000000000,0.772413793,1.000000000,0.980995475,0.503355705,0.493789669,1.016252645,100.299354553,17.401290894,0.732446074,0.999999940,-0.000328919,-0.000084276,-0.000156218
1557,161.116000000,fused_map_f2f,1,1,0,0.114739759,0.019101682,0.783321788,0.783321788,0.100000000,0.013986217,0.013986217,0.045822427,0.003533621,1.000000000,0.000000000,0.000000000,0.000000000,0.000000000,0.000000000,0.566666667,0.606704281,0.582681712,1.000000000,0.982797646,0.493548387,0.485058193,1.015670546,100.342475891,17.400432587,0.731868982,0.999999940,-0.000249318,-0.000026935,-0.000139164
1558,161.236000000,fused_map_f2f,1,1,0,0.113983357,0.018741011,0.786315877,0.786315877,0.100000000,0.013933703,0.013933703,0.045770814,0.003520213,1.000000000,0.000000000,0.000000000,0.000000000,0.000000000,0.000000000,0.600000000,1.000000000,0.760000000,1.000000000,0.982264666,0.534722222,0.525238745,1.018349250,100.428237915,17.401533127,0.732140422,0.999999940,-0.000120362,-0.000031279,-0.000125439
1559,161.321000000,fused_map_f2f,1,1,0,0.117904692,0.024553054,0.770793929,0.770793929,0.100000000,0.014210308,0.014210308,0.046652890,0.003590847,1.000000000,0.000000000,0.000000000,0.000000000,0.000000000,0.000000000,0.596491228,1.000000000,0.757894737,1.000000000,0.983695652,0.535117057,0.526392322,1.018426155,100.489067078,17.402240753,0.732104719,1.000000000,-0.000036562,-0.000042302,-0.000182294
1560,161.419000000,fused_map_f2f,1,1,0,0.117240572,0.014187224,0.773422735,0.773422735,0.100000000,0.014162692,0.014162692,0.046474345,0.003578686,1.000000000,0.000000000,0.000000000,0.000000000,0.000000000,0.000000000,0.543859649,0.691882914,0.603068955,1.000000000,0.985474353,0.524590164,0.516970152,1.017798010,100.580131531,17.400669098,0.732218862,0.999999940,-0.000190493,-0.000032707,-0.000122863
1561,161.520000000,fused_map_f2f,1,1,0,0.117670275,0.024574842,0.771721828,0.771721828,0.100000000,0.014193464,0.014193464,0.046523878,0.003586545,1.000000000,0.000000000,0.000000000,0.000000000,0.000000000,0.000000000,0.550000000,0.672582901,0.599033161,1.000000000,0.981842941,0.509677419,0.500423177,1.016694878,100.659751892,17.400012970,0.731837153,0.999999940,-0.000147461,-0.000040065,-0.000154210
1562,161.617000000,fused_map_f2f,1,1,0,0.118730250,0.017460118,0.767526094,0.767526094,0.100000000,0.014269946,0.014269946,0.046798718,0.003606081,1.000000000,0.000000000,0.000000000,0.000000000,0.000000000,0.000000000,0.593220339,1.000000000,0.755932203,1.000000000,0.984657040,0.519480519,0.511510150,1.017434010,100.740776062,17.399608612,0.731957793,0.999999881,-0.000366505,-0.000020768,-0.000156535
1563,161.725000000,fused_map_f2f,1,1,0,0.116799586,0.018289213,0.775168307,0.775168307,0.100000000,0.014131250,0.014131250,0.046395450,0.003570656,1.000000000,0.000000000,0.000000000,0.000000000,0.000000000,0.000000000,0.603448276,1.000000000,0.762068966,1.000000000,0.983257919,0.533112583,0.524187168,1.018279145,100.841316223,17.400527954,0.731788039,0.999999940,-0.000180382,-0.000021972,-0.000133251
1564,161.831000000,fused_map_f2f,1,1,0,0.117100186,0.020508468,0.773978431,0.773978431,0.100000000,0.014152667,0.014152667,0.046429987,0.003576126,1.000000000,0.000000000,0.000000000,0.000000000,0.000000000,0.000000000,0.596491228,1.000000000,0.757894737,1.000000000,0.984155727,0.520900322,0.512647034,1.017509802,100.944580078,17.399675369,0.731463969,0.999999881,-0.000372326,-0.000016363,-0.000127328
1565,161.931000000,fused_map_f2f,1,1,0,0.118654153,0.022440107,0.767827311,0.767827311,0.100000000,0.014264428,0.014264428,0.046825149,0.003604671,1.000000000,0.000000000,0.000000000,0.000000000,0.000000000,0.000000000,0.578947368,1.000000000,0.747368421,1.000000000,0.986859991,0.533557047,0.526546103,1.018436407,101.033752441,17.399072647,0.731795013,0.999999940,-0.000249758,-0.000011322,-0.000133940
1566,162.026000000,fused_map_f2f,1,1,0,0.120277862,0.015656447,0.761400128,0.761400128,0.100000000,0.014383106,0.014383106,0.047170180,0.003634988,1.000000000,0.000000000,0.000000000,0.000000000,0.000000000,0.000000000,0.568965517,0.766692191,0.648056187,1.000000000,0.983584131,0.524429967,0.515820994,1.017721400,101.125129700,17.398738861,0.731161356,0.999999940,-0.000251828,-0.000025595,-0.000139268
1567,162.118000000,fused_map_f2f,1,1,0,0.119942451,0.017842956,0.762727800,0.762727800,0.100000000,0.014358429,0.014358429,0.047127460,0.003628684,1.000000000,0.000000000,0.000000000,0.000000000,0.000000000,0.000000000,0.533333333,0.670145152,0.588058061,1.000000000,0.982224248,0.537459283,0.527905540,1.018527036,101.204612732,17.398729324,0.731327474,0.999999940,-0.000241063,-0.000033168,-0.000135314
1568,162.236000000,fused_map_f2f,1,1,0,0.123827875,0.019699356,0.747347997,0.747347997,0.100000000,0.014649585,0.014649585,0.048077403,0.003703083,1.000000000,0.000000000,0.000000000,0.000000000,0.000000000,0.000000000,0.533333333,1.000000000,0.720000000,1.000000000,0.984177215,0.545454545,0.536823936,1.019121596,101.325775146,17.398658752,0.730727315,0.999999940,-0.000203567,-0.000014964,-0.000140672
1569,162.392000000,fused_map_f2f,1,1,0,0.124926223,0.025575538,0.743000368,0.743000368,0.100000000,0.014734043,0.014734043,0.048399782,0.003724670,1.000000000,0.000000000,0.000000000,0.000000000,0.000000000,0.000000000,0.559322034,0.728746708,0.627091903,1.000000000,0.985915493,0.562913907,0.554985542,1.020332369,101.478576660,17.398677826,0.730609357,0.999999940,-0.000189208,-0.000065249,-0.000158156
1570,162.422000000,fused_map_f2f,1,1,0,0.123062806,0.013898920,0.750376393,0.750376393,0.100000000,0.014591324,0.014591324,0.047946530,0.003688193,1.000000000,0.000000000,0.000000000,0.000000000,0.000000000,0.000000000,0.586206897,0.881479649,0.704315998,1.000000000,0.985000000,0.563333333,0.554883333,1.020325556,101.522293091,17.398168564,0.730546355,0.999999940,-0.000359559,-0.000012032,-0.000126406
1571,162.513000000,fused_map_f2f,1,1,0,0.123618505,0.026891038,0.748176751,0.748176751,0.100000000,0.014633595,0.014633595,0.048077923,0.003698996,1.000000000,0.000000000,0.000000000,0.000000000,0.000000000,0.000000000,0.540983607,0.808193295,0.647867482,1.000000000,0.981851180,0.564189189,0.553949821,1.020263321,101.606880188,17.398170471,0.730591297,0.999999940,-0.000341663,-0.000033393,-0.000162380
1572,162.631000000,fused_map_f2f,1,1,0,0.124989414,0.070495092,0.742750237,0.742750237,0.095845693,0.014135286,0.014135286,0.046414166,0.003571687,1.000000000,0.000000000,0.000000000,0.000000000,0.000000000,0.000000000,0.465517241,0.514738745,0.485205843,1.000000000,0.983807440,0.534883721,0.526222584,1.018414839,101.675140381,17.368623734,0.744826257,0.999717593,0.007579611,-0.001111181,0.022494568
1573,162.729000000,fused_map_f2f,1,1,0,0.126816728,0.121332523,0.735517118,0.735517118,0.075722543,0.011309676,0.011309676,0.037239332,0.002851607,1.000000000,0.000000000,0.000000000,0.000000000,0.000000000,0.000000000,0.540000000,0.590618274,0.560247309,1.000000000,0.983200336,0.474164134,0.466198336,1.014413222,101.700332642,17.326776505,0.766184330,0.998642445,0.025911372,-0.016575679,0.042037357
1574,162.827000000,fused_map_f2f,1,1,0,0.122028959,0.095651012,0.754468702,0.754468702,0.085888141,0.012490810,0.012490810,0.040947528,0.003152233,1.000000000,0.000000000,0.000000000,0.000000000,0.000000000,0.000000000,0.595238095,0.830580450,0.689375037,1.000000000,0.985667486,0.446064140,0.439670919,1.012644728,101.739601135,17.302303314,0.781168342,0.997316122,0.044011265,-0.040081929,0.042626355
1575,162.913000000,fused_map_f2f,1,1,0,0.123649218,0.083540456,0.748055177,0.748055177,0.090681903,0.013290273,0.013290273,0.043504279,0.003356020,1.000000000,0.000000000,0.000000000,0.000000000,0.000000000,0.000000000,0.615384615,0.770598265,0.677470075,1.000000000,0.986618005,0.451612903,0.445569422,1.013037961,101.804664612,17.301918030,0.785202801,0.996848762,0.049128115,-0.049372580,0.037964664
1576,163.016000000,fused_map_f2f,1,1,0,0.122681159,0.035370502,0.751887079,0.751887079,0.100000000,0.014562434,0.014562434,0.047468393,0.003680810,1.000000000,0.000000000,0.000000000,0.000000000,0.000000000,0.000000000,0.621621622,0.915026675,0.738983643,1.000000000,0.984540277,0.431818182,0.425142392,1.011676159,101.899543762,17.308546066,0.784485400,0.996984065,0.048890978,-0.050275840,0.033238418
1577,163.116000000,fused_map_f2f,1,1,0,0.124265492,0.024247381,0.745615760,0.745615760,0.100000000,0.014683120,0.014683120,0.047851587,0.003711654,1.000000000,0.000000000,0.000000000,0.000000000,0.000000000,0.000000000,0.594594595,0.849038608,0.696372200,1.000000000,0.983224223,0.433427762,0.426156674,1.011743778,101.989639282,17.315954208,0.783766150,0.997091413,0.048798982,-0.050725430,0.029228255
1578,163.225000000,fused_map_f2f,1,1,0,0.122474392,0.019867206,0.752705531,0.752705531,0.100000000,0.014546830,0.014546830,0.047505030,0.003676822,1.000000000,0.000000000,0.000000000,0.000000000,0.000000000,0.000000000,0.594594595,0.867776744,0.703867454,1.000000000,0.986514099,0.460176991,0.453971090,1.013598073,102.087142944,17.322694778,0.782134712,0.997201383,0.048499446,-0.050979968,0.025263911
1579,163.314000000,fused_map_f2f,1,1,0,0.126240313,0.052484662,0.737798761,0.737798761,0.100000000,0.014836380,0.014836380,0.048410187,0.003750831,1.000000000,0.000000000,0.000000000,0.000000000,0.000000000,0.000000000,0.621621622,1.000000000,0.772972973,1.000000000,0.985371800,0.457971014,0.451271723,1.013418115,102.167770386,17.325651169,0.784335017,0.997269213,0.049734022,-0.049122628,0.023824796
1580,163.429000000,fused_map_f2f,1,1,0,0.128613258,0.034957312,0.728405853,0.728405853,0.100000000,0.015024822,0.015024822,0.049058466,0.003799015,1.000000000,0.000000000,0.000000000,0.000000000,0.000000000,0.000000000,0.702702703,1.000000000,0.821621622,1.000000000,0.987096774,0.475218659,0.469086805,1.014605787,102.242027283,17.330177307,0.826466858,0.997608840,0.050037932,-0.043000530,0.020586474
1581,163.514000000,fused_map_f2f,1,1,0,0.126247088,0.045842882,0.737771944,0.737771944,0.100000000,0.014836911,0.014836911,0.048458199,0.003750967,1.000000000,0.000000000,0.000000000,0.000000000,0.000000000,0.000000000,0.771428571,1.000000000,0.862857143,1.000000000,0.987510073,0.472463768,0.466562730,1.014437515,102.313903809,17.334434509,0.835558236,0.997687936,0.048007183,-0.044531982,0.018192885
1582,163.615000000,fused_map_f2f,1,1,0,0.125326726,0.021903039,0.741415044,0.741415044,0.100000000,0.014765083,0.014765083,0.048262179,0.003732605,1.000000000,0.000000000,0.000000000,0.000000000,0.000000000,0.000000000,0.727272727,1.000000000,0.836363636,1.000000000,0.988297014,0.482352941,0.476707971,1.015113865,102.404304504,17.337385178,0.835936010,0.997758389,0.047441803,-0.044277616,0.016338440
1583,163.730000000,fused_map_f2f,1,1,0,0.129602543,0.016750739,0.724489934,0.724489934,0.100000000,0.015104806,0.015104806,0.049346801,0.003819471,1.000000000,0.000000000,0.000000000,0.000000000,0.000000000,0.000000000,0.764705882,0.965573854,0.845053071,1.000000000,0.988259109,0.486567164,0.480854432,1.015390295,102.508148193,17.341001511,0.834959030,0.997796953,0.047230754,-0.044439115,0.013987250
1584,163.833000000,fused_map_f2f,1,1,0,0.132634479,0.019502936,0.712488519,0.712488519,0.100000000,0.015355330,0.015355330,0.050114393,0.003883557,1.000000000,0.000000000,0.000000000,0.000000000,0.000000000,0.000000000,0.742857143,1.000000000,0.845714286,1.000000000,0.987873888,0.479651163,0.473834859,1.014922324,102.601417542,17.344417572,0.833761454,0.997817874,0.047149561,-0.044565536,0.012263805
1585,163.929000000,fused_map_f2f,1,1,0,0.134592030,0.017192447,0.704739883,0.704739883,0.100000000,0.015521542,0.015521542,0.050677972,0.003926090,1.000000000,0.000000000,0.000000000,0.000000000,0.000000000,0.000000000,0.756756757,1.000000000,0.854054054,1.000000000,0.987873888,0.492625369,0.486651739,1.015776783,102.679946899,17.346706390,0.833130419,0.997832656,0.047095388,-0.044642758,0.010913975
1586,164.013000000,fused_map_f2f,1,1,0,0.132795925,0.040751090,0.711849462,0.711849462,0.100000000,0.015368903,0.015368903,0.050234163,0.003887030,1.000000000,0.000000000,0.000000000,0.000000000,0.000000000,0.000000000,0.600000000,0.785200288,0.674080115,1.000000000,0.988163265,0.504424779,0.498454036,1.016563602,102.744926453,17.361721039,0.854942620,0.999055326,0.034824919,-0.025985455,0.000688786
1587,164.113000000,fused_map_f2f,1,1,0,0.136207481,0.032803999,0.698345387,0.698345387,0.100000000,0.015661441,0.015661441,0.051223930,0.003961897,1.000000000,0.000000000,0.000000000,0.000000000,0.000000000,0.000000000,0.578947368,1.000000000,0.747368421,1.000000000,0.987694832,0.526315789,0.519839385,1.017989292,102.825019836,17.373691559,0.870329142,0.999547720,0.026764411,-0.012956183,-0.004487964
1588,164.216000000,fused_map_f2f,1,1,0,0.138025212,0.066301299,0.691150201,0.691150201,0.097505736,0.015433355,0.015433355,0.050482448,0.003903522,1.000000000,0.000000000,0.000000000,0.000000000,0.000000000,0.000000000,0.611111111,1.000000000,0.766666667,1.000000000,0.987321063,0.519402985,0.512817508,1.017521167,102.898963928,17.373567581,0.870408595,0.999577761,0.026174895,-0.011749033,-0.004596893
1589,164.319000000,fused_map_f2f,1,1,0,0.137523601,0.027109869,0.693135745,0.693135745,0.100000000,0.015777296,0.015777296,0.051607768,0.003991556,1.000000000,0.000000000,0.000000000,0.000000000,0.000000000,0.000000000,0.559322034,1.000000000,0.735593220,1.000000000,0.986793232,0.532710280,0.525674899,1.018378327,102.971847534,17.372364044,0.870157301,0.999598920,0.025720702,-0.011097091,-0.004157481
1590,164.426000000,fused_map_f2f,1,1,0,0.136324648,0.016052972,0.697881600,0.697881600,0.100000000,0.015671686,0.015671686,0.051248553,0.003964520,1.000000000,0.000000000,0.000000000,0.000000000,0.000000000,0.000000000,0.576271186,1.000000000,0.745762712,1.000000000,0.987279442,0.524096386,0.517429587,1.017828639,103.045417786,17.371454239,0.869316816,0.999600291,0.025794327,-0.011073204,-0.003363178
1591,164.525000000,fused_map_f2f,1,1,0,0.139571177,0.013083265,0.685030756,0.685030756,0.100000000,0.015960987,0.015960987,0.052162136,0.004038592,1.000000000,0.000000000,0.000000000,0.000000000,0.000000000,0.000000000,0.578947368,0.966604734,0.734010315,1.000000000,0.988925349,0.523952096,0.518149509,1.017876634,103.125030518,17.369337082,0.868608832,0.999608696,0.025559766,-0.011042247,-0.002700284
1592,164.633000000,fused_map_f2f,1,1,0,0.139015121,0.013599650,0.687231813,0.687231813,0.100000000,0.015910680,0.015910680,0.052018403,0.004025709,1.000000000,0.000000000,0.000000000,0.000000000,0.000000000,0.000000000,0.568965517,1.000000000,0.741379310,1.000000000,0.988943489,0.528528529,0.522684847,1.018178990,103.192985535,17.369522095,0.868349791,0.999605358,0.025747931,-0.011034613,-0.002107315
1593,164.718000000,fused_map_f2f,1,1,0,0.139075206,0.011590976,0.686993975,0.686993975,0.100000000,0.015916101,0.015916101,0.052061867,0.004027097,1.000000000,0.000000000,0.000000000,0.000000000,0.000000000,0.000000000,0.568965517,1.000000000,0.741379310,1.000000000,0.988491574,0.537037037,0.530856586,1.018723772,103.245292664,17.369171143,0.867115676,0.999600768,0.025954276,-0.011034219,-0.001722634
1594,164.819000000,fused_map_f2f,1,1,0,0.139779184,0.013408455,0.684207397,0.684207397,0.100000000,0.015979887,0.015979887,0.052228011,0.004043432,1.000000000,0.000000000,0.000000000,0.000000000,0.000000000,0.000000000,0.618181818,1.000000000,0.770909091,1.000000000,0.988529291,0.526153846,0.520118489,1.018007899,103.310997009,17.368347168,0.865697801,0.999602318,0.025924377,-0.011022898,-0.001294634
1595,164.925000000,fused_map_f2f,1,1,0,0.139371119,0.013575609,0.685822653,0.685822653,0.100000000,0.015942851,0.015942851,0.052073951,0.004033947,1.000000000,0.000000000,0.000000000,0.000000000,0.000000000,0.000000000,0.596491228,1.000000000,0.757894737,1.000000000,0.987336601,0.515060241,0.508537828,1.017235855,103.369316101,17.368001938,0.864872158,0.999601185,0.025994468,-0.010987060,-0.001042306
1596,165.023000000,fused_map_f2f,1,1,0,0.140868364,0.012386455,0.679896061,0.679896061,0.100000000,0.016079589,0.016079589,0.052508327,0.004068968,1.000000000,0.000000000,0.000000000,0.000000000,0.000000000,0.000000000,0.578947368,1.000000000,0.747368421,1.000000000,0.986906710,0.516616314,0.509852107,1.017323474,103.430824280,17.368240356,0.864452302,0.999598265,0.026123129,-0.010978789,-0.000634293
1597,165.124000000,fused_map_f2f,1,1,0,0.141016884,0.010079745,0.679308169,0.679308169,0.100000000,0.016093280,0.016093280,0.052553266,0.004072475,1.000000000,0.000000000,0.000000000,0.000000000,0.000000000,0.000000000,0.614035088,1.000000000,0.768421053,1.000000000,0.988216172,0.516516517,0.510429975,1.017361998,103.487815857,17.367773056,0.862796962,0.999596119,0.026210794,-0.010975830,-0.000396046
1598,165.230000000,fused_map_f2f,1,1,0,0.144116715,0.011142846,0.667038002,0.667038002,0.100000000,0.016384466,0.016384466,0.053481320,0.004147077,1.000000000,0.000000000,0.000000000,0.000000000,0.000000000,0.000000000,0.561403509,1.000000000,0.736842105,1.000000000,0.987799919,0.520710059,0.514357354,1.017623824,103.542732239,17.366901398,0.861728489,0.999598145,0.026135815,-0.010975149,-0.000210300
1599,165.318000000,fused_map_f2f,1,1,0,0.144966779,0.013644954,0.663673165,0.663673165,0.100000000,0.016466168,0.016466168,0.053730992,0.004168015,1.000000000,0.000000000,0.000000000,0.000000000,0.000000000,0.000000000,0.581818182,1.000000000,0.749090909,1.000000000,0.989439480,0.517751479,0.512283754,1.017485584,103.595016479,17.367208481,0.861275375,0.999600053,0.026067542,-0.010965869,0.000009706
1600,165.422000000,fused_map_f2f,1,1,0,0.147553574,0.017235757,0.653433770,0.653433770,0.100000000,0.016719881,0.016719881,0.054579459,0.004233052,1.000000000,0.000000000,0.000000000,0.000000000,0.000000000,0.000000000,0.551724138,1.000000000,0.731034483,1.000000000,0.987780041,0.534328358,0.527798887,1.018519926,103.647125244,17.366506577,0.860221744,0.999599516,0.026088143,-0.010962648,0.000161685
1601,165.526000000,fused_map_f2f,1,1,0,0.151947328,0.011184816,0.636041825,0.636041825,0.100000000,0.017169220,0.017169220,0.055987011,0.004348298,1.000000000,0.000000000,0.000000000,0.000000000,0.000000000,0.000000000,0.516666667,1.000000000,0.710000000,1.000000000,0.988187373,0.533724340,0.527419653,1.018494644,103.707954407,17.367109299,0.858841658,0.999595582,0.026237810,-0.010963720,0.000355847
1602,165.621000000,fused_map_f2f,1,1,0,0.154251479,0.011794798,0.626921228,0.626921228,0.100000000,0.017414652,0.017414652,0.056852431,0.004411279,1.000000000,0.000000000,0.000000000,0.000000000,0.000000000,0.000000000,0.578947368,1.000000000,0.747368421,1.000000000,0.989858012,0.560830861,0.555142921,1.020342861,103.761932373,17.366945267,0.858158946,0.999603808,0.025924424,-0.010951024,0.000490887
1603,165.727000000,fused_map_f2f,1,1,0,0.156436888,0.011441966,0.618270651,0.618270651,0.100000000,0.017654009,0.017654009,0.057673266,0.004472723,1.000000000,0.000000000,0.000000000,0.000000000,0.000000000,0.000000000,0.578947368,1.000000000,0.747368421,1.000000000,0.989024390,0.581602374,0.575218933,1.021681262,103.817504883,17.367055893,0.857419550,0.999601305,0.026019437,-0.010948356,0.000623935
1604,165.823000000,fused_map_f2f,1,1,0,0.159248845,0.011496275,0.607139990,0.607139990,0.100000000,0.017971842,0.017971842,0.058659139,0.004554348,1.000000000,0.000000000,0.000000000,0.000000000,0.000000000,0.000000000,0.559322034,1.000000000,0.735593220,1.000000000,0.989046653,0.578947368,0.572605957,1.021507064,103.872833252,17.367420197,0.856170833,0.999593914,0.026303604,-0.010943111,0.000652907
1605,165.925000000,fused_map_f2f,1,1,0,0.163922877,0.013028865,0.588638613,0.588638613,0.100000000,0.018526246,0.018526246,0.060487888,0.004696822,1.000000000,0.000000000,0.000000000,0.000000000,0.000000000,0.000000000,0.566666667,1.000000000,0.740000000,1.000000000,0.989824990,0.604790419,0.598636670,1.023242445,103.943199158,17.367523193,0.855456769,0.999594986,0.026261756,-0.010938866,0.000753064
1606,166.016000000,fused_map_f2f,1,1,0,0.161798095,0.012170289,0.597049208,0.597049208,0.100000000,0.018270036,0.018270036,0.059713834,0.004630965,1.000000000,0.000000000,0.000000000,0.000000000,0.000000000,0.000000000,0.660377358,1.000000000,0.796226415,1.000000000,0.988220959,0.613293051,0.606069047,1.023737936,103.998588562,17.368085861,0.854662299,0.999594033,0.026297623,-0.010933140,0.000821056
1607,166.125000000,fused_map_f2f,1,1,0,0.162522077,0.011639856,0.594183446,0.594183446,0.100000000,0.018356536,0.018356536,0.059937236,0.004653196,1.000000000,0.000000000,0.000000000,0.000000000,0.000000000,0.000000000,0.600000000,1.000000000,0.760000000,1.000000000,0.988636364,0.600000000,0.593181818,1.022878788,104.063697815,17.368103027,0.853344381,0.999590635,0.026450932,-0.010870113,0.000894912
1608,166.213000000,fused_map_f2f,1,1,0,0.168880887,0.012003113,0.569013158,0.569013158,0.100000000,0.019152984,0.019152984,0.062383964,0.004858030,1.000000000,0.000000000,0.000000000,0.000000000,0.000000000,0.000000000,0.618181818,1.000000000,0.770909091,1.000000000,0.987829615,0.590116279,0.582934337,1.022195622,104.120498657,17.367845535,0.852395117,0.999591470,0.026389454,-0.010939565,0.000900771
1609,166.320000000,fused_map_f2f,1,1,0,0.168860955,0.013365389,0.569092055,0.569092055,0.100000000,0.019150380,0.019150380,0.062484457,0.004857360,1.000000000,0.000000000,0.000000000,0.000000000,0.000000000,0.000000000,0.553571429,1.000000000,0.732142857,1.000000000,0.987893462,0.618902439,0.611409673,1.024093978,104.187843323,17.368450165,0.851927817,0.999593556,0.026306421,-0.010941406,0.000991860
1610,166.426000000,fused_map_f2f,1,1,0,0.173950367,0.013884345,0.548946465,0.548946465,0.100000000,0.019839230,0.019839230,0.064528308,0.005034721,1.000000000,0.000000000,0.000000000,0.000000000,0.000000000,0.000000000,0.525423729,1.000000000,0.715254237,1.000000000,0.989894907,0.591715976,0.585736631,1.022382442,104.250129700,17.368440628,0.850522637,0.999593496,0.026312400,-0.010934739,0.001004283
1611,166.521000000,fused_map_f2f,1,1,0,0.180076798,0.012990403,0.524696006,0.524696006,0.100000000,0.020737147,0.020737147,0.067376095,0.005266191,1.000000000,0.000000000,0.000000000,0.000000000,0.000000000,0.000000000,0.581818182,1.000000000,0.749090909,1.000000000,0.990314770,0.607784431,0.601897899,1.023459860,104.308540344,17.368097305,0.849615812,0.999594271,0.026276993,-0.010941692,0.001029225
1612,166.620000000,fused_map_f2f,1,1,0,0.177840804,0.012107042,0.533546817,0.533546817,0.100000000,0.020400164,0.020400164,0.066263190,0.005179285,1.000000000,0.000000000,0.000000000,0.000000000,0.000000000,0.000000000,0.589285714,1.000000000,0.753571429,1.000000000,0.991961415,0.589442815,0.584704529,1.022313635,104.370979309,17.368005753,0.848702848,0.999601960,0.025984798,-0.010935823,0.001042617
1613,166.722000000,fused_map_f2f,1,1,0,0.183531278,0.012321317,0.511022026,0.511022026,0.100000000,0.021280226,0.021280226,0.068941074,0.005406343,1.000000000,0.000000000,0.000000000,0.000000000,0.000000000,0.000000000,0.561403509,1.000000000,0.736842105,1.000000000,0.991573034,0.579710145,0.574824947,1.021654996,104.434555054,17.368738174,0.847943902,0.999596834,0.026181201,-0.010939187,0.001067476
1614,166.829000000,fused_map_f2f,1,1,0,0.187802233,0.012656670,0.494116160,0.494116160,0.100000000,0.021992303,0.021992303,0.071195414,0.005590283,1.000000000,0.000000000,0.000000000,0.000000000,0.000000000,0.000000000,0.592592593,1.000000000,0.755555556,1.000000000,0.990392314,0.595238095,0.589519234,1.022634616,104.501197815,17.368286133,0.846512735,0.999593914,0.026289109,-0.010944542,0.001052188
1615,166.919000000,fused_map_f2f,1,1,0,0.189320693,0.012246294,0.488105590,0.488105590,0.100000000,0.022257090,0.022257090,0.072001388,0.005658733,1.000000000,0.000000000,0.000000000,0.000000000,0.000000000,0.000000000,0.561403509,1.000000000,0.736842105,1.000000000,0.990400000,0.593471810,0.587774481,1.022518299,104.567893982,17.368848801,0.845979452,0.999593258,0.026313864,-0.010940700,0.001078831
1616,167.020000000,fused_map_f2f,1,1,0,0.197633028,0.010976235,0.455202598,0.455202598,0.100000000,0.023827545,0.023827545,0.076834374,0.006065277,1.000000000,0.000000000,0.000000000,0.000000000,0.000000000,0.000000000,0.627450980,1.000000000,0.776470588,1.000000000,0.992828685,0.598187311,0.593897522,1.022926501,104.629714966,17.368482590,0.844861329,0.999594569,0.026257211,-0.010956274,0.001096881
1617,167.114000000,fused_map_f2f,1,1,0,0.198886119,0.011432022,0.450242446,0.450242446,0.100000000,0.024083723,0.024083723,0.077575814,0.006131686,1.000000000,0.000000000,0.000000000,0.000000000,0.000000000,0.000000000,0.618181818,1.000000000,0.770909091,1.000000000,0.989653800,0.591591592,0.585470867,1.022364724,104.687904358,17.368207932,0.843736827,0.999594450,0.026265336,-0.010949148,0.001082700
1618,167.221000000,fused_map_f2f,1,1,0,0.199854276,0.012397632,0.446410157,0.446410157,0.100000000,0.024285453,0.024285453,0.078185880,0.006183999,1.000000000,0.000000000,0.000000000,0.000000000,0.000000000,0.000000000,0.578947368,1.000000000,0.747368421,1.000000000,0.991245523,0.589820359,0.584656791,1.022310453,104.762977600,17.368421555,0.843191624,0.999592960,0.026325688,-0.010945463,0.001043686
1619,167.323000000,fused_map_f2f,1,1,0,0.205707586,0.013041036,0.423240804,0.423240804,0.100000000,0.025580896,0.025580896,0.082035386,0.006520321,1.000000000,0.000000000,0.000000000,0.000000000,0.000000000,0.000000000,0.534482759,1.000000000,0.720689655,1.000000000,0.992072929,0.573099415,0.568556415,1.021237094,104.827003479,17.368520737,0.842266560,0.999589920,0.026440946,-0.010952913,0.000991068
1620,167.431000000,fused_map_f2f,1,1,0,0.210077032,0.014654866,0.405945084,0.405945084,0.100000000,0.026641760,0.026641760,0.085229340,0.006796238,1.000000000,0.000000000,0.000000000,0.000000000,0.000000000,0.000000000,0.553571429,1.000000000,0.732142857,1.000000000,0.990865766,0.573134328,0.567899186,1.021193279,104.899597168,17.368822098,0.840842187,0.999588490,0.026495500,-0.010949966,0.000998808
1621,167.515000000,fused_map_f2f,1,1,0,0.215676341,0.014043668,0.383781149,0.383781149,0.100000000,0.028137070,0.028137070,0.089645620,0.007185910,1.000000000,0.000000000,0.000000000,0.000000000,0.000000000,0.000000000,0.561403509,1.000000000,0.736842105,1.000000000,0.990095087,0.561403509,0.555842856,1.020389524,104.950714111,17.368772507,0.840431094,0.999589920,0.026441170,-0.010952845,0.000978548
1622,167.624000000,fused_map_f2f,1,1,0,0.216673403,0.013447968,0.379834448,0.379834448,0.100000000,0.028421121,0.028421121,0.090473552,0.007260034,1.000000000,0.000000000,0.000000000,0.000000000,0.000000000,0.000000000,0.553571429,1.000000000,0.732142857,1.000000000,0.992930086,0.556195965,0.552263708,1.020150914,105.010818481,17.368515015,0.839275002,0.999586344,0.026576214,-0.010949698,0.000969283
1623,167.728000000,fused_map_f2f,1,1,0,0.221933582,0.012942340,0.359012906,0.359012906,0.100000000,0.030019968,0.030019968,0.095349567,0.007677859,1.000000000,0.000000000,0.000000000,0.000000000,0.000000000,0.000000000,0.581818182,1.000000000,0.749090909,1.000000000,0.991735537,0.579881657,0.575089246,1.021672616,105.065536499,17.368434906,0.838424504,0.999584258,0.026653318,-0.010958632,0.000914194
1624,167.818000000,fused_map_f2f,1,1,0,0.223616289,0.013021571,0.352352189,0.352352189,0.100000000,0.030570105,0.030570105,0.096926226,0.007821863,1.000000000,0.000000000,0.000000000,0.000000000,0.000000000,0.000000000,0.563636364,1.000000000,0.738181818,1.000000000,0.992924528,0.570200573,0.566166135,1.021077742,105.124137878,17.369852066,0.837151945,0.999582350,0.026727702,-0.010947411,0.000939515
1625,167.918000000,fused_map_f2f,1,1,0,0.226835637,0.012911697,0.339608937,0.339608937,0.100000000,0.031680855,0.031680855,0.100099279,0.008112984,1.000000000,0.000000000,0.000000000,0.000000000,0.000000000,0.000000000,0.581818182,1.000000000,0.749090909,1.000000000,0.992575225,0.553370787,0.549262133,1.019950809,105.183677673,17.370065689,0.836327016,0.999583662,0.026677912,-0.010949310,0.000951920
1626,168.023000000,fused_map_f2f,1,1,0,0.231913719,0.014445669,0.319508194,0.319508194,0.100000000,0.033606964,0.033606964,0.105789880,0.008618984,1.000000000,0.000000000,0.000000000,0.000000000,0.000000000,0.000000000,0.596153846,1.000000000,0.757692308,1.000000000,0.992181392,0.563218391,0.558814807,1.020587654,105.243499756,17.369422913,0.835229933,0.999581635,0.026755879,-0.010950315,0.000913328
1627,168.114000000,fused_map_f2f,1,1,0,0.239981667,0.014521723,0.287572567,0.287572567,0.100000000,0.037200262,0.037200262,0.116205614,0.009566986,1.000000000,0.000000000,0.000000000,0.000000000,0.000000000,0.000000000,0.553571429,1.000000000,0.732142857,1.000000000,0.991423002,0.568513120,0.563636984,1.020909132,105.300582886,17.369762421,0.834039330,0.999577045,0.026921619,-0.010958272,0.000891208
1628,168.216000000,fused_map_f2f,1,1,0,0.243268933,0.011534460,0.274560473,0.274560473,0.100000000,0.038894702,0.038894702,0.121112922,0.010015848,1.000000000,0.000000000,0.000000000,0.000000000,0.000000000,0.000000000,0.566037736,1.000000000,0.739622642,1.000000000,0.992248062,0.577712610,0.573234218,1.021548948,105.365364075,17.369817734,0.833170652,0.999577641,0.026894491,-0.010972906,0.000899619
1629,168.321000000,fused_map_f2f,1,1,0,0.255842017,0.012307632,0.224792014,0.224792014,0.100000000,0.047100313,0.047100313,0.144140710,0.012206268,1.000000000,0.000000000,0.000000000,0.000000000,0.000000000,0.000000000,0.574074074,1.000000000,0.744444444,1.000000000,0.991860465,0.587537092,0.582754813,1.022183654,105.433166504,17.370002747,0.832353830,0.999577343,0.026912510,-0.010960284,0.000853431
1630,168.422000000,fused_map_f2f,1,1,0,0.259090272,0.013164981,0.211934341,0.211934341,0.100000000,0.049815457,0.049815457,0.151488692,0.012937219,1.000000000,0.000000000,0.000000000,0.000000000,0.000000000,0.000000000,0.543859649,1.000000000,0.726315789,1.000000000,0.992655586,0.578488372,0.574239714,1.021615981,105.498611450,17.370027542,0.831192374,0.999578416,0.026874484,-0.010960866,0.000800953
1631,168.527000000,fused_map_f2f,1,1,0,0.262368277,0.014525234,0.198958903,0.198958903,0.100000000,0.052892419,0.052892419,0.159847039,0.013769324,1.000000000,0.000000000,0.000000000,0.000000000,0.000000000,0.000000000,0.574074074,1.000000000,0.744444444,1.000000000,0.992310650,0.585294118,0.580793586,1.022052906,105.572914124,17.369998932,0.830322206,0.999583364,0.026691429,-0.010952881,0.000826114
1632,168.619000000,fused_map_f2f,1,1,0,0.273542077,0.013667063,0.154729280,0.154729280,0.100000000,0.066998824,0.066998824,0.196565277,0.017635894,1.000000000,0.000000000,0.000000000,0.000000000,0.000000000,0.000000000,0.584905660,1.000000000,0.750943396,1.000000000,0.993100805,0.585507246,0.581467718,1.022097848,105.638740540,17.371269226,0.829548776,0.999571145,0.027139781,-0.010966122,0.000811524
1633,168.728000000,fused_map_f2f,1,1,0,0.273841388,0.014288109,0.153544507,0.153544507,0.100000000,0.067480911,0.067480911,0.197801905,0.017769557,1.000000000,0.000000000,0.000000000,0.000000000,0.000000000,0.000000000,0.615384615,1.000000000,0.769230769,1.000000000,0.993494068,0.587209302,0.583388959,1.022225931,105.719032288,17.371360779,0.828613520,0.999568760,0.027224427,-0.010974964,0.000825211
1634,168.828000000,fused_map_f2f,1,1,0,0.283948897,0.017503201,0.113535614,0.113535614,0.100000000,0.089140818,0.089140818,0.249901926,0.023881840,1.000000000,0.000000000,0.000000000,0.000000000,0.000000000,0.000000000,0.517241379,1.000000000,0.710344828,1.000000000,0.992033384,0.573863636,0.569291885,1.021286126,105.788032532,17.371492386,0.827962816,0.999568462,0.027235197,-0.010976377,0.000785597
1635,168.930000000,fused_map_f2f,1,1,0,0.298278620,0.013775234,0.056813797,0.056813797,0.100000000,0.163579333,0.163579333,0.400137312,0.046613599,1.000000000,0.000000000,0.000000000,0.000000000,0.000000000,0.000000000,0.555555556,1.000000000,0.733333333,1.000000000,0.991638160,0.603550296,0.598503505,1.023233567,105.858062744,17.371379852,0.826782465,0.999567986,0.027249310,-0.010990166,0.000692041
1636,169.019000000,fused_map_f2f,1,1,1,0.310726816,0.010812289,0.050000000,0.050000000,0.100000000,0.181818182,0.181818182,0.431538506,0.052631579,1.000000000,0.000000000,0.000000000,0.000000000,0.000000000,0.000000000,0.527272727,1.000000000,0.716363636,1.000000000,0.993550835,0.626506024,0.622465583,1.024831039,105.927772522,17.372320175,0.826114237,0.999561787,0.027480753,-0.010973961,0.000784389
1637,169.122000000,fused_map_f2f,1,1,1,0.318186884,0.014357279,0.050000000,0.050000000,0.100000000,0.181818182,0.181818182,0.431078619,0.052631579,1.000000000,0.000000000,0.000000000,0.000000000,0.000000000,0.000000000,0.500000000,1.000000000,0.700000000,1.000000000,0.993255901,0.597701149,0.593670194,1.022911346,106.004577637,17.372516632,0.825280607,0.999558508,0.027597465,-0.010978213,0.000783692
1638,169.228000000,fused_map_f2f,1,1,1,0.336270870,0.014522682,0.050000000,0.050000000,0.100000000,0.181818182,0.181818182,0.430913297,0.052631579,1.000000000,0.000000000,0.000000000,0.000000000,0.000000000,0.000000000,0.607843137,1.000000000,0.764705882,1.000000000,0.992531740,0.587719298,0.583330058,1.022222004,106.081352234,17.372709274,0.824239969,0.999556124,0.027681334,-0.010990870,0.000721988
1639,169.323000000,fused_map_f2f,1,1,1,0.345629917,0.014571091,0.050000000,0.050000000,0.100000000,0.181818182,0.181818182,0.431082164,0.052631579,1.000000000,0.000000000,0.000000000,0.000000000,0.000000000,0.000000000,0.574074074,1.000000000,0.744444444,1.000000000,0.993682646,0.597667638,0.593891960,1.022926131,106.157043457,17.372779846,0.823306978,0.999556124,0.027686471,-0.010980697,0.000681908
1640,169.415000000,fused_map_f2f,1,1,1,0.365046428,0.014119529,0.050000000,0.050000000,0.100000000,0.181818182,0.181818182,0.431215426,0.052631579,1.000000000,0.000000000,0.000000000,0.000000000,0.000000000,0.000000000,0.547169811,1.000000000,0.728301887,1.000000000,0.992947290,0.606508876,0.602231345,1.023482090,106.235885620,17.372516632,0.822290123,0.999556839,0.027653260,-0.010997754,0.000639310
1641,169.513000000,fused_map_f2f,1,1,1,0.373582048,0.014192866,0.050000000,0.050000000,0.100000000,0.181818182,0.181818182,0.430772010,0.052631579,1.000000000,0.000000000,0.000000000,0.000000000,0.000000000,0.000000000,0.545454545,1.000000000,0.727272727,1.000000000,0.994106814,0.577903683,0.574497989,1.021633199,106.332092285,17.372554779,0.821495771,0.999559700,0.027546311,-0.011003328,0.000672175
1642,169.613000000,fused_map_f2f,1,1,1,0.405605168,0.019030335,0.050000000,0.050000000,0.100000000,0.181818182,0.181818182,0.430817587,0.052631579,1.000000000,0.000000000,0.000000000,0.000000000,0.000000000,0.000000000,0.535714286,1.000000000,0.721428571,1.000000000,0.994162714,0.580736544,0.577346619,1.021823108,106.421813965,17.372425079,0.820720315,0.999558210,0.027604494,-0.011000559,0.000588232
1643,169.720000000,fused_map_f2f,1,1,1,0.439364239,0.018109195,0.050000000,0.050000000,0.100000000,0.181818182,0.181818182,0.430832858,0.052631579,1.000000000,0.000000000,0.000000000,0.000000000,0.000000000,0.000000000,0.576923077,1.000000000,0.746153846,1.000000000,0.993779729,0.581920904,0.578301198,1.021886747,106.523284912,17.372787476,0.819820225,0.999559402,0.027565384,-0.010988492,0.000617483
1644,169.820000000,fused_map_f2f,1,1,1,0.467389521,0.017264176,0.050000000,0.050000000,0.100000000,0.181818182,0.181818182,0.430933967,0.052631579,1.000000000,0.000000000,0.000000000,0.000000000,0.000000000,0.000000000,0.538461538,1.000000000,0.723076923,1.000000000,0.993858382,0.588235294,0.584622577,1.022308172,106.610267639,17.372461319,0.818364918,0.999560654,0.027512524,-0.011008915,0.000555829
1645,169.922000000,fused_map_f2f,1,1,1,0.498583549,0.015699068,0.050000000,0.050000000,0.100000000,0.181818182,0.181818182,0.430903512,0.052631579,1.000000000,0.000000000,0.000000000,0.000000000,0.000000000,0.000000000,0.517857143,1.000000000,0.710714286,1.000000000,0.994211288,0.586111111,0.582718283,1.022181219,106.703475952,17.371986389,0.817493081,0.999557555,0.027628345,-0.011003065,0.000573182
1646,170.030000000,fused_map_f2f,1,1,1,0.537507963,0.014857923,0.050000000,0.050000000,0.100000000,0.181818182,0.181818182,0.431088641,0.052631579,1.000000000,0.000000000,0.000000000,0.000000000,0.000000000,0.000000000,0.490909091,1.000000000,0.694545455,1.000000000,0.994250808,0.597733711,0.594297225,1.022953148,106.795700073,17.371845245,0.816345751,0.999561965,0.027466353,-0.011009502,0.000529133
1647,170.114000000,fused_map_f2f,1,1,1,0.581969426,0.014139021,0.050000000,0.050000000,0.100000000,0.181818182,0.181818182,0.431055671,0.052631579,1.000000000,0.000000000,0.000000000,0.000000000,0.000000000,0.000000000,0.518518519,1.000000000,0.711111111,1.000000000,0.994614004,0.595441595,0.592234549,1.022815637,106.862899780,17.371223450,0.815630078,0.999561071,0.027491180,-0.011032739,0.000442041
1648,170.214000000,fused_map_f2f,1,1,1,0.615926732,0.013485573,0.050000000,0.050000000,0.100000000,0.181818182,0.181818182,0.430943468,0.052631579,1.000000000,0.000000000,0.000000000,0.000000000,0.000000000,0.000000000,0.481481481,1.000000000,0.688888889,1.000000000,0.995700466,0.587743733,0.585216708,1.022347781,106.949157715,17.371751785,0.814813018,0.999561489,0.027482942,-0.011012074,0.000493570
1649,170.319000000,fused_map_f2f,1,1,1,0.667438261,0.016781948,0.050000000,0.050000000,0.100000000,0.181818182,0.181818182,0.430785297,0.052631579,1.000000000,0.000000000,0.000000000,0.000000000,0.000000000,0.000000000,0.500000000,1.000000000,0.700000000,1.000000000,0.995012469,0.578212291,0.575328439,1.021688563,107.030464172,17.370861053,0.813925028,0.999562562,0.027458172,-0.010976104,0.000439741
1650,170.424000000,fused_map_f2f,1,1,1,0.724209320,0.014730721,0.050000000,0.050000000,0.100000000,0.181818182,0.181818182,0.430700288,0.052631579,1.000000000,0.000000000,0.000000000,0.000000000,0.000000000,0.000000000,0.500000000,1.000000000,0.700000000,1.000000000,0.995401486,0.572649573,0.570016235,1.021334416,107.119155884,17.372568130,0.812785566,0.999561429,0.027492654,-0.010993015,0.000501444
1651,170.525000000,fused_map_f2f,1,1,1,0.770360643,0.018331082,0.050000000,0.050000000,0.100000000,0.181818182,0.181818182,0.430836632,0.052631579,1.000000000,0.000000000,0.000000000,0.000000000,0.000000000,0.000000000,0.500000000,1.000000000,0.700000000,1.000000000,0.995424146,0.581196581,0.578537111,1.021902474,107.198226929,17.372678757,0.811917305,0.999563992,0.027395930,-0.011000568,0.000497669
1652,170.632000000,fused_map_f2f,1,1,1,0.831157873,0.015601966,0.050000000,0.050000000,0.100000000,0.181818182,0.181818182,0.430522976,0.052631579,1.000000000,0.000000000,0.000000000,0.000000000,0.000000000,0.000000000,0.472727273,1.000000000,0.683636364,1.000000000,0.995783556,0.561307902,0.558941178,1.020596079,107.273880005,17.372341156,0.810916245,0.999564767,0.027375557,-0.010986446,0.000438568
1653,170.714000000,fused_map_f2f,1,1,1,0.897317431,0.011808485,0.050000000,0.050000000,0.100000000,0.181818182,0.181818182,0.430959356,0.052631579,1.000000000,0.000000000,0.000000000,0.000000000,0.000000000,0.000000000,0.481481481,1.000000000,0.688888889,1.000000000,0.995451365,0.588888889,0.586210248,1.022414017,107.338417053,17.372421265,0.809799910,0.999563098,0.027428366,-0.011002107,0.000477027
1654,170.830000000,fused_map_f2f,1,1,1,0.983818143,0.013285791,0.050000000,0.050000000,0.100000000,0.181818182,0.181818182,0.430867168,0.052631579,1.000000000,0.000000000,0.000000000,0.000000000,0.000000000,0.000000000,0.528301887,1.000000000,0.716981132,1.000000000,0.995836225,0.582872928,0.580445976,1.022029732,107.420852661,17.372968674,0.808987260,0.999564290,0.027380457,-0.011015603,0.000464893
1655,170.925000000,fused_map_f2f,1,1,1,1.068838000,0.015641886,0.050000000,0.050000000,0.100000000,0.181818182,0.181818182,0.430978298,0.052631579,1.000000000,0.000000000,0.000000000,0.000000000,0.000000000,0.000000000,0.509803922,1.000000000,0.705882353,1.000000000,0.994473230,0.590659341,0.587394902,1.022492993,107.488075256,17.372661591,0.807504952,0.999563336,0.027413946,-0.011017350,0.000464288
1656,171.023000000,fused_map_f2f,1,1,1,1.136688637,0.013566750,0.050000000,0.050000000,0.100000000,0.181818182,0.181818182,0.430886035,0.052631579,1.000000000,0.000000000,0.000000000,0.000000000,0.000000000,0.000000000,0.490566038,1.000000000,0.694339623,1.000000000,0.995526497,0.584239130,0.581625535,1.022108369,107.555206299,17.372596741,0.806994081,0.999564469,0.027376760,-0.011004547,0.000462723
1657,171.123000000,fused_map_f2f,1,1,1,1.214526545,0.018382699,0.050000000,0.050000000,0.100000000,0.181818182,0.181818182,0.431225314,0.052631579,1.000000000,0.000000000,0.000000000,0.000000000,0.000000000,0.000000000,0.509433962,1.000000000,0.705660377,1.000000000,0.995532646,0.605555556,0.602850325,1.023523355,107.616737366,17.372930527,0.805985272,0.999565184,0.027354017,-0.010997971,0.000498688
1658,171.234000000,fused_map_f2f,1,1,1,1.297878601,0.012268533,0.050000000,0.050000000,0.100000000,0.181818182,0.181818182,0.431213552,0.052631579,1.000000000,0.000000000,0.000000000,0.000000000,0.000000000,0.000000000,0.490909091,1.000000000,0.694545455,1.000000000,0.996225120,0.604395604,0.602114084,1.023474272,107.672370911,17.373149872,0.804574490,0.999562085,0.027470807,-0.010991307,0.000436867
1659,171.323000000,fused_map_f2f,1,1,1,1.370709816,0.010568118,0.050000000,0.050000000,0.100000000,0.181818182,0.181818182,0.431328167,0.052631579,1.000000000,0.000000000,0.000000000,0.000000000,0.000000000,0.000000000,0.549019608,1.000000000,0.729411765,1.000000000,0.995535714,0.612021858,0.609289617,1.023952641,107.720306396,17.373052597,0.803905189,0.999562919,0.027441313,-0.010988097,0.000451941
1660,171.431000000,fused_map_f2f,1,1,1,1.431496329,0.013682760,0.050000000,0.050000000,0.100000000,0.181818182,0.181818182,0.431523741,0.052631579,1.000000000,0.000000000,0.000000000,0.000000000,0.000000000,0.000000000,0.551020408,1.000000000,0.730612245,1.000000000,0.995564654,0.624309392,0.621540364,1.024769358,107.774017334,17.372253418,0.802915394,0.999568105,0.027248958,-0.010996973,0.000433127
1661,171.526000000,fused_map_f2f,1,1,1,1.499413807,0.010227923,0.050000000,0.050000000,0.100000000,0.181818182,0.181818182,0.431547095,0.052631579,1.000000000,0.000000000,0.000000000,0.000000000,0.000000000,0.000000000,0.500000000,1.000000000,0.700000000,1.000000000,0.996257230,0.625344353,0.623003833,1.024866922,107.816436768,17.372222900,0.802342951,0.999566972,0.027286422,-0.011004305,0.000401603
1662,171.627000000,fused_map_f2f,1,1,1,1.573174331,0.011783849,0.050000000,0.050000000,0.100000000,0.181818182,0.181818182,0.431467748,0.052631579,1.000000000,0.000000000,0.000000000,0.000000000,0.000000000,0.000000000,0.456140351,1.000000000,0.673684211,1.000000000,0.994225543,0.621621622,0.618032095,1.024535473,107.861793518,17.372774124,0.801313937,0.999565542,0.027342189,-0.010999732,0.000398918
1663,171.728000000,fused_map_f2f,1,1,1,1.661509085,0.010943521,0.050000000,0.050000000,0.100000000,0.181818182,0.181818182,0.431815534,0.052631579,1.000000000,0.000000000,0.000000000,0.000000000,0.000000000,0.000000000,0.583333333,1.000000000,0.750000000,1.000000000,0.995603652,0.642659280,0.639833926,1.025988928,107.906188965,17.372898102,0.800249636,0.999564350,0.027382335,-0.011004829,0.000389157
1664,171.816000000,fused_map_f2f,1,1,1,1.732838769,0.010600074,0.050000000,0.050000000,0.100000000,0.181818182,0.181818182,0.431738846,0.052631579,1.000000000,0.000000000,0.000000000,0.000000000,0.000000000,0.000000000,0.490196078,1.000000000,0.694117647,1.000000000,0.995956873,0.637602180,0.635024273,1.025668285,107.948188782,17.372905731,0.799336314,0.999567807,0.027260160,-0.010994312,0.000428348
1665,171.915000000,fused_map_f2f,1,1,1,1.801649991,0.009014428,0.050000000,0.050000000,0.100000000,0.181818182,0.181818182,0.432048901,0.052631579,1.000000000,0.000000000,0.000000000,0.000000000,0.000000000,0.000000000,0.481481481,1.000000000,0.688888889,1.000000000,0.996653280,0.656675749,0.654478039,1.026965203,107.990875244,17.372877121,0.798902810,0.999572992,0.027067829,-0.010999436,0.000431121
1666,172.020000000,fused_map_f2f,1,1,1,1.888327754,0.011739664,0.050000000,0.050000000,0.100000000,0.181818182,0.181818182,0.432211440,0.052631579,1.000000000,0.000000000,0.000000000,0.000000000,0.000000000,0.000000000,0.529411765,1.000000000,0.717647059,1.000000000,0.995659432,0.667582418,0.664684731,1.027645649,108.031974792,17.373678207,0.797999382,0.999566257,0.027313115,-0.011001645,0.000420471
1667,172.140000000,fused_map_f2f,1,1,1,1.974070943,0.011468627,0.050000000,0.050000000,0.100000000,0.181818182,0.181818182,0.431820028,0.052631579,1.000000000,0.000000000,0.000000000,0.000000000,0.000000000,0.000000000,0.454545455,1.000000000,0.672727273,1.000000000,0.996330887,0.642473118,0.640115812,1.026007721,108.076713562,17.372987747,0.796785057,0.999567807,0.027259145,-0.010997942,0.000404892
1668,172.235000000,fused_map_f2f,1,1,1,2.016744076,0.012951181,0.050000000,0.050000000,0.100000000,0.181818182,0.181818182,0.431866202,0.052631579,1.000000000,0.000000000,0.000000000,0.000000000,0.000000000,0.000000000,0.509433962,1.000000000,0.705660377,1.000000000,0.993989983,0.646900270,0.643012388,1.026200826,108.109771729,17.372512817,0.795891345,0.999568343,0.027239198,-0.010997610,0.000386849
1669,172.325000000,fused_map_f2f,1,1,1,2.067016881,0.014234431,0.050000000,0.050000000,0.100000000,0.181818182,0.181818182,0.432088635,0.052631579,1.000000000,0.000000000,0.000000000,0.000000000,0.000000000,0.000000000,0.481481481,1.000000000,0.688888889,1.000000000,0.995000000,0.660273973,0.656972603,1.027131507,108.142944336,17.372682571,0.794843912,0.999567628,0.027269518,-0.010989958,0.000368940
1670,172.431000000,fused_map_f2f,1,1,1,2.147595894,0.017768416,0.050000000,0.050000000,0.100000000,0.181818182,0.181818182,0.432530052,0.052631579,1.000000000,0.000000000,0.000000000,0.000000000,0.000000000,0.000000000,0.551020408,1.000000000,0.730612245,1.000000000,0.995681063,0.687679083,0.684709041,1.028980603,108.180587769,17.372165680,0.794312656,0.999568403,0.027254906,-0.010952148,0.000452071
1671,172.520000000,fused_map_f2f,1,1,1,2.173194215,0.009986293,0.050000000,0.050000000,0.100000000,0.181818182,0.181818182,0.432113423,0.052631579,1.000000000,0.000000000,0.000000000,0.000000000,0.000000000,0.000000000,0.490566038,1.000000000,0.694339623,1.000000000,0.996025174,0.661157025,0.658529041,1.027235269,108.212081909,17.372518539,0.793366492,0.999569774,0.027194949,-0.010979088,0.000423034
1672,172.626000000,fused_map_f2f,1,1,1,2.205230441,0.010026281,0.050000000,0.050000000,0.100000000,0.181818182,0.181818182,0.432027364,0.052631579,1.000000000,0.000000000,0.000000000,0.000000000,0.000000000,0.000000000,0.529411765,1.000000000,0.717647059,1.000000000,0.996017259,0.655737705,0.653126071,1.026875071,108.246391296,17.371841431,0.792231023,0.999569654,0.027186738,-0.011005494,0.000436889
1673,172.730000000,fused_map_f2f,1,1,1,2.250930975,0.010025425,0.050000000,0.050000000,0.100000000,0.181818182,0.181818182,0.432027849,0.052631579,1.000000000,0.000000000,0.000000000,0.000000000,0.000000000,0.000000000,0.480769231,1.000000000,0.688461538,1.000000000,0.997350993,0.654891304,0.653156493,1.026877100,108.279785156,17.372020721,0.790774167,0.999567747,0.027263729,-0.010989712,0.000400521
1674,172.839000000,fused_map_f2f,1,1,1,2.314935870,0.012143811,0.050000000,0.050000000,0.100000000,0.181818182,0.181818182,0.432244571,0.052631579,1.000000000,0.000000000,0.000000000,0.000000000,0.000000000,0.000000000,0.510204082,1.000000000,0.706122449,1.000000000,0.996033058,0.669421488,0.666765931,1.027784395,108.316284180,17.371845245,0.789553165,0.999568164,0.027249396,-0.010991206,0.000395177
1675,172.932000000,fused_map_f2f,1,1,1,2.335117078,0.011109985,0.050000000,0.050000000,0.100000000,0.181818182,0.181818182,0.432291859,0.052631579,1.000000000,0.000000000,0.000000000,0.000000000,0.000000000,0.000000000,0.520000000,1.000000000,0.712000000,1.000000000,0.996370835,0.672176309,0.669736870,1.027982458,108.354087830,17.371955872,0.788725436,0.999571502,0.027123766,-0.010997292,0.000418012
1676,173.017000000,fused_map_f2f,1,1,1,2.334019204,0.011935072,0.050000000,0.050000000,0.100000000,0.181818182,0.181818182,0.432468377,0.052631579,1.000000000,0.000000000,0.000000000,0.000000000,0.000000000,0.000000000,0.541666667,1.000000000,0.725000000,1.000000000,0.995060915,0.684210526,0.680831153,1.028722077,108.386795044,17.371643066,0.788024783,0.999571979,0.027110452,-0.010983322,0.000413341
1677,173.123000000,fused_map_f2f,1,1,1,2.341369534,0.011820385,0.050000000,0.050000000,0.100000000,0.181818182,0.181818182,0.432487637,0.052631579,1.000000000,0.000000000,0.000000000,0.000000000,0.000000000,0.000000000,0.509803922,1.000000000,0.705882353,1.000000000,0.997041420,0.684065934,0.682042070,1.028802805,108.426498413,17.371688843,0.787032127,0.999570727,0.027158508,-0.010979472,0.000412997
1678,173.215000000,fused_map_f2f,1,1,1,2.389429779,0.012222772,0.050000000,0.050000000,0.100000000,0.181818182,0.181818182,0.432489267,0.052631579,1.000000000,0.000000000,0.000000000,0.000000000,0.000000000,0.000000000,0.520833333,1.000000000,0.712500000,1.000000000,0.995710986,0.685082873,0.682144543,1.028809636,108.462303162,17.372161865,0.786004663,0.999570251,0.027171543,-0.010992456,0.000398368
1679,173.329000000,fused_map_f2f,1,1,1,2.444544074,0.013900976,0.050000000,0.050000000,0.100000000,0.181818182,0.181818182,0.432475636,0.052631579,1.000000000,0.000000000,0.000000000,0.000000000,0.000000000,0.000000000,0.531914894,1.000000000,0.719148936,1.000000000,0.995727900,0.684210526,0.681287511,1.028752501,108.505928040,17.371833801,0.784792364,0.999567211,0.027277812,-0.011005276,0.000406312
1680,173.432000000,fused_map_f2f,1,1,1,2.443557788,0.012332630,0.050000000,0.050000000,0.100000000,0.181818182,0.181818182,0.432313462,0.052631579,1.000000000,0.000000000,0.000000000,0.000000000,0.000000000,0.000000000,0.480769231,1.000000000,0.688461538,1.000000000,0.995729304,0.673972603,0.671094270,1.028072951,108.544853210,17.371862411,0.783773899,0.999568403,0.027233871,-0.011004685,0.000398864
1681,173.522000000,fused_map_f2f,1,1,1,2.424642922,0.011692991,0.050000000,0.050000000,0.100000000,0.181818182,0.181818182,0.432359155,0.052631579,1.000000000,0.000000000,0.000000000,0.000000000,0.000000000,0.000000000,0.586956522,1.000000000,0.752173913,1.000000000,0.996061700,0.676630435,0.673965661,1.028264377,108.578948975,17.371225357,0.783129871,0.999571145,0.027132083,-0.011006895,0.000394372
1682,173.625000000,fused_map_f2f,1,1,1,2.453834197,0.011064336,0.050000000,0.050000000,0.100000000,0.181818182,0.181818182,0.432447563,0.052631579,1.000000000,0.000000000,0.000000000,0.000000000,0.000000000,0.000000000,0.530612245,1.000000000,0.718367347,1.000000000,0.996087382,0.682191781,0.679522625,1.028634842,108.616416931,17.371271133,0.782108903,0.999569297,0.027199160,-0.011010299,0.000391022
1683,173.737000000,fused_map_f2f,1,1,1,2.534949124,0.013932184,0.050000000,0.050000000,0.100000000,0.181818182,0.181818182,0.432508672,0.052631579,1.000000000,0.000000000,0.000000000,0.000000000,0.000000000,0.000000000,0.490196078,1.000000000,0.694117647,1.000000000,0.997712418,0.684931507,0.683364670,1.028890978,108.656143188,17.370996475,0.781301200,0.999569774,0.027181564,-0.011013888,0.000387053
1684,173.824000000,fused_map_f2f,1,1,1,2.548074400,0.011481023,0.050000000,0.050000000,0.100000000,0.181818182,0.181818182,0.432561418,0.052631579,1.000000000,0.000000000,0.000000000,0.000000000,0.000000000,0.000000000,0.510204082,1.000000000,0.706122449,1.000000000,0.997061704,0.688705234,0.686681614,1.029112108,108.688980103,17.371412277,0.780135810,0.999565721,0.027332690,-0.011006101,0.000363092
1685,173.926000000,fused_map_f2f,1,1,1,2.549396776,0.011680237,0.050000000,0.050000000,0.100000000,0.181818182,0.181818182,0.432645139,0.052631579,1.000000000,0.000000000,0.000000000,0.000000000,0.000000000,0.000000000,0.531914894,1.000000000,0.719148936,1.000000000,0.996734161,0.694214876,0.691947682,1.029463179,108.729782104,17.371166229,0.779405355,0.999568045,0.027251985,-0.010994420,0.000379615
1686,174.013000000,fused_map_f2f,1,1,1,2.537316543,0.012671204,0.050000000,0.050000000,0.100000000,0.181818182,0.181818182,0.432604903,0.052631579,1.000000000,0.000000000,0.000000000,0.000000000,0.000000000,0.000000000,0.490566038,1.000000000,0.694339623,1.000000000,0.996746910,0.691666667,0.689416612,1.029294441,108.764068604,17.371135712,0.778570712,0.999567330,0.027280116,-0.010988879,0.000399854
1687,174.117000000,fused_map_f2f,1,1,1,2.556015072,0.012677641,0.050000000,0.050000000,0.100000000,0.181818182,0.181818182,0.432460194,0.052631579,1.000000000,0.000000000,0.000000000,0.000000000,0.000000000,0.000000000,0.520000000,1.000000000,0.712000000,1.000000000,0.995786062,0.683195592,0.680316648,1.028687777,108.801506042,17.371192932,0.777614832,0.999568284,0.027242143,-0.010997985,0.000392391
1688,174.225000000,fused_map_f2f,1,1,1,2.580522141,0.012298015,0.050000000,0.050000000,0.100000000,0.181818182,0.181818182,0.432341492,0.052631579,1.000000000,0.000000000,0.000000000,0.000000000,0.000000000,0.000000000,0.500000000,1.000000000,0.700000000,1.000000000,0.994178525,0.676795580,0.672855632,1.028190375,108.838615417,17.370744705,0.776740789,0.999569535,0.027191594,-0.011011098,0.000352482
1689,174.326000000,fused_map_f2f,1,1,1,2.645654117,0.013109971,0.050000000,0.050000000,0.100000000,0.181818182,0.181818182,0.432496124,0.052631579,1.000000000,0.000000000,0.000000000,0.000000000,0.000000000,0.000000000,0.541666667,1.000000000,0.725000000,1.000000000,0.996116505,0.685236769,0.682575655,1.028838377,108.874176025,17.371240616,0.775153279,0.999565721,0.027342323,-0.010980904,0.000351233
1690,174.417000000,fused_map_f2f,1,1,1,2.678729313,0.011674698,0.050000000,0.050000000,0.100000000,0.181818182,0.181818182,0.432325874,0.052631579,1.000000000,0.000000000,0.000000000,0.000000000,0.000000000,0.000000000,0.520833333,1.000000000,0.712500000,1.000000000,0.995470721,0.674931129,0.671874178,1.028124945,108.909637451,17.371150970,0.774201035,0.999564409,0.027384298,-0.010993373,0.000389189
1691,174.518000000,fused_map_f2f,1,1,1,2.667260113,0.015019874,0.050000000,0.050000000,0.100000000,0.181818182,0.181818182,0.432173535,0.052631579,1.000000000,0.000000000,0.000000000,0.000000000,0.000000000,0.000000000,0.531914894,1.000000000,0.719148936,1.000000000,0.996126533,0.664879357,0.662303968,1.027486931,108.951225281,17.371255875,0.773109496,0.999567628,0.027269905,-0.010988337,0.000418346
1692,174.632000000,fused_map_f2f,1,1,1,2.706092933,0.015006854,0.050000000,0.050000000,0.100000000,0.181818182,0.181818182,0.432536089,0.052631579,1.000000000,0.000000000,0.000000000,0.000000000,0.000000000,0.000000000,0.500000000,1.000000000,0.700000000,1.000000000,0.994214079,0.689075630,0.685088693,1.029005913,108.995811462,17.371702194,0.772097588,0.999569833,0.027185164,-0.010995347,0.000456493
1693,174.717000000,fused_map_f2f,1,1,1,2.692692995,0.010878033,0.050000000,0.050000000,0.100000000,0.181818182,0.181818182,0.432416894,0.052631579,1.000000000,0.000000000,0.000000000,0.000000000,0.000000000,0.000000000,0.490196078,1.000000000,0.694117647,1.000000000,0.995817246,0.680440771,0.677594655,1.028506310,109.023979187,17.371603012,0.771388888,0.999568820,0.027222799,-0.010995677,0.000461494
1694,174.826000000,fused_map_f2f,1,1,1,2.735425225,0.011801562,0.050000000,0.050000000,0.100000000,0.181818182,0.181818182,0.432618530,0.052631579,1.000000000,0.000000000,0.000000000,0.000000000,0.000000000,0.000000000,0.520000000,1.000000000,0.712000000,1.000000000,0.996443582,0.692737430,0.690273766,1.029351584,109.056732178,17.371494293,0.770399690,0.999568224,0.027253607,-0.010969643,0.000460669
1695,174.933000000,fused_map_f2f,1,1,1,2.760649548,0.014271025,0.050000000,0.050000000,0.100000000,0.181818182,0.181818182,0.432444530,0.052631579,1.000000000,0.000000000,0.000000000,0.000000000,0.000000000,0.000000000,0.531914894,1.000000000,0.719148936,1.000000000,0.995807804,0.682191781,0.679331899,1.028622127,109.089462280,17.371740341,0.769373655,0.999567449,0.027272018,-0.010995273,0.000433806
1696,175.022000000,fused_map_f2f,1,1,1,2.773244496,0.011335444,0.050000000,0.050000000,0.100000000,0.181818182,0.181818182,0.432531844,0.052631579,1.000000000,0.000000000,0.000000000,0.000000000,0.000000000,0.000000000,0.500000000,1.000000000,0.700000000,1.000000000,0.997100515,0.686813187,0.684821783,1.028988119,109.118583679,17.371345520,0.768223107,0.999566138,0.027318792,-0.011003293,0.000424768
1697,175.122000000,fused_map_f2f,1,1,1,2.773980744,0.012660297,0.050000000,0.050000000,0.100000000,0.181818182,0.181818182,0.432523981,0.052631579,1.000000000,0.000000000,0.000000000,0.000000000,0.000000000,0.000000000,0.520833333,1.000000000,0.712500000,1.000000000,0.996137753,0.686980609,0.684327321,1.028955155,109.153266907,17.370792389,0.767017424,0.999570072,0.027177598,-0.010992463,0.000439045
1698,175.222000000,fused_map_f2f,1,1,1,2.813764807,0.011813173,0.050000000,0.050000000,0.100000000,0.181818182,0.181818182,0.432628879,0.052631579,1.000000000,0.000000000,0.000000000,0.000000000,0.000000000,0.000000000,0.520833333,1.000000000,0.712500000,1.000000000,0.996473229,0.693370166,0.690924808,1.029394987,109.183609009,17.370817184,0.766470253,0.999571919,0.027115805,-0.010976605,0.000416184
1699,175.316000000,fused_map_f2f,1,1,1,2.839445441,0.012624404,0.050000000,0.050000000,0.100000000,0.181818182,0.181818182,0.432547981,0.052631579,1.000000000,0.000000000,0.000000000,0.000000000,0.000000000,0.000000000,0.541666667,1.000000000,0.725000000,1.000000000,0.995834668,0.688705234,0.685836548,1.029055770,109.213142395,17.370943069,0.765419960,0.999572098,0.027113508,-0.010963892,0.000424089
1700,175.431000000,fused_map_f2f,1,1,1,2.870792485,0.011363615,0.050000000,0.050000000,0.100000000,0.181818182,0.181818182,0.432382216,0.052631579,1.000000000,0.000000000,0.000000000,0.000000000,0.000000000,0.000000000,0.543478261,1.000000000,0.726086957,1.000000000,0.995491143,0.678474114,0.675414972,1.028360998,109.251266479,17.371734619,0.764028370,0.999569714,0.027185537,-0.011004139,0.000423183
1701,175.515000000,fused_map_f2f,1,1,1,2.907854094,0.013453450,0.050000000,0.050000000,0.100000000,0.181818182,0.181818182,0.432489241,0.052631579,1.000000000,0.000000000,0.000000000,0.000000000,0.000000000,0.000000000,0.489795918,1.000000000,0.693877551,1.000000000,0.996145198,0.684782609,0.682142907,1.028809527,109.277496338,17.371393204,0.763359487,0.999570012,0.027169853,-0.011017920,0.000410998
1702,175.626000000,fused_map_f2f,1,1,1,2.936294121,0.011377008,0.050000000,0.050000000,0.100000000,0.181818182,0.181818182,0.432957219,0.052631579,1.000000000,0.000000000,0.000000000,0.000000000,0.000000000,0.000000000,0.480769231,1.000000000,0.688461538,1.000000000,0.996781461,0.713888889,0.711591210,1.030772747,109.318046570,17.372087479,0.762608469,0.999568403,0.027234484,-0.011005445,0.000430638
1703,175.728000000,fused_map_f2f,1,1,1,2.906505627,0.017948873,0.050000000,0.050000000,0.100000000,0.181818182,0.181818182,0.432989558,0.052631579,1.000000000,0.000000000,0.000000000,0.000000000,0.000000000,0.000000000,0.531914894,1.000000000,0.719148936,1.000000000,0.997425997,0.715469613,0.713627993,1.030908533,109.350158691,17.371971130,0.761657894,0.999568999,0.027210834,-0.011010427,0.000393399
1704,175.831000000,fused_map_f2f,1,1,1,2.937425105,0.011289894,0.050000000,0.050000000,0.100000000,0.181818182,0.181818182,0.432795663,0.052631579,1.000000000,0.000000000,0.000000000,0.000000000,0.000000000,0.000000000,0.454545455,1.000000000,0.672727273,1.000000000,0.997755691,0.702997275,0.701419532,1.030094635,109.384857178,17.372108459,0.760516286,0.999572992,0.027061442,-0.011011682,0.000413884
1705,175.914000000,fused_map_f2f,1,1,1,2.944620369,0.010346434,0.050000000,0.050000000,0.100000000,0.181818182,0.181818182,0.433005021,0.052631579,1.000000000,0.000000000,0.000000000,0.000000000,0.000000000,0.000000000,0.510204082,1.000000000,0.706122449,1.000000000,0.997119078,0.716666667,0.714602006,1.030973467,109.410049438,17.372137070,0.759852469,0.999573231,0.027061654,-0.010991644,0.000373361
1706,176.023000000,fused_map_f2f,1,1,1,2.989471840,0.010217335,0.050000000,0.050000000,0.100000000,0.181818182,0.181818182,0.432822472,0.052631579,1.000000000,0.000000000,0.000000000,0.000000000,0.000000000,0.000000000,0.509803922,1.000000000,0.705882353,1.000000000,0.997430957,0.704918033,0.703107068,1.030207138,109.446502686,17.372247696,0.758725643,0.999574065,0.027030516,-0.010990559,0.000382093
1707,176.120000000,fused_map_f2f,1,1,1,3.034528485,0.012145383,0.050000000,0.050000000,0.100000000,0.181818182,0.181818182,0.433067963,0.052631579,1.000000000,0.000000000,0.000000000,0.000000000,0.000000000,0.000000000,0.520833333,1.000000000,0.712500000,1.000000000,0.996450468,0.721126761,0.718567098,1.031237807,109.476119995,17.372308731,0.757944882,0.999574661,0.027022166,-0.010960737,0.000344065
1708,176.229000000,fused_map_f2f,1,1,1,3.041628559,0.017796765,0.050000000,0.050000000,0.100000000,0.181818182,0.181818182,0.432793875,0.052631579,1.000000000,0.000000000,0.000000000,0.000000000,0.000000000,0.000000000,0.520833333,1.000000000,0.712500000,1.000000000,0.996451613,0.703804348,0.701306978,1.030087132,109.511520386,17.371742249,0.756706119,0.999574363,0.027028454,-0.010971693,0.000369444
1709,176.329000000,fused_map_f2f,1,1,1,3.036890926,0.015477128,0.050000000,0.050000000,0.100000000,0.181818182,0.181818182,0.433196925,0.052631579,1.000000000,0.000000000,0.000000000,0.000000000,0.000000000,0.000000000,0.581395349,1.000000000,0.748837209,1.000000000,0.996767938,0.729050279,0.726693944,1.031779596,109.548004150,17.372566223,0.755914569,0.999575496,0.026978040,-0.010993821,0.000407295
1710,176.425000000,fused_map_f2f,1,1,1,3.056595762,0.012929526,0.050000000,0.050000000,0.100000000,0.181818182,0.181818182,0.432817045,0.052631579,1.000000000,0.000000000,0.000000000,0.000000000,0.000000000,0.000000000,0.520833333,1.000000000,0.712500000,1.000000000,0.995810506,0.705722071,0.702765452,1.030184363,109.582916260,17.372728348,0.755254567,0.999575496,0.026974441,-0.011001715,0.000434562
1711,176.517000000,fused_map_f2f,1,1,1,3.103740308,0.013199478,0.050000000,0.050000000,0.100000000,0.181818182,0.181818182,0.432830888,0.052631579,1.000000000,0.000000000,0.000000000,0.000000000,0.000000000,0.000000000,0.520833333,1.000000000,0.712500000,1.000000000,0.996129032,0.706371191,0.703636851,1.030242457,109.616561890,17.372535706,0.754318595,0.999574602,0.027005076,-0.011005684,0.000432811
1712,176.617000000,fused_map_f2f,1,1,1,3.149605305,0.017882995,0.050000000,0.050000000,0.100000000,0.181818182,0.181818182,0.432529304,0.052631579,1.000000000,0.000000000,0.000000000,0.000000000,0.000000000,0.000000000,0.530612245,1.000000000,0.718367347,1.000000000,0.997107040,0.686648501,0.684662054,1.028977470,109.653060913,17.373350143,0.753179491,0.999579489,0.026919888,-0.010779727,0.000204511
1713,176.723000000,fused_map_f2f,1,1,1,3.145863955,0.024812422,0.050000000,0.050000000,0.100000000,0.181818182,0.181818182,0.432070811,0.052631579,1.000000000,0.000000000,0.000000000,0.000000000,0.000000000,0.000000000,0.531914894,1.000000000,0.719148936,1.000000000,0.996129032,0.658402204,0.655853550,1.027056903,109.690139771,17.374320984,0.752740145,0.999596775,0.026483262,-0.010235055,-0.000373362
1714,176.827000000,fused_map_f2f,1,1,1,3.119037633,0.028727778,0.050000000,0.050000000,0.100000000,0.181818182,0.181818182,0.431950664,0.052631579,1.000000000,0.000000000,0.000000000,0.000000000,0.000000000,0.000000000,0.490196078,1.000000000,0.694117647,1.000000000,0.996119017,0.650837989,0.648312098,1.026554140,109.733856201,17.374231339,0.752836585,0.999613225,0.026088741,-0.009608762,-0.000684650
1715,176.918000000,fused_map_f2f,1,1,1,3.162190432,0.020088032,0.050000000,0.050000000,0.100000000,0.181818182,0.181818182,0.431743047,0.052631579,1.000000000,0.000000000,0.000000000,0.000000000,0.000000000,0.000000000,0.500000000,1.000000000,0.700000000,1.000000000,0.997088321,0.637142857,0.635287702,1.025685847,109.765747070,17.374105453,0.752481580,0.999628544,0.025669564,-0.009094054,-0.001072263
1716,177.032000000,fused_map_f2f,1,1,1,3.227475485,0.028487791,0.050000000,0.050000000,0.100000000,0.181818182,0.181818182,0.431424485,0.052631579,1.000000000,0.000000000,0.000000000,0.000000000,0.000000000,0.000000000,0.568181818,1.000000000,0.740909091,1.000000000,0.996765847,0.617318436,0.615321934,1.024354796,109.803657532,17.374750137,0.751954377,0.999644101,0.025259638,-0.008436625,-0.001551713
1717,177.115000000,fused_map_f2f,1,1,1,3.233951956,0.021329366,0.050000000,0.050000000,0.100000000,0.181818182,0.181818182,0.431175473,0.052631579,1.000000000,0.000000000,0.000000000,0.000000000,0.000000000,0.000000000,0.490196078,1.000000000,0.694117647,1.000000000,0.997733894,0.601092896,0.599730756,1.023315384,109.831459045,17.375215530,0.751722872,0.999658108,0.024842313,-0.007962128,-0.001771508
1718,177.216000000,fused_map_f2f,1,1,1,3.223929822,0.023801709,0.050000000,0.050000000,0.100000000,0.181818182,0.181818182,0.431139847,0.052631579,1.000000000,0.000000000,0.000000000,0.000000000,0.000000000,0.000000000,0.480769231,1.000000000,0.688461538,1.000000000,0.996753247,0.599447514,0.597501256,1.023166750,109.864044189,17.377111435,0.751365542,0.999669194,0.024541665,-0.007415571,-0.002050135
1719,177.326000000,fused_map_f2f,1,1,1,3.264519704,0.025903091,0.050000000,0.050000000,0.100000000,0.181818182,0.181818182,0.431125368,0.052631579,1.000000000,0.000000000,0.000000000,0.000000000,0.000000000,0.000000000,0.490196078,1.000000000,0.694117647,1.000000000,0.998042414,0.597765363,0.596595186,1.023106346,109.902145386,17.376995087,0.751086593,0.999686778,0.023980094,-0.006762563,-0.002369063
1720,177.413000000,fused_map_f2f,1,1,1,3.250753880,0.018602283,0.050000000,0.050000000,0.100000000,0.181818182,0.181818182,0.431305756,0.052631579,1.000000000,0.000000000,0.000000000,0.000000000,0.000000000,0.000000000,0.480769231,1.000000000,0.688461538,1.000000000,0.997047244,0.609686610,0.607886354,1.023859090,109.927688599,17.377168655,0.750478327,0.999697447,0.023626469,-0.006284265,-0.002706704
1721,177.529000000,fused_map_f2f,1,1,1,3.300545618,0.027983643,0.050000000,0.050000000,0.100000000,0.181818182,0.181818182,0.431315860,0.052631579,1.000000000,0.000000000,0.000000000,0.000000000,0.000000000,0.000000000,0.490196078,1.000000000,0.694117647,1.000000000,0.997056900,0.610315186,0.608518968,1.023901265,109.963554382,17.378396988,0.749757648,0.999711037,0.023191800,-0.005586339,-0.002960221
1722,177.633000000,fused_map_f2f,1,1,1,3.337675264,0.028956861,0.050000000,0.050000000,0.100000000,0.181818182,0.181818182,0.431014913,0.052631579,1.000000000,0.000000000,0.000000000,0.000000000,0.000000000,0.000000000,0.480769231,1.000000000,0.688461538,1.000000000,0.994748933,0.592797784,0.589684963,1.022645664,109.994842529,17.378942490,0.749713004,0.999724865,0.022702416,-0.004961920,-0.003188058
1723,177.731000000,fused_map_f2f,1,1,1,3.356679881,0.027059736,0.050000000,0.050000000,0.100000000,0.181818182,0.181818182,0.431316668,0.052631579,1.000000000,0.000000000,0.000000000,0.000000000,0.000000000,0.000000000,0.431034483,1.000000000,0.658620690,1.000000000,0.997377909,0.610169492,0.608569572,1.023904638,110.022605896,17.379911423,0.749347806,0.999734044,0.022393828,-0.004336924,-0.003392361
1724,177.815000000,fused_map_f2f,1,1,1,3.354903825,0.032340647,0.050000000,0.050000000,0.100000000,0.181818182,0.181818182,0.431136072,0.052631579,1.000000000,0.000000000,0.000000000,0.000000000,0.000000000,0.000000000,0.500000000,1.000000000,0.700000000,1.000000000,0.996372032,0.599439776,0.597265027,1.023151002,110.043907166,17.380132675,0.749019921,0.999741614,0.022106443,-0.003819996,-0.003654924
1725,177.924000000,fused_map_f2f,1,1,1,3.339085815,0.032321808,0.050000000,0.050000000,0.100000000,0.181818182,0.181818182,0.431025305,0.052631579,1.000000000,0.000000000,0.000000000,0.000000000,0.000000000,0.000000000,0.472727273,1.000000000,0.683636364,1.000000000,0.996705107,0.592286501,0.590334981,1.022688999,110.073074341,17.380683899,0.748855352,0.999753237,0.021634115,-0.003219862,-0.003866832
1726,178.027000000,fused_map_f2f,1,1,1,3.347314458,0.027702312,0.050000000,0.050000000,0.100000000,0.181818182,0.181818182,0.431697935,0.052631579,1.000000000,0.000000000,0.000000000,0.000000000,0.000000000,0.000000000,0.490196078,1.000000000,0.694117647,1.000000000,0.998008629,0.633720930,0.632458957,1.025497264,110.101997375,17.381595612,0.748914123,0.999763846,0.021222534,-0.002517195,-0.003941047
1727,178.119000000,fused_map_f2f,1,1,1,3.347541298,0.029731752,0.050000000,0.050000000,0.100000000,0.181818182,0.181818182,0.431433968,0.052631579,1.000000000,0.000000000,0.000000000,0.000000000,0.000000000,0.000000000,0.454545455,1.000000000,0.672727273,1.000000000,0.998011928,0.617142857,0.615915933,1.024394396,110.125572205,17.382099152,0.748588383,0.999773443,0.020797389,-0.001951559,-0.004095605
1728,178.226000000,fused_map_f2f,1,1,1,3.348198884,0.026846221,0.050000000,0.050000000,0.100000000,0.181818182,0.181818182,0.431321901,0.052631579,1.000000000,0.000000000,0.000000000,0.000000000,0.000000000,0.000000000,0.462962963,1.000000000,0.677777778,1.000000000,0.997676734,0.610315186,0.608897262,1.023926484,110.154983521,17.383144379,0.748306096,0.999783397,0.020341931,-0.001326735,-0.004197940
1729,178.329000000,fused_map_f2f,1,1,1,3.448664007,0.023665608,0.050000000,0.050000000,0.100000000,0.181818182,0.181818182,0.431474162,0.052631579,1.000000000,0.000000000,0.000000000,0.000000000,0.000000000,0.000000000,0.454545455,1.000000000,0.672727273,1.000000000,0.997007979,0.620289855,0.618433935,1.024562262,110.175598145,17.383769989,0.748201609,0.999786556,0.020185828,-0.000722039,-0.004348123
1730,178.413000000,fused_map_f2f,1,1,1,3.446410620,0.019900236,0.050000000,0.050000000,0.100000000,0.181818182,0.181818182,0.431385684,0.052631579,1.000000000,0.000000000,0.000000000,0.000000000,0.000000000,0.000000000,0.471698113,1.000000000,0.683018868,1.000000000,0.997007979,0.614730878,0.612891590,1.024192773,110.192871094,17.384059906,0.747879148,0.999793410,0.019828856,-0.000227580,-0.004465969
1731,178.529000000,fused_map_f2f,1,1,1,3.438686607,0.015332310,0.050000000,0.050000000,0.100000000,0.181818182,0.181818182,0.431558949,0.052631579,1.000000000,0.000000000,0.000000000,0.000000000,0.000000000,0.000000000,0.481481481,1.000000000,0.688888889,1.000000000,0.997994652,0.625000000,0.623746658,1.024916444,110.212867737,17.385705948,0.747202873,0.999806523,0.019170485,-0.000194450,-0.004407695
1732,178.613000000,fused_map_f2f,1,1,1,3.460343450,0.017846491,0.050000000,0.050000000,0.100000000,0.181818182,0.181818182,0.431342757,0.052631579,1.000000000,0.000000000,0.000000000,0.000000000,0.000000000,0.000000000,0.500000000,1.000000000,0.700000000,1.000000000,0.997995992,0.611428571,0.610203264,1.024013551,110.228027344,17.386081696,0.747107506,0.999816000,0.018685143,-0.000183827,-0.004337930
1733,178.730000000,fused_map_f2f,1,1,1,3.440617687,0.011191754,0.050000000,0.050000000,0.100000000,0.181818182,0.181818182,0.431416287,0.052631579,1.000000000,0.000000000,0.000000000,0.000000000,0.000000000,0.000000000,0.462962963,1.000000000,0.677777778,1.000000000,0.997991296,0.616045845,0.614808391,1.024320559,110.250175476,17.387205124,0.746581197,0.999828517,0.018023424,-0.000180436,-0.004257632
1734,178.816000000,fused_map_f2f,1,1,1,3.390029876,0.019157406,0.050000000,0.050000000,0.100000000,0.181818182,0.181818182,0.431870161,0.052631579,1.000000000,0.000000000,0.000000000,0.000000000,0.000000000,0.000000000,0.490196078,1.000000000,0.694117647,1.000000000,0.996306246,0.645645646,0.643260789,1.026217386,110.264282227,17.387424469,0.746288896,0.999836087,0.017616868,-0.000181335,-0.004175682
1735,178.920000000,fused_map_f2f,1,1,1,3.448246950,0.010854527,0.050000000,0.050000000,0.100000000,0.181818182,0.181818182,0.431523869,0.052631579,1.000000000,0.000000000,0.000000000,0.000000000,0.000000000,0.000000000,0.480769231,1.000000000,0.688461538,1.000000000,0.997979118,0.622807018,0.621548398,1.024769893,110.283439636,17.386476517,0.746032298,0.999848843,0.016883025,-0.000170029,-0.004154853
1736,179.018000000,fused_map_f2f,1,1,1,3.442403870,0.014310647,0.050000000,0.050000000,0.100000000,0.181818182,0.181818182,0.431421630,0.052631579,1.000000000,0.000000000,0.000000000,0.000000000,0.000000000,0.000000000,0.490196078,1.000000000,0.694117647,1.000000000,0.995945946,0.617647059,0.615143084,1.024342872,110.303230286,17.386587143,0.746013641,0.999857843,0.016354319,-0.000161477,-0.004092040
1737,179.127000000,fused_map_f2f,1,1,1,3.510730004,0.012571329,0.050000000,0.050000000,0.100000000,0.181818182,0.181818182,0.431292602,0.052631579,1.000000000,0.000000000,0.000000000,0.000000000,0.000000000,0.000000000,0.529411765,1.000000000,0.717647059,1.000000000,0.996280014,0.609329446,0.607062749,1.023804183,110.324729919,17.386161804,0.745050609,0.999870658,0.015559782,-0.000162581,-0.004069940
1738,179.231000000,fused_map_f2f,1,1,1,3.511394779,0.015208880,0.050000000,0.050000000,0.100000000,0.181818182,0.181818182,0.431377444,0.052631579,1.000000000,0.000000000,0.000000000,0.000000000,0.000000000,0.000000000,0.509803922,1.000000000,0.705882353,1.000000000,0.997297297,0.614035088,0.612375533,1.024158369,110.342941284,17.386606216,0.744699717,0.999880016,0.014953772,-0.000168925,-0.004037123
1739,179.315000000,fused_map_f2f,1,1,1,3.577542164,0.015780265,0.050000000,0.050000000,0.100000000,0.181818182,0.181818182,0.431526594,0.052631579,1.000000000,0.000000000,0.000000000,0.000000000,0.000000000,0.000000000,0.471698113,1.000000000,0.683018868,1.000000000,0.997642304,0.623188406,0.621719117,1.024781274,110.357940674,17.387199402,0.744607747,0.999887586,0.014437844,-0.000171242,-0.004044984
1740,179.417000000,fused_map_f2f,1,1,1,3.505054422,0.014579207,0.050000000,0.050000000,0.100000000,0.181818182,0.181818182,0.431584369,0.052631579,1.000000000,0.000000000,0.000000000,0.000000000,0.000000000,0.000000000,0.509803922,1.000000000,0.705882353,1.000000000,0.997635135,0.626822157,0.625339808,1.025022654,110.375305176,17.387855530,0.744204581,0.999894917,0.013911724,-0.000169803,-0.004067456
1741,179.524000000,fused_map_f2f,1,1,1,3.565561490,0.015926588,0.050000000,0.050000000,0.100000000,0.181818182,0.181818182,0.431719965,0.052631579,1.000000000,0.000000000,0.000000000,0.000000000,0.000000000,0.000000000,0.471698113,1.000000000,0.683018868,1.000000000,0.997280761,0.635568513,0.633840251,1.025589350,110.392913818,17.388757706,0.744049668,0.999903381,0.013287416,-0.000184631,-0.004084758
1742,179.626000000,fused_map_f2f,1,1,1,3.610061759,0.019245438,0.050000000,0.050000000,0.100000000,0.181818182,0.181818182,0.431927846,0.052631579,1.000000000,0.000000000,0.000000000,0.000000000,0.000000000,0.000000000,0.462962963,1.000000000,0.677777778,1.000000000,0.998639918,0.647761194,0.646880186,1.026458679,110.410636902,17.389938354,0.744047821,0.999910355,0.012749095,-0.000191662,-0.004090561
1743,179.714000000,fused_map_f2f,1,1,1,3.628511971,0.015398179,0.050000000,0.050000000,0.100000000,0.181818182,0.181818182,0.431795987,0.052631579,1.000000000,0.000000000,0.000000000,0.000000000,0.000000000,0.000000000,0.461538462,1.000000000,0.676923077,1.000000000,0.997277986,0.640350877,0.638607833,1.025907189,110.424385071,17.391370773,0.743565559,0.999914885,0.012344237,-0.000182192,-0.004225619
1744,179.814000000,fused_map_f2f,1,1,1,3.545461439,0.015754832,0.050000000,0.050000000,0.100000000,0.181818182,0.181818182,0.431869409,0.052631579,1.000000000,0.000000000,0.000000000,0.000000000,0.000000000,0.000000000,0.480769231,1.000000000,0.688461538,1.000000000,0.997276132,0.644970414,0.643213600,1.026214240,110.442733765,17.393135071,0.742879391,0.999922276,0.011745322,-0.000152533,-0.004173412
1745,179.925000000,fused_map_f2f,1,1,1,3.533955303,0.013063965,0.050000000,0.050000000,0.100000000,0.181818182,0.181818182,0.432139799,0.052631579,1.000000000,0.000000000,0.000000000,0.000000000,0.000000000,0.000000000,0.471698113,1.000000000,0.683018868,1.000000000,0.997613365,0.661764706,0.660185315,1.027345688,110.465019226,17.394552231,0.742440760,0.999929965,0.011072569,-0.000149039,-0.004176127
1746,180.021000000,fused_map_f2f,1,1,1,3.555553194,0.017963367,0.050000000,0.050000000,0.100000000,0.181818182,0.181818182,0.432448474,0.052631579,1.000000000,0.000000000,0.000000000,0.000000000,0.000000000,0.000000000,0.462962963,1.000000000,0.677777778,1.000000000,0.996916752,0.681681682,0.679579888,1.028638659,110.480239868,17.395654678,0.742012680,0.999934375,0.010613524,-0.000191652,-0.004310593
1747,180.133000000,fused_map_f2f,1,1,1,3.532738836,0.014451389,0.050000000,0.050000000,0.100000000,0.181818182,0.181818182,0.432413897,0.052631579,1.000000000,0.000000000,0.000000000,0.000000000,0.000000000,0.000000000,0.454545455,1.000000000,0.672727273,1.000000000,0.998282967,0.678571429,0.677406299,1.028493753,110.501037598,17.395570755,0.741662681,0.999939680,0.010104686,-0.000151462,-0.004294832
1748,180.216000000,fused_map_f2f,1,1,1,3.659590759,0.019121470,0.050000000,0.050000000,0.100000000,0.181818182,0.181818182,0.432292140,0.052631579,1.000000000,0.000000000,0.000000000,0.000000000,0.000000000,0.000000000,0.454545455,1.000000000,0.672727273,1.000000000,0.997255575,0.671597633,0.669754484,1.027983632,110.515113831,17.396030426,0.741266966,0.999943256,0.009719513,-0.000149993,-0.004358450
1749,180.317000000,fused_map_f2f,1,1,1,3.628114655,0.013996121,0.050000000,0.050000000,0.100000000,0.181818182,0.181818182,0.432417857,0.052631579,1.000000000,0.000000000,0.000000000,0.000000000,0.000000000,0.000000000,0.490196078,1.000000000,0.694117647,1.000000000,0.997248022,0.679525223,0.677655184,1.028510346,110.549339294,17.395967484,0.740102410,0.999949336,0.009101414,-0.000131162,-0.004299148
1750,180.425000000,fused_map_f2f,1,1,1,3.655203520,0.016069139,0.050000000,0.050000000,0.100000000,0.181818182,0.181818182,0.432628268,0.052631579,1.000000000,0.000000000,0.000000000,0.000000000,0.000000000,0.000000000,0.462962963,1.000000000,0.677777778,1.000000000,0.998617352,0.691842900,0.690886325,1.029392422,110.570610046,17.396261215,0.739624023,0.999956071,0.008287125,-0.000122505,-0.004369156
1751,180.530000000,fused_map_f2f,1,1,1,3.650946777,0.011312815,0.050000000,0.050000000,0.100000000,0.181818182,0.181818182,0.432554651,0.052631579,1.000000000,0.000000000,0.000000000,0.000000000,0.000000000,0.000000000,0.480769231,1.000000000,0.688461538,1.000000000,0.997918112,0.687687688,0.686255999,1.029083733,110.593200684,17.395875931,0.739417315,0.999961734,0.007548383,-0.000121706,-0.004425709
1752,180.639000000,fused_map_f2f,1,1,1,3.697949251,0.015841986,0.050000000,0.050000000,0.100000000,0.181818182,0.181818182,0.432833821,0.052631579,1.000000000,0.000000000,0.000000000,0.000000000,0.000000000,0.000000000,0.480769231,1.000000000,0.688461538,1.000000000,0.995799790,0.706790123,0.703821457,1.030254764,110.620483398,17.396718979,0.739566624,0.999966621,0.006825961,-0.000123537,-0.004493304
1753,180.725000000,fused_map_f2f,1,1,1,3.654345489,0.021471832,0.050000000,0.050000000,0.100000000,0.181818182,0.181818182,0.432419030,0.052631579,1.000000000,0.000000000,0.000000000,0.000000000,0.000000000,0.000000000,0.490196078,1.000000000,0.694117647,1.000000000,0.997187060,0.679640719,0.677728930,1.028515262,110.637847900,17.396829605,0.739182830,0.999970198,0.006227034,-0.000113299,-0.004556035
1754,180.828000000,fused_map_f2f,1,1,1,3.669355121,0.016408339,0.050000000,0.050000000,0.100000000,0.181818182,0.181818182,0.432520358,0.052631579,1.000000000,0.000000000,0.000000000,0.000000000,0.000000000,0.000000000,0.452830189,1.000000000,0.671698113,1.000000000,0.997519490,0.685800604,0.684099469,1.028939965,110.657241821,17.396852493,0.738630295,0.999973893,0.005526725,-0.000118084,-0.004651594
1755,180.927000000,fused_map_f2f,1,1,1,3.657405424,0.019132885,0.050000000,0.050000000,0.100000000,0.181818182,0.181818182,0.432251758,0.052631579,1.000000000,0.000000000,0.000000000,0.000000000,0.000000000,0.000000000,0.489795918,1.000000000,0.693877551,1.000000000,0.997873848,0.668639053,0.667217425,1.027814495,110.672187805,17.397750854,0.738232911,0.999976158,0.004992003,-0.000131364,-0.004765018
1756,181.024000000,fused_map_f2f,1,1,1,3.623555639,0.014040735,0.050000000,0.050000000,0.100000000,0.181818182,0.181818182,0.432247683,0.052631579,1.000000000,0.000000000,0.000000000,0.000000000,0.000000000,0.000000000,0.500000000,1.000000000,0.700000000,1.000000000,0.997516850,0.668621701,0.666961413,1.027797428,110.737838745,17.397405624,0.737435758,0.999979794,0.004187352,-0.000119253,-0.004776123
1757,181.131000000,fused_map_f2f,1,1,1,3.581124223,0.015630893,0.050000000,0.050000000,0.100000000,0.181818182,0.181818182,0.432409366,0.052631579,1.000000000,0.000000000,0.000000000,0.000000000,0.000000000,0.000000000,0.520000000,1.000000000,0.712000000,1.000000000,0.997863248,0.678571429,0.677121490,1.028474766,110.795791626,17.397394180,0.737080455,0.999982417,0.003400323,-0.000118664,-0.004861509
1758,181.221000000,fused_map_f2f,1,1,1,3.572114720,0.015731393,0.050000000,0.050000000,0.100000000,0.181818182,0.181818182,0.432670755,0.052631579,1.000000000,0.000000000,0.000000000,0.000000000,0.000000000,0.000000000,0.553191489,1.000000000,0.731914894,1.000000000,0.996423462,0.696048632,0.693559188,1.029570613,110.831832886,17.397342682,0.737005889,0.999983907,0.002721125,-0.000126707,-0.004978382
1759,181.333000000,fused_map_f2f,1,1,1,3.469143771,0.013083387,0.050000000,0.050000000,0.100000000,0.181818182,0.181818182,0.432627841,0.052631579,1.000000000,0.000000000,0.000000000,0.000000000,0.000000000,0.000000000,0.500000000,1.000000000,0.700000000,1.000000000,0.998578536,0.691842900,0.690859470,1.029390631,110.955268860,17.396032333,0.735959709,0.999985099,0.001987346,-0.000110946,-0.005083487
1760,181.439000000,fused_map_f2f,1,1,1,3.645943760,0.021009574,0.050000000,0.050000000,0.100000000,0.181818182,0.181818182,0.432668390,0.052631579,1.000000000,0.000000000,0.000000000,0.000000000,0.000000000,0.000000000,0.500000000,1.000000000,0.700000000,1.000000000,0.997537812,0.695121951,0.693410430,1.029560695,111.051071167,17.396728516,0.735335350,0.999985576,0.001378730,-0.000112234,-0.005184532
1761,181.527000000,fused_map_f2f,1,1,1,3.543772705,0.014910172,0.050000000,0.050000000,0.100000000,0.181818182,0.181818182,0.432395505,0.052631579,1.000000000,0.000000000,0.000000000,0.000000000,0.000000000,0.000000000,0.480769231,1.000000000,0.688461538,1.000000000,0.997545582,0.677914110,0.676250226,1.028416682,111.162445068,17.397727966,0.735405624,0.999985814,0.000848831,-0.000102627,-0.005250506
1762,181.632000000,fused_map_f2f,1,1,1,3.418902856,0.014586315,0.050000000,0.050000000,0.100000000,0.181818182,0.181818182,0.432449553,0.052631579,1.000000000,0.000000000,0.000000000,0.000000000,0.000000000,0.000000000,0.500000000,1.000000000,0.700000000,1.000000000,0.998232591,0.680851064,0.679647722,1.028643181,111.202354431,17.398679733,0.735028505,0.999985456,0.000290789,-0.000102060,-0.005381933
1763,181.726000000,fused_map_f2f,1,1,1,3.424372776,0.016140528,0.050000000,0.050000000,0.100000000,0.181818182,0.181818182,0.432255913,0.052631579,1.000000000,0.000000000,0.000000000,0.000000000,0.000000000,0.000000000,0.500000000,1.000000000,0.700000000,1.000000000,0.998211091,0.668674699,0.667478501,1.027831900,111.232032776,17.400732040,0.734899282,0.999984741,-0.000071795,-0.000108458,-0.005521217
1764,181.814000000,fused_map_f2f,1,1,1,3.452200157,0.012437170,0.050000000,0.050000000,0.100000000,0.181818182,0.181818182,0.432293010,0.052631579,1.000000000,0.000000000,0.000000000,0.000000000,0.000000000,0.000000000,0.480000000,1.000000000,0.688000000,1.000000000,0.997136722,0.671732523,0.669809166,1.027987278,111.245750427,17.401065826,0.734980702,0.999984503,-0.000357760,-0.000101493,-0.005551369
1765,181.920000000,fused_map_f2f,1,1,1,3.395359290,0.012426985,0.050000000,0.050000000,0.100000000,0.181818182,0.181818182,0.432445644,0.052631579,1.000000000,0.000000000,0.000000000,0.000000000,0.000000000,0.000000000,0.500000000,1.000000000,0.700000000,1.000000000,0.997485632,0.681114551,0.679401979,1.028626799,111.285690308,17.401727676,0.734997213,0.999985337,-0.000370459,-0.000106550,-0.005394576
1766,182.034000000,fused_map_f2f,1,1,1,3.387868180,0.017434390,0.050000000,0.050000000,0.100000000,0.181818182,0.181818182,0.432524574,0.052631579,1.000000000,0.000000000,0.000000000,0.000000000,0.000000000,0.000000000,0.520833333,1.000000000,0.712500000,1.000000000,0.997128500,0.686335404,0.684364591,1.028957639,111.306274414,17.401689529,0.734909117,0.999986112,-0.000311943,-0.000092883,-0.005258998
1767,182.124000000,fused_map_f2f,1,1,1,2.913026717,0.012784990,0.050000000,0.050000000,0.100000000,0.181818182,0.181818182,0.431865768,0.052631579,1.000000000,0.000000000,0.000000000,0.000000000,0.000000000,0.000000000,0.533333333,1.000000000,0.720000000,1.000000000,0.997840173,0.644376900,0.642985157,1.026199010,111.618225098,17.399682999,0.734916031,0.999986708,-0.000339107,-0.000110815,-0.005147527
1768,182.221000000,fused_map_f2f,1,1,1,2.572555066,0.011719659,0.050000000,0.050000000,0.100000000,0.181818182,0.181818182,0.431411974,0.052631579,1.000000000,0.000000000,0.000000000,0.000000000,0.000000000,0.000000000,0.469387755,1.000000000,0.681632653,1.000000000,0.996387283,0.616766467,0.614538265,1.024302551,111.986541748,17.398572922,0.735056162,0.999987245,-0.000511324,-0.000096973,-0.005026063
1769,182.320000000,fused_map_f2f,1,1,1,2.593780892,0.016478949,0.050000000,0.050000000,0.100000000,0.181818182,0.181818182,0.431681035,0.052631579,1.000000000,0.000000000,0.000000000,0.000000000,0.000000000,0.000000000,0.480000000,1.000000000,0.688000000,1.000000000,0.997110870,0.633228840,0.631399360,1.025426624,112.147560120,17.398509979,0.734940410,0.999987841,-0.000458210,-0.000099207,-0.004911319
1770,182.425000000,fused_map_f2f,1,1,1,2.610516575,0.014562832,0.050000000,0.050000000,0.100000000,0.181818182,0.181818182,0.431344930,0.052631579,1.000000000,0.000000000,0.000000000,0.000000000,0.000000000,0.000000000,0.489795918,1.000000000,0.693877551,1.000000000,0.998190373,0.611445783,0.610339294,1.024022620,112.224128723,17.398607254,0.735058725,0.999988258,-0.000425671,-0.000103306,-0.004821619
1771,182.526000000,fused_map_f2f,1,1,1,2.464970908,0.011313415,0.050000000,0.050000000,0.100000000,0.181818182,0.181818182,0.431138906,0.052631579,1.000000000,0.000000000,0.000000000,0.000000000,0.000000000,0.000000000,0.478260870,1.000000000,0.686956522,1.000000000,0.996737949,0.599397590,0.597442325,1.023162822,112.382217407,17.398580551,0.734982371,0.999988914,-0.000442722,-0.000117377,-0.004685115
1772,182.614000000,fused_map_f2f,1,1,1,0.765156239,0.009836998,0.050000000,0.050000000,0.100000000,0.181818182,0.181818182,0.429638344,0.052631579,1.000000000,0.000000000,0.000000000,0.000000000,0.000000000,0.000000000,0.477272727,1.000000000,0.686363636,1.000000000,0.998191027,0.504702194,0.503789202,1.016919280,113.864189148,17.393510818,0.734492898,0.999989450,-0.000365217,-0.000089202,-0.004580760
1773,182.731000000,fused_map_f2f,1,1,1,0.504600317,0.016257188,0.050000000,0.050000000,0.100000000,0.181818182,0.181818182,0.429629993,0.052631579,1.000000000,0.000000000,0.000000000,0.000000000,0.000000000,0.000000000,0.463414634,1.000000000,0.678048780,1.000000000,0.997102499,0.504731861,0.503269400,1.016884627,114.890708923,17.391910553,0.735180199,0.999990106,-0.000291248,-0.000060940,-0.004433104
1774,182.843000000,fused_map_f2f,1,1,1,0.374061471,0.017401040,0.050000000,0.050000000,0.100000000,0.181818182,0.181818182,0.429076520,0.052631579,1.000000000,0.000000000,0.000000000,0.000000000,0.000000000,0.000000000,0.434782609,1.000000000,0.660869565,1.000000000,0.998199496,0.469696970,0.468851278,1.014590085,115.554870605,17.391756058,0.734904826,0.999990702,-0.000190866,-0.000070506,-0.004305279
1775,182.929000000,fused_map_f2f,1,1,1,0.505489188,0.011691157,0.050000000,0.050000000,0.100000000,0.181818182,0.181818182,0.429382952,0.052631579,1.000000000,0.000000000,0.000000000,0.000000000,0.000000000,0.000000000,0.476190476,1.000000000,0.685714286,1.000000000,0.997831587,0.488958991,0.487898725,1.015859915,115.620513916,17.390695572,0.735036194,0.999991000,-0.000300703,-0.000073784,-0.004223853
1776,183.019000000,fused_map_f2f,1,1,1,0.375113879,0.014097613,0.050000000,0.050000000,0.100000000,0.181818182,0.181818182,0.429097642,0.052631579,1.000000000,0.000000000,0.000000000,0.000000000,0.000000000,0.000000000,0.476190476,1.000000000,0.685714286,1.000000000,0.996004359,0.472049689,0.470163548,1.014677570,115.864997864,17.391542435,0.735049069,0.999991238,-0.000245119,-0.000087136,-0.004168666
1777,183.124000000,fused_map_f2f,1,1,0,0.071604905,0.016451217,0.954063918,0.954063918,0.100000000,0.011512017,0.011512017,0.037765342,0.002903069,1.000000000,0.000000000,0.000000000,0.000000000,0.000000000,0.000000000,0.439024390,1.000000000,0.663414634,1.000000000,0.997448980,0.416149068,0.415087464,1.011005831,117.882354736,17.392051697,0.736886382,0.999991834,0.000319554,-0.000121559,-0.004022571
1778,183.230000000,fused_map_f2f,1,1,0,0.071032215,0.011721689,0.956330814,0.956330814,0.100000000,0.011485042,0.011485042,0.037658141,0.002896208,1.000000000,0.000000000,0.000000000,0.000000000,0.000000000,0.000000000,0.418604651,1.000000000,0.651162791,1.000000000,0.998903909,0.406727829,0.406282018,1.010418801,117.970153809,17.392507553,0.736849070,0.999991894,0.000291279,-0.000119156,-0.004010042
1779,183.327000000,fused_map_f2f,1,1,0,0.070251140,0.013993935,0.959422569,0.959422569,0.100000000,0.011448455,0.011448455,0.037537010,0.002886902,1.000000000,0.000000000,0.000000000,0.000000000,0.000000000,0.000000000,0.418604651,1.000000000,0.651162791,1.000000000,0.998904310,0.404907975,0.404464322,1.010297621,117.994689941,17.392511368,0.736966729,0.999992132,0.000325462,-0.000116262,-0.003946583
1780,183.428000000,fused_map_f2f,1,1,0,0.070190303,0.011014338,0.959663383,0.959663383,0.100000000,0.011445615,0.011445615,0.037564842,0.002886179,1.000000000,0.000000000,0.000000000,0.000000000,0.000000000,0.000000000,0.428571429,1.000000000,0.657142857,1.000000000,0.998538012,0.420560748,0.419945893,1.011329726,118.009803772,17.392623901,0.737083018,0.999992192,0.000351659,-0.000130987,-0.003923826
1781,183.517000000,fused_map_f2f,1,1,0,0.069704536,0.010925489,0.961586213,0.961586213,0.100000000,0.011422989,0.011422989,0.037497181,0.002880425,1.000000000,0.000000000,0.000000000,0.000000000,0.000000000,0.000000000,0.409090909,1.000000000,0.645454545,1.000000000,0.998901501,0.422360248,0.421896286,1.011459752,118.024948120,17.392360687,0.737062514,0.999992311,0.000369140,-0.000119640,-0.003904606
1782,183.616000000,fused_map_f2f,1,1,0,0.069973538,0.010248074,0.960521411,0.960521411,0.100000000,0.011435508,0.011435508,0.037580244,0.002883609,1.000000000,0.000000000,0.000000000,0.000000000,0.000000000,0.000000000,0.450000000,1.000000000,0.670000000,1.000000000,0.998531032,0.440625000,0.439977736,1.012665182,118.041275024,17.392332077,0.737219870,0.999992251,0.000373524,-0.000136720,-0.003910967
1783,183.716000000,fused_map_f2f,1,1,0,0.069388834,0.011045089,0.962835866,0.962835866,0.100000000,0.011408333,0.011408333,0.037505621,0.002876697,1.000000000,0.000000000,0.000000000,0.000000000,0.000000000,0.000000000,0.418604651,1.000000000,0.651162791,1.000000000,0.998531571,0.445820433,0.445165778,1.013011052,118.058502197,17.392471313,0.737344205,0.999992192,0.000361743,-0.000123488,-0.003927089
1784,183.826000000,fused_map_f2f,1,1,0,0.069207449,0.012340838,0.963553846,0.963553846,0.100000000,0.011399929,0.011399929,0.037525358,0.002874560,1.000000000,0.000000000,0.000000000,0.000000000,0.000000000,0.000000000,0.475000000,1.000000000,0.685000000,1.000000000,0.997794118,0.465838509,0.464810924,1.014320728,118.059631348,17.392589569,0.737435937,0.999992311,0.000359417,-0.000119860,-0.003905559
1785,183.928000000,fused_map_f2f,1,1,0,0.068590226,0.013662179,0.965997020,0.965997020,0.100000000,0.011371424,0.011371424,0.037482449,0.002867310,1.000000000,0.000000000,0.000000000,0.000000000,0.000000000,0.000000000,0.391304348,1.000000000,0.634782609,1.000000000,0.998896653,0.485804416,0.485268406,1.015684560,118.059967041,17.392330170,0.737329960,0.999992251,0.000369619,-0.000124566,-0.003907571
1786,184.032000000,fused_map_f2f,1,1,0,0.068721299,0.010898023,0.965478190,0.965478190,0.100000000,0.011377466,0.011377466,0.037679165,0.002868847,1.000000000,0.000000000,0.000000000,0.000000000,0.000000000,0.000000000,0.418604651,1.000000000,0.651162791,1.000000000,0.998898274,0.560747664,0.560129873,1.020675325,118.059852600,17.392383575,0.737412632,0.999992311,0.000390012,-0.000123171,-0.003901073
1787,184.126000000,fused_map_f2f,1,1,0,0.069475497,0.010330438,0.962492823,0.962492823,0.100000000,0.011412352,0.011412352,0.037863336,0.002877719,1.000000000,0.000000000,0.000000000,0.000000000,0.000000000,0.000000000,0.428571429,1.000000000,0.657142857,1.000000000,0.998532649,0.591194969,0.590327478,1.022688499,118.059425354,17.392478943,0.737419188,0.999992311,0.000359894,-0.000132019,-0.003903082
1788,184.230000000,fused_map_f2f,1,1,0,0.069794209,0.012313076,0.961231258,0.961231258,0.100000000,0.011427159,0.011427159,0.037885860,0.002881485,1.000000000,0.000000000,0.000000000,0.000000000,0.000000000,0.000000000,0.400000000,1.000000000,0.640000000,1.000000000,0.998528871,0.580547112,0.579693053,1.021979537,118.059844971,17.392295837,0.737272024,0.999992371,0.000376996,-0.000122120,-0.003885655
1789,184.315000000,fused_map_f2f,1,1,0,0.069243144,0.021657498,0.963412556,0.963412556,0.100000000,0.011401582,0.011401582,0.037817999,0.002874980,1.000000000,0.000000000,0.000000000,0.000000000,0.000000000,0.000000000,0.391304348,1.000000000,0.634782609,1.000000000,0.998162440,0.586956522,0.585877954,1.022391864,118.059852600,17.392200470,0.737449229,0.999992490,0.000361952,-0.000109428,-0.003858599
1790,184.418000000,fused_map_f2f,1,1,0,0.069553251,0.007321852,0.962185047,0.962185047,0.100000000,0.011415961,0.011415961,0.037879663,0.002878637,1.000000000,0.000000000,0.000000000,0.000000000,0.000000000,0.000000000,0.413043478,1.000000000,0.647826087,1.000000000,0.998529412,0.593167702,0.592295396,1.022819693,118.060424805,17.392316818,0.737393618,0.999992430,0.000368007,-0.000121284,-0.003867690
1791,184.535000000,fused_map_f2f,1,1,0,0.069367706,0.010477348,0.962919497,0.962919497,0.100000000,0.011407353,0.011407353,0.038083949,0.002876448,1.000000000,0.000000000,0.000000000,0.000000000,0.000000000,0.000000000,0.400000000,1.000000000,0.640000000,1.000000000,0.998896247,0.690851735,0.690089206,1.029339280,118.060089111,17.392232895,0.737626433,0.999992490,0.000334590,-0.000129098,-0.003864164
1792,184.623000000,fused_map_f2f,1,1,0,0.068844630,0.014498023,0.964990006,0.964990006,0.100000000,0.011383156,0.011383156,0.038010384,0.002870294,1.000000000,0.000000000,0.000000000,0.000000000,0.000000000,0.000000000,0.418604651,1.000000000,0.651162791,1.000000000,0.997424577,0.694006309,0.692218949,1.029481263,118.060089111,17.392328262,0.737625778,0.999992490,0.000354259,-0.000127321,-0.003847582
1793,184.736000000,fused_map_f2f,1,1,0,0.072662292,0.014507771,0.949878426,0.949878426,0.100000000,0.011562156,0.011562156,0.038578993,0.002915824,1.000000000,0.000000000,0.000000000,0.000000000,0.000000000,0.000000000,0.428571429,1.000000000,0.657142857,1.000000000,0.997428361,0.688679245,0.686908211,1.029127214,118.060211182,17.392143250,0.737362623,0.999992549,0.000358792,-0.000106246,-0.003842419
1794,184.832000000,fused_map_f2f,1,1,0,0.072535730,0.014532702,0.950379401,0.950379401,0.100000000,0.011556132,0.011556132,0.038546430,0.002914291,1.000000000,0.000000000,0.000000000,0.000000000,0.000000000,0.000000000,0.422222222,1.000000000,0.653333333,1.000000000,0.998897464,0.682242991,0.681490793,1.028766053,118.059753418,17.392374039,0.737296820,0.999992549,0.000398306,-0.000131158,-0.003834687
1795,184.921000000,fused_map_f2f,1,1,0,0.072716141,0.010732388,0.949665277,0.949665277,0.100000000,0.011564721,0.011564721,0.038593136,0.002916476,1.000000000,0.000000000,0.000000000,0.000000000,0.000000000,0.000000000,0.391304348,1.000000000,0.634782609,1.000000000,0.997796548,0.690851735,0.689329476,1.029288632,118.060302734,17.392337799,0.737501025,0.999992609,0.000350524,-0.000130542,-0.003828332
1796,185.014000000,fused_map_f2f,1,1,0,0.072507850,0.014563110,0.950489760,0.950489760,0.100000000,0.011554806,0.011554806,0.038560484,0.002913954,1.000000000,0.000000000,0.000000000,0.000000000,0.000000000,0.000000000,0.428571429,1.000000000,0.657142857,1.000000000,0.998164464,0.690402477,0.689135218,1.029275681,118.060279846,17.392307281,0.737335503,0.999992609,0.000379835,-0.000124238,-0.003817430
1797,185.128000000,fused_map_f2f,1,1,0,0.072153959,0.013604756,0.951890579,0.951890579,0.100000000,0.011537998,0.011537998,0.038500821,0.002909678,1.000000000,0.000000000,0.000000000,0.000000000,0.000000000,0.000000000,0.439024390,1.000000000,0.663414634,1.000000000,0.998163790,0.688271605,0.687007794,1.029133853,118.059715271,17.392335892,0.737408936,0.999992609,0.000355505,-0.000126408,-0.003820348
1798,185.223000000,fused_map_f2f,1,1,0,0.071671103,0.020651884,0.953801882,0.953801882,0.100000000,0.011515143,0.011515143,0.038429425,0.002903865,1.000000000,0.000000000,0.000000000,0.000000000,0.000000000,0.000000000,0.418604651,1.000000000,0.651162791,1.000000000,0.998161765,0.689440994,0.688173639,1.029211576,118.059844971,17.392160416,0.737300456,0.999992669,0.000358730,-0.000132991,-0.003809416
1799,185.327000000,fused_map_f2f,1,1,0,0.072268096,0.014220061,0.951438785,0.951438785,0.100000000,0.011543413,0.011543413,0.038517787,0.002911056,1.000000000,0.000000000,0.000000000,0.000000000,0.000000000,0.000000000,0.382978723,1.000000000,0.629787234,1.000000000,0.997793306,0.688271605,0.686752800,1.029116853,118.059906006,17.392171860,0.737384439,0.999992669,0.000358005,-0.000133766,-0.003807453
1800,185.435000000,fused_map_f2f,1,1,0,0.072939362,0.019159089,0.948781691,0.948781691,0.100000000,0.011575367,0.011575367,0.038661812,0.002919185,1.000000000,0.000000000,0.000000000,0.000000000,0.000000000,0.000000000,0.422222222,1.000000000,0.653333333,1.000000000,0.997430250,0.705329154,0.703516634,1.030234442,118.059509277,17.392070770,0.737249613,0.999992728,0.000378188,-0.000116798,-0.003784398
1801,185.517000000,fused_map_f2f,1,1,0,0.072538382,0.027187667,0.950368904,0.950368904,0.100000000,0.011556258,0.011556258,0.038614840,0.002914324,1.000000000,0.000000000,0.000000000,0.000000000,0.000000000,0.000000000,0.409090909,1.000000000,0.645454545,1.000000000,0.998165811,0.711111111,0.709806799,1.030653787,118.059226990,17.392038345,0.737149179,0.999992669,0.000376789,-0.000111719,-0.003803801
1802,185.616000000,fused_map_f2f,1,1,0,0.072538648,0.018427551,0.950367851,0.950367851,0.100000000,0.011556271,0.011556271,0.038586499,0.002914327,1.000000000,0.000000000,0.000000000,0.000000000,0.000000000,0.000000000,0.409090909,1.000000000,0.645454545,1.000000000,0.998898274,0.698757764,0.697987924,1.029865862,118.059768677,17.391944885,0.737254441,0.999992788,0.000360324,-0.000115104,-0.003779491
1803,185.718000000,fused_map_f2f,1,1,0,0.072051598,0.013619714,0.952295759,0.952295759,0.100000000,0.011533145,0.011533145,0.038582760,0.002908444,1.000000000,0.000000000,0.000000000,0.000000000,0.000000000,0.000000000,0.487179487,1.000000000,0.692307692,1.000000000,0.997428361,0.729641694,0.727765319,1.031851021,118.059722900,17.392196655,0.737150431,0.999992728,0.000386546,-0.000128704,-0.003787320
1804,185.830000000,fused_map_f2f,1,1,0,0.072464307,0.009845944,0.950662117,0.950662117,0.100000000,0.011552735,0.011552735,0.038586316,0.002913427,1.000000000,0.000000000,0.000000000,0.000000000,0.000000000,0.000000000,0.418604651,1.000000000,0.651162791,1.000000000,0.998898274,0.703470032,0.702695000,1.030179667,118.060127258,17.392114639,0.737454414,0.999992788,0.000370857,-0.000126640,-0.003767522
1805,185.920000000,fused_map_f2f,1,1,0,0.072121308,0.017425044,0.952019821,0.952019821,0.100000000,0.011536449,0.011536449,0.038540938,0.002909284,1.000000000,0.000000000,0.000000000,0.000000000,0.000000000,0.000000000,0.386363636,1.000000000,0.631818182,1.000000000,0.997794928,0.707395498,0.705835641,1.030389043,118.060226440,17.392238617,0.737207413,0.999992847,0.000378874,-0.000127764,-0.003762967
1806,186.034000000,fused_map_f2f,1,1,0,0.072760783,0.021711410,0.949488568,0.949488568,0.100000000,0.011566849,0.011566849,0.038575221,0.002917018,1.000000000,0.000000000,0.000000000,0.000000000,0.000000000,0.000000000,0.452380952,1.000000000,0.671428571,1.000000000,0.998534262,0.680000000,0.679003298,1.028600220,118.060134888,17.392101288,0.737264216,0.999992847,0.000372557,-0.000127746,-0.003753700
1807,186.115000000,fused_map_f2f,1,1,0,0.072910012,0.014664466,0.948897869,0.948897869,0.100000000,0.011573966,0.011573966,0.038673411,0.002918828,1.000000000,0.000000000,0.000000000,0.000000000,0.000000000,0.000000000,0.418604651,1.000000000,0.651162791,1.000000000,0.998164464,0.711538462,0.710232407,1.030682160,118.059822083,17.392148972,0.737280488,0.999992847,0.000366611,-0.000133628,-0.003763754
1808,186.229000000,fused_map_f2f,1,1,0,0.072729337,0.007370449,0.949613042,0.949613042,0.100000000,0.011565350,0.011565350,0.038630517,0.002916636,1.000000000,0.000000000,0.000000000,0.000000000,0.000000000,0.000000000,0.409090909,1.000000000,0.645454545,1.000000000,0.998164464,0.705329154,0.704034497,1.030268966,118.060089111,17.391960144,0.737231493,0.999992907,0.000384071,-0.000136165,-0.003745361
1809,186.329000000,fused_map_f2f,1,1,0,0.073158213,0.005817963,0.947915409,0.947915409,0.100000000,0.011585823,0.011585823,0.038693326,0.002921845,1.000000000,0.000000000,0.000000000,0.000000000,0.000000000,0.000000000,0.400000000,1.000000000,0.640000000,1.000000000,0.997796548,0.704049844,0.702498504,1.030166567,118.060043335,17.392036438,0.737188399,0.999992907,0.000394726,-0.000135323,-0.003739980
1810,186.415000000,fused_map_f2f,1,1,0,0.072314313,0.025221947,0.951255843,0.951255843,0.100000000,0.011545607,0.011545607,0.038568324,0.002911614,1.000000000,0.000000000,0.000000000,0.000000000,0.000000000,0.000000000,0.418604651,1.000000000,0.651162791,1.000000000,0.998532649,0.705882353,0.704846575,1.030323105,118.060440063,17.391950607,0.737155259,0.999992907,0.000385261,-0.000158272,-0.003737375
1811,186.524000000,fused_map_f2f,1,1,0,0.072905304,0.011049361,0.948916506,0.948916506,0.100000000,0.011573741,0.011573741,0.038701478,0.002918771,1.000000000,0.000000000,0.000000000,0.000000000,0.000000000,0.000000000,0.428571429,1.000000000,0.657142857,1.000000000,0.998531571,0.723270440,0.722208369,1.031480558,118.060356140,17.391933441,0.737309515,0.999992967,0.000370761,-0.000138771,-0.003729484
1812,186.631000000,fused_map_f2f,1,1,0,0.071710800,0.010987680,0.953644749,0.953644749,0.100000000,0.011517019,0.011517019,0.038527922,0.002904342,1.000000000,0.000000000,0.000000000,0.000000000,0.000000000,0.000000000,0.418604651,1.000000000,0.651162791,1.000000000,0.998529952,0.727848101,0.726778130,1.031785209,118.059967041,17.392240524,0.737034917,0.999992907,0.000402556,-0.000145837,-0.003742023
1813,186.722000000,fused_map_f2f,1,1,0,0.073144267,0.022523551,0.947970611,0.947970611,0.100000000,0.011585156,0.011585156,0.038726252,0.002921675,1.000000000,0.000000000,0.000000000,0.000000000,0.000000000,0.000000000,0.418604651,1.000000000,0.651162791,1.000000000,0.998899083,0.717868339,0.717078025,1.031138535,118.059654236,17.392032623,0.737225354,0.999992967,0.000383167,-0.000126407,-0.003728180
1814,186.825000000,fused_map_f2f,1,1,0,0.071543498,0.013074695,0.954306987,0.954306987,0.100000000,0.011509118,0.011509118,0.038445368,0.002902332,1.000000000,0.000000000,0.000000000,0.000000000,0.000000000,0.000000000,0.428571429,1.000000000,0.657142857,1.000000000,0.998528330,0.704049844,0.703013715,1.030200914,118.059745789,17.392000198,0.737218261,0.999993086,0.000374006,-0.000136823,-0.003701048
1815,186.927000000,fused_map_f2f,1,1,0,0.071848466,0.019189528,0.953099823,0.953099823,0.100000000,0.011523527,0.011523527,0.038458954,0.002905997,1.000000000,0.000000000,0.000000000,0.000000000,0.000000000,0.000000000,0.431818182,1.000000000,0.659090909,1.000000000,0.998168498,0.690402477,0.689138003,1.029275867,118.060409546,17.391921997,0.737328708,0.999993086,0.000367684,-0.000139164,-0.003694256
1816,187.022000000,fused_map_f2f,1,1,0,0.071774507,0.011426620,0.953392576,0.953392576,0.100000000,0.011520030,0.011520030,0.038424473,0.002905108,1.000000000,0.000000000,0.000000000,0.000000000,0.000000000,0.000000000,0.428571429,1.000000000,0.657142857,1.000000000,0.997795738,0.680981595,0.679480534,1.028632036,118.060310364,17.392166138,0.737210691,0.999993026,0.000398679,-0.000140397,-0.003705329
1817,187.126000000,fused_map_f2f,1,1,0,0.073191227,0.017975684,0.947784727,0.947784727,0.100000000,0.011587402,0.011587402,0.038670786,0.002922246,1.000000000,0.000000000,0.000000000,0.000000000,0.000000000,0.000000000,0.382978723,1.000000000,0.629787234,1.000000000,0.997424577,0.692789969,0.691005741,1.029400383,118.059974670,17.391933441,0.737101316,0.999993086,0.000400802,-0.000131690,-0.003695357
1818,187.229000000,fused_map_f2f,1,1,0,0.072850005,0.020021411,0.949135397,0.949135397,0.100000000,0.011571103,0.011571103,0.038637419,0.002918100,1.000000000,0.000000000,0.000000000,0.000000000,0.000000000,0.000000000,0.428571429,1.000000000,0.657142857,1.000000000,0.997428361,0.700934579,0.699132029,1.029942135,118.059539795,17.392274857,0.737043560,0.999993026,0.000406620,-0.000165394,-0.003712310
1819,187.318000000,fused_map_f2f,1,1,0,0.071990684,0.022997751,0.952536877,0.952536877,0.100000000,0.011530259,0.011530259,0.038519026,0.002907710,1.000000000,0.000000000,0.000000000,0.000000000,0.000000000,0.000000000,0.418604651,1.000000000,0.651162791,1.000000000,0.997059904,0.707165109,0.705085976,1.030339065,118.060058594,17.391918182,0.737095296,0.999993205,0.000387069,-0.000128341,-0.003657253
1820,187.434000000,fused_map_f2f,1,1,0,0.072519256,0.015521789,0.950444610,0.950444610,0.100000000,0.011555348,0.011555348,0.038615622,0.002914092,1.000000000,0.000000000,0.000000000,0.000000000,0.000000000,0.000000000,0.475000000,1.000000000,0.685000000,1.000000000,0.997798165,0.712933754,0.711363992,1.030757599,118.059730530,17.391855240,0.737163126,0.999993205,0.000380091,-0.000135695,-0.003666845
1821,187.533000000,fused_map_f2f,1,1,0,0.072092080,0.016717559,0.952135517,0.952135517,0.100000000,0.011535064,0.011535064,0.038540555,0.002908932,1.000000000,0.000000000,0.000000000,0.000000000,0.000000000,0.000000000,0.409090909,1.000000000,0.645454545,1.000000000,0.999265516,0.708074534,0.707554465,1.030503631,118.059837341,17.391859055,0.737299800,0.999993205,0.000378758,-0.000140064,-0.003655884
1822,187.621000000,fused_map_f2f,1,1,0,0.072112893,0.019108772,0.952053133,0.952053133,0.100000000,0.011536050,0.011536050,0.038548071,0.002909183,1.000000000,0.000000000,0.000000000,0.000000000,0.000000000,0.000000000,0.450000000,1.000000000,0.670000000,1.000000000,0.997429306,0.711180124,0.709351898,1.030623460,118.059509277,17.392091751,0.737203538,0.999993205,0.000391687,-0.000101647,-0.003670360
1823,187.727000000,fused_map_f2f,1,1,0,0.072106280,0.012918212,0.952079308,0.952079308,0.100000000,0.011535737,0.011535737,0.038540251,0.002909103,1.000000000,0.000000000,0.000000000,0.000000000,0.000000000,0.000000000,0.439024390,1.000000000,0.663414634,1.000000000,0.997797357,0.708074534,0.706514899,1.030434327,118.059822083,17.391952515,0.737106085,0.999993384,0.000394296,-0.000139455,-0.003617221
1824,187.828000000,fused_map_f2f,1,1,0,0.072050055,0.016512843,0.952301865,0.952301865,0.100000000,0.011533072,0.011533072,0.038468470,0.002908425,1.000000000,0.000000000,0.000000000,0.000000000,0.000000000,0.000000000,0.391304348,1.000000000,0.634782609,1.000000000,0.997799780,0.681681682,0.680181832,1.028678789,118.060127258,17.391878128,0.737190068,0.999993265,0.000398751,-0.000131320,-0.003634519
1825,187.931000000,fused_map_f2f,1,1,0,0.072016969,0.020804547,0.952432831,0.952432831,0.100000000,0.011531504,0.011531504,0.038538737,0.002908027,1.000000000,0.000000000,0.000000000,0.000000000,0.000000000,0.000000000,0.400000000,1.000000000,0.640000000,1.000000000,0.998161089,0.712933754,0.711622732,1.030774849,118.060218811,17.391971588,0.737201989,0.999993265,0.000389105,-0.000140468,-0.003637122
