seq,stamp,pose_source,f2f_init_used,map_converged,map_degenerate,map_score,f2f_init_score,map_conf_raw,map_conf,f2f_conf,w_f2f_t,w_f2f_r,w_f2f_ax,w_f2f_nonax,prior_mult,prior_hit_ratio,prior_avg_conf,prior_core_hit_ratio,prior_band_hit_ratio,prior_inner_hit_ratio,wall_ratio_inner,wall_relief_inner,wall_r,wall_r_axial_scale,inc_unknown_ratio,inc_stable_ratio,r_inc_static,inc_static_axial_scale,px,py,pz,qw,qx,qy,qz
0,0.896000000,map_only,0,1,0,0.007007829,nan,1.000000000,1.000000000,0.000000000,0.000000000,0.000000000,0.000000000,0.000000000,1.000000000,0.000000000,0.000000000,0.000000000,0.000000000,0.000000000,0.903225806,0.515208486,0.748018878,1.000000000,0.000000000,0.000000000,0.000000000,1.000000000,-0.164933443,0.027654301,0.750757873,0.999996841,-0.000027430,0.000025417,0.002520991
1,1.020000000,fused_map_f2f,1,1,0,0.006816187,0.004963291,1.000000000,1.000000000,0.100000000,0.010989011,0.010989011,0.035714286,0.002770083,1.000000000,0.000000000,0.000000000,0.000000000,0.000000000,0.000000000,0.903225806,0.406273917,0.704445051,1.000000000,0.000000000,0.000000000,0.000000000,1.000000000,-0.165008456,0.027305197,0.750912428,0.999996781,-0.000077549,0.000026018,0.002542388
2,1.096000000,fused_map_f2f,1,1,0,0.006820421,0.005198013,1.000000000,1.000000000,0.100000000,0.010989011,0.010989011,0.035714286,0.002770083,1.000000000,0.000000000,0.000000000,0.000000000,0.000000000,0.000000000,0.903225806,0.456028090,0.724346720,1.000000000,0.000000000,0.000000000,0.000000000,1.000000000,-0.164988309,0.027298169,0.750818431,0.999996722,-0.000074979,0.000029693,0.002558568
3,1.219000000,fused_map_f2f,1,1,0,0.006863554,0.005594117,1.000000000,1.000000000,0.100000000,0.010989011,0.010989011,0.035714286,0.002770083,1.000000000,0.000000000,0.000000000,0.000000000,0.000000000,0.000000000,0.903225806,0.412922620,0.707104532,1.000000000,0.000000000,0.000000000,0.000000000,1.000000000,-0.165073499,0.027385997,0.750784278,0.999996662,-0.000051903,0.000030154,0.002577374
4,1.321000000,fused_map_f2f,1,1,0,0.006894494,0.004634038,1.000000000,1.000000000,0.100000000,0.010989011,0.010989011,0.035714286,0.002770083,1.000000000,0.000000000,0.000000000,0.000000000,0.000000000,0.000000000,0.933333333,0.431264767,0.732505907,1.000000000,0.000000000,0.000000000,0.000000000,1.000000000,-0.164976448,0.027841037,0.750795126,0.999996603,-0.000003647,0.000046535,0.002611756
5,1.399000000,fused_map_f2f,1,1,0,0.006867747,0.005179842,1.000000000,1.000000000,0.100000000,0.010989011,0.010989011,0.035714286,0.002770083,1.000000000,0.000000000,0.000000000,0.000000000,0.000000000,0.000000000,0.903225806,0.497151735,0.740796178,1.000000000,0.000000000,0.000000000,0.000000000,1.000000000,-0.165406555,0.027479241,0.750771165,0.999996603,-0.000068957,0.000034509,0.002613512
6,1.515000000,fused_map_f2f,1,1,0,0.006809858,0.004479206,1.000000000,1.000000000,0.100000000,0.010989011,0.010989011,0.035714286,0.002770083,1.000000000,0.000000000,0.000000000,0.000000000,0.000000000,0.000000000,0.903225806,0.472528964,0.730947070,1.000000000,0.000000000,0.000000000,0.000000000,1.000000000,-0.165929273,0.027322061,0.750888169,0.999996603,-0.000063827,0.000028674,0.002596702
7,1.626000000,fused_map_f2f,1,1,0,0.006845190,0.005057201,1.000000000,1.000000000,0.100000000,0.010989011,0.010989011,0.035714286,0.002770083,1.000000000,0.000000000,0.000000000,0.000000000,0.000000000,0.000000000,0.903225806,0.438407766,0.717298590,1.000000000,0.000000000,0.000000000,0.000000000,1.000000000,-0.165699586,0.027327424,0.750847936,0.999996543,-0.000055016,0.000027190,0.002616673
8,1.703000000,fused_map_f2f,1,1,0,0.006819834,0.005096399,1.000000000,1.000000000,0.100000000,0.010989011,0.010989011,0.035714286,0.002770083,1.000000000,0.000000000,0.000000000,0.000000000,0.000000000,0.000000000,0.903225806,0.468448129,0.729314735,1.000000000,0.000000000,0.000000000,0.000000000,1.000000000,-0.166223764,0.027141448,0.750803947,0.999996543,-0.000078277,0.000031256,0.002629746
9,1.822000000,fused_map_f2f,1,1,0,0.006779852,0.005070145,1.000000000,1.000000000,0.100000000,0.010989011,0.010989011,0.035714286,0.002770083,1.000000000,0.000000000,0.000000000,0.000000000,0.000000000,0.000000000,0.903225806,0.465069240,0.727963180,1.000000000,0.000000000,0.000000000,0.000000000,1.000000000,-0.166281641,0.027055794,0.750700653,0.999996603,-0.000057252,0.000035012,0.002611630
10,1.900000000,fused_map_f2f,1,1,0,0.006757534,0.005478972,1.000000000,1.000000000,0.100000000,0.010989011,0.010989011,0.035714286,0.002770083,1.000000000,0.000000000,0.000000000,0.000000000,0.000000000,0.000000000,0.903225806,0.431226012,0.714425888,1.000000000,0.000000000,0.000000000,0.000000000,1.000000000,-0.166128621,0.027208213,0.750589907,0.999996603,-0.000078188,0.000039328,0.002598507
11,2.010000000,fused_map_f2f,1,1,0,0.006772748,0.005540353,1.000000000,1.000000000,0.100000000,0.010989011,0.010989011,0.035714286,0.002770083,1.000000000,0.000000000,0.000000000,0.000000000,0.000000000,0.000000000,0.903225806,0.520467834,0.750122617,1.000000000,0.000000000,0.000000000,0.000000000,1.000000000,-0.166687608,0.027448777,0.750695527,0.999996543,-0.000020811,0.000039247,0.002616961
12,2.122000000,fused_map_f2f,1,1,0,0.006809662,0.005600582,1.000000000,1.000000000,0.100000000,0.010989011,0.010989011,0.035714286,0.002770083,1.000000000,0.000000000,0.000000000,0.000000000,0.000000000,0.000000000,0.903225806,0.478237886,0.733230638,1.000000000,0.000000000,0.000000000,0.000000000,1.000000000,-0.166666910,0.027031807,0.750881076,0.999996424,-0.000100346,0.000020848,0.002671886
13,2.200000000,fused_map_f2f,1,1,0,0.006801357,0.005513047,1.000000000,1.000000000,0.100000000,0.010989011,0.010989011,0.035714286,0.002770083,1.000000000,0.000000000,0.000000000,0.000000000,0.000000000,0.000000000,0.870967742,0.376009011,0.672984250,1.000000000,0.000000000,0.000000000,0.000000000,1.000000000,-0.167312413,0.026848782,0.750891924,0.999996424,-0.000098341,0.000015060,0.002675146
14,2.309000000,fused_map_f2f,1,1,0,0.006816880,0.005118009,1.000000000,1.000000000,0.100000000,0.010989011,0.010989011,0.035714286,0.002770083,1.000000000,0.000000000,0.000000000,0.000000000,0.000000000,0.000000000,0.903225806,0.472071268,0.730763991,1.000000000,0.000000000,0.000000000,0.000000000,1.000000000,-0.167667195,0.026899772,0.750845075,0.999996364,-0.000035108,0.000037263,0.002701648
15,2.409000000,fused_map_f2f,1,1,0,0.006806697,0.005324683,1.000000000,1.000000000,0.100000000,0.010989011,0.010989011,0.035714286,0.002770083,1.000000000,0.000000000,0.000000000,0.000000000,0.000000000,0.000000000,0.903225806,0.454299171,0.723655152,1.000000000,0.000000000,0.000000000,0.000000000,1.000000000,-0.167364463,0.026800042,0.750856459,0.999996305,-0.000089040,0.000025761,0.002704664
16,2.518000000,fused_map_f2f,1,1,0,0.006820186,0.005104156,1.000000000,1.000000000,0.100000000,0.010989011,0.010989011,0.035714286,0.002770083,1.000000000,0.000000000,0.000000000,0.000000000,0.000000000,0.000000000,0.903225806,0.453145563,0.723193709,1.000000000,0.000000000,0.000000000,0.000000000,1.000000000,-0.167521462,0.027234266,0.750512719,0.999996305,-0.000061282,0.000034951,0.002725662
17,2.596000000,fused_map_f2f,1,1,0,0.006810688,0.005636365,1.000000000,1.000000000,0.100000000,0.010989011,0.010989011,0.035714286,0.002770083,1.000000000,0.000000000,0.000000000,0.000000000,0.000000000,0.000000000,0.903225806,0.435061012,0.715959889,1.000000000,0.000000000,0.000000000,0.000000000,1.000000000,-0.167056724,0.027122613,0.750885785,0.999996245,-0.000025672,0.000030387,0.002742122
18,2.709000000,fused_map_f2f,1,1,0,0.006838186,0.005579961,1.000000000,1.000000000,0.100000000,0.010989011,0.010989011,0.035714286,0.002770083,1.000000000,0.000000000,0.000000000,0.000000000,0.000000000,0.000000000,0.903225806,0.373803582,0.691456917,1.000000000,0.000000000,0.000000000,0.000000000,1.000000000,-0.167380989,0.026968278,0.750824094,0.999996126,-0.000046426,0.000037582,0.002786619
19,2.803000000,fused_map_f2f,1,1,0,0.006830141,0.004815335,1.000000000,1.000000000,0.100000000,0.010989011,0.010989011,0.035714286,0.002770083,1.000000000,0.000000000,0.000000000,0.000000000,0.000000000,0.000000000,0.933333333,0.361989588,0.704795835,1.000000000,0.000000000,0.000000000,0.000000000,1.000000000,-0.167288661,0.027163381,0.750870526,0.999996126,-0.000068358,0.000027139,0.002780431
20,2.915000000,fused_map_f2f,1,1,0,0.006891413,0.005832550,1.000000000,1.000000000,0.100000000,0.010989011,0.010989011,0.035714286,0.002770083,1.000000000,0.000000000,0.000000000,0.000000000,0.000000000,0.000000000,0.870967742,0.483092272,0.715817554,1.000000000,0.000000000,0.000000000,0.000000000,1.000000000,-0.166874960,0.027589222,0.750710070,0.999996006,-0.000009251,0.000039084,0.002814157
21,2.999000000,fused_map_f2f,1,1,0,0.006883573,0.005248409,1.000000000,1.000000000,0.100000000,0.010989011,0.010989011,0.035714286,0.002770083,1.000000000,0.000000000,0.000000000,0.000000000,0.000000000,0.000000000,0.903225806,0.472885243,0.731089581,1.000000000,0.000000000,0.000000000,0.000000000,1.000000000,-0.167108402,0.026863897,0.750838637,0.999995947,-0.000109531,0.000036856,0.002851381
22,3.112000000,fused_map_f2f,1,1,0,0.006872911,0.003303827,1.000000000,1.000000000,0.100000000,0.010989011,0.010989011,0.035714286,0.002770083,1.000000000,0.000000000,0.000000000,0.000000000,0.000000000,0.000000000,0.903225806,0.459601172,0.725775953,1.000000000,0.000000000,0.000000000,0.000000000,1.000000000,-0.167074546,0.027215682,0.750777841,0.999995887,-0.000086716,0.000034341,0.002858271
23,3.225000000,fused_map_f2f,1,1,0,0.006902317,0.005312730,1.000000000,1.000000000,0.100000000,0.010989011,0.010989011,0.035714286,0.002770083,1.000000000,0.000000000,0.000000000,0.000000000,0.000000000,0.000000000,0.903225806,0.348169437,0.681203259,1.000000000,0.000000000,0.000000000,0.000000000,1.000000000,-0.167148486,0.027241217,0.750710845,0.999995887,-0.000053488,0.000031738,0.002875103
24,3.315000000,fused_map_f2f,1,1,0,0.007071677,0.003322305,1.000000000,1.000000000,0.100000000,0.010989011,0.010989011,0.035714286,0.002770083,1.000000000,0.000000000,0.000000000,0.000000000,0.000000000,0.000000000,0.903225806,0.459504294,0.725737202,1.000000000,0.000000000,0.000000000,0.000000000,1.000000000,-0.160812661,0.027190110,0.750740111,0.999995947,-0.000057786,0.000036500,0.002840455
25,3.439000000,fused_map_f2f,1,1,0,0.008112145,0.003759858,1.000000000,1.000000000,0.100000000,0.010989011,0.010989011,0.035714286,0.002770083,1.000000000,0.000000000,0.000000000,0.000000000,0.000000000,0.000000000,0.903225806,0.442162556,0.718800506,1.000000000,0.000000000,0.000000000,0.000000000,1.000000000,-0.134213030,0.027466753,0.750741184,0.999996126,-0.000046648,0.000047306,0.002782450
26,3.524000000,fused_map_f2f,1,1,0,0.008765263,0.005426703,1.000000000,1.000000000,0.100000000,0.010989011,0.010989011,0.035714286,0.002770083,1.000000000,0.000000000,0.000000000,0.000000000,0.000000000,0.000000000,0.903225806,0.482287732,0.734850577,1.000000000,0.000000000,0.000000000,0.000000000,1.000000000,-0.108472705,0.027611207,0.750581086,0.999996305,0.000000575,0.000033446,0.002722985
27,3.609000000,fused_map_f2f,1,1,0,0.008489593,0.003860187,1.000000000,1.000000000,0.100000000,0.010989011,0.010989011,0.035714286,0.002770083,1.000000000,0.000000000,0.000000000,0.000000000,0.000000000,0.000000000,0.903225806,0.573689228,0.771411175,1.000000000,0.000000000,0.000000000,0.000000000,1.000000000,-0.081549577,0.028026557,0.750411689,0.999996662,0.000010376,0.000042078,0.002576769
28,3.728000000,fused_map_f2f,1,1,0,0.006766230,0.005320565,1.000000000,1.000000000,0.100000000,0.010989011,0.010989011,0.035714286,0.002770083,1.000000000,0.000000000,0.000000000,0.000000000,0.000000000,0.000000000,0.903225806,0.465323919,0.728065051,1.000000000,0.000000000,0.000000000,0.000000000,1.000000000,-0.033405893,0.029419102,0.750118554,0.999996543,0.000057941,0.000038427,0.002619582
29,3.806000000,fused_map_f2f,1,1,0,0.006238334,0.006342074,1.000000000,1.000000000,0.100000000,0.010989011,0.010989011,0.035714286,0.002770083,1.000000000,0.000000000,0.000000000,0.000000000,0.000000000,0.000000000,0.903225806,0.514531877,0.747748235,1.000000000,0.000000000,0.000000000,0.000000000,1.000000000,0.003058623,0.028829044,0.750365257,0.999996662,-0.000051523,0.000028311,0.002590893
30,3.915000000,fused_map_f2f,1,1,0,0.007591608,0.007222164,1.000000000,1.000000000,0.100000000,0.010989011,0.010989011,0.035714286,0.002770083,1.000000000,0.000000000,0.000000000,0.000000000,0.000000000,0.000000000,0.903225806,0.503350803,0.743275805,1.000000000,0.000000000,0.000000000,0.000000000,1.000000000,0.057452574,0.029059622,0.750335157,0.999996781,-0.000036028,0.000046775,0.002537773
31,4.021000000,fused_map_f2f,1,1,0,0.008526705,0.006847104,1.000000000,1.000000000,0.100000000,0.010989011,0.010989011,0.035714286,0.002770083,1.000000000,0.000000000,0.000000000,0.000000000,0.000000000,0.000000000,0.903225806,0.459218886,0.725623038,1.000000000,0.000000000,0.000000000,0.000000000,1.000000000,0.119801834,0.029930005,0.750019133,0.999996960,0.000008374,0.000033040,0.002468629
32,4.100000000,fused_map_f2f,1,1,0,0.006473766,0.006844086,1.000000000,1.000000000,0.100000000,0.010989011,0.010989011,0.035714286,0.002770083,1.000000000,0.000000000,0.000000000,0.000000000,0.000000000,0.000000000,0.903225806,0.376826042,0.692665901,1.000000000,0.000000000,0.000000000,0.000000000,1.000000000,0.168243125,0.030072365,0.750219822,0.999997079,0.000001057,0.000039395,0.002415545
33,4.211000000,fused_map_f2f,1,1,0,0.006714840,0.009976170,1.000000000,1.000000000,0.100000000,0.010989011,0.010989011,0.035714286,0.002770083,1.000000000,0.000000000,0.000000000,0.000000000,0.000000000,0.000000000,0.903225806,0.390570259,0.698163588,1.000000000,0.000000000,0.000000000,0.000000000,1.000000000,0.242056921,0.030000819,0.750372171,0.999997318,-0.000035937,0.000043453,0.002321288
34,4.323000000,fused_map_f2f,1,1,0,0.008159380,0.009324865,1.000000000,1.000000000,0.100000000,0.010989011,0.010989011,0.035714286,0.002770083,1.000000000,0.000000000,0.000000000,0.000000000,0.000000000,0.000000000,0.903225806,0.475005116,0.731937530,1.000000000,0.000000000,0.000000000,0.000000000,1.000000000,0.324534565,0.030195855,0.750568926,0.999997497,-0.000042448,0.000066780,0.002221353
35,4.410000000,fused_map_f2f,1,1,0,0.005908938,0.009802122,1.000000000,1.000000000,0.100000000,0.010989011,0.010989011,0.035714286,0.002770083,1.000000000,0.000000000,0.000000000,0.000000000,0.000000000,0.000000000,0.935483871,0.486390422,0.755846491,1.000000000,0.000000000,0.000000000,0.000000000,1.000000000,0.392348647,0.030593328,0.750630140,0.999997616,-0.000022371,0.000077940,0.002167286
36,4.536000000,fused_map_f2f,1,1,0,0.008710230,0.011531444,1.000000000,1.000000000,0.100000000,0.010989011,0.010989011,0.035714286,0.002770083,1.000000000,0.000000000,0.000000000,0.000000000,0.000000000,0.000000000,0.903225806,0.491013136,0.738340738,1.000000000,0.000000000,0.000000000,0.000000000,1.000000000,0.492714286,0.031300642,0.750387251,0.999997914,0.000046775,0.000032095,0.002046164
37,4.619000000,fused_map_f2f,1,1,0,0.006541346,0.008721135,1.000000000,1.000000000,0.100000000,0.010989011,0.010989011,0.035714286,0.002770083,1.000000000,0.000000000,0.000000000,0.000000000,0.000000000,0.000000000,0.903225806,0.401304594,0.702457321,1.000000000,0.000000000,0.000000000,0.000000000,1.000000000,0.558609247,0.031398546,0.750481367,0.999998033,0.000012387,0.000050231,0.001980201
38,4.729000000,fused_map_f2f,1,1,0,0.006664379,0.010262916,1.000000000,1.000000000,0.100000000,0.010989011,0.010989011,0.035714286,0.002770083,1.000000000,0.000000000,0.000000000,0.000000000,0.000000000,0.000000000,0.903225806,0.411992272,0.706732393,1.000000000,0.000000000,0.000000000,0.000000000,1.000000000,0.646706223,0.030772535,0.750412881,0.999998212,-0.000010839,0.000026301,0.001893124
39,4.806000000,fused_map_f2f,1,1,0,0.008604246,0.008140752,1.000000000,1.000000000,0.100000000,0.010989011,0.010989011,0.035714286,0.002770083,1.000000000,0.000000000,0.000000000,0.000000000,0.000000000,0.000000000,0.903225806,0.594711314,0.779820010,1.000000000,0.000000000,0.000000000,0.000000000,1.000000000,0.708575308,0.031205008,0.750351667,0.999998212,0.000036243,0.000027745,0.001891934
40,4.926000000,fused_map_f2f,1,1,0,0.005723164,0.011568638,1.000000000,1.000000000,0.100000000,0.010989011,0.010989011,0.035714286,0.002770083,1.000000000,0.000000000,0.000000000,0.000000000,0.000000000,0.000000000,0.903225806,0.427708098,0.713018723,1.000000000,0.000000000,0.000000000,0.000000000,1.000000000,0.803237200,0.031171670,0.750490069,0.999998331,0.000013945,0.000051873,0.001816625
41,5.011000000,fused_map_f2f,1,1,0,0.007902406,0.008433295,1.000000000,1.000000000,0.100000000,0.010989011,0.010989011,0.035714286,0.002770083,1.000000000,0.000000000,0.000000000,0.000000000,0.000000000,0.000000000,0.935483871,0.429972445,0.733279301,1.000000000,0.000000000,0.000000000,0.000000000,1.000000000,0.873887300,0.030799970,0.750281811,0.999998510,0.000006571,0.000041943,0.001734767
42,5.119000000,fused_map_f2f,1,1,0,0.006312246,0.010304410,1.000000000,1.000000000,0.100000000,0.010989011,0.010989011,0.035714286,0.002770083,1.000000000,0.000000000,0.000000000,0.000000000,0.000000000,0.000000000,0.903225806,0.428809855,0.713459426,1.000000000,0.000000000,0.000000000,0.000000000,1.000000000,0.960152626,0.031562485,0.750679612,0.999998450,0.000109670,0.000040187,0.001738660
43,5.202000000,fused_map_f2f,1,1,0,0.005958264,0.008719786,1.000000000,1.000000000,0.100000000,0.010989011,0.010989011,0.035714286,0.002770083,1.000000000,0.000000000,0.000000000,0.000000000,0.000000000,0.000000000,0.935483871,0.545002934,0.779291496,1.000000000,0.000000000,0.000000000,0.000000000,1.000000000,1.026880264,0.031722907,0.750687718,0.999998569,0.000092419,0.000049124,0.001689692
44,5.313000000,fused_map_f2f,1,1,0,0.008196063,0.011511945,1.000000000,1.000000000,0.100000000,0.010989011,0.010989011,0.035714286,0.002770083,1.000000000,0.000000000,0.000000000,0.000000000,0.000000000,0.000000000,0.903225806,0.479497665,0.733734550,1.000000000,0.000000000,0.000000000,0.000000000,1.000000000,1.119571686,0.032230172,0.750208616,0.999998450,0.000084975,0.000047768,0.001752344
45,5.430000000,fused_map_f2f,1,1,0,0.005637077,0.011443028,1.000000000,1.000000000,0.100000000,0.010989011,0.010989011,0.035714286,0.002770083,1.000000000,0.000000000,0.000000000,0.000000000,0.000000000,0.000000000,0.935483871,0.448839706,0.740826205,1.000000000,0.000000000,0.000000000,0.000000000,1.000000000,1.212303877,0.031326555,0.750906289,0.999998689,0.000015058,0.000027261,0.001611796
46,5.504000000,fused_map_f2f,1,1,0,0.007822187,0.008382879,1.000000000,1.000000000,0.100000000,0.010989011,0.010989011,0.035714286,0.002770083,1.000000000,0.000000000,0.000000000,0.000000000,0.000000000,0.000000000,0.935483871,0.489103762,0.756931827,1.000000000,0.000000000,0.000000000,0.000000000,1.000000000,1.274333358,0.031604234,0.750993669,0.999998689,0.000036072,0.000028700,0.001620740
47,5.618000000,fused_map_f2f,1,1,0,0.005969877,0.010474167,1.000000000,1.000000000,0.100000000,0.010989011,0.010989011,0.035714286,0.002770083,1.000000000,0.000000000,0.000000000,0.000000000,0.000000000,0.000000000,0.967741935,0.509255023,0.784347170,1.000000000,0.000000000,0.000000000,0.000000000,1.000000000,1.365696907,0.031637732,0.751316488,0.999998808,0.000031735,0.000041240,0.001543658
48,5.701000000,fused_map_f2f,1,1,0,0.005904251,0.008314151,1.000000000,1.000000000,0.100000000,0.010989011,0.010989011,0.035714286,0.002770083,1.000000000,0.000000000,0.000000000,0.000000000,0.000000000,0.000000000,0.903225806,0.624291746,0.791652182,1.000000000,0.000000000,0.000000000,0.000000000,1.000000000,1.430857778,0.031045943,0.751485527,0.999998868,0.000054268,0.000004447,0.001518170
49,5.814000000,fused_map_f2f,1,1,0,0.007843885,0.011127572,1.000000000,1.000000000,0.100000000,0.010989011,0.010989011,0.035714286,0.002770083,1.000000000,0.000000000,0.000000000,0.000000000,0.000000000,0.000000000,0.935483871,0.508314425,0.764616093,1.000000000,0.000000000,0.000000000,0.000000000,1.000000000,1.523276806,0.032230891,0.752141118,0.999998927,0.000013730,-0.000014587,0.001457680
50,5.927000000,fused_map_f2f,1,1,0,0.005498613,0.010319693,1.000000000,1.000000000,0.100000000,0.010989011,0.010989011,0.035714286,0.002770083,1.000000000,0.000000000,0.000000000,0.000000000,0.000000000,0.000000000,0.935483871,0.373559435,0.710714097,1.000000000,0.000000000,0.000000000,0.000000000,1.000000000,1.614104509,0.031762689,0.751955271,0.999999046,-0.000007680,-0.000002949,0.001386191
51,6.001000000,fused_map_f2f,1,1,0,0.007609108,0.007635422,1.000000000,1.000000000,0.100000000,0.010989011,0.010989011,0.035714286,0.002770083,1.000000000,0.000000000,0.000000000,0.000000000,0.000000000,0.000000000,0.967741935,0.477508022,0.771648370,1.000000000,0.000000000,0.000000000,0.000000000,1.000000000,1.671897888,0.031880114,0.752025902,0.999999106,0.000019092,0.000006858,0.001339480
52,6.107000000,fused_map_f2f,1,1,0,0.005854680,0.009100571,1.000000000,1.000000000,0.100000000,0.010989011,0.010989011,0.035714286,0.002770083,1.000000000,0.000000000,0.000000000,0.000000000,0.000000000,0.000000000,0.967741935,0.527995379,0.791843313,1.000000000,0.000000000,0.000000000,0.000000000,1.000000000,1.762018681,0.031366087,0.752800703,0.999999106,0.000008639,-0.000010422,0.001323322
53,6.233000000,fused_map_f2f,1,1,0,0.007041915,0.012375428,1.000000000,1.000000000,0.100000000,0.010989011,0.010989011,0.035714286,0.002770083,1.000000000,0.000000000,0.000000000,0.000000000,0.000000000,0.000000000,0.967741935,0.520056695,0.788667839,1.000000000,0.000000000,0.000000000,0.000000000,1.000000000,1.863767147,0.031703170,0.752908230,0.999999166,0.000010330,0.000009657,0.001280717
54,6.317000000,fused_map_f2f,1,1,0,0.006994744,0.007018735,1.000000000,1.000000000,0.100000000,0.010989011,0.010989011,0.035714286,0.002770083,1.000000000,0.000000000,0.000000000,0.000000000,0.000000000,0.000000000,0.967741935,0.538333893,0.795978718,1.000000000,0.000000000,0.000000000,0.000000000,1.000000000,1.936287761,0.032911837,0.752858758,0.999999106,0.000086697,-0.000005375,0.001343872
55,6.420000000,fused_map_f2f,1,1,0,0.005496040,0.010253462,1.000000000,1.000000000,0.100000000,0.010989011,0.010989011,0.035714286,0.002770083,1.000000000,0.000000000,0.000000000,0.000000000,0.000000000,0.000000000,0.935483871,0.517110913,0.768134688,1.000000000,0.000000000,0.000000000,0.000000000,1.000000000,2.017463923,0.032661345,0.753003895,0.999999166,0.000024221,-0.000002114,0.001292405
56,6.497000000,fused_map_f2f,1,1,0,0.007808237,0.008043593,1.000000000,1.000000000,0.100000000,0.010989011,0.010989011,0.035714286,0.002770083,1.000000000,0.000000000,0.000000000,0.000000000,0.000000000,0.000000000,0.935483871,0.543664509,0.778756126,1.000000000,0.000000000,0.000000000,0.000000000,1.000000000,2.078683615,0.032564417,0.752883732,0.999999225,0.000053062,0.000009005,0.001248489
57,6.617000000,fused_map_f2f,1,1,0,0.005331411,0.010666819,1.000000000,1.000000000,0.100000000,0.010989011,0.010989011,0.035714286,0.002770083,1.000000000,0.000000000,0.000000000,0.000000000,0.000000000,0.000000000,0.967741935,0.567904483,0.807806955,1.000000000,0.000000000,0.000000000,0.000000000,1.000000000,2.179713011,0.032792337,0.752804756,0.999999285,0.000043265,-0.000005688,0.001205837
58,6.701000000,fused_map_f2f,1,1,0,0.006140766,0.008993564,1.000000000,1.000000000,0.100000000,0.010989011,0.010989011,0.035714286,0.002770083,1.000000000,0.000000000,0.000000000,0.000000000,0.000000000,0.000000000,0.967741935,0.484697054,0.774523983,1.000000000,0.000000000,0.000000000,0.000000000,1.000000000,2.246644735,0.033093028,0.753035963,0.999999285,0.000074075,-0.000006373,0.001185252
59,6.814000000,fused_map_f2f,1,1,0,0.006747159,0.011734488,1.000000000,1.000000000,0.100000000,0.010989011,0.010989011,0.035714286,0.002770083,1.000000000,0.000000000,0.000000000,0.000000000,0.000000000,0.000000000,0.967741935,0.588201687,0.815925836,1.000000000,0.000000000,0.000000000,0.000000000,1.000000000,2.341561556,0.034190316,0.752255857,0.999999166,0.000071040,-0.000004562,0.001274244
60,6.896000000,fused_map_f2f,1,1,0,0.005293029,0.007163920,1.000000000,1.000000000,0.100000000,0.010989011,0.010989011,0.035714286,0.002770083,1.000000000,0.000000000,0.000000000,0.000000000,0.000000000,0.000000000,0.906250000,0.480583594,0.735983438,1.000000000,0.000000000,0.000000000,0.000000000,1.000000000,2.406731367,0.033632930,0.752367020,0.999999285,0.000098526,0.000005271,0.001182450
61,7.009000000,fused_map_f2f,1,1,0,0.008546157,0.011239470,1.000000000,1.000000000,0.100000000,0.010989011,0.010989011,0.035714286,0.002770083,1.000000000,0.000000000,0.000000000,0.000000000,0.000000000,0.000000000,0.967741935,0.544769763,0.798553066,1.000000000,0.000000000,0.000000000,0.000000000,1.000000000,2.505000114,0.034879934,0.752236962,0.999998927,0.000019171,-0.000017382,0.001456596
62,7.117000000,fused_map_f2f,1,1,0,0.005353561,0.008663632,1.000000000,1.000000000,0.100000000,0.010989011,0.010989011,0.035714286,0.002770083,1.000000000,0.000000000,0.000000000,0.000000000,0.000000000,0.000000000,0.906250000,0.536060107,0.758174043,1.000000000,0.000000000,0.000000000,0.000000000,1.000000000,2.588647127,0.032761976,0.752066493,0.999999285,0.000056070,-0.000003941,0.001199084
63,7.237000000,fused_map_f2f,1,1,0,0.008023943,0.011417243,1.000000000,1.000000000,0.100000000,0.010989011,0.010989011,0.035714286,0.002770083,1.000000000,0.000000000,0.000000000,0.000000000,0.000000000,0.000000000,0.937500000,0.444192872,0.740177149,1.000000000,0.000000000,0.000000000,0.000000000,1.000000000,2.685594082,0.032978058,0.752131760,0.999999285,0.000084356,0.000002374,0.001168182
64,7.323000000,fused_map_f2f,1,1,0,0.005912375,0.007548961,1.000000000,1.000000000,0.100000000,0.010989011,0.010989011,0.035714286,0.002770083,1.000000000,0.000000000,0.000000000,0.000000000,0.000000000,0.000000000,0.937500000,0.555840024,0.784836009,1.000000000,0.000000000,0.000000000,0.000000000,1.000000000,2.762124300,0.034431074,0.752141237,0.999999166,0.000152913,-0.000018584,0.001273691
65,7.429000000,fused_map_f2f,1,1,0,0.006270675,0.010673086,1.000000000,1.000000000,0.100000000,0.010989011,0.010989011,0.035714286,0.002770083,1.000000000,0.000000000,0.000000000,0.000000000,0.000000000,0.000000000,0.937500000,0.639264299,0.818205720,1.000000000,0.000000000,0.000000000,0.000000000,1.000000000,2.846324921,0.034297921,0.752081990,0.999999225,0.000166845,-0.000018874,0.001214177
66,7.501000000,fused_map_f2f,1,1,0,0.008432418,0.008027677,1.000000000,1.000000000,0.100000000,0.010989011,0.010989011,0.035714286,0.002770083,1.000000000,0.000000000,0.000000000,0.000000000,0.000000000,0.000000000,0.937500000,0.565269024,0.788607610,1.000000000,0.000000000,0.000000000,0.000000000,1.000000000,2.906027555,0.035187811,0.751844645,0.999999166,0.000139453,-0.000031429,0.001258903
67,7.617000000,fused_map_f2f,1,1,0,0.005161436,0.010416816,1.000000000,1.000000000,0.100000000,0.010989011,0.010989011,0.035714286,0.002770083,1.000000000,0.000000000,0.000000000,0.000000000,0.000000000,0.000000000,0.968750000,0.549711928,0.801134771,1.000000000,0.000000000,0.000000000,0.000000000,1.000000000,3.000324249,0.033844616,0.751496136,0.999999404,0.000164975,-0.000033169,0.001072450
68,7.729000000,fused_map_f2f,1,1,0,0.008110230,0.011397353,1.000000000,1.000000000,0.100000000,0.010989011,0.010989011,0.035714286,0.002770083,1.000000000,0.000000000,0.000000000,0.000000000,0.000000000,0.000000000,0.937500000,0.644032579,0.820113032,1.000000000,0.000000000,0.000000000,0.000000000,1.000000000,3.090009689,0.034264978,0.751688063,0.999999404,0.000204429,-0.000030641,0.001077304
69,7.824000000,fused_map_f2f,1,1,0,0.005653415,0.009750428,1.000000000,1.000000000,0.100000000,0.010989011,0.010989011,0.035714286,0.002770083,1.000000000,0.000000000,0.000000000,0.000000000,0.000000000,0.000000000,0.937500000,0.539729572,0.778391829,1.000000000,0.000000000,0.000000000,0.000000000,1.000000000,3.170508862,0.035111874,0.751416147,0.999999285,0.000239327,-0.000024137,0.001171712
70,7.902000000,fused_map_f2f,1,1,0,0.005913403,0.008063268,1.000000000,1.000000000,0.100000000,0.010989011,0.010989011,0.035714286,0.002770083,1.000000000,0.000000000,0.000000000,0.000000000,0.000000000,0.000000000,0.937500000,0.581662523,0.795165009,1.000000000,0.000000000,0.000000000,0.000000000,1.000000000,3.234055758,0.035805780,0.751124680,0.999999225,0.000174468,-0.000022794,0.001210217
71,8.017000000,fused_map_f2f,1,1,0,0.007477588,0.009760287,1.000000000,1.000000000,0.100000000,0.010989011,0.010989011,0.035714286,0.002770083,1.000000000,0.000000000,0.000000000,0.000000000,0.000000000,0.000000000,0.968750000,0.627382195,0.832202878,1.000000000,0.000000000,0.000000000,0.000000000,1.000000000,3.329634190,0.036690224,0.750744641,0.999999106,0.000263494,-0.000009889,0.001318637
72,8.127000000,fused_map_f2f,1,1,0,0.005697559,0.011311037,1.000000000,1.000000000,0.100000000,0.010989011,0.010989011,0.035714286,0.002770083,1.000000000,0.000000000,0.000000000,0.000000000,0.000000000,0.000000000,0.968750000,0.495694575,0.779527830,1.000000000,0.000000000,0.000000000,0.000000000,1.000000000,3.417596817,0.036450770,0.750994265,0.999999166,0.000318099,-0.000014114,0.001244334
73,8.205000000,fused_map_f2f,1,1,0,0.007937971,0.006531168,1.000000000,1.000000000,0.100000000,0.010989011,0.010989011,0.035714286,0.002770083,1.000000000,0.000000000,0.000000000,0.000000000,0.000000000,0.000000000,0.937500000,0.529052002,0.774120801,1.000000000,0.000000000,0.000000000,0.000000000,1.000000000,3.480622053,0.036413029,0.750759900,0.999999166,0.000309669,-0.000019352,0.001256402
74,8.323000000,fused_map_f2f,1,1,0,0.005577736,0.010019779,1.000000000,1.000000000,0.100000000,0.010989011,0.010989011,0.035714286,0.002770083,1.000000000,0.000000000,0.000000000,0.000000000,0.000000000,0.000000000,0.968750000,0.694533518,0.859063407,1.000000000,0.000000000,0.000000000,0.000000000,1.000000000,3.575587273,0.036200427,0.750946462,0.999999225,0.000387010,-0.000004053,0.001188928
75,8.397000000,fused_map_f2f,1,1,0,0.005940981,0.008542275,1.000000000,1.000000000,0.100000000,0.010989011,0.010989011,0.035714286,0.002770083,1.000000000,0.000000000,0.000000000,0.000000000,0.000000000,0.000000000,0.937500000,0.473799796,0.752019918,1.000000000,0.000000000,0.000000000,0.000000000,1.000000000,3.634865046,0.036246430,0.750914574,0.999999225,0.000378834,-0.000001844,0.001170193
76,8.508000000,fused_map_f2f,1,1,0,0.007334628,0.009381590,1.000000000,1.000000000,0.100000000,0.010989011,0.010989011,0.035714286,0.002770083,1.000000000,0.000000000,0.000000000,0.000000000,0.000000000,0.000000000,0.968750000,0.615079963,0.827281985,1.000000000,0.000000000,0.000000000,0.000000000,1.000000000,3.732193232,0.037919350,0.750480771,0.999999046,0.000424956,-0.000008947,0.001311065
77,8.621000000,fused_map_f2f,1,1,0,0.005880063,0.011460663,1.000000000,1.000000000,0.100000000,0.010989011,0.010989011,0.035714286,0.002770083,1.000000000,0.000000000,0.000000000,0.000000000,0.000000000,0.000000000,0.968750000,0.635665612,0.835516245,1.000000000,0.000000000,0.000000000,0.000000000,1.000000000,3.824472904,0.037416633,0.750591755,0.999999046,0.000395002,-0.000001704,0.001298750
78,8.726000000,fused_map_f2f,1,1,0,0.008259462,0.009724199,1.000000000,1.000000000,0.100000000,0.010989011,0.010989011,0.035714286,0.002770083,1.000000000,0.000000000,0.000000000,0.000000000,0.000000000,0.000000000,0.968750000,0.497396740,0.780208696,1.000000000,0.000000000,0.000000000,0.000000000,1.000000000,3.908589840,0.037025061,0.750591636,0.999999166,0.000407888,0.000002916,0.001202555
79,8.812000000,fused_map_f2f,1,1,0,0.005602598,0.009129117,1.000000000,1.000000000,0.100000000,0.010989011,0.010989011,0.035714286,0.002770083,1.000000000,0.000000000,0.000000000,0.000000000,0.000000000,0.000000000,0.968750000,0.559758005,0.805153202,1.000000000,0.000000000,0.000000000,0.000000000,1.000000000,3.981162310,0.038047928,0.750424266,0.999999046,0.000474565,-0.000016437,0.001271730
80,8.918000000,fused_map_f2f,1,1,0,0.007236516,0.011335985,1.000000000,1.000000000,0.100000000,0.010989011,0.010989011,0.035714286,0.002770083,1.000000000,0.000000000,0.000000000,0.000000000,0.000000000,0.000000000,0.968750000,0.544793786,0.799167514,1.000000000,0.000000000,0.000000000,0.000000000,1.000000000,4.067110062,0.037877116,0.750365317,0.999999106,0.000466252,-0.000009607,0.001261353
81,9.016000000,fused_map_f2f,1,1,0,0.006638776,0.010097756,1.000000000,1.000000000,0.100000000,0.010989011,0.010989011,0.035714286,0.002770083,1.000000000,0.000000000,0.000000000,0.000000000,0.000000000,0.000000000,0.968750000,0.590243476,0.817347391,1.000000000,0.000000000,0.000000000,0.000000000,1.000000000,4.147880554,0.038339935,0.750403404,0.999999046,0.000509125,-0.000011735,0.001268797
82,9.098000000,fused_map_f2f,1,1,0,0.005694129,0.008536410,1.000000000,1.000000000,0.100000000,0.010989011,0.010989011,0.035714286,0.002770083,1.000000000,0.000000000,0.000000000,0.000000000,0.000000000,0.000000000,0.968750000,0.538703229,0.796731292,1.000000000,0.000000000,0.000000000,0.000000000,1.000000000,4.212729454,0.038576491,0.750287175,0.999999106,0.000468351,-0.000002240,0.001234889
83,9.205000000,fused_map_f2f,1,1,0,0.008499519,0.008950032,1.000000000,1.000000000,0.100000000,0.010989011,0.010989011,0.035714286,0.002770083,1.000000000,0.000000000,0.000000000,0.000000000,0.000000000,0.000000000,0.968750000,0.581099283,0.813689713,1.000000000,0.000000000,0.000000000,0.000000000,1.000000000,4.301843166,0.038704075,0.750017345,0.999999046,0.000558650,-0.000002387,0.001262371
84,9.326000000,fused_map_f2f,1,1,0,0.005540889,0.012094628,1.000000000,1.000000000,0.100000000,0.010989011,0.010989011,0.035714286,0.002770083,1.000000000,0.000000000,0.000000000,0.000000000,0.000000000,0.000000000,0.968750000,0.557563902,0.804275561,1.000000000,0.000000000,0.000000000,0.000000000,1.000000000,4.399213791,0.038967285,0.750231087,0.999999106,0.000525888,-0.000000362,0.001244058
85,9.397000000,fused_map_f2f,1,1,0,0.006647740,0.006521848,1.000000000,1.000000000,0.100000000,0.010989011,0.010989011,0.035714286,0.002770083,1.000000000,0.000000000,0.000000000,0.000000000,0.000000000,0.000000000,0.939393939,0.579922572,0.795605392,1.000000000,0.000000000,0.000000000,0.000000000,1.000000000,4.455803871,0.038917016,0.750272453,0.999999166,0.000503967,0.000010446,0.001158825
86,9.523000000,fused_map_f2f,1,1,0,0.006046793,0.012620293,1.000000000,1.000000000,0.100000000,0.010989011,0.010989011,0.035714286,0.002770083,1.000000000,0.000000000,0.000000000,0.000000000,0.000000000,0.000000000,0.939393939,0.542875364,0.780786509,1.000000000,0.000000000,0.000000000,0.000000000,1.000000000,4.562388420,0.038344592,0.750703275,0.999999106,0.000462816,-0.000003550,0.001241046
87,9.599000000,fused_map_f2f,1,1,0,0.005780648,0.008203849,1.000000000,1.000000000,0.100000000,0.010989011,0.010989011,0.035714286,0.002770083,1.000000000,0.000000000,0.000000000,0.000000000,0.000000000,0.000000000,0.939393939,0.546115022,0.782082373,1.000000000,0.000000000,0.000000000,0.000000000,1.000000000,4.622394562,0.038741935,0.750753522,0.999999106,0.000572845,-0.000025065,0.001221209
88,9.711000000,fused_map_f2f,1,1,0,0.007959969,0.009312007,1.000000000,1.000000000,0.100000000,0.010989011,0.010989011,0.035714286,0.002770083,1.000000000,0.000000000,0.000000000,0.000000000,0.000000000,0.000000000,0.969696970,0.485506479,0.776020774,1.000000000,0.000000000,0.000000000,0.000000000,1.000000000,4.714319706,0.038260728,0.750660598,0.999999166,0.000432550,-0.000019134,0.001177381
89,9.825000000,fused_map_f2f,1,1,0,0.005501138,0.011839253,1.000000000,1.000000000,0.100000000,0.010989011,0.010989011,0.035714286,0.002770083,1.000000000,0.000000000,0.000000000,0.000000000,0.000000000,0.000000000,0.939393939,0.614373028,0.809385575,1.000000000,0.000000000,0.000000000,0.000000000,1.000000000,4.807766914,0.038849480,0.750775337,0.999999166,0.000457895,-0.000027693,0.001194607
90,9.900000000,fused_map_f2f,1,1,0,0.007278854,0.008437803,1.000000000,1.000000000,0.100000000,0.010989011,0.010989011,0.035714286,0.002770083,1.000000000,0.000000000,0.000000000,0.000000000,0.000000000,0.000000000,0.939393939,0.583938295,0.797211682,1.000000000,0.000000000,0.000000000,0.000000000,1.000000000,4.867849350,0.038719241,0.750862539,0.999999166,0.000435946,-0.000022392,0.001181839
91,10.017000000,fused_map_f2f,1,1,0,0.005917121,0.010219698,1.000000000,1.000000000,0.100000000,0.010989011,0.010989011,0.035714286,0.002770083,1.000000000,0.000000000,0.000000000,0.000000000,0.000000000,0.000000000,0.969696970,0.509897693,0.785777259,1.000000000,0.000000000,0.000000000,0.000000000,1.000000000,4.964244843,0.038956799,0.750768363,0.999999166,0.000367679,-0.000029211,0.001206211
92,10.124000000,fused_map_f2f,1,1,0,0.006388377,0.010905016,1.000000000,1.000000000,0.100000000,0.010989011,0.010989011,0.035714286,0.002770083,1.000000000,0.000000000,0.000000000,0.000000000,0.000000000,0.000000000,0.969696970,0.523153150,0.791079442,1.000000000,0.000000000,0.000000000,0.000000000,1.000000000,5.049885750,0.037938103,0.750540555,0.999999285,0.000382542,-0.000036065,0.001145536
93,10.201000000,fused_map_f2f,1,1,0,0.007990439,0.008370200,1.000000000,1.000000000,0.100000000,0.010989011,0.010989011,0.035714286,0.002770083,1.000000000,0.000000000,0.000000000,0.000000000,0.000000000,0.000000000,0.969696970,0.566901584,0.808578815,1.000000000,0.000000000,0.000000000,0.000000000,1.000000000,5.111244202,0.038157325,0.750739217,0.999999285,0.000370557,-0.000030788,0.001140884
94,10.310000000,fused_map_f2f,1,1,0,0.005503703,0.009638505,1.000000000,1.000000000,0.100000000,0.010989011,0.010989011,0.035714286,0.002770083,1.000000000,0.000000000,0.000000000,0.000000000,0.000000000,0.000000000,0.969696970,0.575347799,0.811957302,1.000000000,0.000000000,0.000000000,0.000000000,1.000000000,5.200965405,0.039754204,0.750945330,0.999999225,0.000384961,-0.000014940,0.001183322
95,10.420000000,fused_map_f2f,1,1,0,0.008158706,0.011576153,1.000000000,1.000000000,0.100000000,0.010989011,0.010989011,0.035714286,0.002770083,1.000000000,0.000000000,0.000000000,0.000000000,0.000000000,0.000000000,0.969696970,0.546019240,0.800225878,1.000000000,0.000000000,0.000000000,0.000000000,1.000000000,5.289377689,0.039850481,0.750930130,0.999999225,0.000370771,-0.000007319,0.001186675
96,10.497000000,fused_map_f2f,1,1,0,0.006260569,0.007741840,1.000000000,1.000000000,0.100000000,0.010989011,0.010989011,0.035714286,0.002770083,1.000000000,0.000000000,0.000000000,0.000000000,0.000000000,0.000000000,0.969696970,0.588848743,0.817357679,1.000000000,0.000000000,0.000000000,0.000000000,1.000000000,5.354014874,0.040304199,0.751080155,0.999999166,0.000344061,-0.000019483,0.001259762
97,10.605000000,fused_map_f2f,1,1,0,0.005955129,0.009984555,1.000000000,1.000000000,0.100000000,0.010989011,0.010989011,0.035714286,0.002770083,1.000000000,0.000000000,0.000000000,0.000000000,0.000000000,0.000000000,0.941176471,0.541850318,0.781446010,1.000000000,0.000000000,0.000000000,0.000000000,1.000000000,5.437644482,0.038405228,0.750986159,0.999999344,0.000387450,-0.000035830,0.001047581
98,10.711000000,fused_map_f2f,1,1,0,0.007275487,0.011013070,1.000000000,1.000000000,0.100000000,0.010989011,0.010989011,0.035714286,0.002770083,1.000000000,0.000000000,0.000000000,0.000000000,0.000000000,0.000000000,0.941176471,0.539602549,0.780546902,1.000000000,0.000000000,0.000000000,0.000000000,1.000000000,5.525290489,0.039222404,0.751366913,0.999999285,0.000436658,-0.000026046,0.001096528
99,10.829000000,fused_map_f2f,1,1,0,0.005518117,0.013284675,1.000000000,1.000000000,0.100000000,0.010989011,0.010989011,0.035714286,0.002770083,1.000000000,0.000000000,0.000000000,0.000000000,0.000000000,0.000000000,0.941176471,0.761761884,0.869410636,1.000000000,0.000000000,0.000000000,0.000000000,1.000000000,5.622967720,0.039266795,0.751623929,0.999999285,0.000426773,-0.000024345,0.001084666
100,10.904000000,fused_map_f2f,1,1,0,0.007780931,0.008420972,1.000000000,1.000000000,0.100000000,0.010989011,0.010989011,0.035714286,0.002770083,1.000000000,0.000000000,0.000000000,0.000000000,0.000000000,0.000000000,0.970588235,0.574364465,0.812098727,1.000000000,0.000000000,0.000000000,0.000000000,1.000000000,5.682857990,0.039714474,0.751613677,0.999999285,0.000407585,-0.000025895,0.001099244
101,11.021000000,fused_map_f2f,1,1,0,0.005674861,0.010488448,1.000000000,1.000000000,0.100000000,0.010989011,0.010989011,0.035714286,0.002770083,1.000000000,0.000000000,0.000000000,0.000000000,0.000000000,0.000000000,0.970588235,0.582716985,0.815439735,1.000000000,0.000000000,0.000000000,0.000000000,1.000000000,5.782344341,0.040581819,0.751354694,0.999999225,0.000354161,-0.000019942,0.001185919
102,11.101000000,fused_map_f2f,1,1,0,0.006357614,0.008992511,1.000000000,1.000000000,0.100000000,0.010989011,0.010989011,0.035714286,0.002770083,1.000000000,0.000000000,0.000000000,0.000000000,0.000000000,0.000000000,0.970588235,0.603679606,0.823824784,1.000000000,0.000000000,0.000000000,0.000000000,1.000000000,5.846520424,0.040748104,0.751224577,0.999999225,0.000332650,-0.000019609,0.001187237
103,11.217000000,fused_map_f2f,1,1,0,0.006816531,0.009881798,1.000000000,1.000000000,0.100000000,0.010989011,0.010989011,0.035714286,0.002770083,1.000000000,0.000000000,0.000000000,0.000000000,0.000000000,0.000000000,0.970588235,0.661115546,0.846799160,1.000000000,0.000000000,0.000000000,0.000000000,1.000000000,5.945141792,0.043297347,0.750882983,0.999998987,0.000312014,-0.000014605,0.001371212
104,11.330000000,fused_map_f2f,1,1,0,0.006325031,0.011913830,1.000000000,1.000000000,0.100000000,0.010989011,0.010989011,0.035714286,0.002770083,1.000000000,0.000000000,0.000000000,0.000000000,0.000000000,0.000000000,0.970588235,0.537607608,0.797395985,1.000000000,0.000000000,0.000000000,0.000000000,1.000000000,6.036123276,0.043300655,0.751035810,0.999999046,0.000321010,-0.000021846,0.001342277
105,11.403000000,fused_map_f2f,1,1,0,0.008357132,0.006608049,1.000000000,1.000000000,0.100000000,0.010989011,0.010989011,0.035714286,0.002770083,1.000000000,0.000000000,0.000000000,0.000000000,0.000000000,0.000000000,0.970588235,0.575043634,0.812370395,1.000000000,0.000000000,0.000000000,0.000000000,1.000000000,6.095958710,0.042441178,0.751103222,0.999999106,0.000282910,-0.000022034,0.001305802
106,11.510000000,fused_map_f2f,1,1,0,0.005860727,0.011288491,1.000000000,1.000000000,0.100000000,0.010989011,0.010989011,0.035714286,0.002770083,1.000000000,0.000000000,0.000000000,0.000000000,0.000000000,0.000000000,0.942857143,0.564053398,0.791335645,1.000000000,0.000000000,0.000000000,0.000000000,1.000000000,6.186713219,0.043581840,0.751429081,0.999998987,0.000157648,-0.000024439,0.001411365
107,11.596000000,fused_map_f2f,1,1,0,0.006887416,0.008486102,1.000000000,1.000000000,0.100000000,0.010989011,0.010989011,0.035714286,0.002770083,1.000000000,0.000000000,0.000000000,0.000000000,0.000000000,0.000000000,0.942857143,0.671052504,0.834135287,1.000000000,0.000000000,0.000000000,0.000000000,1.000000000,6.256734371,0.043139800,0.751403749,0.999998987,0.000207358,-0.000027300,0.001388707
108,11.704000000,fused_map_f2f,1,1,0,0.006879694,0.011641895,1.000000000,1.000000000,0.100000000,0.010989011,0.010989011,0.035714286,0.002770083,1.000000000,0.000000000,0.000000000,0.000000000,0.000000000,0.000000000,0.942857143,0.547554884,0.784736239,1.000000000,0.000000000,0.000000000,0.000000000,1.000000000,6.345268250,0.044434257,0.751237035,0.999998868,0.000160696,-0.000043810,0.001501340
109,11.819000000,fused_map_f2f,1,1,0,0.006351526,0.011739387,1.000000000,1.000000000,0.100000000,0.010989011,0.010989011,0.035714286,0.002770083,1.000000000,0.000000000,0.000000000,0.000000000,0.000000000,0.000000000,0.971428571,0.636083732,0.837290636,1.000000000,0.000000000,0.000000000,0.000000000,1.000000000,6.436536789,0.043652184,0.751073003,0.999999046,0.000037327,-0.000013204,0.001393616
110,11.924000000,fused_map_f2f,1,1,0,0.007727359,0.010926483,1.000000000,1.000000000,0.100000000,0.010989011,0.010989011,0.035714286,0.002770083,1.000000000,0.000000000,0.000000000,0.000000000,0.000000000,0.000000000,0.971428571,0.612287787,0.827772258,1.000000000,0.000000000,0.000000000,0.000000000,1.000000000,6.526278496,0.046577465,0.750976205,0.999998808,-0.000005991,-0.000009633,0.001557765
111,12.002000000,fused_map_f2f,1,1,0,0.006049952,0.009102419,1.000000000,1.000000000,0.100000000,0.010989011,0.010989011,0.035714286,0.002770083,1.000000000,0.000000000,0.000000000,0.000000000,0.000000000,0.000000000,0.971428571,0.575711240,0.813141639,1.000000000,0.000000000,0.000000000,0.000000000,1.000000000,6.588629723,0.046348523,0.751096606,0.999998868,0.000006014,-0.000022698,0.001517833
112,12.124000000,fused_map_f2f,1,1,0,0.008399970,0.011467732,1.000000000,1.000000000,0.100000000,0.010989011,0.010989011,0.035714286,0.002770083,1.000000000,0.000000000,0.000000000,0.000000000,0.000000000,0.000000000,0.971428571,0.624385751,0.832611443,1.000000000,0.000000000,0.000000000,0.000000000,1.000000000,6.687094212,0.046048384,0.751113772,0.999998987,-0.000024626,-0.000005601,0.001431636
113,12.200000000,fused_map_f2f,1,1,0,0.006488849,0.009471365,1.000000000,1.000000000,0.100000000,0.010989011,0.010989011,0.035714286,0.002770083,1.000000000,0.000000000,0.000000000,0.000000000,0.000000000,0.000000000,0.944444444,0.632160818,0.819530994,1.000000000,0.000000000,0.000000000,0.000000000,1.000000000,6.751791477,0.043656897,0.751181245,0.999998987,-0.000211004,-0.000028898,0.001385659
114,12.314000000,fused_map_f2f,1,1,0,0.006235893,0.010879359,1.000000000,1.000000000,0.100000000,0.010989011,0.010989011,0.035714286,0.002770083,1.000000000,0.000000000,0.000000000,0.000000000,0.000000000,0.000000000,0.944444444,0.590242348,0.802763606,1.000000000,0.000000000,0.000000000,0.000000000,1.000000000,6.841914654,0.040787391,0.750584424,0.999999285,-0.000274116,-0.000026919,0.001158805
115,12.420000000,fused_map_f2f,1,1,0,0.007094735,0.010955999,1.000000000,1.000000000,0.100000000,0.010989011,0.010989011,0.035714286,0.002770083,1.000000000,0.000000000,0.000000000,0.000000000,0.000000000,0.000000000,0.972222222,0.589322599,0.819062373,1.000000000,0.000000000,0.000000000,0.000000000,1.000000000,6.927382469,0.041037571,0.750620067,0.999999285,-0.000234060,-0.000017899,0.001135640
116,12.529000000,fused_map_f2f,1,1,0,0.005574617,0.010308945,1.000000000,1.000000000,0.100000000,0.010989011,0.010989011,0.035714286,0.002770083,1.000000000,0.000000000,0.000000000,0.000000000,0.000000000,0.000000000,0.972222222,0.690728702,0.859624814,1.000000000,0.000000000,0.000000000,0.000000000,1.000000000,7.015550613,0.040852375,0.750751495,0.999999344,-0.000234667,-0.000001833,0.001087573
117,12.607000000,fused_map_f2f,1,1,0,0.007542355,0.009030614,1.000000000,1.000000000,0.100000000,0.010989011,0.010989011,0.035714286,0.002770083,1.000000000,0.000000000,0.000000000,0.000000000,0.000000000,0.000000000,0.972222222,0.562065760,0.808159637,1.000000000,0.000000000,0.000000000,0.000000000,1.000000000,7.079993725,0.039541434,0.750852585,0.999999404,-0.000218077,-0.000010398,0.001043629
118,12.715000000,fused_map_f2f,1,1,0,0.005684354,0.010892652,1.000000000,1.000000000,0.100000000,0.010989011,0.010989011,0.035714286,0.002770083,1.000000000,0.000000000,0.000000000,0.000000000,0.000000000,0.000000000,0.945945946,0.616734875,0.814261517,1.000000000,0.000000000,0.000000000,0.000000000,1.000000000,7.166851521,0.039704185,0.751016140,0.999999464,-0.000154151,0.000000492,0.000998440
119,12.796000000,fused_map_f2f,1,1,0,0.005655784,0.009616880,1.000000000,1.000000000,0.100000000,0.010989011,0.010989011,0.035714286,0.002770083,1.000000000,0.000000000,0.000000000,0.000000000,0.000000000,0.000000000,0.945945946,0.557767952,0.790674749,1.000000000,0.000000000,0.000000000,0.000000000,1.000000000,7.231523037,0.039313402,0.751006424,0.999999464,-0.000248271,-0.000003899,0.000957901
120,12.906000000,fused_map_f2f,1,1,0,0.007087204,0.010139715,1.000000000,1.000000000,0.100000000,0.010989011,0.010989011,0.035714286,0.002770083,1.000000000,0.000000000,0.000000000,0.000000000,0.000000000,0.000000000,0.972972973,0.601766323,0.824490313,1.000000000,0.000000000,0.000000000,0.000000000,1.000000000,7.322427273,0.039177641,0.751048923,0.999999523,-0.000313648,-0.000043344,0.000915796
121,13.019000000,fused_map_f2f,1,1,0,0.005298684,0.012094957,1.000000000,1.000000000,0.100000000,0.010989011,0.010989011,0.035714286,0.002770083,1.000000000,0.000000000,0.000000000,0.000000000,0.000000000,0.000000000,0.972972973,0.584464719,0.817569671,1.000000000,0.000000000,0.000000000,0.000000000,1.000000000,7.412972450,0.039139431,0.751039028,0.999999523,-0.000323222,-0.000027417,0.000883405
122,13.124000000,fused_map_f2f,1,1,0,0.007949595,0.009706187,1.000000000,1.000000000,0.100000000,0.010989011,0.010989011,0.035714286,0.002770083,1.000000000,0.000000000,0.000000000,0.000000000,0.000000000,0.000000000,0.972972973,0.600841681,0.824120456,1.000000000,0.000000000,0.000000000,0.000000000,1.000000000,7.501970291,0.040814348,0.750504375,0.999999464,-0.000317606,-0.000024631,0.000959505
123,13.228000000,fused_map_f2f,1,1,0,0.005389424,0.011880808,1.000000000,1.000000000,0.100000000,0.010989011,0.010989011,0.035714286,0.002770083,1.000000000,0.000000000,0.000000000,0.000000000,0.000000000,0.000000000,0.947368421,0.578332851,0.799754193,1.000000000,0.000000000,0.000000000,0.000000000,1.000000000,7.588428497,0.041259479,0.750898957,0.999999464,-0.000308508,-0.000039082,0.000969051
124,13.329000000,fused_map_f2f,1,1,0,0.007074405,0.011109358,1.000000000,1.000000000,0.100000000,0.010989011,0.010989011,0.035714286,0.002770083,1.000000000,0.000000000,0.000000000,0.000000000,0.000000000,0.000000000,1.000000000,0.647747096,0.859098839,1.000000000,0.000000000,0.000000000,0.000000000,1.000000000,7.669857502,0.041190658,0.750943780,0.999999523,-0.000313888,-0.000034221,0.000934893
125,13.403000000,fused_map_f2f,1,1,0,0.006693419,0.008553619,1.000000000,1.000000000,0.100000000,0.010989011,0.010989011,0.035714286,0.002770083,1.000000000,0.000000000,0.000000000,0.000000000,0.000000000,0.000000000,0.973684211,0.594016974,0.821817316,1.000000000,0.000000000,0.000000000,0.000000000,1.000000000,7.730673313,0.040360797,0.750865281,0.999999583,-0.000292503,-0.000037590,0.000865746
126,13.510000000,fused_map_f2f,1,1,0,0.005314460,0.010614857,1.000000000,1.000000000,0.100000000,0.010989011,0.010989011,0.035714286,0.002770083,1.000000000,0.000000000,0.000000000,0.000000000,0.000000000,0.000000000,0.947368421,0.630562752,0.820646153,1.000000000,0.000000000,0.000000000,0.000000000,1.000000000,7.815943718,0.039459169,0.750903666,0.999999642,-0.000330470,-0.000036968,0.000779823
127,13.622000000,fused_map_f2f,1,1,0,0.007671636,0.057257418,1.000000000,1.000000000,0.100000000,0.010989011,0.010989011,0.035714286,0.002770083,1.000000000,0.000000000,0.000000000,0.000000000,0.000000000,0.000000000,0.902439024,0.691497001,0.818062215,1.000000000,0.000000000,0.000000000,0.000000000,1.000000000,7.908694744,0.040484678,0.750313163,0.999999583,-0.000299460,-0.000035140,0.000820878
128,13.696000000,fused_map_f2f,1,1,0,0.005488060,0.011813750,1.000000000,1.000000000,0.100000000,0.010989011,0.010989011,0.035714286,0.002770083,1.000000000,0.000000000,0.000000000,0.000000000,0.000000000,0.000000000,0.880952381,0.644023374,0.786180778,1.000000000,0.000000000,0.000000000,0.000000000,1.000000000,7.965816975,0.036859736,0.750902176,0.999999702,-0.000446865,-0.000045700,0.000614501
129,13.806000000,fused_map_f2f,1,1,0,0.006013978,0.012130708,1.000000000,1.000000000,0.100000000,0.010989011,0.010989011,0.035714286,0.002770083,1.000000000,0.000000000,0.000000000,0.000000000,0.000000000,0.000000000,0.818181818,0.641618901,0.747556651,1.000000000,0.000000000,0.000000000,0.000000000,1.000000000,8.050874710,0.034618463,0.750651121,0.999999702,-0.000540332,-0.000056951,0.000494040
130,13.917000000,fused_map_f2f,1,1,0,0.006187817,0.012214512,1.000000000,1.000000000,0.100000000,0.010989011,0.010989011,0.035714286,0.002770083,1.000000000,0.000000000,0.000000000,0.000000000,0.000000000,0.000000000,0.863636364,0.826774462,0.848891603,1.000000000,0.000000000,0.000000000,0.000000000,1.000000000,8.139335632,0.033936229,0.750725389,0.999999762,-0.000560242,-0.000048540,0.000424140
131,14.023000000,fused_map_f2f,1,1,0,0.005346944,0.014055268,1.000000000,1.000000000,0.100000000,0.010989011,0.010989011,0.035714286,0.002770083,1.000000000,0.000000000,0.000000000,0.000000000,0.000000000,0.000000000,0.837209302,0.676808790,0.773049097,1.000000000,0.000000000,0.000000000,0.000000000,1.000000000,8.223340988,0.033381376,0.750852704,0.999999762,-0.000604321,-0.000044767,0.000387571
132,14.100000000,fused_map_f2f,1,1,0,0.007285761,0.010416134,1.000000000,1.000000000,0.100000000,0.010989011,0.010989011,0.035714286,0.002770083,1.000000000,0.000000000,0.000000000,0.000000000,0.000000000,0.000000000,0.822222222,0.632673014,0.746402539,1.000000000,0.000000000,0.000000000,0.000000000,1.000000000,8.284366608,0.032999150,0.751005769,0.999999762,-0.000551452,-0.000049671,0.000371581
133,14.205000000,fused_map_f2f,1,1,0,0.005331795,0.010674263,1.000000000,1.000000000,0.100000000,0.010989011,0.010989011,0.035714286,0.002770083,1.000000000,0.000000000,0.000000000,0.000000000,0.000000000,0.000000000,0.826086957,0.650565193,0.755878251,1.000000000,0.000000000,0.000000000,0.000000000,1.000000000,8.369725227,0.032182157,0.751304507,0.999999762,-0.000584400,-0.000044323,0.000316282
134,14.314000000,fused_map_f2f,1,1,0,0.006063537,0.012004413,1.000000000,1.000000000,0.100000000,0.010989011,0.010989011,0.035714286,0.002770083,1.000000000,0.000000000,0.000000000,0.000000000,0.000000000,0.000000000,0.826086957,0.539556556,0.711474796,1.000000000,0.000000000,0.000000000,0.000000000,1.000000000,8.455599785,0.031174919,0.751393735,0.999999762,-0.000613951,-0.000048364,0.000257906
135,14.425000000,fused_map_f2f,1,1,0,0.005933996,0.012565418,1.000000000,1.000000000,0.100000000,0.010989011,0.010989011,0.035714286,0.002770083,1.000000000,0.000000000,0.000000000,0.000000000,0.000000000,0.000000000,0.826086957,0.713835776,0.781186484,1.000000000,0.000000000,0.000000000,0.000000000,1.000000000,8.544757843,0.031056691,0.751630068,0.999999702,-0.000709581,-0.000077053,0.000225566
136,14.505000000,fused_map_f2f,1,1,0,0.004825612,0.010731328,1.000000000,1.000000000,0.100000000,0.010989011,0.010989011,0.035714286,0.002770083,1.000000000,0.000000000,0.000000000,0.000000000,0.000000000,0.000000000,0.847826087,0.629775838,0.760605987,1.000000000,0.000000000,0.000000000,0.000000000,1.000000000,8.605577469,0.028184552,0.751677215,0.999999762,-0.000662680,-0.000079725,0.000076524
137,14.610000000,fused_map_f2f,1,1,0,0.007231854,0.011903748,1.000000000,1.000000000,0.100000000,0.010989011,0.010989011,0.035714286,0.002770083,1.000000000,0.000000000,0.000000000,0.000000000,0.000000000,0.000000000,0.891304348,0.672437677,0.803757679,1.000000000,0.000000000,0.000000000,0.000000000,1.000000000,8.687940598,0.028105639,0.751506269,0.999999821,-0.000592924,-0.000064283,0.000028725
138,14.737000000,fused_map_f2f,1,1,0,0.004903855,0.014651724,1.000000000,1.000000000,0.100000000,0.010989011,0.010989011,0.035714286,0.002770083,1.000000000,0.000000000,0.000000000,0.000000000,0.000000000,0.000000000,0.891304348,0.864322842,0.880511745,1.000000000,0.000000000,0.000000000,0.000000000,1.000000000,8.787144661,0.027521694,0.751192451,0.999999821,-0.000581895,-0.000059514,-0.000009658
139,14.815000000,fused_map_f2f,1,1,0,0.005680011,0.010975499,1.000000000,1.000000000,0.100000000,0.010989011,0.010989011,0.035714286,0.002770083,1.000000000,0.000000000,0.000000000,0.000000000,0.000000000,0.000000000,0.872340426,0.936962781,0.898189368,1.000000000,0.000000000,0.000000000,0.000000000,1.000000000,8.847804070,0.027167460,0.751271129,0.999999821,-0.000584641,-0.000054001,-0.000029760
140,14.896000000,fused_map_f2f,1,1,0,0.007279972,0.010687403,1.000000000,1.000000000,0.100000000,0.010989011,0.010989011,0.035714286,0.002770083,1.000000000,0.000000000,0.000000000,0.000000000,0.000000000,0.000000000,0.893617021,0.697510479,0.815174405,1.000000000,0.000000000,0.000000000,0.000000000,1.000000000,8.910446167,0.026543932,0.751247764,0.999999821,-0.000596553,-0.000060421,-0.000065734
141,15.005000000,fused_map_f2f,1,1,0,0.005492039,0.009996638,1.000000000,1.000000000,0.100000000,0.010989011,0.010989011,0.035714286,0.002770083,1.000000000,0.000000000,0.000000000,0.000000000,0.000000000,0.000000000,0.893617021,0.680768920,0.808477781,1.000000000,0.000000000,0.000000000,0.000000000,1.000000000,8.997466087,0.025513481,0.751290739,0.999999762,-0.000642812,-0.000088603,-0.000107518
142,15.111000000,fused_map_f2f,1,1,0,0.007939844,0.013597545,1.000000000,1.000000000,0.100000000,0.010989011,0.010989011,0.035714286,0.002770083,1.000000000,0.000000000,0.000000000,0.000000000,0.000000000,0.000000000,0.875000000,0.899653083,0.884861233,1.000000000,0.000000000,0.000000000,0.000000000,1.000000000,9.080414772,0.024275074,0.751501322,0.999999702,-0.000705579,-0.000082076,-0.000154704
143,15.198000000,fused_map_f2f,1,1,0,0.007004556,0.011194374,1.000000000,1.000000000,0.100000000,0.010989011,0.010989011,0.035714286,0.002770083,1.000000000,0.000000000,0.000000000,0.000000000,0.000000000,0.000000000,0.937500000,1.000000000,0.962500000,1.000000000,0.000000000,0.000000000,0.000000000,1.000000000,9.148928642,0.024457613,0.751240909,0.999999702,-0.000735879,-0.000102313,-0.000124867
144,15.300000000,fused_map_f2f,1,1,0,0.006951165,0.011889983,1.000000000,1.000000000,0.100000000,0.010989011,0.010989011,0.035714286,0.002770083,1.000000000,0.000000000,0.000000000,0.000000000,0.000000000,0.000000000,0.914893617,0.821260594,0.877440408,1.000000000,0.000000000,0.000000000,0.000000000,1.000000000,9.223859787,0.022514002,0.751791477,0.999999642,-0.000770487,-0.000118963,-0.000261921
145,15.416000000,fused_map_f2f,1,1,0,0.009398197,0.014544896,1.000000000,1.000000000,0.100000000,0.010989011,0.010989011,0.035714286,0.002770083,1.000000000,0.000000000,0.000000000,0.000000000,0.000000000,0.000000000,0.897959184,0.943915088,0.916341545,1.000000000,0.000000000,0.000000000,0.000000000,1.000000000,9.311939240,0.020631857,0.751503706,0.999999583,-0.000802125,-0.000105870,-0.000336556
146,15.524000000,fused_map_f2f,1,1,0,0.007794117,0.013262552,1.000000000,1.000000000,0.100000000,0.010989011,0.010989011,0.035714286,0.002770083,1.000000000,0.000000000,0.000000000,0.000000000,0.000000000,0.000000000,0.937500000,0.815882274,0.888852910,1.000000000,0.000000000,0.000000000,0.000000000,1.000000000,9.396240234,0.022158235,0.751621187,0.999999642,-0.000738688,-0.000110401,-0.000288095
147,15.598000000,fused_map_f2f,1,1,0,0.009659983,0.010854118,1.000000000,1.000000000,0.100000000,0.010989011,0.010989011,0.035714286,0.002770083,1.000000000,0.000000000,0.000000000,0.000000000,0.000000000,0.000000000,0.875000000,0.724496155,0.814798462,1.000000000,0.000000000,0.000000000,0.000000000,1.000000000,9.451548576,0.019732613,0.751380682,0.999999583,-0.000802725,-0.000102060,-0.000383997
148,15.703000000,fused_map_f2f,1,1,0,0.011184787,0.012419181,1.000000000,1.000000000,0.100000000,0.010989011,0.010989011,0.035714286,0.002770083,1.000000000,0.000000000,0.000000000,0.000000000,0.000000000,0.000000000,0.877551020,0.740295776,0.822648922,1.000000000,0.000000000,0.000000000,0.000000000,1.000000000,9.536797523,0.022350583,0.752023160,0.999999583,-0.000852718,-0.000100448,-0.000229888
149,15.810000000,fused_map_f2f,1,1,0,0.010867111,0.012700153,1.000000000,1.000000000,0.100000000,0.010989011,0.010989011,0.035714286,0.002770083,1.000000000,0.000000000,0.000000000,0.000000000,0.000000000,0.000000000,0.918367347,0.713063824,0.836245938,1.000000000,0.000000000,0.000000000,0.000000000,1.000000000,9.616512299,0.020836024,0.752105296,0.999999523,-0.000904557,-0.000117765,-0.000334208
150,15.925000000,fused_map_f2f,1,1,0,0.014959606,0.014380042,1.000000000,1.000000000,0.100000000,0.010989011,0.010989011,0.035714286,0.002770083,1.000000000,0.000000000,0.000000000,0.000000000,0.000000000,0.000000000,0.897959184,0.616583545,0.785408928,1.000000000,0.000000000,0.000000000,0.000000000,1.000000000,9.703261375,0.018810205,0.752113640,0.999999523,-0.000903684,-0.000116568,-0.000400441
151,16.000000000,fused_map_f2f,1,1,0,0.013230765,0.010768558,1.000000000,1.000000000,0.100000000,0.010989011,0.010989011,0.035714286,0.002770083,1.000000000,0.000000000,0.000000000,0.000000000,0.000000000,0.000000000,0.918367347,0.584682436,0.784893383,1.000000000,0.000000000,0.000000000,0.000000000,1.000000000,9.759572029,0.018806562,0.752136171,0.999999523,-0.000880913,-0.000118965,-0.000402486
152,16.111000000,fused_map_f2f,1,1,0,0.014891295,0.012355184,1.000000000,1.000000000,0.100000000,0.010989011,0.010989011,0.035714286,0.002770083,1.000000000,0.000000000,0.000000000,0.000000000,0.000000000,0.000000000,0.918367347,0.548643967,0.770477995,1.000000000,0.000000000,0.000000000,0.000000000,1.000000000,9.843795776,0.017840844,0.752638280,0.999999404,-0.000955065,-0.000134971,-0.000425062
153,16.202000000,fused_map_f2f,1,1,0,0.016761625,0.011085008,1.000000000,1.000000000,0.100000000,0.010989011,0.010989011,0.035714286,0.002770083,1.000000000,0.000000000,0.000000000,0.000000000,0.000000000,0.000000000,0.918367347,0.626239073,0.801516037,1.000000000,0.000000000,0.000000000,0.000000000,1.000000000,9.912359238,0.018276770,0.752600253,0.999999464,-0.000968492,-0.000136234,-0.000418162
154,16.309000000,fused_map_f2f,1,1,0,0.015758562,0.014201508,1.000000000,1.000000000,0.100000000,0.010989011,0.010989011,0.035714286,0.002770083,1.000000000,0.000000000,0.000000000,0.000000000,0.000000000,0.000000000,0.918367347,0.670707257,0.819303311,1.000000000,0.000000000,0.000000000,0.000000000,1.000000000,9.992349625,0.017799087,0.752820969,0.999999404,-0.000997297,-0.000140553,-0.000453244
155,16.411000000,fused_map_f2f,1,1,0,0.018015918,0.013236509,1.000000000,1.000000000,0.100000000,0.010989011,0.010989011,0.035714286,0.002770083,1.000000000,0.000000000,0.000000000,0.000000000,0.000000000,0.000000000,0.897959184,0.728775703,0.830285792,1.000000000,0.000000000,0.000000000,0.000000000,1.000000000,10.067787170,0.017163524,0.752763450,0.999999344,-0.001017910,-0.000128771,-0.000472327
156,16.499000000,fused_map_f2f,1,1,0,0.019453892,0.012104382,1.000000000,1.000000000,0.100000000,0.010989011,0.010989011,0.035714286,0.002770083,1.000000000,0.000000000,0.000000000,0.000000000,0.000000000,0.000000000,0.897959184,0.625886990,0.789130306,1.000000000,0.000000000,0.000000000,0.000000000,1.000000000,10.137991905,0.018074688,0.752371550,0.999999404,-0.001011981,-0.000116418,-0.000417455
157,16.628000000,fused_map_f2f,1,1,0,0.018651145,0.015070811,1.000000000,1.000000000,0.100000000,0.010989011,0.010989011,0.035714286,0.002770083,1.000000000,0.000000000,0.000000000,0.000000000,0.000000000,0.000000000,0.938775510,0.767883510,0.870418710,1.000000000,0.000000000,0.000000000,0.000000000,1.000000000,10.233124733,0.017749043,0.752749383,0.999999344,-0.001065613,-0.000137900,-0.000411959
158,16.699000000,fused_map_f2f,1,1,0,0.021341822,0.010829929,1.000000000,1.000000000,0.100000000,0.010989011,0.010989011,0.035714286,0.002770083,1.000000000,0.000000000,0.000000000,0.000000000,0.000000000,0.000000000,0.877551020,0.694619326,0.804378343,1.000000000,0.000000000,0.000000000,0.000000000,1.000000000,10.285673141,0.017698865,0.752565861,0.999999344,-0.001081704,-0.000124252,-0.000403811
159,16.815000000,fused_map_f2f,1,1,0,0.019357315,0.014470594,1.000000000,1.000000000,0.100000000,0.010989011,0.010989011,0.035714286,0.002770083,1.000000000,0.000000000,0.000000000,0.000000000,0.000000000,0.000000000,0.897959184,0.627034892,0.789589467,1.000000000,0.000000000,0.000000000,0.000000000,1.000000000,10.376360893,0.018890411,0.753126204,0.999999344,-0.001078858,-0.000146712,-0.000364739
160,16.916000000,fused_map_f2f,1,1,0,0.020850857,0.012439201,1.000000000,1.000000000,0.100000000,0.010989011,0.010989011,0.035714286,0.002770083,1.000000000,0.000000000,0.000000000,0.000000000,0.000000000,0.000000000,0.938775510,0.753645632,0.864723559,1.000000000,0.000000000,0.000000000,0.000000000,1.000000000,10.451526642,0.018625626,0.752439082,0.999999344,-0.001080037,-0.000161575,-0.000339730
161,17.006000000,fused_map_f2f,1,1,0,0.021650143,0.013239537,1.000000000,1.000000000,0.100000000,0.010989011,0.010989011,0.035714286,0.002770083,1.000000000,0.000000000,0.000000000,0.000000000,0.000000000,0.000000000,0.895833333,0.740648032,0.833759213,1.000000000,0.000000000,0.000000000,0.000000000,1.000000000,10.516987801,0.018226851,0.752384484,0.999999344,-0.001089404,-0.000160331,-0.000370648
162,17.111000000,fused_map_f2f,1,1,0,0.019346738,0.013169086,1.000000000,1.000000000,0.100000000,0.010989011,0.010989011,0.035714286,0.002770083,1.000000000,0.000000000,0.000000000,0.000000000,0.000000000,0.000000000,0.897959184,0.828321764,0.870104216,1.000000000,0.000000000,0.000000000,0.000000000,1.000000000,10.594941139,0.018017281,0.753107429,0.999999285,-0.001124853,-0.000180093,-0.000400346
163,17.220000000,fused_map_f2f,1,1,0,0.022096195,0.015767376,1.000000000,1.000000000,0.100000000,0.010989011,0.010989011,0.035714286,0.002770083,1.000000000,0.000000000,0.000000000,0.000000000,0.000000000,0.000000000,0.937500000,0.701119949,0.842947979,1.000000000,0.000000000,0.000000000,0.000000000,1.000000000,10.673912048,0.017633544,0.753143668,0.999999285,-0.001086348,-0.000184994,-0.000413255
164,17.395000000,fused_map_f2f,1,1,0,0.021626847,0.018427866,1.000000000,1.000000000,0.100000000,0.010989011,0.010989011,0.035714286,0.002770083,1.000000000,0.000000000,0.000000000,0.000000000,0.000000000,0.000000000,0.978723404,0.780503710,0.899435527,1.000000000,0.000000000,0.000000000,0.000000000,1.000000000,10.802329063,0.017414194,0.753101945,0.999999285,-0.001107241,-0.000164493,-0.000419549
165,17.431000000,fused_map_f2f,1,1,0,0.021696244,0.009808382,1.000000000,1.000000000,0.100000000,0.010989011,0.010989011,0.035714286,0.002770083,1.000000000,0.000000000,0.000000000,0.000000000,0.000000000,0.000000000,0.957446809,0.937877659,0.949619149,1.000000000,0.000000000,0.000000000,0.000000000,1.000000000,10.828326225,0.017803002,0.753182650,0.999999225,-0.001125750,-0.000170567,-0.000407367
166,17.501000000,fused_map_f2f,1,1,0,0.022740121,0.011734994,1.000000000,1.000000000,0.100000000,0.010989011,0.010989011,0.035714286,0.002770083,1.000000000,0.000000000,0.000000000,0.000000000,0.000000000,0.000000000,0.958333333,0.831389566,0.907555826,1.000000000,0.000000000,0.000000000,0.000000000,1.000000000,10.885359764,0.019581782,0.754117489,0.999999225,-0.001153996,-0.000231682,-0.000344943
167,17.608000000,fused_map_f2f,1,1,0,0.022279454,0.013780493,1.000000000,1.000000000,0.100000000,0.010989011,0.010989011,0.035714286,0.002770083,1.000000000,0.000000000,0.000000000,0.000000000,0.000000000,0.000000000,0.957446809,0.652093204,0.835305367,1.000000000,0.000000000,0.000000000,0.000000000,1.000000000,10.964952469,0.019245571,0.754396498,0.999999285,-0.001140715,-0.000232692,-0.000354472
168,17.718000000,fused_map_f2f,1,1,0,0.021784885,0.014221186,1.000000000,1.000000000,0.100000000,0.010989011,0.010989011,0.035714286,0.002770083,1.000000000,0.000000000,0.000000000,0.000000000,0.000000000,0.000000000,0.914893617,0.917693525,0.916013580,1.000000000,0.000000000,0.000000000,0.000000000,1.000000000,11.044093132,0.018911269,0.754310727,0.999999225,-0.001175221,-0.000225783,-0.000371948
169,17.822000000,fused_map_f2f,1,1,0,0.022958924,0.013151691,1.000000000,1.000000000,0.100000000,0.010989011,0.010989011,0.035714286,0.002770083,1.000000000,0.000000000,0.000000000,0.000000000,0.000000000,0.000000000,0.914893617,0.785974196,0.863325849,1.000000000,0.000000000,0.000000000,0.000000000,1.000000000,11.118385315,0.017663054,0.754442096,0.999999166,-0.001192755,-0.000242180,-0.000413126
170,17.921000000,fused_map_f2f,1,1,0,0.022072866,0.013330024,1.000000000,1.000000000,0.100000000,0.010989011,0.010989011,0.035714286,0.002770083,1.000000000,0.000000000,0.000000000,0.000000000,0.000000000,0.000000000,0.957446809,0.751108773,0.874911594,1.000000000,0.000000000,0.000000000,0.000000000,1.000000000,11.188622475,0.017138850,0.754489601,0.999999166,-0.001188440,-0.000233382,-0.000441692
171,18.027000000,fused_map_f2f,1,1,0,0.023143960,0.012976851,1.000000000,1.000000000,0.100000000,0.010989011,0.010989011,0.035714286,0.002770083,1.000000000,0.000000000,0.000000000,0.000000000,0.000000000,0.000000000,0.957446809,0.877524747,0.925477984,1.000000000,0.000000000,0.000000000,0.000000000,1.000000000,11.263883591,0.016693793,0.754655838,0.999999106,-0.001217190,-0.000232648,-0.000454432
172,18.099000000,fused_map_f2f,1,1,0,0.024316059,0.012165274,1.000000000,1.000000000,0.100000000,0.010989011,0.010989011,0.035714286,0.002770083,1.000000000,0.000000000,0.000000000,0.000000000,0.000000000,0.000000000,0.936170213,0.908279214,0.925013813,1.000000000,0.000000000,0.000000000,0.000000000,1.000000000,11.319046974,0.017252123,0.755446434,0.999999166,-0.001183580,-0.000273088,-0.000452730
173,18.204000000,fused_map_f2f,1,1,0,0.021537887,0.014169919,1.000000000,1.000000000,0.100000000,0.010989011,0.010989011,0.035714286,0.002770083,1.000000000,0.000000000,0.000000000,0.000000000,0.000000000,0.000000000,0.916666667,1.000000000,0.950000000,1.000000000,0.000000000,0.000000000,0.000000000,1.000000000,11.393621445,0.017310275,0.755517423,0.999999166,-0.001189345,-0.000272351,-0.000461331
174,18.304000000,fused_map_f2f,1,1,0,0.022468768,0.013131083,1.000000000,1.000000000,0.100000000,0.010989011,0.010989011,0.035714286,0.002770083,1.000000000,0.000000000,0.000000000,0.000000000,0.000000000,0.000000000,0.877551020,1.000000000,0.926530612,1.000000000,0.000000000,0.000000000,0.000000000,1.000000000,11.463640213,0.016984681,0.755620003,0.999999225,-0.001195091,-0.000274976,-0.000115089
175,18.421000000,fused_map_f2f,1,1,0,0.023338159,0.013791348,1.000000000,1.000000000,0.100000000,0.010989011,0.010989011,0.035714286,0.002770083,1.000000000,0.000000000,0.000000000,0.000000000,0.000000000,0.000000000,0.895833333,0.974517757,0.927307103,1.000000000,0.000000000,0.000000000,0.000000000,1.000000000,11.544621468,0.017872704,0.756624877,0.999996483,-0.001243514,-0.000313715,0.002331000
176,18.525000000,fused_map_f2f,1,1,0,0.025452006,0.016866544,1.000000000,1.000000000,0.100000000,0.010989011,0.010989011,0.035714286,0.002770083,1.000000000,0.000000000,0.000000000,0.000000000,0.000000000,0.000000000,0.895833333,0.632495497,0.790498199,1.000000000,0.000000000,0.000000000,0.000000000,1.000000000,11.612032890,0.016437454,0.756538868,0.999977410,-0.001244896,-0.000316708,0.006594032
177,18.619000000,fused_map_f2f,1,1,0,0.024516549,0.015561808,1.000000000,1.000000000,0.100000000,0.010989011,0.010989011,0.035714286,0.002770083,1.000000000,0.000000000,0.000000000,0.000000000,0.000000000,0.000000000,0.875000000,1.000000000,0.925000000,1.000000000,0.000000000,0.000000000,0.000000000,1.000000000,11.668735504,0.015404307,0.756548107,0.999930441,-0.001259002,-0.000308503,0.011723456
178,18.701000000,fused_map_f2f,1,1,0,0.024329009,0.014900790,1.000000000,1.000000000,0.100000000,0.010989011,0.010989011,0.035714286,0.002770083,1.000000000,0.000000000,0.000000000,0.000000000,0.000000000,0.000000000,0.795918367,1.000000000,0.877551020,1.000000000,0.000000000,0.000000000,0.000000000,1.000000000,11.715927124,0.015870580,0.756509781,0.999853492,-0.001210962,-0.000287786,0.017071597
179,18.808000000,fused_map_f2f,1,1,0,0.026206071,0.015270359,1.000000000,1.000000000,0.100000000,0.010989011,0.010989011,0.035714286,0.002770083,1.000000000,0.000000000,0.000000000,0.000000000,0.000000000,0.000000000,0.875000000,1.000000000,0.925000000,1.000000000,0.000000000,0.000000000,0.000000000,1.000000000,11.778887749,0.017027725,0.756681561,0.999684274,-0.001258236,-0.000289685,0.025093609
180,18.915000000,fused_map_f2f,1,1,0,0.023733001,0.014852684,1.000000000,1.000000000,0.100000000,0.010989011,0.010989011,0.035714286,0.002770083,1.000000000,0.000000000,0.000000000,0.000000000,0.000000000,0.000000000,0.816326531,0.933759892,0.863299875,1.000000000,0.000000000,0.000000000,0.000000000,1.000000000,11.838008881,0.017494628,0.756816268,0.999419570,-0.001250249,-0.000287168,0.034042243
181,19.019000000,fused_map_f2f,1,1,0,0.024997161,0.013805685,1.000000000,1.000000000,0.100000000,0.010989011,0.010989011,0.035714286,0.002770083,1.000000000,0.000000000,0.000000000,0.000000000,0.000000000,0.000000000,0.795918367,1.000000000,0.877551020,1.000000000,0.000000000,0.000000000,0.000000000,1.000000000,11.893751144,0.017667845,0.756874442,0.999056637,-0.001242447,-0.000288715,0.043407582
182,19.121000000,fused_map_f2f,1,1,0,0.025792578,0.013123491,1.000000000,1.000000000,0.100000000,0.010989011,0.010989011,0.035714286,0.002770083,1.000000000,0.000000000,0.000000000,0.000000000,0.000000000,0.000000000,0.836734694,1.000000000,0.902040816,1.000000000,0.000000000,0.000000000,0.000000000,1.000000000,11.945600510,0.015348356,0.757288158,0.998580456,-0.001254938,-0.000299799,0.053248025
183,19.223000000,fused_map_f2f,1,1,0,0.025891901,0.015037569,1.000000000,1.000000000,0.100000000,0.010989011,0.010989011,0.035714286,0.002770083,1.000000000,0.000000000,0.000000000,0.000000000,0.000000000,0.000000000,0.857142857,1.000000000,0.914285714,1.000000000,0.000000000,0.000000000,0.000000000,1.000000000,11.999471664,0.019703383,0.758079350,0.997959197,-0.001311012,-0.000289561,0.063841142
184,19.327000000,fused_map_f2f,1,1,0,0.025625979,0.013149710,1.000000000,1.000000000,0.100000000,0.010989011,0.010989011,0.035714286,0.002770083,1.000000000,0.000000000,0.000000000,0.000000000,0.000000000,0.000000000,0.854166667,1.000000000,0.912500000,1.000000000,0.000000000,0.000000000,0.000000000,1.000000000,12.051818848,0.020974994,0.758203924,0.997171938,-0.001345305,-0.000277665,0.075141333
185,19.401000000,fused_map_f2f,1,1,0,0.025749500,0.012298568,1.000000000,1.000000000,0.100000000,0.010989011,0.010989011,0.035714286,0.002770083,1.000000000,0.000000000,0.000000000,0.000000000,0.000000000,0.000000000,0.854166667,1.000000000,0.912500000,1.000000000,0.000000000,0.000000000,0.000000000,1.000000000,12.088130951,0.025186732,0.758413732,0.996504724,-0.001263155,-0.000266318,0.083526857
186,19.518000000,fused_map_f2f,1,1,0,0.025652336,0.013230222,1.000000000,1.000000000,0.100000000,0.010989011,0.010989011,0.035714286,0.002770083,1.000000000,0.000000000,0.000000000,0.000000000,0.000000000,0.000000000,0.877551020,1.000000000,0.926530612,1.000000000,0.000000000,0.000000000,0.000000000,1.000000000,12.145179749,0.027341532,0.759231925,0.995278060,-0.001385105,-0.000262148,0.097054556
187,19.622000000,fused_map_f2f,1,1,0,0.025887351,0.012718443,1.000000000,1.000000000,0.100000000,0.010989011,0.010989011,0.035714286,0.002770083,1.000000000,0.000000000,0.000000000,0.000000000,0.000000000,0.000000000,0.857142857,1.000000000,0.914285714,1.000000000,0.000000000,0.000000000,0.000000000,1.000000000,12.196390152,0.032246530,0.758316994,0.994022906,-0.001261639,-0.000244107,0.109164022
188,19.711000000,fused_map_f2f,1,1,0,0.025205616,0.014198336,1.000000000,1.000000000,0.100000000,0.010989011,0.010989011,0.035714286,0.002770083,1.000000000,0.000000000,0.000000000,0.000000000,0.000000000,0.000000000,0.857142857,1.000000000,0.914285714,1.000000000,0.000000000,0.000000000,0.000000000,1.000000000,12.237445831,0.037137095,0.759081423,0.992826641,-0.001316901,-0.000240111,0.119555242
189,19.812000000,fused_map_f2f,1,1,0,0.025849960,0.012798582,1.000000000,1.000000000,0.100000000,0.010989011,0.010989011,0.035714286,0.002770083,1.000000000,0.000000000,0.000000000,0.000000000,0.000000000,0.000000000,0.875000000,1.000000000,0.925000000,1.000000000,0.000000000,0.000000000,0.000000000,1.000000000,12.285542488,0.045681141,0.757845819,0.991338730,-0.001246155,-0.000195863,0.131323889
190,19.919000000,fused_map_f2f,1,1,0,0.026065805,0.012526246,1.000000000,1.000000000,0.100000000,0.010989011,0.010989011,0.035714286,0.002770083,1.000000000,0.000000000,0.000000000,0.000000000,0.000000000,0.000000000,0.895833333,1.000000000,0.937500000,1.000000000,0.000000000,0.000000000,0.000000000,1.000000000,12.334675789,0.053937204,0.758605540,0.989620388,-0.001294497,-0.000190341,0.143700078
191,20.004000000,fused_map_f2f,1,1,0,0.026713532,0.012893482,1.000000000,1.000000000,0.100000000,0.010989011,0.010989011,0.035714286,0.002770083,1.000000000,0.000000000,0.000000000,0.000000000,0.000000000,0.000000000,0.895833333,1.000000000,0.937500000,1.000000000,0.000000000,0.000000000,0.000000000,1.000000000,12.373126030,0.060443908,0.758719683,0.988167822,-0.001313974,-0.000154935,0.153370723
192,20.111000000,fused_map_f2f,1,1,0,0.027474138,0.013493893,1.000000000,1.000000000,0.100000000,0.010989011,0.010989011,0.035714286,0.002770083,1.000000000,0.000000000,0.000000000,0.000000000,0.000000000,0.000000000,0.895833333,1.000000000,0.937500000,1.000000000,0.000000000,0.000000000,0.000000000,1.000000000,12.420096397,0.070311829,0.758583009,0.986225426,-0.001352658,-0.000178659,0.165401131
193,20.220000000,fused_map_f2f,1,1,0,0.027449340,0.014775825,1.000000000,1.000000000,0.100000000,0.010989011,0.010989011,0.035714286,0.002770083,1.000000000,0.000000000,0.000000000,0.000000000,0.000000000,0.000000000,0.875000000,1.000000000,0.925000000,1.000000000,0.000000000,0.000000000,0.000000000,1.000000000,12.468240738,0.080778591,0.758999050,0.984116673,-0.001403506,-0.000164915,0.177517265
194,20.312000000,fused_map_f2f,1,1,0,0.026051513,0.013641059,1.000000000,1.000000000,0.100000000,0.010989011,0.010989011,0.035714286,0.002770083,1.000000000,0.000000000,0.000000000,0.000000000,0.000000000,0.000000000,0.854166667,1.000000000,0.912500000,1.000000000,0.000000000,0.000000000,0.000000000,1.000000000,12.508249283,0.090754040,0.759181499,0.982250035,-0.001437496,-0.000161047,0.187570751
195,20.416000000,fused_map_f2f,1,1,0,0.026768581,0.014369627,1.000000000,1.000000000,0.100000000,0.010989011,0.010989011,0.035714286,0.002770083,1.000000000,0.000000000,0.000000000,0.000000000,0.000000000,0.000000000,0.916666667,1.000000000,0.950000000,1.000000000,0.000000000,0.000000000,0.000000000,1.000000000,12.555474281,0.106534660,0.758966982,0.980052233,-0.001326644,-0.000162998,0.198735654
196,20.527000000,fused_map_f2f,1,1,0,0.026803889,0.013070753,1.000000000,1.000000000,0.100000000,0.010989011,0.010989011,0.035714286,0.002770083,1.000000000,0.000000000,0.000000000,0.000000000,0.000000000,0.000000000,0.895833333,1.000000000,0.937500000,1.000000000,0.000000000,0.000000000,0.000000000,1.000000000,12.602343559,0.122518361,0.758662224,0.977591217,-0.001292272,-0.000142971,0.210508332
197,20.612000000,fused_map_f2f,1,1,0,0.026938935,0.012934812,1.000000000,1.000000000,0.100000000,0.010989011,0.010989011,0.035714286,0.002770083,1.000000000,0.000000000,0.000000000,0.000000000,0.000000000,0.000000000,0.857142857,1.000000000,0.914285714,1.000000000,0.000000000,0.000000000,0.000000000,1.000000000,12.635009766,0.131135404,0.758753836,0.975698352,-0.001359611,-0.000115196,0.219113797
198,20.724000000,fused_map_f2f,1,1,0,0.028030985,0.014880817,1.000000000,1.000000000,0.100000000,0.010989011,0.010989011,0.035714286,0.002770083,1.000000000,0.000000000,0.000000000,0.000000000,0.000000000,0.000000000,0.875000000,1.000000000,0.925000000,1.000000000,0.000000000,0.000000000,0.000000000,1.000000000,12.681446075,0.148851514,0.758850336,0.973096192,-0.001398837,-0.000101434,0.230395064
199,20.810000000,fused_map_f2f,1,1,0,0.028688500,0.012893087,1.000000000,1.000000000,0.100000000,0.010989011,0.010989011,0.035714286,0.002770083,1.000000000,0.000000000,0.000000000,0.000000000,0.000000000,0.000000000,0.895833333,1.000000000,0.937500000,1.000000000,0.000000000,0.000000000,0.000000000,1.000000000,12.714883804,0.161119729,0.759639084,0.971089900,-0.001396355,-0.000122638,0.238709971
200,20.921000000,fused_map_f2f,1,1,0,0.026835572,0.015211390,1.000000000,1.000000000,0.100000000,0.010989011,0.010989011,0.035714286,0.002770083,1.000000000,0.000000000,0.000000000,0.000000000,0.000000000,0.000000000,0.854166667,1.000000000,0.912500000,1.000000000,0.000000000,0.000000000,0.000000000,1.000000000,12.759826660,0.181011811,0.759252012,0.968389213,-0.001372406,-0.000114374,0.249440327
201,20.997000000,fused_map_f2f,1,1,0,0.028051579,0.012561174,1.000000000,1.000000000,0.100000000,0.010989011,0.010989011,0.035714286,0.002770083,1.000000000,0.000000000,0.000000000,0.000000000,0.000000000,0.000000000,0.877551020,1.000000000,0.926530612,1.000000000,0.000000000,0.000000000,0.000000000,1.000000000,12.788581848,0.193185985,0.759202123,0.966556609,-0.001370215,-0.000043410,0.256449699
202,21.116000000,fused_map_f2f,1,1,0,0.027186848,0.014537260,1.000000000,1.000000000,0.100000000,0.010989011,0.010989011,0.035714286,0.002770083,1.000000000,0.000000000,0.000000000,0.000000000,0.000000000,0.000000000,0.916666667,1.000000000,0.950000000,1.000000000,0.000000000,0.000000000,0.000000000,1.000000000,12.834191322,0.213849947,0.759204626,0.963621616,-0.001396725,-0.000042556,0.267266572
203,21.229000000,fused_map_f2f,1,1,0,0.027380480,0.012501054,1.000000000,1.000000000,0.100000000,0.010989011,0.010989011,0.035714286,0.002770083,1.000000000,0.000000000,0.000000000,0.000000000,0.000000000,0.000000000,0.875000000,1.000000000,0.925000000,1.000000000,0.000000000,0.000000000,0.000000000,1.000000000,12.877610207,0.236925691,0.759004653,0.960785806,-0.001351928,-0.000069216,0.277288228
204,21.307000000,fused_map_f2f,1,1,0,0.028600026,0.012354358,1.000000000,1.000000000,0.100000000,0.010989011,0.010989011,0.035714286,0.002770083,1.000000000,0.000000000,0.000000000,0.000000000,0.000000000,0.000000000,0.916666667,1.000000000,0.950000000,1.000000000,0.000000000,0.000000000,0.000000000,1.000000000,12.905393600,0.250468999,0.758825421,0.958852947,-0.001373185,-0.000066443,0.283899903
205,21.419000000,fused_map_f2f,1,1,0,0.026985309,0.013782644,1.000000000,1.000000000,0.100000000,0.010989011,0.010989011,0.035714286,0.002770083,1.000000000,0.000000000,0.000000000,0.000000000,0.000000000,0.000000000,0.895833333,1.000000000,0.937500000,1.000000000,0.000000000,0.000000000,0.000000000,1.000000000,12.947091103,0.272504270,0.758790851,0.956054807,-0.001326050,-0.000055820,0.293185055
206,21.502000000,fused_map_f2f,1,1,0,0.028242573,0.011727910,1.000000000,1.000000000,0.100000000,0.010989011,0.010989011,0.035714286,0.002770083,1.000000000,0.000000000,0.000000000,0.000000000,0.000000000,0.000000000,0.936170213,1.000000000,0.961702128,1.000000000,0.000000000,0.000000000,0.000000000,1.000000000,12.975407600,0.286748350,0.758300662,0.953985929,-0.001310235,-0.000031298,0.299848467
207,21.620000000,fused_map_f2f,1,1,0,0.028242004,0.013310085,1.000000000,1.000000000,0.100000000,0.010989011,0.010989011,0.035714286,0.002770083,1.000000000,0.000000000,0.000000000,0.000000000,0.000000000,0.000000000,0.877551020,1.000000000,0.926530612,1.000000000,0.000000000,0.000000000,0.000000000,1.000000000,13.016106606,0.311180353,0.758461058,0.951041579,-0.001333328,-0.000003659,0.309060007
208,21.700000000,fused_map_f2f,1,1,0,0.026345344,0.011788106,1.000000000,1.000000000,0.100000000,0.010989011,0.010989011,0.035714286,0.002770083,1.000000000,0.000000000,0.000000000,0.000000000,0.000000000,0.000000000,0.914893617,1.000000000,0.948936170,1.000000000,0.000000000,0.000000000,0.000000000,1.000000000,13.042848587,0.327862203,0.758427441,0.949066162,-0.001337322,0.000020682,0.315073997
209,21.816000000,fused_map_f2f,1,1,0,0.027938332,0.012814129,1.000000000,1.000000000,0.100000000,0.010989011,0.010989011,0.035714286,0.002770083,1.000000000,0.000000000,0.000000000,0.000000000,0.000000000,0.000000000,0.895833333,1.000000000,0.937500000,1.000000000,0.000000000,0.000000000,0.000000000,1.000000000,13.081268311,0.351977944,0.758666158,0.946215391,-0.001362826,0.000013895,0.323534608
210,21.901000000,fused_map_f2f,1,1,0,0.026953370,0.012132418,1.000000000,1.000000000,0.100000000,0.010989011,0.010989011,0.035714286,0.002770083,1.000000000,0.000000000,0.000000000,0.000000000,0.000000000,0.000000000,0.916666667,1.000000000,0.950000000,1.000000000,0.000000000,0.000000000,0.000000000,1.000000000,13.111107826,0.374187559,0.758964896,0.944106042,-0.001337914,-0.000007235,0.329639167
211,22.011000000,fused_map_f2f,1,1,0,0.029526072,0.014292713,1.000000000,1.000000000,0.100000000,0.010989011,0.010989011,0.035714286,0.002770083,1.000000000,0.000000000,0.000000000,0.000000000,0.000000000,0.000000000,0.812500000,1.000000000,0.887500000,1.000000000,0.000000000,0.000000000,0.000000000,1.000000000,13.144318581,0.393748790,0.759208560,0.941474736,-0.001441836,0.000006946,0.337080479
212,22.128000000,fused_map_f2f,1,1,0,0.029019932,0.013752266,1.000000000,1.000000000,0.100000000,0.010989011,0.010989011,0.035714286,0.002770083,1.000000000,0.000000000,0.000000000,0.000000000,0.000000000,0.000000000,0.895833333,1.000000000,0.937500000,1.000000000,0.000000000,0.000000000,0.000000000,1.000000000,13.182787895,0.422709554,0.759468436,0.938643396,-0.001467746,0.000020992,0.344886124
213,22.206000000,fused_map_f2f,1,1,0,0.028467072,0.013351837,1.000000000,1.000000000,0.100000000,0.010989011,0.010989011,0.035714286,0.002770083,1.000000000,0.000000000,0.000000000,0.000000000,0.000000000,0.000000000,0.854166667,1.000000000,0.912500000,1.000000000,0.000000000,0.000000000,0.000000000,1.000000000,13.203333855,0.437652797,0.759005070,0.936829209,-0.001361585,-0.000006926,0.349784493
214,22.328000000,fused_map_f2f,1,1,0,0.028576681,0.013433867,1.000000000,1.000000000,0.100000000,0.010989011,0.010989011,0.035714286,0.002770083,1.000000000,0.000000000,0.000000000,0.000000000,0.000000000,0.000000000,0.875000000,1.000000000,0.925000000,1.000000000,0.000000000,0.000000000,0.000000000,1.000000000,13.240522385,0.464142293,0.758987010,0.933996439,-0.001361374,0.000005511,0.357279748
215,22.411000000,fused_map_f2f,1,1,0,0.027883031,0.012916213,1.000000000,1.000000000,0.100000000,0.010989011,0.010989011,0.035714286,0.002770083,1.000000000,0.000000000,0.000000000,0.000000000,0.000000000,0.000000000,0.895833333,1.000000000,0.937500000,1.000000000,0.000000000,0.000000000,0.000000000,1.000000000,13.263376236,0.483391464,0.758799553,0.932102740,-0.001342447,0.000015820,0.362191558
216,22.534000000,fused_map_f2f,1,1,0,0.029301543,0.013493615,1.000000000,1.000000000,0.100000000,0.010989011,0.010989011,0.035714286,0.002770083,1.000000000,0.000000000,0.000000000,0.000000000,0.000000000,0.000000000,0.875000000,1.000000000,0.925000000,1.000000000,0.000000000,0.000000000,0.000000000,1.000000000,13.300542831,0.514771521,0.759349167,0.929314792,-0.001362117,0.000005603,0.369286090
217,22.643000000,fused_map_f2f,1,1,0,0.029041288,0.015128489,1.000000000,1.000000000,0.100000000,0.010989011,0.010989011,0.035714286,0.002770083,1.000000000,0.000000000,0.000000000,0.000000000,0.000000000,0.000000000,0.875000000,1.000000000,0.925000000,1.000000000,0.000000000,0.000000000,0.000000000,1.000000000,13.329738617,0.541243434,0.759396791,0.926909506,-0.001399702,0.000012801,0.375282258
218,22.701000000,fused_map_f2f,1,1,0,0.029305443,0.009929973,1.000000000,1.000000000,0.100000000,0.010989011,0.010989011,0.035714286,0.002770083,1.000000000,0.000000000,0.000000000,0.000000000,0.000000000,0.000000000,0.854166667,1.000000000,0.912500000,1.000000000,0.000000000,0.000000000,0.000000000,1.000000000,13.345265388,0.554082990,0.759361982,0.925657868,-0.001439314,0.000037029,0.378358930
219,22.822000000,fused_map_f2f,1,1,0,0.030857264,0.015249485,1.000000000,1.000000000,0.100000000,0.010989011,0.010989011,0.035714286,0.002770083,1.000000000,0.000000000,0.000000000,0.000000000,0.000000000,0.000000000,0.895833333,1.000000000,0.937500000,1.000000000,0.000000000,0.000000000,0.000000000,1.000000000,13.376065254,0.574879229,0.759323180,0.918964326,-0.001468326,0.000091742,0.394337952
220,22.906000000,fused_map_f2f,1,1,0,0.030126673,0.013436603,1.000000000,1.000000000,0.100000000,0.010989011,0.010989011,0.035714286,0.002770083,1.000000000,0.000000000,0.000000000,0.000000000,0.000000000,0.000000000,0.869565217,1.000000000,0.921739130,1.000000000,0.000000000,0.000000000,0.000000000,1.000000000,13.391736984,0.584232509,0.759003103,0.914304852,-0.001373211,0.000072523,0.405024379
221,23.039000000,fused_map_f2f,1,1,0,0.030011921,0.013690973,1.000000000,1.000000000,0.100000000,0.010989011,0.010989011,0.035714286,0.002770083,1.000000000,0.000000000,0.000000000,0.000000000,0.000000000,0.000000000,0.875000000,1.000000000,0.925000000,1.000000000,0.000000000,0.000000000,0.000000000,1.000000000,13.415851593,0.602272391,0.758899629,0.907415748,-0.001401294,0.000094985,0.420231670
222,23.121000000,fused_map_f2f,1,1,0,0.029975408,0.012620776,1.000000000,1.000000000,0.100000000,0.010989011,0.010989011,0.035714286,0.002770083,1.000000000,0.000000000,0.000000000,0.000000000,0.000000000,0.000000000,0.812500000,1.000000000,0.887500000,1.000000000,0.000000000,0.000000000,0.000000000,1.000000000,13.429182053,0.612473130,0.759060383,0.903495491,-0.001432989,0.000071774,0.428595155
223,23.207000000,fused_map_f2f,1,1,0,0.029513444,0.013187009,1.000000000,1.000000000,0.100000000,0.010989011,0.010989011,0.035714286,0.002770083,1.000000000,0.000000000,0.000000000,0.000000000,0.000000000,0.000000000,0.891304348,1.000000000,0.934782609,1.000000000,0.000000000,0.000000000,0.000000000,1.000000000,13.445570946,0.627656519,0.759210467,0.899681449,-0.001432746,0.000082155,0.436544627
224,23.322000000,fused_map_f2f,1,1,0,0.029018182,0.013498339,1.000000000,1.000000000,0.100000000,0.010989011,0.010989011,0.035714286,0.002770083,1.000000000,0.000000000,0.000000000,0.000000000,0.000000000,0.000000000,0.808510638,1.000000000,0.885106383,1.000000000,0.000000000,0.000000000,0.000000000,1.000000000,13.468812943,0.652391195,0.759324312,0.894937515,-0.001449443,0.000089495,0.446189135
225,23.427000000,fused_map_f2f,1,1,0,0.030946487,0.013213803,1.000000000,1.000000000,0.100000000,0.010989011,0.010989011,0.035714286,0.002770083,1.000000000,0.000000000,0.000000000,0.000000000,0.000000000,0.000000000,0.869565217,1.000000000,0.921739130,1.000000000,0.000000000,0.000000000,0.000000000,1.000000000,13.487981796,0.672588646,0.759148598,0.891026258,-0.001453883,0.000100128,0.453949422
226,23.499000000,fused_map_f2f,1,1,0,0.030177750,0.011979096,1.000000000,1.000000000,0.100000000,0.010989011,0.010989011,0.035714286,0.002770083,1.000000000,0.000000000,0.000000000,0.000000000,0.000000000,0.000000000,0.891304348,1.000000000,0.934782609,1.000000000,0.000000000,0.000000000,0.000000000,1.000000000,13.501651764,0.686982810,0.758974493,0.888525128,-0.001439232,0.000122063,0.458825707
227,23.616000000,fused_map_f2f,1,1,0,0.031023635,0.012813753,1.000000000,1.000000000,0.100000000,0.010989011,0.010989011,0.035714286,0.002770083,1.000000000,0.000000000,0.000000000,0.000000000,0.000000000,0.000000000,0.888888889,1.000000000,0.933333333,1.000000000,0.000000000,0.000000000,0.000000000,1.000000000,13.522717476,0.712346852,0.758903801,0.884764731,-0.001414482,0.000131459,0.466035843
228,23.718000000,fused_map_f2f,1,1,0,0.030933996,0.012957598,1.000000000,1.000000000,0.100000000,0.010989011,0.010989011,0.035714286,0.002770083,1.000000000,0.000000000,0.000000000,0.000000000,0.000000000,0.000000000,0.866666667,1.000000000,0.920000000,1.000000000,0.000000000,0.000000000,0.000000000,1.000000000,13.540897369,0.735336959,0.758935630,0.881757677,-0.001464908,0.000141396,0.471700341
229,23.821000000,fused_map_f2f,1,1,0,0.031609521,0.011972127,1.000000000,1.000000000,0.100000000,0.010989011,0.010989011,0.035714286,0.002770083,1.000000000,0.000000000,0.000000000,0.000000000,0.000000000,0.000000000,0.866666667,1.000000000,0.920000000,1.000000000,0.000000000,0.000000000,0.000000000,1.000000000,13.559803009,0.759182274,0.758741736,0.878953636,-0.001427272,0.000122524,0.476905018
230,24.012000000,fused_map_f2f,1,1,0,0.030783379,0.012854612,1.000000000,1.000000000,0.100000000,0.010989011,0.010989011,0.035714286,0.002770083,1.000000000,0.000000000,0.000000000,0.000000000,0.000000000,0.000000000,0.863636364,1.000000000,0.918181818,1.000000000,0.000000000,0.000000000,0.000000000,1.000000000,13.592880249,0.806446016,0.758877814,0.874353588,-0.001447892,0.000115088,0.485287219
231,24.199000000,fused_map_f2f,1,1,0,0.031805277,0.012522781,1.000000000,1.000000000,0.100000000,0.010989011,0.010989011,0.035714286,0.002770083,1.000000000,0.000000000,0.000000000,0.000000000,0.000000000,0.000000000,0.818181818,1.000000000,0.890909091,1.000000000,0.000000000,0.000000000,0.000000000,1.000000000,13.628776550,0.858779550,0.759123564,0.870402634,-0.001488216,0.000139388,0.492338330
232,24.422000000,fused_map_f2f,1,1,0,0.032163910,0.011546592,1.000000000,1.000000000,0.100000000,0.010989011,0.010989011,0.035714286,0.002770083,1.000000000,0.000000000,0.000000000,0.000000000,0.000000000,0.000000000,0.840909091,1.000000000,0.904545455,1.000000000,0.000000000,0.000000000,0.000000000,1.000000000,13.666753769,0.918348253,0.759272099,0.866360664,-0.001490718,0.000144570,0.499416590
233,24.671000000,fused_map_f2f,1,1,0,0.032347771,0.013062887,1.000000000,1.000000000,0.100000000,0.010989011,0.010989011,0.035714286,0.002770083,1.000000000,0.000000000,0.000000000,0.000000000,0.000000000,0.000000000,0.837209302,1.000000000,0.902325581,1.000000000,0.000000000,0.000000000,0.000000000,1.000000000,13.709773064,0.990169883,0.759058297,0.862496138,-0.001529463,0.000164497,0.506061375
234,24.885000000,fused_map_f2f,1,1,0,0.032907743,0.012083581,1.000000000,1.000000000,0.100000000,0.010989011,0.010989011,0.035714286,0.002770083,1.000000000,0.000000000,0.000000000,0.000000000,0.000000000,0.000000000,0.813953488,1.000000000,0.888372093,1.000000000,0.000000000,0.000000000,0.000000000,1.000000000,13.748168945,1.057050586,0.758889914,0.859480321,-0.001459613,0.000146351,0.511166692
235,25.093000000,fused_map_f2f,1,1,0,0.033643582,0.012776833,1.000000000,1.000000000,0.100000000,0.010989011,0.010989011,0.035714286,0.002770083,1.000000000,0.000000000,0.000000000,0.000000000,0.000000000,0.000000000,0.860465116,1.000000000,0.916279070,1.000000000,0.000000000,0.000000000,0.000000000,1.000000000,13.786166191,1.121929526,0.758907199,0.856876791,-0.001536230,0.000158978,0.515518963
236,25.272000000,fused_map_f2f,1,1,0,0.032826323,0.012171113,1.000000000,1.000000000,0.100000000,0.010989011,0.010989011,0.035714286,0.002770083,1.000000000,0.000000000,0.000000000,0.000000000,0.000000000,0.000000000,0.857142857,1.000000000,0.914285714,1.000000000,0.000000000,0.000000000,0.000000000,1.000000000,13.817464828,1.180759788,0.758252144,0.854799926,-0.001488564,0.000179813,0.518955529
237,25.453000000,fused_map_f2f,1,1,0,0.032513132,0.011872864,1.000000000,1.000000000,0.100000000,0.010989011,0.010989011,0.035714286,0.002770083,1.000000000,0.000000000,0.000000000,0.000000000,0.000000000,0.000000000,0.809523810,1.000000000,0.885714286,1.000000000,0.000000000,0.000000000,0.000000000,1.000000000,13.847611427,1.239292622,0.757889211,0.852849364,-0.001413242,0.000153537,0.522155106
238,25.637000000,fused_map_f2f,1,1,0,0.031392798,0.011777682,1.000000000,1.000000000,0.100000000,0.010989011,0.010989011,0.035714286,0.002770083,1.000000000,0.000000000,0.000000000,0.000000000,0.000000000,0.000000000,0.833333333,1.000000000,0.900000000,1.000000000,0.000000000,0.000000000,0.000000000,1.000000000,13.879529953,1.300832987,0.757951319,0.850976527,-0.001395392,0.000160627,0.525201917
239,25.805000000,fused_map_f2f,1,1,0,0.031959615,0.012594754,1.000000000,1.000000000,0.100000000,0.010989011,0.010989011,0.035714286,0.002770083,1.000000000,0.000000000,0.000000000,0.000000000,0.000000000,0.000000000,0.880952381,1.000000000,0.928571429,1.000000000,0.000000000,0.000000000,0.000000000,1.000000000,13.908225060,1.358667612,0.758000016,0.849357367,-0.001396131,0.000159182,0.527816355
240,25.989000000,fused_map_f2f,1,1,0,0.032892109,0.045151458,1.000000000,1.000000000,0.100000000,0.010989011,0.010989011,0.035714286,0.002770083,1.000000000,0.000000000,0.000000000,0.000000000,0.000000000,0.000000000,0.833333333,1.000000000,0.900000000,1.000000000,0.000000000,0.000000000,0.000000000,1.000000000,13.939233780,1.422323942,0.757943869,0.847680390,-0.001379070,0.000155731,0.530505419
241,26.212000000,fused_map_f2f,1,1,0,0.032911489,0.013363235,1.000000000,1.000000000,0.100000000,0.010989011,0.010989011,0.035714286,0.002770083,1.000000000,0.000000000,0.000000000,0.000000000,0.000000000,0.000000000,0.809523810,1.000000000,0.885714286,1.000000000,0.000000000,0.000000000,0.000000000,1.000000000,13.978146553,1.503696084,0.757759035,0.845733881,-0.001415541,0.000150230,0.533603072
242,26.314000000,fused_map_f2f,1,1,0,0.031935964,0.009467363,1.000000000,1.000000000,0.100000000,0.010989011,0.010989011,0.035714286,0.002770083,1.000000000,0.000000000,0.000000000,0.000000000,0.000000000,0.000000000,0.857142857,1.000000000,0.914285714,1.000000000,0.000000000,0.000000000,0.000000000,1.000000000,13.995342255,1.540299654,0.757916272,0.844864070,-0.001441945,0.000164961,0.534979105
243,26.418000000,fused_map_f2f,1,1,0,0.032685632,0.008193298,1.000000000,1.000000000,0.100000000,0.010989011,0.010989011,0.035714286,0.002770083,1.000000000,0.000000000,0.000000000,0.000000000,0.000000000,0.000000000,0.833333333,1.000000000,0.900000000,1.000000000,0.000000000,0.000000000,0.000000000,1.000000000,14.012065887,1.575939298,0.758326173,0.844031155,-0.001509120,0.000155439,0.536291957
244,26.530000000,fused_map_f2f,1,1,0,0.033523339,0.009119844,1.000000000,1.000000000,0.100000000,0.010989011,0.010989011,0.035714286,0.002770083,1.000000000,0.000000000,0.000000000,0.000000000,0.000000000,0.000000000,0.829268293,1.000000000,0.897560976,1.000000000,0.000000000,0.000000000,0.000000000,1.000000000,14.030260086,1.615836501,0.758170009,0.843115628,-0.001499926,0.000150981,0.537730217
245,26.616000000,fused_map_f2f,1,1,0,0.033412151,0.008170041,1.000000000,1.000000000,0.100000000,0.010989011,0.010989011,0.035714286,0.002770083,1.000000000,0.000000000,0.000000000,0.000000000,0.000000000,0.000000000,0.829268293,1.000000000,0.897560976,1.000000000,0.000000000,0.000000000,0.000000000,1.000000000,14.044709206,1.647363305,0.757939935,0.842421710,-0.001514325,0.000163116,0.538816631
246,26.716000000,fused_map_f2f,1,1,0,0.032048238,0.008972348,1.000000000,1.000000000,0.100000000,0.010989011,0.010989011,0.035714286,0.002770083,1.000000000,0.000000000,0.000000000,0.000000000,0.000000000,0.000000000,0.829268293,1.000000000,0.897560976,1.000000000,0.000000000,0.000000000,0.000000000,1.000000000,14.061573029,1.683970213,0.758118212,0.841634214,-0.001537863,0.000178532,0.540045798
247,26.824000000,fused_map_f2f,1,1,0,0.036256520,0.008608231,1.000000000,1.000000000,0.100000000,0.010989011,0.010989011,0.035714286,0.002770083,1.000000000,0.000000000,0.000000000,0.000000000,0.000000000,0.000000000,0.829268293,1.000000000,0.897560976,1.000000000,0.000000000,0.000000000,0.000000000,1.000000000,14.079807281,1.723649263,0.757411420,0.840820193,-0.001510839,0.000165133,0.541312397
248,26.915000000,fused_map_f2f,1,1,0,0.032353567,0.007907593,1.000000000,1.000000000,0.100000000,0.010989011,0.010989011,0.035714286,0.002770083,1.000000000,0.000000000,0.000000000,0.000000000,0.000000000,0.000000000,0.829268293,1.000000000,0.897560976,1.000000000,0.000000000,0.000000000,0.000000000,1.000000000,14.094870567,1.757297039,0.757456303,0.840114415,-0.001522618,0.000154797,0.542407095
249,27.129000000,fused_map_f2f,1,1,0,0.032865702,0.013551282,1.000000000,1.000000000,0.100000000,0.010989011,0.010989011,0.035714286,0.002770083,1.000000000,0.000000000,0.000000000,0.000000000,0.000000000,0.000000000,0.853658537,1.000000000,0.912195122,1.000000000,0.000000000,0.000000000,0.000000000,1.000000000,14.130702972,1.838022709,0.757700622,0.838543355,-0.001542420,0.000143593,0.544832706
250,27.297000000,fused_map_f2f,1,1,0,0.032207754,0.010597806,1.000000000,1.000000000,0.100000000,0.010989011,0.010989011,0.035714286,0.002770083,1.000000000,0.000000000,0.000000000,0.000000000,0.000000000,0.000000000,0.853658537,1.000000000,0.912195122,1.000000000,0.000000000,0.000000000,0.000000000,1.000000000,14.158634186,1.901964426,0.757672608,0.837323606,-0.001532605,0.000157843,0.546705425
251,27.461000000,fused_map_f2f,1,1,0,0.032519107,0.011146721,1.000000000,1.000000000,0.100000000,0.010989011,0.010989011,0.035714286,0.002770083,1.000000000,0.000000000,0.000000000,0.000000000,0.000000000,0.000000000,0.853658537,1.000000000,0.912195122,1.000000000,0.000000000,0.000000000,0.000000000,1.000000000,14.186265945,1.965743661,0.757611632,0.836144507,-0.001524508,0.000145314,0.548507154
252,27.635000000,fused_map_f2f,1,1,0,0.033646800,0.011171130,1.000000000,1.000000000,0.100000000,0.010989011,0.010989011,0.035714286,0.002770083,1.000000000,0.000000000,0.000000000,0.000000000,0.000000000,0.000000000,0.809523810,1.000000000,0.885714286,1.000000000,0.000000000,0.000000000,0.000000000,1.000000000,14.217975616,2.038798571,0.757233262,0.834840357,-0.001472769,0.000131984,0.550490141
253,27.812000000,fused_map_f2f,1,1,0,0.031959733,0.011759797,1.000000000,1.000000000,0.100000000,0.010989011,0.010989011,0.035714286,0.002770083,1.000000000,0.000000000,0.000000000,0.000000000,0.000000000,0.000000000,0.833333333,1.000000000,0.900000000,1.000000000,0.000000000,0.000000000,0.000000000,1.000000000,14.247819901,2.108743668,0.757042408,0.833618581,-0.001482163,0.000148400,0.552338541
254,27.980000000,fused_map_f2f,1,1,0,0.034640417,0.011344393,1.000000000,1.000000000,0.100000000,0.010989011,0.010989011,0.035714286,0.002770083,1.000000000,0.000000000,0.000000000,0.000000000,0.000000000,0.000000000,0.804878049,1.000000000,0.882926829,1.000000000,0.000000000,0.000000000,0.000000000,1.000000000,14.276700020,2.176763773,0.756611168,0.832480371,-0.001487143,0.000120846,0.554052591
255,28.147000000,fused_map_f2f,1,1,0,0.032351629,0.010828821,1.000000000,1.000000000,0.100000000,0.010989011,0.010989011,0.035714286,0.002770083,1.000000000,0.000000000,0.000000000,0.000000000,0.000000000,0.000000000,0.785714286,1.000000000,0.871428571,1.000000000,0.000000000,0.000000000,0.000000000,1.000000000,14.303270340,2.242791891,0.756051838,0.831429899,-0.001495184,0.000149465,0.555627644
256,28.311000000,fused_map_f2f,1,1,0,0.032359715,0.011507242,1.000000000,1.000000000,0.100000000,0.010989011,0.010989011,0.035714286,0.002770083,1.000000000,0.000000000,0.000000000,0.000000000,0.000000000,0.000000000,0.809523810,1.000000000,0.885714286,1.000000000,0.000000000,0.000000000,0.000000000,1.000000000,14.331610680,2.311517715,0.756198704,0.830348074,-0.001511234,0.000139209,0.557242990
257,28.481000000,fused_map_f2f,1,1,0,0.032323558,0.011965257,1.000000000,1.000000000,0.100000000,0.010989011,0.010989011,0.035714286,0.002770083,1.000000000,0.000000000,0.000000000,0.000000000,0.000000000,0.000000000,0.833333333,1.000000000,0.900000000,1.000000000,0.000000000,0.000000000,0.000000000,1.000000000,14.358827591,2.382421970,0.755477726,0.829288661,-0.001454798,0.000147063,0.558818519
258,28.651000000,fused_map_f2f,1,1,0,0.033715989,0.011788117,1.000000000,1.000000000,0.100000000,0.010989011,0.010989011,0.035714286,0.002770083,1.000000000,0.000000000,0.000000000,0.000000000,0.000000000,0.000000000,0.813953488,1.000000000,0.888372093,1.000000000,0.000000000,0.000000000,0.000000000,1.000000000,14.387522697,2.454437017,0.754895389,0.828243434,-0.001381511,0.000127853,0.560366750
259,28.817000000,fused_map_f2f,1,1,0,0.033293442,0.011441210,1.000000000,1.000000000,0.100000000,0.010989011,0.010989011,0.035714286,0.002770083,1.000000000,0.000000000,0.000000000,0.000000000,0.000000000,0.000000000,0.837209302,1.000000000,0.902325581,1.000000000,0.000000000,0.000000000,0.000000000,1.000000000,14.415243149,2.525959253,0.755080044,0.827296317,-0.001435929,0.000138359,0.561763942
260,29.013000000,fused_map_f2f,1,1,0,0.034562572,0.013207770,1.000000000,1.000000000,0.100000000,0.010989011,0.010989011,0.035714286,0.002770083,1.000000000,0.000000000,0.000000000,0.000000000,0.000000000,0.000000000,0.857142857,1.000000000,0.914285714,1.000000000,0.000000000,0.000000000,0.000000000,1.000000000,14.447808266,2.609731436,0.754605114,0.826139212,-0.001374478,0.000125086,0.563464344
261,29.177000000,fused_map_f2f,1,1,0,0.033563985,0.012657052,1.000000000,1.000000000,0.100000000,0.010989011,0.010989011,0.035714286,0.002770083,1.000000000,0.000000000,0.000000000,0.000000000,0.000000000,0.000000000,0.860465116,1.000000000,0.916279070,1.000000000,0.000000000,0.000000000,0.000000000,1.000000000,14.474912643,2.682101488,0.754147887,0.825173378,-0.001377766,0.000118158,0.564877868
262,29.341000000,fused_map_f2f,1,1,0,0.035200947,0.038839292,1.000000000,1.000000000,0.100000000,0.010989011,0.010989011,0.035714286,0.002770083,1.000000000,0.000000000,0.000000000,0.000000000,0.000000000,0.000000000,0.837209302,1.000000000,0.902325581,1.000000000,0.000000000,0.000000000,0.000000000,1.000000000,14.502773285,2.753509045,0.753805637,0.824233949,-0.001339410,0.000103460,0.566247821
263,29.523000000,fused_map_f2f,1,1,0,0.036801060,0.012005671,1.000000000,1.000000000,0.100000000,0.010989011,0.010989011,0.035714286,0.002770083,1.000000000,0.000000000,0.000000000,0.000000000,0.000000000,0.000000000,0.880952381,1.000000000,0.928571429,1.000000000,0.000000000,0.000000000,0.000000000,1.000000000,14.533135414,2.833910465,0.753653467,0.823216796,-0.001306689,0.000123965,0.567725599
264,29.729000000,fused_map_f2f,1,1,0,0.037972850,0.012618350,1.000000000,1.000000000,0.100000000,0.010989011,0.010989011,0.035714286,0.002770083,1.000000000,0.000000000,0.000000000,0.000000000,0.000000000,0.000000000,0.813953488,1.000000000,0.888372093,1.000000000,0.000000000,0.000000000,0.000000000,1.000000000,14.569391251,2.927300930,0.752400756,0.821952999,-0.001281535,0.000128159,0.569553912
265,29.939000000,fused_map_f2f,1,1,0,0.037853545,0.013196554,1.000000000,1.000000000,0.100000000,0.010989011,0.010989011,0.035714286,0.002770083,1.000000000,0.000000000,0.000000000,0.000000000,0.000000000,0.000000000,0.818181818,1.000000000,0.890909091,1.000000000,0.000000000,0.000000000,0.000000000,1.000000000,14.604694366,3.022428274,0.752407670,0.820844233,-0.001254478,0.000131369,0.571150780
266,30.103000000,fused_map_f2f,1,1,0,0.036570378,0.012011256,1.000000000,1.000000000,0.100000000,0.010989011,0.010989011,0.035714286,0.002770083,1.000000000,0.000000000,0.000000000,0.000000000,0.000000000,0.000000000,0.777777778,0.988337366,0.862001613,1.000000000,0.000000000,0.000000000,0.000000000,1.000000000,14.631454468,3.096973181,0.752251625,0.820025623,-0.001252009,0.000140416,0.572325408
267,30.284000000,fused_map_f2f,1,1,0,0.036377913,0.012347494,1.000000000,1.000000000,0.100000000,0.010989011,0.010989011,0.035714286,0.002770083,1.000000000,0.000000000,0.000000000,0.000000000,0.000000000,0.000000000,0.777777778,1.000000000,0.866666667,1.000000000,0.000000000,0.000000000,0.000000000,1.000000000,14.663698196,3.184746027,0.751634061,0.819060087,-0.001242697,0.000114819,0.573706388
268,30.460000000,fused_map_f2f,1,1,0,0.035798843,0.013909887,1.000000000,1.000000000,0.100000000,0.010989011,0.010989011,0.035714286,0.002770083,1.000000000,0.000000000,0.000000000,0.000000000,0.000000000,0.000000000,0.818181818,1.000000000,0.890909091,1.000000000,0.000000000,0.000000000,0.000000000,1.000000000,14.693582535,3.264572382,0.751290202,0.818210840,-0.001280126,0.000128471,0.574916780
269,30.635000000,fused_map_f2f,1,1,0,0.038353828,0.013106527,1.000000000,1.000000000,0.100000000,0.010989011,0.010989011,0.035714286,0.002770083,1.000000000,0.000000000,0.000000000,0.000000000,0.000000000,0.000000000,0.760869565,0.859273625,0.800231189,1.000000000,0.000000000,0.000000000,0.000000000,1.000000000,14.721369743,3.346411228,0.750584602,0.817377090,-0.001219583,0.000110950,0.576101720
270,30.819000000,fused_map_f2f,1,1,0,0.037124664,0.012452330,1.000000000,1.000000000,0.100000000,0.010989011,0.010989011,0.035714286,0.002770083,1.000000000,0.000000000,0.000000000,0.000000000,0.000000000,0.000000000,0.782608696,0.812797395,0.794684175,1.000000000,0.000000000,0.000000000,0.000000000,1.000000000,14.750864983,3.432443142,0.750339329,0.816572428,-0.001231491,0.000106281,0.577241719
271,30.988000000,fused_map_f2f,1,1,0,0.038427062,0.010817080,1.000000000,1.000000000,0.100000000,0.010989011,0.010989011,0.035714286,0.002770083,1.000000000,0.000000000,0.000000000,0.000000000,0.000000000,0.000000000,0.800000000,0.805581822,0.802232729,1.000000000,0.000000000,0.000000000,0.000000000,1.000000000,14.778103828,3.512773275,0.750289619,0.815844357,-0.001256608,0.000133146,0.578270257
272,31.169000000,fused_map_f2f,1,1,0,0.039231636,0.012187697,1.000000000,1.000000000,0.100000000,0.010989011,0.010989011,0.035714286,0.002770083,1.000000000,0.000000000,0.000000000,0.000000000,0.000000000,0.000000000,0.755555556,0.673768441,0.722840710,1.000000000,0.000000000,0.000000000,0.000000000,1.000000000,14.808076859,3.601862192,0.750011384,0.815104783,-0.001154083,0.000119772,0.579312384
273,31.339000000,fused_map_f2f,1,1,0,0.040417364,0.011602912,1.000000000,1.000000000,0.100000000,0.010989011,0.010989011,0.035714286,0.002770083,1.000000000,0.000000000,0.000000000,0.000000000,0.000000000,0.000000000,0.777777778,0.863910043,0.812230684,1.000000000,0.000000000,0.000000000,0.000000000,1.000000000,14.836818695,3.686527967,0.749252915,0.814401329,-0.001052229,0.000118049,0.580301046
274,31.553000000,fused_map_f2f,1,1,0,0.040246338,0.013182564,1.000000000,1.000000000,0.100000000,0.010989011,0.010989011,0.035714286,0.002770083,1.000000000,0.000000000,0.000000000,0.000000000,0.000000000,0.000000000,0.777777778,0.806674604,0.789336508,1.000000000,0.000000000,0.000000000,0.000000000,1.000000000,14.871341705,3.792876244,0.749189854,0.813562989,-0.001016979,0.000104451,0.581475973
275,31.736000000,fused_map_f2f,1,1,0,0.043391243,0.012459573,1.000000000,1.000000000,0.100000000,0.010989011,0.010989011,0.035714286,0.002770083,1.000000000,0.000000000,0.000000000,0.000000000,0.000000000,0.000000000,0.760869565,0.673466787,0.725908454,1.000000000,0.000000000,0.000000000,0.000000000,1.000000000,14.901221275,3.883241892,0.749206066,0.812874556,-0.001085070,0.000111739,0.582437813
276,31.913000000,fused_map_f2f,1,1,0,0.043810061,0.012564687,1.000000000,1.000000000,0.100000000,0.010989011,0.010989011,0.035714286,0.002770083,1.000000000,0.000000000,0.000000000,0.000000000,0.000000000,0.000000000,0.818181818,1.000000000,0.890909091,1.000000000,0.000000000,0.000000000,0.000000000,1.000000000,14.930701256,3.971816540,0.749366403,0.812205911,-0.001101289,0.000119182,0.583369851
277,32.094000000,fused_map_f2f,1,1,0,0.041447661,0.012284951,1.000000000,1.000000000,0.100000000,0.010989011,0.010989011,0.035714286,0.002770083,1.000000000,0.000000000,0.000000000,0.000000000,0.000000000,0.000000000,0.739130435,0.686494888,0.718076216,1.000000000,0.000000000,0.000000000,0.000000000,1.000000000,14.960834503,4.063446999,0.749398768,0.811545312,-0.001060473,0.000151887,0.584288538
278,32.259000000,fused_map_f2f,1,1,0,0.041336208,0.013998428,1.000000000,1.000000000,0.100000000,0.010989011,0.010989011,0.035714286,0.002770083,1.000000000,0.000000000,0.000000000,0.000000000,0.000000000,0.000000000,0.717391304,0.643658461,0.687898167,1.000000000,0.000000000,0.000000000,0.000000000,1.000000000,14.990673065,4.149862766,0.749659717,0.810926020,-0.001116555,0.000072955,0.585147619
279,32.433000000,fused_map_f2f,1,1,0,0.040404938,0.012581259,1.000000000,1.000000000,0.100000000,0.010989011,0.010989011,0.035714286,0.002770083,1.000000000,0.000000000,0.000000000,0.000000000,0.000000000,0.000000000,0.739130435,1.000000000,0.843478261,1.000000000,0.000000000,0.000000000,0.000000000,1.000000000,15.021155357,4.239747047,0.749109209,0.810307682,-0.001092897,0.000073838,0.586003661
280,32.609000000,fused_map_f2f,1,1,0,0.042023173,0.012669551,1.000000000,1.000000000,0.100000000,0.010989011,0.010989011,0.035714286,0.002770083,1.000000000,0.000000000,0.000000000,0.000000000,0.000000000,0.000000000,0.782608696,0.956286534,0.852079831,1.000000000,0.000000000,0.000000000,0.000000000,1.000000000,15.049251556,4.330663681,0.749304175,0.809746087,-0.001175352,0.000058809,0.586779296
281,32.715000000,fused_map_f2f,1,1,0,0.040066634,0.009708536,1.000000000,1.000000000,0.100000000,0.010989011,0.010989011,0.035714286,0.002770083,1.000000000,0.000000000,0.000000000,0.000000000,0.000000000,0.000000000,0.804347826,1.000000000,0.882608696,1.000000000,0.000000000,0.000000000,0.000000000,1.000000000,15.066218376,4.385939121,0.749197900,0.809410810,-0.001150575,0.000110615,0.587241769
282,32.825000000,fused_map_f2f,1,1,0,0.039838111,0.008506000,1.000000000,1.000000000,0.100000000,0.010989011,0.010989011,0.035714286,0.002770083,1.000000000,0.000000000,0.000000000,0.000000000,0.000000000,0.000000000,0.760869565,1.000000000,0.856521739,1.000000000,0.000000000,0.000000000,0.000000000,1.000000000,15.086196899,4.447191238,0.749344468,0.809054554,-0.001247498,0.000072524,0.587732255
283,32.916000000,fused_map_f2f,1,1,0,0.040473438,0.007988699,1.000000000,1.000000000,0.100000000,0.010989011,0.010989011,0.035714286,0.002770083,1.000000000,0.000000000,0.000000000,0.000000000,0.000000000,0.000000000,0.760869565,0.943934464,0.834095525,1.000000000,0.000000000,0.000000000,0.000000000,1.000000000,15.099967957,4.492989063,0.749197721,0.808811843,-0.001227136,0.000049944,0.588066280
284,33.018000000,fused_map_f2f,1,1,0,0.038575369,0.007946718,1.000000000,1.000000000,0.100000000,0.010989011,0.010989011,0.035714286,0.002770083,1.000000000,0.000000000,0.000000000,0.000000000,0.000000000,0.000000000,0.782608696,0.981242668,0.862062284,1.000000000,0.000000000,0.000000000,0.000000000,1.000000000,15.116966248,4.547035694,0.748703957,0.808497965,-0.001311655,0.000071355,0.588497460
285,33.188000000,fused_map_f2f,1,1,0,0.040009107,0.011541579,1.000000000,1.000000000,0.100000000,0.010989011,0.010989011,0.035714286,0.002770083,1.000000000,0.000000000,0.000000000,0.000000000,0.000000000,0.000000000,0.760869565,0.691711900,0.733206499,1.000000000,0.000000000,0.000000000,0.000000000,1.000000000,15.144601822,4.636828423,0.749092340,0.808036029,-0.001216069,0.000012724,0.589131892
286,33.231000000,fused_map_f2f,1,1,0,0.040691805,0.006169117,1.000000000,1.000000000,0.100000000,0.010989011,0.010989011,0.035714286,0.002770083,1.000000000,0.000000000,0.000000000,0.000000000,0.000000000,0.000000000,0.723404255,0.819644154,0.761900215,1.000000000,0.000000000,0.000000000,0.000000000,1.000000000,15.152376175,4.660095692,0.748654425,0.807882667,-0.001208885,-0.000020828,0.589342117
287,33.325000000,fused_map_f2f,1,1,0,0.041551166,0.010118848,1.000000000,1.000000000,0.100000000,0.010989011,0.010989011,0.035714286,0.002770083,1.000000000,0.000000000,0.000000000,0.000000000,0.000000000,0.000000000,0.744680851,1.000000000,0.846808511,1.000000000,0.000000000,0.000000000,0.000000000,1.000000000,15.167932510,4.710875511,0.748471320,0.807640195,-0.001225354,0.000004911,0.589674354
288,33.413000000,fused_map_f2f,1,1,0,0.041256736,0.009418747,1.000000000,1.000000000,0.100000000,0.010989011,0.010989011,0.035714286,0.002770083,1.000000000,0.000000000,0.000000000,0.000000000,0.000000000,0.000000000,0.765957447,1.000000000,0.859574468,1.000000000,0.000000000,0.000000000,0.000000000,1.000000000,15.182951927,4.759982586,0.748665571,0.807382286,-0.001152145,-0.000012804,0.590027630
289,33.515000000,fused_map_f2f,1,1,0,0.039501504,0.008213597,1.000000000,1.000000000,0.100000000,0.010989011,0.010989011,0.035714286,0.002770083,1.000000000,0.000000000,0.000000000,0.000000000,0.000000000,0.000000000,0.777777778,0.789033283,0.782279980,1.000000000,0.000000000,0.000000000,0.000000000,1.000000000,15.199669838,4.814519405,0.748788893,0.807106137,-0.001161785,-0.000001781,0.590405166
290,33.622000000,fused_map_f2f,1,1,0,0.040699239,0.008747937,1.000000000,1.000000000,0.100000000,0.010989011,0.010989011,0.035714286,0.002770083,1.000000000,0.000000000,0.000000000,0.000000000,0.000000000,0.000000000,0.765957447,0.965295338,0.845692603,1.000000000,0.000000000,0.000000000,0.000000000,1.000000000,15.216974258,4.871717453,0.748912394,0.806832612,-0.001174164,0.000018032,0.590779006
291,33.712000000,fused_map_f2f,1,1,0,0.040342987,0.008301175,1.000000000,1.000000000,0.100000000,0.010989011,0.010989011,0.035714286,0.002770083,1.000000000,0.000000000,0.000000000,0.000000000,0.000000000,0.000000000,0.739130435,0.807878868,0.766629808,1.000000000,0.000000000,0.000000000,0.000000000,1.000000000,15.233406067,4.922590733,0.749248743,0.806590676,-0.001206065,0.000019040,0.591109216
292,33.819000000,fused_map_f2f,1,1,0,0.040273500,0.008817614,1.000000000,1.000000000,0.100000000,0.010989011,0.010989011,0.035714286,0.002770083,1.000000000,0.000000000,0.000000000,0.000000000,0.000000000,0.000000000,0.777777778,1.000000000,0.866666667,1.000000000,0.000000000,0.000000000,0.000000000,1.000000000,15.250695229,4.980405807,0.749304593,0.806324244,-0.001168340,0.000058142,0.591472626
293,33.927000000,fused_map_f2f,1,1,0,0.041338621,0.009306591,1.000000000,1.000000000,0.100000000,0.010989011,0.010989011,0.035714286,0.002770083,1.000000000,0.000000000,0.000000000,0.000000000,0.000000000,0.000000000,0.733333333,1.000000000,0.840000000,1.000000000,0.000000000,0.000000000,0.000000000,1.000000000,15.267878532,5.039273739,0.749349535,0.806069851,-0.001166028,0.000055506,0.591819286
294,34.015000000,fused_map_f2f,1,1,0,0.042715345,0.008205788,1.000000000,1.000000000,0.100000000,0.010989011,0.010989011,0.035714286,0.002770083,1.000000000,0.000000000,0.000000000,0.000000000,0.000000000,0.000000000,0.795454545,0.965077478,0.863303718,1.000000000,0.000000000,0.000000000,0.000000000,1.000000000,15.284035683,5.090569019,0.748853803,0.805864751,-0.001198454,-0.000021412,0.592098415
295,34.119000000,fused_map_f2f,1,1,0,0.043424202,0.008894887,1.000000000,1.000000000,0.100000000,0.010989011,0.010989011,0.035714286,0.002770083,1.000000000,0.000000000,0.000000000,0.000000000,0.000000000,0.000000000,0.880952381,0.978441973,0.919948218,1.000000000,0.000000000,0.000000000,0.000000000,1.000000000,15.301201820,5.147857189,0.749002576,0.805631578,-0.001249943,-0.000003705,0.592415631
296,34.210000000,fused_map_f2f,1,1,0,0.043583163,0.008260222,1.000000000,1.000000000,0.100000000,0.010989011,0.010989011,0.035714286,0.002770083,1.000000000,0.000000000,0.000000000,0.000000000,0.000000000,0.000000000,0.837209302,0.952007503,0.883128582,1.000000000,0.000000000,0.000000000,0.000000000,1.000000000,15.316132545,5.198428154,0.749048769,0.805417895,-0.001258908,-0.000012509,0.592706025
297,34.323000000,fused_map_f2f,1,1,0,0.040886171,0.009533760,1.000000000,1.000000000,0.100000000,0.010989011,0.010989011,0.035714286,0.002770083,1.000000000,0.000000000,0.000000000,0.000000000,0.000000000,0.000000000,0.813953488,1.000000000,0.888372093,1.000000000,0.000000000,0.000000000,0.000000000,1.000000000,15.334619522,5.260485649,0.749588311,0.805172682,-0.001250590,-0.000040589,0.593039155
298,34.410000000,fused_map_f2f,1,1,0,0.041882243,0.007734032,1.000000000,1.000000000,0.100000000,0.010989011,0.010989011,0.035714286,0.002770083,1.000000000,0.000000000,0.000000000,0.000000000,0.000000000,0.000000000,0.880952381,1.000000000,0.928571429,1.000000000,0.000000000,0.000000000,0.000000000,1.000000000,15.349424362,5.309273243,0.749154627,0.804990947,-0.001141158,-0.000019122,0.593285978
299,34.515000000,fused_map_f2f,1,1,0,0.041763740,0.008635402,1.000000000,1.000000000,0.100000000,0.010989011,0.010989011,0.035714286,0.002770083,1.000000000,0.000000000,0.000000000,0.000000000,0.000000000,0.000000000,0.857142857,0.882853030,0.867426926,1.000000000,0.000000000,0.000000000,0.000000000,1.000000000,15.367447853,5.368841171,0.749221802,0.804772139,-0.001186558,-0.000011858,0.593582749
300,34.621000000,fused_map_f2f,1,1,0,0.042401321,0.008784115,1.000000000,1.000000000,0.100000000,0.010989011,0.010989011,0.035714286,0.002770083,1.000000000,0.000000000,0.000000000,0.000000000,0.000000000,0.000000000,0.853658537,0.853263880,0.853500674,1.000000000,0.000000000,0.000000000,0.000000000,1.000000000,15.385043144,5.428059101,0.749237001,0.804553688,-0.001178466,-0.000020434,0.593878806
301,34.722000000,fused_map_f2f,1,1,0,0.043454997,0.008063144,1.000000000,1.000000000,0.100000000,0.010989011,0.010989011,0.035714286,0.002770083,1.000000000,0.000000000,0.000000000,0.000000000,0.000000000,0.000000000,0.853658537,1.000000000,0.912195122,1.000000000,0.000000000,0.000000000,0.000000000,1.000000000,15.401608467,5.484778404,0.749290228,0.804343104,-0.001123638,0.000005568,0.594164014
302,34.819000000,fused_map_f2f,1,1,0,0.045230576,0.008200517,1.000000000,1.000000000,0.100000000,0.010989011,0.010989011,0.035714286,0.002770083,1.000000000,0.000000000,0.000000000,0.000000000,0.000000000,0.000000000,0.853658537,1.000000000,0.912195122,1.000000000,0.000000000,0.000000000,0.000000000,1.000000000,15.419528008,5.541908741,0.749122024,0.804153562,-0.001107023,-0.000056527,0.594420552
303,34.927000000,fused_map_f2f,1,1,0,0.045861966,0.008516146,1.000000000,1.000000000,0.100000000,0.010989011,0.010989011,0.035714286,0.002770083,1.000000000,0.000000000,0.000000000,0.000000000,0.000000000,0.000000000,0.850000000,1.000000000,0.910000000,1.000000000,0.000000000,0.000000000,0.000000000,1.000000000,15.437559128,5.603837490,0.748956382,0.803933442,-0.001204812,-0.000068378,0.594718039
304,35.012000000,fused_map_f2f,1,1,0,0.047517117,0.008326811,1.000000000,1.000000000,0.100000000,0.010989011,0.010989011,0.035714286,0.002770083,1.000000000,0.000000000,0.000000000,0.000000000,0.000000000,0.000000000,0.825000000,1.000000000,0.895000000,1.000000000,0.000000000,0.000000000,0.000000000,1.000000000,15.451693535,5.651970387,0.748840392,0.803781211,-0.001178088,-0.000045258,0.594923854
305,35.122000000,fused_map_f2f,1,1,0,0.046409058,0.009218042,1.000000000,1.000000000,0.100000000,0.010989011,0.010989011,0.035714286,0.002770083,1.000000000,0.000000000,0.000000000,0.000000000,0.000000000,0.000000000,0.825000000,1.000000000,0.895000000,1.000000000,0.000000000,0.000000000,0.000000000,1.000000000,15.471332550,5.715299606,0.748724103,0.803547084,-0.001096826,-0.000064781,0.595240176
306,35.219000000,fused_map_f2f,1,1,0,0.046681402,0.008118008,1.000000000,1.000000000,0.100000000,0.010989011,0.010989011,0.035714286,0.002770083,1.000000000,0.000000000,0.000000000,0.000000000,0.000000000,0.000000000,0.871794872,1.000000000,0.923076923,1.000000000,0.000000000,0.000000000,0.000000000,1.000000000,15.487111092,5.770381451,0.748721302,0.803386092,-0.001078440,-0.000072843,0.595457554
307,35.342000000,fused_map_f2f,1,1,0,0.046628485,0.009278179,1.000000000,1.000000000,0.100000000,0.010989011,0.010989011,0.035714286,0.002770083,1.000000000,0.000000000,0.000000000,0.000000000,0.000000000,0.000000000,0.846153846,1.000000000,0.907692308,1.000000000,0.000000000,0.000000000,0.000000000,1.000000000,15.508630753,5.843099594,0.748219252,0.803179085,-0.001090425,-0.000070140,0.595736682
308,35.425000000,fused_map_f2f,1,1,0,0.048611960,0.007495621,1.000000000,1.000000000,0.100000000,0.010989011,0.010989011,0.035714286,0.002770083,1.000000000,0.000000000,0.000000000,0.000000000,0.000000000,0.000000000,0.871794872,0.878987658,0.874671986,1.000000000,0.000000000,0.000000000,0.000000000,1.000000000,15.521983147,5.889900208,0.748175859,0.802995980,-0.000990390,-0.000004541,0.595983624
309,35.514000000,fused_map_f2f,1,1,0,0.048003754,0.008679204,1.000000000,1.000000000,0.100000000,0.010989011,0.010989011,0.035714286,0.002770083,1.000000000,0.000000000,0.000000000,0.000000000,0.000000000,0.000000000,0.871794872,1.000000000,0.923076923,1.000000000,0.000000000,0.000000000,0.000000000,1.000000000,15.537463188,5.942310810,0.748139918,0.802879155,-0.001098700,-0.000054401,0.596140802
310,35.624000000,fused_map_f2f,1,1,0,0.047340235,0.008683136,1.000000000,1.000000000,0.100000000,0.010989011,0.010989011,0.035714286,0.002770083,1.000000000,0.000000000,0.000000000,0.000000000,0.000000000,0.000000000,0.868421053,0.872398997,0.870012230,1.000000000,0.000000000,0.000000000,0.000000000,1.000000000,15.555290222,6.004855156,0.748460591,0.802717268,-0.001127090,-0.000092296,0.596358776
311,35.713000000,fused_map_f2f,1,1,0,0.048713488,0.007977072,1.000000000,1.000000000,0.100000000,0.010989011,0.010989011,0.035714286,0.002770083,1.000000000,0.000000000,0.000000000,0.000000000,0.000000000,0.000000000,0.868421053,0.941184201,0.897526312,1.000000000,0.000000000,0.000000000,0.000000000,1.000000000,15.570139885,6.055689812,0.748495579,0.802568197,-0.001162802,-0.000120684,0.596559346
312,35.815000000,fused_map_f2f,1,1,0,0.051252854,0.008749623,1.000000000,1.000000000,0.100000000,0.010989011,0.010989011,0.035714286,0.002770083,1.000000000,0.000000000,0.000000000,0.000000000,0.000000000,0.000000000,0.842105263,1.000000000,0.905263158,1.000000000,0.000000000,0.000000000,0.000000000,1.000000000,15.586779594,6.113951683,0.748453200,0.802423596,-0.001223425,-0.000161840,0.596753597
313,35.920000000,fused_map_f2f,1,1,0,0.048695959,0.008317326,1.000000000,1.000000000,0.100000000,0.010989011,0.010989011,0.035714286,0.002770083,1.000000000,0.000000000,0.000000000,0.000000000,0.000000000,0.000000000,0.842105263,0.968730161,0.892755222,1.000000000,0.000000000,0.000000000,0.000000000,1.000000000,15.604454041,6.174122810,0.748626411,0.802281618,-0.001231670,-0.000143272,0.596944451
314,36.025000000,fused_map_f2f,1,1,0,0.048057564,0.008080913,1.000000000,1.000000000,0.100000000,0.010989011,0.010989011,0.035714286,0.002770083,1.000000000,0.000000000,0.000000000,0.000000000,0.000000000,0.000000000,0.842105263,1.000000000,0.905263158,1.000000000,0.000000000,0.000000000,0.000000000,1.000000000,15.621956825,6.236482143,0.748446941,0.802121878,-0.001111836,-0.000113022,0.597159386
315,36.119000000,fused_map_f2f,1,1,0,0.051503940,0.008660800,1.000000000,1.000000000,0.100000000,0.010989011,0.010989011,0.035714286,0.002770083,1.000000000,0.000000000,0.000000000,0.000000000,0.000000000,0.000000000,0.894736842,0.857479230,0.879833797,1.000000000,0.000000000,0.000000000,0.000000000,1.000000000,15.637960434,6.290405750,0.748331904,0.801970482,-0.001077630,-0.000041240,0.597362757
316,36.266000000,fused_map_f2f,1,1,0,0.049651768,0.010370547,1.000000000,1.000000000,0.100000000,0.010989011,0.010989011,0.035714286,0.002770083,1.000000000,0.000000000,0.000000000,0.000000000,0.000000000,0.000000000,0.918918919,1.000000000,0.951351351,1.000000000,0.000000000,0.000000000,0.000000000,1.000000000,15.662586212,6.376982689,0.748334706,0.801782668,-0.001167161,-0.000062955,0.597614527
317,36.310000000,fused_map_f2f,1,1,0,0.047671014,0.006016928,1.000000000,1.000000000,0.100000000,0.010989011,0.010989011,0.035714286,0.002770083,1.000000000,0.000000000,0.000000000,0.000000000,0.000000000,0.000000000,0.891891892,1.000000000,0.935135135,1.000000000,0.000000000,0.000000000,0.000000000,1.000000000,15.669940948,6.402046204,0.748268485,0.801722407,-0.001169258,-0.000077687,0.597695410
318,36.421000000,fused_map_f2f,1,1,0,0.050482677,0.008330755,1.000000000,1.000000000,0.100000000,0.010989011,0.010989011,0.035714286,0.002770083,1.000000000,0.000000000,0.000000000,0.000000000,0.000000000,0.000000000,0.842105263,1.000000000,0.905263158,1.000000000,0.000000000,0.000000000,0.000000000,1.000000000,15.688736916,6.467294693,0.748362958,0.801554918,-0.001122049,-0.000058964,0.597920120
319,36.527000000,fused_map_f2f,1,1,0,0.050495463,0.008549938,1.000000000,1.000000000,0.100000000,0.010989011,0.010989011,0.035714286,0.002770083,1.000000000,0.000000000,0.000000000,0.000000000,0.000000000,0.000000000,0.815789474,0.921686316,0.858148211,1.000000000,0.000000000,0.000000000,0.000000000,1.000000000,15.706524849,6.529141426,0.748028576,0.801385999,-0.001242887,-0.000100878,0.598146260
320,36.609000000,fused_map_f2f,1,1,0,0.049937245,0.007307857,1.000000000,1.000000000,0.100000000,0.010989011,0.010989011,0.035714286,0.002770083,1.000000000,0.000000000,0.000000000,0.000000000,0.000000000,0.000000000,0.864864865,1.000000000,0.918918919,1.000000000,0.000000000,0.000000000,0.000000000,1.000000000,15.720072746,6.576541424,0.747884452,0.801311433,-0.001278133,-0.000129741,0.598246038
321,36.718000000,fused_map_f2f,1,1,0,0.049963166,0.008803951,1.000000000,1.000000000,0.100000000,0.010989011,0.010989011,0.035714286,0.002770083,1.000000000,0.000000000,0.000000000,0.000000000,0.000000000,0.000000000,0.891891892,1.000000000,0.935135135,1.000000000,0.000000000,0.000000000,0.000000000,1.000000000,15.737801552,6.639655590,0.747970343,0.801169574,-0.001247426,-0.000103001,0.598436117
322,36.836000000,fused_map_f2f,1,1,0,0.051683952,0.008971562,1.000000000,1.000000000,0.100000000,0.010989011,0.010989011,0.035714286,0.002770083,1.000000000,0.000000000,0.000000000,0.000000000,0.000000000,0.000000000,0.864864865,1.000000000,0.918918919,1.000000000,0.000000000,0.000000000,0.000000000,1.000000000,15.757437706,6.707854748,0.747866571,0.801032603,-0.001268847,-0.000107729,0.598619401
323,36.913000000,fused_map_f2f,1,1,0,0.049755946,0.007603273,1.000000000,1.000000000,0.100000000,0.010989011,0.010989011,0.035714286,0.002770083,1.000000000,0.000000000,0.000000000,0.000000000,0.000000000,0.000000000,0.864864865,1.000000000,0.918918919,1.000000000,0.000000000,0.000000000,0.000000000,1.000000000,15.769849777,6.752095699,0.747735322,0.800962090,-0.001253768,-0.000095428,0.598713756
324,37.020000000,fused_map_f2f,1,1,0,0.049146569,0.008117040,1.000000000,1.000000000,0.100000000,0.010989011,0.010989011,0.035714286,0.002770083,1.000000000,0.000000000,0.000000000,0.000000000,0.000000000,0.000000000,0.864864865,0.962287177,0.903833790,1.000000000,0.000000000,0.000000000,0.000000000,1.000000000,15.787555695,6.815945148,0.747441471,0.800824821,-0.001142163,-0.000063384,0.598897636
325,37.117000000,fused_map_f2f,1,1,0,0.050417829,0.007278352,1.000000000,1.000000000,0.100000000,0.010989011,0.010989011,0.035714286,0.002770083,1.000000000,0.000000000,0.000000000,0.000000000,0.000000000,0.000000000,0.864864865,0.954206391,0.900601475,1.000000000,0.000000000,0.000000000,0.000000000,1.000000000,15.804339409,6.872930050,0.747425258,0.800723255,-0.001107197,-0.000089175,0.599033475
326,37.214000000,fused_map_f2f,1,1,0,0.053085704,0.007944805,1.000000000,1.000000000,0.100000000,0.010989011,0.010989011,0.035714286,0.002770083,1.000000000,0.000000000,0.000000000,0.000000000,0.000000000,0.000000000,0.837837838,0.955489748,0.884898602,1.000000000,0.000000000,0.000000000,0.000000000,1.000000000,15.818990707,6.927508354,0.747688293,0.800637782,-0.001098134,-0.000042364,0.599147737
327,37.318000000,fused_map_f2f,1,1,0,0.051036704,0.008149453,1.000000000,1.000000000,0.100000000,0.010989011,0.010989011,0.035714286,0.002770083,1.000000000,0.000000000,0.000000000,0.000000000,0.000000000,0.000000000,0.837837838,1.000000000,0.902702703,1.000000000,0.000000000,0.000000000,0.000000000,1.000000000,15.835990906,6.988207817,0.747513831,0.800529182,-0.001104674,-0.000051285,0.599292755
328,37.421000000,fused_map_f2f,1,1,0,0.052496517,0.007979183,1.000000000,1.000000000,0.100000000,0.010989011,0.010989011,0.035714286,0.002770083,1.000000000,0.000000000,0.000000000,0.000000000,0.000000000,0.000000000,0.861111111,0.988447990,0.912045863,1.000000000,0.000000000,0.000000000,0.000000000,1.000000000,15.852673531,7.047986984,0.747348964,0.800426066,-0.001101676,-0.000064709,0.599430501
329,37.522000000,fused_map_f2f,1,1,0,0.054023845,0.008266931,1.000000000,1.000000000,0.100000000,0.010989011,0.010989011,0.035714286,0.002770083,1.000000000,0.000000000,0.000000000,0.000000000,0.000000000,0.000000000,0.888888889,0.937370533,0.908281547,1.000000000,0.000000000,0.000000000,0.000000000,1.000000000,15.869892120,7.109067440,0.746838093,0.800300717,-0.001022174,-0.000001793,0.599597991
330,37.624000000,fused_map_f2f,1,1,0,0.052563813,0.007924268,1.000000000,1.000000000,0.100000000,0.010989011,0.010989011,0.035714286,0.002770083,1.000000000,0.000000000,0.000000000,0.000000000,0.000000000,0.000000000,0.888888889,0.911431721,0.897906022,1.000000000,0.000000000,0.000000000,0.000000000,1.000000000,15.887541771,7.170109749,0.746710002,0.800218940,-0.000983142,-0.000004972,0.599707186
331,37.724000000,fused_map_f2f,1,1,0,0.054797894,0.008110165,1.000000000,1.000000000,0.100000000,0.010989011,0.010989011,0.035714286,0.002770083,1.000000000,0.000000000,0.000000000,0.000000000,0.000000000,0.000000000,0.888888889,1.000000000,0.933333333,1.000000000,0.000000000,0.000000000,0.000000000,1.000000000,15.903692245,7.228185177,0.746500731,0.800136745,-0.001048834,-0.000090428,0.599816740
332,37.824000000,fused_map_f2f,1,1,0,0.056231107,0.007935446,1.000000000,1.000000000,0.100000000,0.010989011,0.010989011,0.035714286,0.002770083,1.000000000,0.000000000,0.000000000,0.000000000,0.000000000,0.000000000,0.833333333,0.927973071,0.871189229,1.000000000,0.000000000,0.000000000,0.000000000,1.000000000,15.920800209,7.288483620,0.746612728,0.800023198,-0.000951821,-0.000033756,0.599968314
333,37.916000000,fused_map_f2f,1,1,0,0.053571860,0.007200736,1.000000000,1.000000000,0.100000000,0.010989011,0.010989011,0.035714286,0.002770083,1.000000000,0.000000000,0.000000000,0.000000000,0.000000000,0.000000000,0.861111111,0.997043444,0.915484044,1.000000000,0.000000000,0.000000000,0.000000000,1.000000000,15.936075211,7.341161251,0.746551633,0.799979508,-0.000910633,-0.000000156,0.600026667
334,38.022000000,fused_map_f2f,1,1,0,0.054259614,0.007908693,1.000000000,1.000000000,0.100000000,0.010989011,0.010989011,0.035714286,0.002770083,1.000000000,0.000000000,0.000000000,0.000000000,0.000000000,0.000000000,0.944444444,1.000000000,0.966666667,1.000000000,0.000000000,0.000000000,0.000000000,1.000000000,15.953279495,7.404747486,0.746718705,0.799910665,-0.000866032,0.000051501,0.600118518
335,38.128000000,fused_map_f2f,1,1,0,0.053172532,0.008895124,1.000000000,1.000000000,0.100000000,0.010989011,0.010989011,0.035714286,0.002770083,1.000000000,0.000000000,0.000000000,0.000000000,0.000000000,0.000000000,0.888888889,1.000000000,0.933333333,1.000000000,0.000000000,0.000000000,0.000000000,1.000000000,15.970026016,7.466674805,0.746779263,0.799807072,-0.000859303,0.000044892,0.600256562
336,38.225000000,fused_map_f2f,1,1,0,0.052939406,0.007653299,1.000000000,1.000000000,0.100000000,0.010989011,0.010989011,0.035714286,0.002770083,1.000000000,0.000000000,0.000000000,0.000000000,0.000000000,0.000000000,0.916666667,1.000000000,0.950000000,1.000000000,0.000000000,0.000000000,0.000000000,1.000000000,15.986950874,7.526756763,0.746267974,0.799757838,-0.000904097,0.000015894,0.600322068
337,38.326000000,fused_map_f2f,1,1,0,0.050270922,0.008716707,1.000000000,1.000000000,0.100000000,0.010989011,0.010989011,0.035714286,0.002770083,1.000000000,0.000000000,0.000000000,0.000000000,0.000000000,0.000000000,0.916666667,1.000000000,0.950000000,1.000000000,0.000000000,0.000000000,0.000000000,1.000000000,16.002870560,7.585666180,0.746402144,0.799679816,-0.000886534,0.000016420,0.600425959
338,38.426000000,fused_map_f2f,1,1,0,0.053877575,0.008158774,1.000000000,1.000000000,0.100000000,0.010989011,0.010989011,0.035714286,0.002770083,1.000000000,0.000000000,0.000000000,0.000000000,0.000000000,0.000000000,0.942857143,1.000000000,0.965714286,1.000000000,0.000000000,0.000000000,0.000000000,1.000000000,16.019683838,7.646077633,0.745696902,0.799560905,-0.000828164,0.000114450,0.600584447
339,38.523000000,fused_map_f2f,1,1,0,0.053493841,0.008004885,1.000000000,1.000000000,0.100000000,0.010989011,0.010989011,0.035714286,0.002770083,1.000000000,0.000000000,0.000000000,0.000000000,0.000000000,0.000000000,0.914285714,1.000000000,0.948571429,1.000000000,0.000000000,0.000000000,0.000000000,1.000000000,16.035238266,7.702518940,0.745727718,0.799486876,-0.000812744,0.000116960,0.600682974
340,38.623000000,fused_map_f2f,1,1,0,0.051708726,0.007875437,1.000000000,1.000000000,0.100000000,0.010989011,0.010989011,0.035714286,0.002770083,1.000000000,0.000000000,0.000000000,0.000000000,0.000000000,0.000000000,0.914285714,1.000000000,0.948571429,1.000000000,0.000000000,0.000000000,0.000000000,1.000000000,16.051385880,7.760872364,0.745722234,0.799418390,-0.000807901,0.000105508,0.600774169
341,38.720000000,fused_map_f2f,1,1,0,0.053862706,0.009068220,1.000000000,1.000000000,0.100000000,0.010989011,0.010989011,0.035714286,0.002770083,1.000000000,0.000000000,0.000000000,0.000000000,0.000000000,0.000000000,0.971428571,1.000000000,0.982857143,1.000000000,0.000000000,0.000000000,0.000000000,1.000000000,16.067897797,7.818241119,0.745417655,0.799336255,-0.000848354,0.000058465,0.600883424
342,38.820000000,fused_map_f2f,1,1,0,0.052147279,0.008023857,1.000000000,1.000000000,0.100000000,0.010989011,0.010989011,0.035714286,0.002770083,1.000000000,0.000000000,0.000000000,0.000000000,0.000000000,0.000000000,0.971428571,1.000000000,0.982857143,1.000000000,0.000000000,0.000000000,0.000000000,1.000000000,16.083639145,7.877120972,0.745105028,0.799244940,-0.000937958,0.000019850,0.601004660
343,38.924000000,fused_map_f2f,1,1,0,0.050499454,0.008586392,1.000000000,1.000000000,0.100000000,0.010989011,0.010989011,0.035714286,0.002770083,1.000000000,0.000000000,0.000000000,0.000000000,0.000000000,0.000000000,0.942857143,1.000000000,0.965714286,1.000000000,0.000000000,0.000000000,0.000000000,1.000000000,16.100427628,7.938232422,0.745174170,0.799178064,-0.000892279,0.000061111,0.601093709
344,39.012000000,fused_map_f2f,1,1,0,0.051585763,0.011438735,1.000000000,1.000000000,0.100000000,0.010989011,0.010989011,0.035714286,0.002770083,1.000000000,0.000000000,0.000000000,0.000000000,0.000000000,0.000000000,0.942857143,1.000000000,0.965714286,1.000000000,0.000000000,0.000000000,0.000000000,1.000000000,16.114488602,7.989537239,0.745227695,0.799124777,-0.000878567,0.000070744,0.601164579
345,39.114000000,fused_map_f2f,1,1,0,0.054171540,0.008600738,1.000000000,1.000000000,0.100000000,0.010989011,0.010989011,0.035714286,0.002770083,1.000000000,0.000000000,0.000000000,0.000000000,0.000000000,0.000000000,0.885714286,1.000000000,0.931428571,1.000000000,0.000000000,0.000000000,0.000000000,1.000000000,16.131526947,8.051817894,0.745709717,0.799054146,-0.000906663,0.000060174,0.601258457
346,39.212000000,fused_map_f2f,1,1,0,0.051375235,0.008025815,1.000000000,1.000000000,0.100000000,0.010989011,0.010989011,0.035714286,0.002770083,1.000000000,0.000000000,0.000000000,0.000000000,0.000000000,0.000000000,0.888888889,1.000000000,0.933333333,1.000000000,0.000000000,0.000000000,0.000000000,1.000000000,16.149200439,8.110589027,0.745564342,0.799025297,-0.000841830,0.000092575,0.601296842
347,39.321000000,fused_map_f2f,1,1,0,0.052926967,0.008377166,1.000000000,1.000000000,0.100000000,0.010989011,0.010989011,0.035714286,0.002770083,1.000000000,0.000000000,0.000000000,0.000000000,0.000000000,0.000000000,0.888888889,1.000000000,0.933333333,1.000000000,0.000000000,0.000000000,0.000000000,1.000000000,16.167217255,8.176086426,0.745485425,0.798951805,-0.000850185,0.000099833,0.601394475
348,39.415000000,fused_map_f2f,1,1,0,0.054895341,0.008140351,1.000000000,1.000000000,0.100000000,0.010989011,0.010989011,0.035714286,0.002770083,1.000000000,0.000000000,0.000000000,0.000000000,0.000000000,0.000000000,0.888888889,1.000000000,0.933333333,1.000000000,0.000000000,0.000000000,0.000000000,1.000000000,16.182228088,8.230965614,0.745575488,0.798901379,-0.000824991,0.000127997,0.601461530
349,39.509000000,fused_map_f2f,1,1,0,0.054764693,0.007733964,1.000000000,1.000000000,0.100000000,0.010989011,0.010989011,0.035714286,0.002770083,1.000000000,0.000000000,0.000000000,0.000000000,0.000000000,0.000000000,0.914285714,1.000000000,0.948571429,1.000000000,0.000000000,0.000000000,0.000000000,1.000000000,16.197278976,8.286539078,0.745267272,0.798882246,-0.000958183,0.000012585,0.601486683
350,39.656000000,fused_map_f2f,1,1,0,0.055319877,0.010319806,1.000000000,1.000000000,0.100000000,0.010989011,0.010989011,0.035714286,0.002770083,1.000000000,0.000000000,0.000000000,0.000000000,0.000000000,0.000000000,0.971428571,1.000000000,0.982857143,1.000000000,0.000000000,0.000000000,0.000000000,1.000000000,16.222124100,8.375559807,0.745563447,0.798805118,-0.000854487,0.000046117,0.601589322
351,39.726000000,fused_map_f2f,1,1,0,0.056642239,0.006972149,1.000000000,1.000000000,0.100000000,0.010989011,0.010989011,0.035714286,0.002770083,1.000000000,0.000000000,0.000000000,0.000000000,0.000000000,0.000000000,0.942857143,1.000000000,0.965714286,1.000000000,0.000000000,0.000000000,0.000000000,1.000000000,16.233474731,8.416264534,0.745259523,0.798765063,-0.000853459,0.000013126,0.601642489
352,39.813000000,fused_map_f2f,1,1,0,0.055348235,0.007549193,1.000000000,1.000000000,0.100000000,0.010989011,0.010989011,0.035714286,0.002770083,1.000000000,0.000000000,0.000000000,0.000000000,0.000000000,0.000000000,0.914285714,1.000000000,0.948571429,1.000000000,0.000000000,0.000000000,0.000000000,1.000000000,16.247684479,8.467611313,0.745240748,0.798722684,-0.000757017,0.000081765,0.601698875
353,39.922000000,fused_map_f2f,1,1,0,0.055222830,0.008172032,1.000000000,1.000000000,0.100000000,0.010989011,0.010989011,0.035714286,0.002770083,1.000000000,0.000000000,0.000000000,0.000000000,0.000000000,0.000000000,0.942857143,1.000000000,0.965714286,1.000000000,0.000000000,0.000000000,0.000000000,1.000000000,16.265073776,8.531470299,0.745095611,0.798688591,-0.000796880,0.000086497,0.601744056
354,40.018000000,fused_map_f2f,1,1,0,0.058147539,0.007594294,1.000000000,1.000000000,0.100000000,0.010989011,0.010989011,0.035714286,0.002770083,1.000000000,0.000000000,0.000000000,0.000000000,0.000000000,0.000000000,0.914285714,1.000000000,0.948571429,1.000000000,0.000000000,0.000000000,0.000000000,1.000000000,16.280448914,8.586627007,0.745076537,0.798639059,-0.000813001,0.000105290,0.601809800
355,40.120000000,fused_map_f2f,1,1,0,0.056952886,0.007971713,1.000000000,1.000000000,0.100000000,0.010989011,0.010989011,0.035714286,0.002770083,1.000000000,0.000000000,0.000000000,0.000000000,0.000000000,0.000000000,0.942857143,1.000000000,0.965714286,1.000000000,0.000000000,0.000000000,0.000000000,1.000000000,16.297046661,8.646302223,0.744712830,0.798604667,-0.000903033,0.000037746,0.601855338
356,40.216000000,fused_map_f2f,1,1,0,0.056923156,0.007972510,1.000000000,1.000000000,0.100000000,0.010989011,0.010989011,0.035714286,0.002770083,1.000000000,0.000000000,0.000000000,0.000000000,0.000000000,0.000000000,0.942857143,1.000000000,0.965714286,1.000000000,0.000000000,0.000000000,0.000000000,1.000000000,16.313501358,8.705431938,0.745286644,0.798518836,-0.000892877,0.000031584,0.601969242
357,40.316000000,fused_map_f2f,1,1,0,0.057718444,0.008587014,1.000000000,1.000000000,0.100000000,0.010989011,0.010989011,0.035714286,0.002770083,1.000000000,0.000000000,0.000000000,0.000000000,0.000000000,0.000000000,0.942857143,1.000000000,0.965714286,1.000000000,0.000000000,0.000000000,0.000000000,1.000000000,16.329715729,8.765780449,0.745190799,0.798487127,-0.000860841,0.000053687,0.602011323
358,40.414000000,fused_map_f2f,1,1,0,0.057874135,0.008720028,1.000000000,1.000000000,0.100000000,0.010989011,0.010989011,0.035714286,0.002770083,1.000000000,0.000000000,0.000000000,0.000000000,0.000000000,0.000000000,0.914285714,1.000000000,0.948571429,1.000000000,0.000000000,0.000000000,0.000000000,1.000000000,16.345533371,8.823518753,0.745182276,0.798445463,-0.000939225,-0.000005754,0.602066398
359,40.512000000,fused_map_f2f,1,1,0,0.055900408,0.008257886,1.000000000,1.000000000,0.100000000,0.010989011,0.010989011,0.035714286,0.002770083,1.000000000,0.000000000,0.000000000,0.000000000,0.000000000,0.000000000,0.942857143,1.000000000,0.965714286,1.000000000,0.000000000,0.000000000,0.000000000,1.000000000,16.361196518,8.881370544,0.745277345,0.798382938,-0.000867704,0.000010833,0.602149427
360,40.615000000,fused_map_f2f,1,1,0,0.056304549,0.008519287,1.000000000,1.000000000,0.100000000,0.010989011,0.010989011,0.035714286,0.002770083,1.000000000,0.000000000,0.000000000,0.000000000,0.000000000,0.000000000,0.914285714,1.000000000,0.948571429,1.000000000,0.000000000,0.000000000,0.000000000,1.000000000,16.377607346,8.942115784,0.745035589,0.798365414,-0.000802356,0.000074555,0.602172732
361,40.710000000,fused_map_f2f,1,1,0,0.059229278,0.007878744,1.000000000,1.000000000,0.100000000,0.010989011,0.010989011,0.035714286,0.002770083,1.000000000,0.000000000,0.000000000,0.000000000,0.000000000,0.000000000,0.914285714,1.000000000,0.948571429,1.000000000,0.000000000,0.000000000,0.000000000,1.000000000,16.393074036,8.997909546,0.744836032,0.798346877,-0.000800758,0.000080236,0.602197409
362,40.821000000,fused_map_f2f,1,1,0,0.055708633,0.008467384,1.000000000,1.000000000,0.100000000,0.010989011,0.010989011,0.035714286,0.002770083,1.000000000,0.000000000,0.000000000,0.000000000,0.000000000,0.000000000,0.942857143,1.000000000,0.965714286,1.000000000,0.000000000,0.000000000,0.000000000,1.000000000,16.412288666,9.065209389,0.744562685,0.798270643,-0.000730804,0.000091910,0.602298498
363,40.916000000,fused_map_f2f,1,1,0,0.056821402,0.007918342,1.000000000,1.000000000,0.100000000,0.010989011,0.010989011,0.035714286,0.002770083,1.000000000,0.000000000,0.000000000,0.000000000,0.000000000,0.000000000,0.888888889,1.000000000,0.933333333,1.000000000,0.000000000,0.000000000,0.000000000,1.000000000,16.427516937,9.123087883,0.744841039,0.798246384,-0.000713893,0.000089741,0.602330625
364,41.010000000,fused_map_f2f,1,1,0,0.056984567,0.007960736,1.000000000,1.000000000,0.100000000,0.010989011,0.010989011,0.035714286,0.002770083,1.000000000,0.000000000,0.000000000,0.000000000,0.000000000,0.000000000,0.916666667,1.000000000,0.950000000,1.000000000,0.000000000,0.000000000,0.000000000,1.000000000,16.443246841,9.178678513,0.744280100,0.798235714,-0.000725027,0.000122947,0.602344751
365,41.123000000,fused_map_f2f,1,1,0,0.054168150,0.009225497,1.000000000,1.000000000,0.100000000,0.010989011,0.010989011,0.035714286,0.002770083,1.000000000,0.000000000,0.000000000,0.000000000,0.000000000,0.000000000,0.888888889,1.000000000,0.933333333,1.000000000,0.000000000,0.000000000,0.000000000,1.000000000,16.461343765,9.245423317,0.744490564,0.798181593,-0.000719258,0.000060873,0.602416515
366,41.223000000,fused_map_f2f,1,1,0,0.056175781,0.008324384,1.000000000,1.000000000,0.100000000,0.010989011,0.010989011,0.035714286,0.002770083,1.000000000,0.000000000,0.000000000,0.000000000,0.000000000,0.000000000,0.916666667,1.000000000,0.950000000,1.000000000,0.000000000,0.000000000,0.000000000,1.000000000,16.477716446,9.304192543,0.744511247,0.798182368,-0.000684078,0.000063112,0.602415502
367,41.320000000,fused_map_f2f,1,1,0,0.057668642,0.007704507,1.000000000,1.000000000,0.100000000,0.010989011,0.010989011,0.035714286,0.002770083,1.000000000,0.000000000,0.000000000,0.000000000,0.000000000,0.000000000,0.942857143,1.000000000,0.965714286,1.000000000,0.000000000,0.000000000,0.000000000,1.000000000,16.493522644,9.361393929,0.744369268,0.798163176,-0.000686303,0.000062425,0.602440953
368,41.414000000,fused_map_f2f,1,1,0,0.057435243,0.007753923,1.000000000,1.000000000,0.100000000,0.010989011,0.010989011,0.035714286,0.002770083,1.000000000,0.000000000,0.000000000,0.000000000,0.000000000,0.000000000,0.971428571,1.000000000,0.982857143,1.000000000,0.000000000,0.000000000,0.000000000,1.000000000,16.508769989,9.417306900,0.744293213,0.798131466,-0.000708884,0.000035059,0.602482975
369,41.529000000,fused_map_f2f,1,1,0,0.058588377,0.008523643,1.000000000,1.000000000,0.100000000,0.010989011,0.010989011,0.035714286,0.002770083,1.000000000,0.000000000,0.000000000,0.000000000,0.000000000,0.000000000,0.942857143,1.000000000,0.965714286,1.000000000,0.000000000,0.000000000,0.000000000,1.000000000,16.527643204,9.486770630,0.744417667,0.798049569,-0.000775030,-0.000003677,0.602591336
370,41.626000000,fused_map_f2f,1,1,0,0.057668528,0.007394318,1.000000000,1.000000000,0.100000000,0.010989011,0.010989011,0.035714286,0.002770083,1.000000000,0.000000000,0.000000000,0.000000000,0.000000000,0.000000000,0.942857143,1.000000000,0.965714286,1.000000000,0.000000000,0.000000000,0.000000000,1.000000000,16.543205261,9.545279503,0.744267404,0.798033237,-0.000686700,0.000097630,0.602613032
371,41.725000000,fused_map_f2f,1,1,0,0.059565404,0.008593012,1.000000000,1.000000000,0.100000000,0.010989011,0.010989011,0.035714286,0.002770083,1.000000000,0.000000000,0.000000000,0.000000000,0.000000000,0.000000000,0.942857143,1.000000000,0.965714286,1.000000000,0.000000000,0.000000000,0.000000000,1.000000000,16.559549332,9.603433609,0.744216025,0.798014641,-0.000702282,0.000069451,0.602637649
372,41.817000000,fused_map_f2f,1,1,0,0.059320331,0.007612308,1.000000000,1.000000000,0.100000000,0.010989011,0.010989011,0.035714286,0.002770083,1.000000000,0.000000000,0.000000000,0.000000000,0.000000000,0.000000000,0.971428571,1.000000000,0.982857143,1.000000000,0.000000000,0.000000000,0.000000000,1.000000000,16.574714661,9.657732964,0.744262338,0.798015654,-0.000680604,0.000058538,0.602636337
373,41.919000000,fused_map_f2f,1,1,0,0.058434080,0.008032975,1.000000000,1.000000000,0.100000000,0.010989011,0.010989011,0.035714286,0.002770083,1.000000000,0.000000000,0.000000000,0.000000000,0.000000000,0.000000000,0.942857143,1.000000000,0.965714286,1.000000000,0.000000000,0.000000000,0.000000000,1.000000000,16.592393875,9.720709801,0.744339883,0.797973216,-0.000618524,0.000066089,0.602692604
374,42.022000000,fused_map_f2f,1,1,0,0.059530904,0.008057328,1.000000000,1.000000000,0.100000000,0.010989011,0.010989011,0.035714286,0.002770083,1.000000000,0.000000000,0.000000000,0.000000000,0.000000000,0.000000000,0.942857143,1.000000000,0.965714286,1.000000000,0.000000000,0.000000000,0.000000000,1.000000000,16.609876633,9.784223557,0.744135022,0.797978699,-0.000604688,0.000076800,0.602685392
375,42.126000000,fused_map_f2f,1,1,0,0.059978559,0.008024400,1.000000000,1.000000000,0.100000000,0.010989011,0.010989011,0.035714286,0.002770083,1.000000000,0.000000000,0.000000000,0.000000000,0.000000000,0.000000000,0.916666667,1.000000000,0.950000000,1.000000000,0.000000000,0.000000000,0.000000000,1.000000000,16.627035141,9.846640587,0.744103909,0.797936857,-0.000674829,0.000047833,0.602740705
376,42.221000000,fused_map_f2f,1,1,0,0.058102419,0.008679597,1.000000000,1.000000000,0.100000000,0.010989011,0.010989011,0.035714286,0.002770083,1.000000000,0.000000000,0.000000000,0.000000000,0.000000000,0.000000000,0.916666667,1.000000000,0.950000000,1.000000000,0.000000000,0.000000000,0.000000000,1.000000000,16.642652512,9.902818680,0.744192839,0.797930837,-0.000672247,0.000040159,0.602748632
377,42.314000000,fused_map_f2f,1,1,0,0.059575939,0.007408693,1.000000000,1.000000000,0.100000000,0.010989011,0.010989011,0.035714286,0.002770083,1.000000000,0.000000000,0.000000000,0.000000000,0.000000000,0.000000000,0.944444444,1.000000000,0.966666667,1.000000000,0.000000000,0.000000000,0.000000000,1.000000000,16.657054901,9.960184097,0.743681490,0.797885299,-0.000734937,0.000025218,0.602808893
378,42.412000000,fused_map_f2f,1,1,0,0.058112271,0.007916436,1.000000000,1.000000000,0.100000000,0.010989011,0.010989011,0.035714286,0.002770083,1.000000000,0.000000000,0.000000000,0.000000000,0.000000000,0.000000000,0.916666667,1.000000000,0.950000000,1.000000000,0.000000000,0.000000000,0.000000000,1.000000000,16.672618866,10.016605377,0.743829489,0.797856092,-0.000804286,-0.000028745,0.602847397
379,42.512000000,fused_map_f2f,1,1,0,0.058579596,0.008033854,1.000000000,1.000000000,0.100000000,0.010989011,0.010989011,0.035714286,0.002770083,1.000000000,0.000000000,0.000000000,0.000000000,0.000000000,0.000000000,0.916666667,1.000000000,0.950000000,1.000000000,0.000000000,0.000000000,0.000000000,1.000000000,16.688734055,10.075110435,0.743737221,0.797803164,-0.000777599,-0.000009909,0.602917492
380,42.610000000,fused_map_f2f,1,1,0,0.059729046,0.007675035,1.000000000,1.000000000,0.100000000,0.010989011,0.010989011,0.035714286,0.002770083,1.000000000,0.000000000,0.000000000,0.000000000,0.000000000,0.000000000,0.944444444,1.000000000,0.966666667,1.000000000,0.000000000,0.000000000,0.000000000,1.000000000,16.703941345,10.132677078,0.743717313,0.797777832,-0.000804557,-0.000021281,0.602950990
381,42.710000000,fused_map_f2f,1,1,0,0.056425525,0.008753419,1.000000000,1.000000000,0.100000000,0.010989011,0.010989011,0.035714286,0.002770083,1.000000000,0.000000000,0.000000000,0.000000000,0.000000000,0.000000000,0.916666667,1.000000000,0.950000000,1.000000000,0.000000000,0.000000000,0.000000000,1.000000000,16.721557617,10.194598198,0.743655503,0.797784865,-0.000796442,-0.000014649,0.602941751
382,42.817000000,fused_map_f2f,1,1,0,0.055110597,0.008276502,1.000000000,1.000000000,0.100000000,0.010989011,0.010989011,0.035714286,0.002770083,1.000000000,0.000000000,0.000000000,0.000000000,0.000000000,0.000000000,0.916666667,1.000000000,0.950000000,1.000000000,0.000000000,0.000000000,0.000000000,1.000000000,16.738821030,10.257750511,0.743797660,0.797765672,-0.000799831,-0.000031740,0.602967083
383,42.925000000,fused_map_f2f,1,1,0,0.057031457,0.008528300,1.000000000,1.000000000,0.100000000,0.010989011,0.010989011,0.035714286,0.002770083,1.000000000,0.000000000,0.000000000,0.000000000,0.000000000,0.000000000,0.916666667,1.000000000,0.950000000,1.000000000,0.000000000,0.000000000,0.000000000,1.000000000,16.756589890,10.324511528,0.743374467,0.797756314,-0.000831452,-0.000031644,0.602979481
384,43.018000000,fused_map_f2f,1,1,0,0.057837843,0.007441862,1.000000000,1.000000000,0.100000000,0.010989011,0.010989011,0.035714286,0.002770083,1.000000000,0.000000000,0.000000000,0.000000000,0.000000000,0.000000000,0.888888889,1.000000000,0.933333333,1.000000000,0.000000000,0.000000000,0.000000000,1.000000000,16.773706436,10.381706238,0.743470371,0.797761679,-0.000816688,-0.000026138,0.602972329
385,43.174000000,fused_map_f2f,1,1,0,0.056892500,0.012188748,1.000000000,1.000000000,0.100000000,0.010989011,0.010989011,0.035714286,0.002770083,1.000000000,0.000000000,0.000000000,0.000000000,0.000000000,0.000000000,0.891891892,1.000000000,0.935135135,1.000000000,0.000000000,0.000000000,0.000000000,1.000000000,16.799337387,10.474836349,0.743533671,0.797715485,-0.000821709,-0.000011230,0.603033483
386,43.214000000,fused_map_f2f,1,1,0,0.056633614,0.005527633,1.000000000,1.000000000,0.100000000,0.010989011,0.010989011,0.035714286,0.002770083,1.000000000,0.000000000,0.000000000,0.000000000,0.000000000,0.000000000,0.864864865,1.000000000,0.918918919,1.000000000,0.000000000,0.000000000,0.000000000,1.000000000,16.804813385,10.498882294,0.743126690,0.797746241,-0.000811592,0.000013938,0.602992773
387,43.311000000,fused_map_f2f,1,1,0,0.059160398,0.008133856,1.000000000,1.000000000,0.100000000,0.010989011,0.010989011,0.035714286,0.002770083,1.000000000,0.000000000,0.000000000,0.000000000,0.000000000,0.000000000,0.891891892,1.000000000,0.935135135,1.000000000,0.000000000,0.000000000,0.000000000,1.000000000,16.820734024,10.555999756,0.743094027,0.797723293,-0.000836656,-0.000001666,0.603023112
388,43.422000000,fused_map_f2f,1,1,0,0.060244181,0.008818904,0.999033452,0.999033452,0.100000000,0.010999526,0.010999526,0.035747604,0.002772756,1.000000000,0.000000000,0.000000000,0.000000000,0.000000000,0.000000000,0.918918919,1.000000000,0.951351351,1.000000000,0.000000000,0.000000000,0.000000000,1.000000000,16.838424683,10.620839119,0.743037879,0.797673047,-0.000846824,-0.000033962,0.603089571
389,43.516000000,fused_map_f2f,1,1,0,0.057661133,0.007953058,1.000000000,1.000000000,0.100000000,0.010989011,0.010989011,0.035714286,0.002770083,1.000000000,0.000000000,0.000000000,0.000000000,0.000000000,0.000000000,0.916666667,1.000000000,0.950000000,1.000000000,0.000000000,0.000000000,0.000000000,1.000000000,16.852895737,10.676168442,0.742829561,0.797638834,-0.000822559,-0.000047822,0.603134811
390,43.617000000,fused_map_f2f,1,1,0,0.059002160,0.008658389,1.000000000,1.000000000,0.100000000,0.010989011,0.010989011,0.035714286,0.002770083,1.000000000,0.000000000,0.000000000,0.000000000,0.000000000,0.000000000,0.918918919,1.000000000,0.951351351,1.000000000,0.000000000,0.000000000,0.000000000,1.000000000,16.868965149,10.736121178,0.742758274,0.797614515,-0.000845801,-0.000043002,0.603166997
391,43.710000000,fused_map_f2f,1,1,0,0.059294157,0.008815508,1.000000000,1.000000000,0.100000000,0.010989011,0.010989011,0.035714286,0.002770083,1.000000000,0.000000000,0.000000000,0.000000000,0.000000000,0.000000000,0.894736842,1.000000000,0.936842105,1.000000000,0.000000000,0.000000000,0.000000000,1.000000000,16.883686066,10.791162491,0.742745161,0.797594309,-0.000851258,-0.000030644,0.603193641
392,43.822000000,fused_map_f2f,1,1,0,0.057801281,0.009452026,1.000000000,1.000000000,0.100000000,0.010989011,0.010989011,0.035714286,0.002770083,1.000000000,0.000000000,0.000000000,0.000000000,0.000000000,0.000000000,0.918918919,1.000000000,0.951351351,1.000000000,0.000000000,0.000000000,0.000000000,1.000000000,16.901451111,10.857507706,0.742748320,0.797571599,-0.000847963,0.000002279,0.603223681
393,43.918000000,fused_map_f2f,1,1,0,0.058620355,0.008097487,1.000000000,1.000000000,0.100000000,0.010989011,0.010989011,0.035714286,0.002770083,1.000000000,0.000000000,0.000000000,0.000000000,0.000000000,0.000000000,0.868421053,1.000000000,0.921052632,1.000000000,0.000000000,0.000000000,0.000000000,1.000000000,16.916805267,10.914989471,0.742608249,0.797553599,-0.000848824,0.000012525,0.603247523
394,44.019000000,fused_map_f2f,1,1,0,0.058174688,0.008874525,1.000000000,1.000000000,0.100000000,0.010989011,0.010989011,0.035714286,0.002770083,1.000000000,0.000000000,0.000000000,0.000000000,0.000000000,0.000000000,0.921052632,1.000000000,0.952631579,1.000000000,0.000000000,0.000000000,0.000000000,1.000000000,16.933071136,10.974485397,0.742407560,0.797542572,-0.000890520,-0.000005314,0.603262007
395,44.112000000,fused_map_f2f,1,1,0,0.057882893,0.008094837,1.000000000,1.000000000,0.100000000,0.010989011,0.010989011,0.035714286,0.002770083,1.000000000,0.000000000,0.000000000,0.000000000,0.000000000,0.000000000,0.921052632,1.000000000,0.952631579,1.000000000,0.000000000,0.000000000,0.000000000,1.000000000,16.947835922,11.029623032,0.742353261,0.797515452,-0.000901816,0.000000502,0.603297889
396,44.221000000,fused_map_f2f,1,1,0,0.057724245,0.009242590,1.000000000,1.000000000,0.100000000,0.010989011,0.010989011,0.035714286,0.002770083,1.000000000,0.000000000,0.000000000,0.000000000,0.000000000,0.000000000,0.894736842,1.000000000,0.936842105,1.000000000,0.000000000,0.000000000,0.000000000,1.000000000,16.964876175,11.094361305,0.742153287,0.797485292,-0.000944388,-0.000043688,0.603337705
397,44.317000000,fused_map_f2f,1,1,0,0.058389877,0.008769255,1.000000000,1.000000000,0.100000000,0.010989011,0.010989011,0.035714286,0.002770083,1.000000000,0.000000000,0.000000000,0.000000000,0.000000000,0.000000000,0.921052632,1.000000000,0.952631579,1.000000000,0.000000000,0.000000000,0.000000000,1.000000000,16.979917526,11.151357651,0.742068529,0.797445416,-0.000983512,-0.000064537,0.603390336
398,44.418000000,fused_map_f2f,1,1,0,0.057950941,0.008827777,1.000000000,1.000000000,0.100000000,0.010989011,0.010989011,0.035714286,0.002770083,1.000000000,0.000000000,0.000000000,0.000000000,0.000000000,0.000000000,0.945945946,1.000000000,0.967567568,1.000000000,0.000000000,0.000000000,0.000000000,1.000000000,16.996129990,11.211062431,0.742050290,0.797429442,-0.001004599,-0.000072867,0.603411317
399,44.512000000,fused_map_f2f,1,1,0,0.056663152,0.009286424,1.000000000,1.000000000,0.100000000,0.010989011,0.010989011,0.035714286,0.002770083,1.000000000,0.000000000,0.000000000,0.000000000,0.000000000,0.000000000,0.945945946,1.000000000,0.967567568,1.000000000,0.000000000,0.000000000,0.000000000,1.000000000,17.012441635,11.270285606,0.743254185,0.797431529,-0.000869805,-0.000062815,0.603408813
400,44.621000000,fused_map_f2f,1,1,0,0.059295726,0.009244426,1.000000000,1.000000000,0.100000000,0.010989011,0.010989011,0.035714286,0.002770083,1.000000000,0.000000000,0.000000000,0.000000000,0.000000000,0.000000000,0.947368421,1.000000000,0.968421053,1.000000000,0.000000000,0.000000000,0.000000000,1.000000000,17.030189514,11.335426331,0.743214071,0.797387660,-0.000853247,-0.000061136,0.603466809
401,44.718000000,fused_map_f2f,1,1,0,0.057347295,0.008428990,1.000000000,1.000000000,0.100000000,0.010989011,0.010989011,0.035714286,0.002770083,1.000000000,0.000000000,0.000000000,0.000000000,0.000000000,0.000000000,0.972972973,1.000000000,0.983783784,1.000000000,0.000000000,0.000000000,0.000000000,1.000000000,17.045085907,11.392461777,0.743120611,0.797360063,-0.000859746,-0.000068394,0.603503346
402,44.815000000,fused_map_f2f,1,1,0,0.056006673,0.008399950,1.000000000,1.000000000,0.100000000,0.010989011,0.010989011,0.035714286,0.002770083,1.000000000,0.000000000,0.000000000,0.000000000,0.000000000,0.000000000,0.923076923,1.000000000,0.953846154,1.000000000,0.000000000,0.000000000,0.000000000,1.000000000,17.060754776,11.450860977,0.742940128,0.797330022,-0.000828283,-0.000050330,0.603542984
403,44.914000000,fused_map_f2f,1,1,0,0.058119630,0.009480488,1.000000000,1.000000000,0.100000000,0.010989011,0.010989011,0.035714286,0.002770083,1.000000000,0.000000000,0.000000000,0.000000000,0.000000000,0.000000000,0.923076923,1.000000000,0.953846154,1.000000000,0.000000000,0.000000000,0.000000000,1.000000000,17.076284409,11.509267807,0.742770255,0.797314107,-0.000845756,-0.000066341,0.603564024
404,45.022000000,fused_map_f2f,1,1,0,0.059436651,0.009477993,1.000000000,1.000000000,0.100000000,0.010989011,0.010989011,0.035714286,0.002770083,1.000000000,0.000000000,0.000000000,0.000000000,0.000000000,0.000000000,0.947368421,1.000000000,0.968421053,1.000000000,0.000000000,0.000000000,0.000000000,1.000000000,17.093223572,11.572678566,0.742554188,0.797281146,-0.000881266,-0.000093124,0.603607476
405,45.118000000,fused_map_f2f,1,1,0,0.056864162,0.008951954,1.000000000,1.000000000,0.100000000,0.010989011,0.010989011,0.035714286,0.002770083,1.000000000,0.000000000,0.000000000,0.000000000,0.000000000,0.000000000,0.923076923,1.000000000,0.953846154,1.000000000,0.000000000,0.000000000,0.000000000,1.000000000,17.108013153,11.629759789,0.742541730,0.797229588,-0.000812580,-0.000033191,0.603675723
406,45.212000000,fused_map_f2f,1,1,0,0.059039565,0.008398995,1.000000000,1.000000000,0.100000000,0.010989011,0.010989011,0.035714286,0.002770083,1.000000000,0.000000000,0.000000000,0.000000000,0.000000000,0.000000000,0.925000000,1.000000000,0.955000000,1.000000000,0.000000000,0.000000000,0.000000000,1.000000000,17.122486115,11.684717178,0.742342949,0.797213852,-0.000821647,-0.000020586,0.603696406
407,45.310000000,fused_map_f2f,1,1,0,0.059752000,0.008958672,1.000000000,1.000000000,0.100000000,0.010989011,0.010989011,0.035714286,0.002770083,1.000000000,0.000000000,0.000000000,0.000000000,0.000000000,0.000000000,0.925000000,1.000000000,0.955000000,1.000000000,0.000000000,0.000000000,0.000000000,1.000000000,17.137786865,11.742450714,0.742115498,0.797208250,-0.000929591,-0.000092688,0.603703737
408,45.421000000,fused_map_f2f,1,1,0,0.060973548,0.010059972,0.996146374,0.996146374,0.100000000,0.011031053,0.011031053,0.035847495,0.002780769,1.000000000,0.000000000,0.000000000,0.000000000,0.000000000,0.000000000,0.925000000,1.000000000,0.955000000,1.000000000,0.000000000,0.000000000,0.000000000,1.000000000,17.155273438,11.807232857,0.741831005,0.797188163,-0.000997937,-0.000141890,0.603730142
409,45.519000000,fused_map_f2f,1,1,0,0.061566858,0.009372679,0.993797852,0.993797852,0.100000000,0.011056834,0.011056834,0.035929165,0.002787323,1.000000000,0.000000000,0.000000000,0.000000000,0.000000000,0.000000000,0.902439024,1.000000000,0.941463415,1.000000000,0.000000000,0.000000000,0.000000000,1.000000000,17.170406342,11.864669800,0.741524577,0.797162890,-0.000998735,-0.000135322,0.603763521
410,45.622000000,fused_map_f2f,1,1,0,0.063274543,0.009781460,0.987038266,0.987038266,0.100000000,0.011131712,0.011131712,0.036166322,0.002806358,1.000000000,0.000000000,0.000000000,0.000000000,0.000000000,0.000000000,0.878048780,1.000000000,0.926829268,1.000000000,0.000000000,0.000000000,0.000000000,1.000000000,17.186555862,11.924133301,0.741337299,0.797168553,-0.001044642,-0.000150536,0.603755951
411,45.722000000,fused_map_f2f,1,1,0,0.064103873,0.009754863,0.983755503,0.983755503,0.100000000,0.011168443,0.011168443,0.036282629,0.002815696,1.000000000,0.000000000,0.000000000,0.000000000,0.000000000,0.000000000,0.878048780,1.000000000,0.926829268,1.000000000,0.000000000,0.000000000,0.000000000,1.000000000,17.201686859,11.983313560,0.740392625,0.797124982,-0.001086455,-0.000172869,0.603813410
412,45.827000000,fused_map_f2f,1,1,0,0.060622511,0.009816867,0.997535895,0.997535895,0.100000000,0.011015857,0.011015857,0.035799349,0.002776907,1.000000000,0.000000000,0.000000000,0.000000000,0.000000000,0.000000000,0.857142857,1.000000000,0.914285714,1.000000000,0.000000000,0.000000000,0.000000000,1.000000000,17.217962265,12.045158386,0.740531981,0.797102392,-0.001069708,-0.000156857,0.603843272
413,45.922000000,fused_map_f2f,1,1,0,0.062108429,0.009205218,0.991654136,0.991654136,0.100000000,0.011080471,0.011080471,0.036004039,0.002793331,1.000000000,0.000000000,0.000000000,0.000000000,0.000000000,0.000000000,0.860465116,1.000000000,0.916279070,1.000000000,0.000000000,0.000000000,0.000000000,1.000000000,17.232646942,12.099929810,0.740460157,0.797092736,-0.001070489,-0.000155963,0.603855968
414,46.025000000,fused_map_f2f,1,1,0,0.062966355,0.009472018,0.988258176,0.988258176,0.100000000,0.011118123,0.011118123,0.036123291,0.002802903,1.000000000,0.000000000,0.000000000,0.000000000,0.000000000,0.000000000,0.883720930,1.000000000,0.930232558,1.000000000,0.000000000,0.000000000,0.000000000,1.000000000,17.248680115,12.159310341,0.740430295,0.797067165,-0.001016433,-0.000134047,0.603889883
415,46.115000000,fused_map_f2f,1,1,0,0.063470523,0.010133176,0.986262513,0.986262513,0.100000000,0.011140370,0.011140370,0.036193739,0.002808559,1.000000000,0.000000000,0.000000000,0.000000000,0.000000000,0.000000000,0.860465116,1.000000000,0.916279070,1.000000000,0.000000000,0.000000000,0.000000000,1.000000000,17.262302399,12.211060524,0.740240812,0.797047317,-0.001013860,-0.000129082,0.603916049
416,46.225000000,fused_map_f2f,1,1,0,0.062019875,0.010726518,0.992004661,0.992004661,0.100000000,0.011076599,0.011076599,0.035991775,0.002792347,1.000000000,0.000000000,0.000000000,0.000000000,0.000000000,0.000000000,0.818181818,1.000000000,0.890909091,1.000000000,0.000000000,0.000000000,0.000000000,1.000000000,17.279474258,12.274500847,0.740359843,0.797035098,-0.001064801,-0.000190438,0.603932023
417,46.324000000,fused_map_f2f,1,1,0,0.062401368,0.009543721,0.990494585,0.990494585,0.100000000,0.011093299,0.011093299,0.036044669,0.002796592,1.000000000,0.000000000,0.000000000,0.000000000,0.000000000,0.000000000,0.844444444,1.000000000,0.906666667,1.000000000,0.000000000,0.000000000,0.000000000,1.000000000,17.294065475,12.331383705,0.740353167,0.797012687,-0.001022777,-0.000171214,0.603961766
418,46.419000000,fused_map_f2f,1,1,0,0.063329045,0.010739749,0.986822530,0.986822530,0.100000000,0.011134118,0.011134118,0.036173942,0.002806969,1.000000000,0.000000000,0.000000000,0.000000000,0.000000000,0.000000000,0.844444444,1.000000000,0.906666667,1.000000000,0.000000000,0.000000000,0.000000000,1.000000000,17.308372498,12.385891914,0.739987612,0.797007620,-0.001020165,-0.000170925,0.603968441
419,46.525000000,fused_map_f2f,1,1,0,0.062558280,0.010855433,0.989873473,0.989873473,0.100000000,0.011100182,0.011100182,0.036066470,0.002798342,1.000000000,0.000000000,0.000000000,0.000000000,0.000000000,0.000000000,0.804347826,1.000000000,0.882608696,1.000000000,0.000000000,0.000000000,0.000000000,1.000000000,17.324892044,12.450004578,0.740127504,0.796993732,-0.000815243,-0.000093954,0.603987038
420,46.623000000,fused_map_f2f,1,1,0,0.064105557,0.010015287,0.983748836,0.983748836,0.100000000,0.011168518,0.011168518,0.036282866,0.002815715,1.000000000,0.000000000,0.000000000,0.000000000,0.000000000,0.000000000,0.787234043,1.000000000,0.872340426,1.000000000,0.000000000,0.000000000,0.000000000,1.000000000,17.339151382,12.505270958,0.739821553,0.796966970,-0.000808414,-0.000085930,0.604022384
421,46.719000000,fused_map_f2f,1,1,0,0.062842473,0.010122528,0.988748544,0.988748544,0.100000000,0.011112671,0.011112671,0.036106022,0.002801517,1.000000000,0.000000000,0.000000000,0.000000000,0.000000000,0.000000000,0.804347826,1.000000000,0.882608696,1.000000000,0.000000000,0.000000000,0.000000000,1.000000000,17.353399277,12.559968948,0.739619553,0.796944559,-0.000815190,-0.000099587,0.604051948
422,46.826000000,fused_map_f2f,1,1,0,0.063276187,0.011242191,0.987031758,0.987031758,0.100000000,0.011131784,0.011131784,0.036166552,0.002806376,1.000000000,0.000000000,0.000000000,0.000000000,0.000000000,0.000000000,0.760000000,1.000000000,0.856000000,1.000000000,0.000000000,0.000000000,0.000000000,1.000000000,17.369230270,12.620817184,0.739565909,0.796933651,-0.000806942,-0.000078575,0.604066312
423,46.917000000,fused_map_f2f,1,1,0,0.064943469,0.009909980,0.980432101,0.980432101,0.100000000,0.011205877,0.011205877,0.036401140,0.002825213,1.000000000,0.000000000,0.000000000,0.000000000,0.000000000,0.000000000,0.705882353,1.000000000,0.823529412,1.000000000,0.000000000,0.000000000,0.000000000,1.000000000,17.382831573,12.672264099,0.739411891,0.796917796,-0.000771756,-0.000049480,0.604087293
424,47.025000000,fused_map_f2f,1,1,0,0.065040625,0.011359406,0.980047526,0.980047526,0.100000000,0.011210225,0.011210225,0.036414904,0.002826319,1.000000000,0.000000000,0.000000000,0.000000000,0.000000000,0.000000000,0.716981132,1.000000000,0.830188679,1.000000000,0.000000000,0.000000000,0.000000000,1.000000000,17.399013519,12.733514786,0.739454150,0.796900511,-0.000751477,-0.000055395,0.604110122
425,47.138000000,fused_map_f2f,1,1,0,0.065363911,0.011291345,0.978767851,0.978767851,0.100000000,0.011224717,0.011224717,0.036460779,0.002830004,1.000000000,0.000000000,0.000000000,0.000000000,0.000000000,0.000000000,0.690909091,1.000000000,0.814545455,1.000000000,0.000000000,0.000000000,0.000000000,1.000000000,17.419080734,12.801188469,0.739723921,0.796911418,-0.000624134,-0.000063901,0.604095876
426,47.218000000,fused_map_f2f,1,1,0,0.064655622,0.010153452,0.981571496,0.981571496,0.100000000,0.011193015,0.011193015,0.036360423,0.002821943,1.000000000,0.000000000,0.000000000,0.000000000,0.000000000,0.000000000,0.633333333,1.000000000,0.780000000,1.000000000,0.000000000,0.000000000,0.000000000,1.000000000,17.432365417,12.848150253,0.739527285,0.796915174,-0.000693433,-0.000073910,0.604090869
427,47.340000000,fused_map_f2f,1,1,0,0.064813927,0.012707901,0.980944873,0.980944873,0.100000000,0.011200085,0.011200085,0.036382805,0.002823741,1.000000000,0.000000000,0.000000000,0.000000000,0.000000000,0.000000000,0.596774194,1.000000000,0.758064516,1.000000000,0.000000000,0.000000000,0.000000000,1.000000000,17.448940277,12.917601585,0.739522994,0.796883941,-0.000624425,-0.000075575,0.604132116
428,47.415000000,fused_map_f2f,1,1,0,0.064242785,0.012541666,0.983205644,0.983205644,0.100000000,0.011174619,0.011174619,0.036302184,0.002817266,1.000000000,0.000000000,0.000000000,0.000000000,0.000000000,0.000000000,0.571428571,1.000000000,0.742857143,1.000000000,0.000000000,0.000000000,0.000000000,1.000000000,17.460786819,12.959248543,0.739536166,0.796841443,-0.000544334,-0.000055903,0.604188204
429,47.516000000,fused_map_f2f,1,1,0,0.064043231,0.011722299,0.983995544,0.983995544,0.100000000,0.011165749,0.011165749,0.036274099,0.002815011,1.000000000,0.000000000,0.000000000,0.000000000,0.000000000,0.000000000,0.575757576,1.000000000,0.745454545,1.000000000,0.000000000,0.000000000,0.000000000,1.000000000,17.475191116,13.016187668,0.739655375,0.796808183,-0.000514719,-0.000017842,0.604232073
430,47.614000000,fused_map_f2f,1,1,0,0.063255768,0.011240769,0.987112583,0.987112583,0.100000000,0.011130883,0.011130883,0.036163697,0.002806147,1.000000000,0.000000000,0.000000000,0.000000000,0.000000000,0.000000000,0.630769231,1.000000000,0.778461538,1.000000000,0.000000000,0.000000000,0.000000000,1.000000000,17.489269257,13.071759224,0.739889860,0.796814084,-0.000519684,-0.000012116,0.604224324
431,47.711000000,fused_map_f2f,1,1,0,0.062514294,0.014120641,0.990047586,0.990047586,0.100000000,0.011098252,0.011098252,0.036060356,0.002797851,1.000000000,0.000000000,0.000000000,0.000000000,0.000000000,0.000000000,0.542857143,1.000000000,0.725714286,1.000000000,0.000000000,0.000000000,0.000000000,1.000000000,17.504814148,13.127366066,0.740296423,0.796815217,-0.000460580,0.000008097,0.604222834
432,47.814000000,fused_map_f2f,1,1,0,0.062671621,0.012741179,0.989424834,0.989424834,0.100000000,0.011105159,0.011105159,0.036082234,0.002799607,1.000000000,0.000000000,0.000000000,0.000000000,0.000000000,0.000000000,0.533333333,1.000000000,0.720000000,1.000000000,0.000000000,0.000000000,0.000000000,1.000000000,17.521890640,13.186418533,0.740282595,0.796828568,-0.000430805,0.000016996,0.604205310
433,47.916000000,fused_map_f2f,1,1,0,0.064192263,0.012791301,0.983405627,0.983405627,0.100000000,0.011172372,0.011172372,0.036295069,0.002816695,1.000000000,0.000000000,0.000000000,0.000000000,0.000000000,0.000000000,0.569444444,1.000000000,0.741666667,1.000000000,0.000000000,0.000000000,0.000000000,1.000000000,17.536994934,13.243646622,0.740579486,0.796827972,-0.000474182,0.000062036,0.604206085
434,48.010000000,fused_map_f2f,1,1,0,0.064068674,0.012796948,0.983894833,0.983894833,0.100000000,0.011166879,0.011166879,0.036277677,0.002815298,1.000000000,0.000000000,0.000000000,0.000000000,0.000000000,0.000000000,0.526315789,1.000000000,0.715789474,1.000000000,0.000000000,0.000000000,0.000000000,1.000000000,17.550394058,13.296302795,0.740392983,0.796827912,-0.000445002,0.000044844,0.604206145
435,48.118000000,fused_map_f2f,1,1,0,0.063309024,0.013911727,0.986901778,0.986901778,0.100000000,0.011133234,0.011133234,0.036171143,0.002806745,1.000000000,0.000000000,0.000000000,0.000000000,0.000000000,0.000000000,0.573333333,1.000000000,0.744000000,1.000000000,0.000000000,0.000000000,0.000000000,1.000000000,17.567901611,13.357659340,0.740154326,0.796854496,-0.000445826,0.000078547,0.604171097
436,48.218000000,fused_map_f2f,1,1,0,0.064446062,0.016695894,0.982401006,0.982401006,0.100000000,0.011183669,0.011183669,0.036330837,0.002819567,1.000000000,0.000000000,0.000000000,0.000000000,0.000000000,0.000000000,0.506329114,1.000000000,0.703797468,1.000000000,0.000000000,0.000000000,0.000000000,1.000000000,17.582181931,13.413271904,0.740106344,0.796829045,-0.000453982,0.000090893,0.604204655
437,48.310000000,fused_map_f2f,1,1,0,0.066063198,0.021924915,0.975999840,0.975999840,0.100000000,0.011256193,0.011256193,0.036560404,0.002838007,1.000000000,0.000000000,0.000000000,0.000000000,0.000000000,0.000000000,0.544303797,1.000000000,0.726582278,1.000000000,0.000000000,0.000000000,0.000000000,1.000000000,17.595762253,13.464561462,0.740205228,0.796835780,-0.000406079,0.000094683,0.604195893
438,48.424000000,fused_map_f2f,1,1,0,0.066042053,0.019238895,0.976083539,0.976083539,0.100000000,0.011255238,0.011255238,0.036557383,0.002837764,1.000000000,0.000000000,0.000000000,0.000000000,0.000000000,0.000000000,0.525000000,1.000000000,0.715000000,1.000000000,0.000000000,0.000000000,0.000000000,1.000000000,17.611831665,13.527242661,0.740453184,0.796817482,-0.000376828,0.000101059,0.604220033
439,48.524000000,fused_map_f2f,1,1,0,0.063891436,0.013658041,0.984596399,0.984596399,0.100000000,0.011159011,0.011159011,0.036252765,0.002813298,1.000000000,0.000000000,0.000000000,0.000000000,0.000000000,0.000000000,0.476190476,1.000000000,0.685714286,1.000000000,0.000000000,0.000000000,0.000000000,1.000000000,17.626001358,13.582180023,0.740369558,0.796786427,-0.000393833,0.000111653,0.604260921
440,48.620000000,fused_map_f2f,1,1,0,0.064048386,0.015447566,0.983975141,0.983975141,0.100000000,0.011165978,0.011165978,0.036274824,0.002815069,1.000000000,0.000000000,0.000000000,0.000000000,0.000000000,0.000000000,0.476190476,1.000000000,0.685714286,1.000000000,0.000000000,0.000000000,0.000000000,1.000000000,17.641036987,13.633828163,0.740546644,0.796823740,-0.000395073,0.000140147,0.604211688
441,48.710000000,fused_map_f2f,1,1,0,0.063140621,0.019733708,0.987568376,0.987568376,0.100000000,0.011125803,0.011125803,0.036147610,0.002804855,1.000000000,0.000000000,0.000000000,0.000000000,0.000000000,0.000000000,0.488095238,1.000000000,0.692857143,1.000000000,0.000000000,0.000000000,0.000000000,1.000000000,17.653825760,13.683169365,0.740254581,0.796819210,-0.000416451,0.000130644,0.604217649
442,48.818000000,fused_map_f2f,1,1,0,0.061056596,0.016004652,0.995817643,0.995817643,0.100000000,0.011034655,0.011034655,0.035858904,0.002781685,1.000000000,0.000000000,0.000000000,0.000000000,0.000000000,0.000000000,0.471264368,1.000000000,0.682758621,1.000000000,0.000000000,0.000000000,0.000000000,1.000000000,17.670499802,13.742569923,0.739867449,0.796825886,-0.000384003,0.000136589,0.604208827
443,48.921000000,fused_map_f2f,1,1,0,0.062923739,0.015312228,0.988426867,0.988426867,0.100000000,0.011116247,0.011116247,0.036117348,0.002802426,1.000000000,0.000000000,0.000000000,0.000000000,0.000000000,0.000000000,0.524390244,1.000000000,0.714634146,1.000000000,0.000000000,0.000000000,0.000000000,1.000000000,17.685207367,13.799141884,0.739598036,0.796833813,-0.000376995,0.000128668,0.604198396
444,49.013000000,fused_map_f2f,1,1,0,0.061846052,0.017344509,0.992692711,0.992692711,0.100000000,0.011069007,0.011069007,0.035967726,0.002790417,1.000000000,0.000000000,0.000000000,0.000000000,0.000000000,0.000000000,0.482758621,1.000000000,0.689655172,1.000000000,0.000000000,0.000000000,0.000000000,1.000000000,17.698728561,13.849177361,0.739582062,0.796838284,-0.000414846,0.000091789,0.604192495
445,49.112000000,fused_map_f2f,1,1,0,0.060775889,0.017275802,0.996928771,0.996928771,0.100000000,0.011022492,0.011022492,0.035820369,0.002778593,1.000000000,0.000000000,0.000000000,0.000000000,0.000000000,0.000000000,0.511904762,1.000000000,0.707142857,1.000000000,0.000000000,0.000000000,0.000000000,1.000000000,17.712352753,13.905322075,0.739213288,0.796806276,-0.000351100,0.000118526,0.604234755
446,49.219000000,fused_map_f2f,1,1,0,0.059293126,0.015011599,1.000000000,1.000000000,0.100000000,0.010989011,0.010989011,0.035714286,0.002770083,1.000000000,0.000000000,0.000000000,0.000000000,0.000000000,0.000000000,0.477272727,1.000000000,0.686363636,1.000000000,0.000000000,0.000000000,0.000000000,1.000000000,17.728496552,13.964133263,0.739012420,0.796802878,-0.000320175,0.000125566,0.604239225
447,49.321000000,fused_map_f2f,1,1,0,0.059368857,0.016942542,1.000000000,1.000000000,0.100000000,0.010989011,0.010989011,0.035714286,0.002770083,1.000000000,0.000000000,0.000000000,0.000000000,0.000000000,0.000000000,0.506172840,1.000000000,0.703703704,1.000000000,0.000000000,0.000000000,0.000000000,1.000000000,17.743343353,14.019369125,0.739288628,0.796811581,-0.000354355,0.000106348,0.604227722
448,49.410000000,fused_map_f2f,1,1,0,0.058932080,0.016612258,1.000000000,1.000000000,0.100000000,0.010989011,0.010989011,0.035714286,0.002770083,1.000000000,0.000000000,0.000000000,0.000000000,0.000000000,0.000000000,0.494117647,1.000000000,0.696470588,1.000000000,0.000000000,0.000000000,0.000000000,1.000000000,17.755737305,14.067537308,0.739450037,0.796804488,-0.000398748,0.000054463,0.604237139
449,49.518000000,fused_map_f2f,1,1,0,0.057454117,0.017371412,1.000000000,1.000000000,0.100000000,0.010989011,0.010989011,0.035714286,0.002770083,1.000000000,0.000000000,0.000000000,0.000000000,0.000000000,0.000000000,0.505882353,1.000000000,0.703529412,1.000000000,0.000000000,0.000000000,0.000000000,1.000000000,17.770845413,14.126135826,0.739512920,0.796807289,-0.000321178,0.000094501,0.604233444
450,49.621000000,fused_map_f2f,1,1,0,0.057789208,0.015552131,1.000000000,1.000000000,0.100000000,0.010989011,0.010989011,0.035714286,0.002770083,1.000000000,0.000000000,0.000000000,0.000000000,0.000000000,0.000000000,0.518072289,1.000000000,0.710843373,1.000000000,0.000000000,0.000000000,0.000000000,1.000000000,17.788070679,14.186100960,0.738952816,0.796827316,-0.000340295,0.000152321,0.604207039
451,49.726000000,fused_map_f2f,1,1,0,0.059957758,0.016424197,1.000000000,1.000000000,0.100000000,0.010989011,0.010989011,0.035714286,0.002770083,1.000000000,0.000000000,0.000000000,0.000000000,0.000000000,0.000000000,0.500000000,1.000000000,0.700000000,1.000000000,0.000000000,0.000000000,0.000000000,1.000000000,17.802110672,14.242959976,0.738730788,0.796869814,-0.000335503,0.000123062,0.604151011
452,49.813000000,fused_map_f2f,1,1,0,0.059199217,0.017984752,1.000000000,1.000000000,0.100000000,0.010989011,0.010989011,0.035714286,0.002770083,1.000000000,0.000000000,0.000000000,0.000000000,0.000000000,0.000000000,0.487804878,1.000000000,0.692682927,1.000000000,0.000000000,0.000000000,0.000000000,1.000000000,17.814102173,14.289372444,0.738800049,0.796791434,-0.000327305,0.000120561,0.604254365
453,49.915000000,fused_map_f2f,1,1,0,0.059402327,0.018411209,1.000000000,1.000000000,0.100000000,0.010989011,0.010989011,0.035714286,0.002770083,1.000000000,0.000000000,0.000000000,0.000000000,0.000000000,0.000000000,0.512500000,1.000000000,0.707500000,1.000000000,0.000000000,0.000000000,0.000000000,1.000000000,17.830232620,14.344895363,0.738269329,0.796824872,-0.000369809,0.000130496,0.604210198
454,50.010000000,fused_map_f2f,1,1,0,0.058735004,0.015756450,1.000000000,1.000000000,0.100000000,0.010989011,0.010989011,0.035714286,0.002770083,1.000000000,0.000000000,0.000000000,0.000000000,0.000000000,0.000000000,0.500000000,1.000000000,0.700000000,1.000000000,0.000000000,0.000000000,0.000000000,1.000000000,17.843061447,14.395076752,0.738261461,0.796806931,-0.000369143,0.000124921,0.604233921
455,50.118000000,fused_map_f2f,1,1,0,0.058904048,0.017414237,1.000000000,1.000000000,0.100000000,0.010989011,0.010989011,0.035714286,0.002770083,1.000000000,0.000000000,0.000000000,0.000000000,0.000000000,0.000000000,0.488372093,1.000000000,0.693023256,1.000000000,0.000000000,0.000000000,0.000000000,1.000000000,17.857313156,14.453063011,0.738374233,0.796779931,-0.000381731,0.000128475,0.604269505
456,50.226000000,fused_map_f2f,1,1,0,0.055349248,0.017568417,1.000000000,1.000000000,0.100000000,0.010989011,0.010989011,0.035714286,0.002770083,1.000000000,0.000000000,0.000000000,0.000000000,0.000000000,0.000000000,0.500000000,1.000000000,0.700000000,1.000000000,0.000000000,0.000000000,0.000000000,1.000000000,17.872068405,14.510431290,0.738455653,0.796778679,-0.000360427,0.000139769,0.604271114
457,50.313000000,fused_map_f2f,1,1,0,0.056832741,0.014943157,1.000000000,1.000000000,0.100000000,0.010989011,0.010989011,0.035714286,0.002770083,1.000000000,0.000000000,0.000000000,0.000000000,0.000000000,0.000000000,0.488095238,1.000000000,0.692857143,1.000000000,0.000000000,0.000000000,0.000000000,1.000000000,17.883630753,14.556351662,0.738454163,0.796770930,-0.000338601,0.000155398,0.604281366
458,50.425000000,fused_map_f2f,1,1,0,0.057043289,0.017225540,1.000000000,1.000000000,0.100000000,0.010989011,0.010989011,0.035714286,0.002770083,1.000000000,0.000000000,0.000000000,0.000000000,0.000000000,0.000000000,0.506024096,1.000000000,0.703614458,1.000000000,0.000000000,0.000000000,0.000000000,1.000000000,17.898992538,14.615847588,0.738442063,0.796755314,-0.000313618,0.000197443,0.604301929
459,50.513000000,fused_map_f2f,1,1,0,0.058367489,0.022485777,1.000000000,1.000000000,0.100000000,0.010989011,0.010989011,0.035714286,0.002770083,1.000000000,0.000000000,0.000000000,0.000000000,0.000000000,0.000000000,0.518072289,1.000000000,0.710843373,1.000000000,0.000000000,0.000000000,0.000000000,1.000000000,17.911308289,14.662702560,0.738376200,0.796762049,-0.000312025,0.000196952,0.604293108
460,50.615000000,fused_map_f2f,1,1,0,0.057977964,0.018067996,1.000000000,1.000000000,0.100000000,0.010989011,0.010989011,0.035714286,0.002770083,1.000000000,0.000000000,0.000000000,0.000000000,0.000000000,0.000000000,0.537500000,1.000000000,0.722500000,1.000000000,0.000000000,0.000000000,0.000000000,1.000000000,17.928201675,14.719846725,0.738284588,0.796792507,-0.000365708,0.000117327,0.604252875
461,50.720000000,fused_map_f2f,1,1,0,0.058059107,0.017638592,1.000000000,1.000000000,0.100000000,0.010989011,0.010989011,0.035714286,0.002770083,1.000000000,0.000000000,0.000000000,0.000000000,0.000000000,0.000000000,0.500000000,1.000000000,0.700000000,1.000000000,0.000000000,0.000000000,0.000000000,1.000000000,17.941904068,14.775369644,0.738062739,0.796788514,-0.000360952,0.000128496,0.604258239
462,50.819000000,fused_map_f2f,1,1,0,0.057015494,0.015033510,1.000000000,1.000000000,0.100000000,0.010989011,0.010989011,0.035714286,0.002770083,1.000000000,0.000000000,0.000000000,0.000000000,0.000000000,0.000000000,0.512195122,1.000000000,0.707317073,1.000000000,0.000000000,0.000000000,0.000000000,1.000000000,17.955173492,14.827335358,0.737327814,0.796783507,-0.000411106,0.000099168,0.604264796
463,50.926000000,fused_map_f2f,1,1,0,0.058417224,0.017144820,1.000000000,1.000000000,0.100000000,0.010989011,0.010989011,0.035714286,0.002770083,1.000000000,0.000000000,0.000000000,0.000000000,0.000000000,0.000000000,0.488095238,1.000000000,0.692857143,1.000000000,0.000000000,0.000000000,0.000000000,1.000000000,17.969684601,14.883525848,0.737311721,0.796777368,-0.000369864,0.000128770,0.604272902
464,51.011000000,fused_map_f2f,1,1,0,0.058438220,0.015643578,1.000000000,1.000000000,0.100000000,0.010989011,0.010989011,0.035714286,0.002770083,1.000000000,0.000000000,0.000000000,0.000000000,0.000000000,0.000000000,0.500000000,1.000000000,0.700000000,1.000000000,0.000000000,0.000000000,0.000000000,1.000000000,17.980718613,14.928421974,0.737623334,0.797189355,-0.000257494,0.000218836,0.603729248
465,51.115000000,fused_map_f2f,1,1,0,0.058470991,0.017010097,1.000000000,1.000000000,0.100000000,0.010989011,0.010989011,0.035714286,0.002770083,1.000000000,0.000000000,0.000000000,0.000000000,0.000000000,0.000000000,0.544303797,1.000000000,0.726582278,1.000000000,0.000000000,0.000000000,0.000000000,1.000000000,17.992507935,14.980651855,0.737272561,0.798511028,-0.000283837,0.000204997,0.601980150
466,51.216000000,fused_map_f2f,1,1,0,0.058775815,0.013773177,1.000000000,1.000000000,0.100000000,0.010989011,0.010989011,0.035714286,0.002770083,1.000000000,0.000000000,0.000000000,0.000000000,0.000000000,0.000000000,0.506024096,1.000000000,0.703614458,1.000000000,0.000000000,0.000000000,0.000000000,1.000000000,18.006198883,15.031000137,0.737010896,0.800642788,-0.000457739,0.000111591,0.599141896
467,51.316000000,fused_map_f2f,1,1,0,0.060622962,0.020797958,0.997534109,0.997534109,0.100000000,0.011015876,0.011015876,0.035799410,0.002776912,1.000000000,0.000000000,0.000000000,0.000000000,0.000000000,0.000000000,0.558441558,1.000000000,0.735064935,1.000000000,0.000000000,0.000000000,0.000000000,1.000000000,18.018178940,15.078729630,0.737394154,0.803322852,-0.000412831,0.000090797,0.595543683
468,51.424000000,fused_map_f2f,1,1,0,0.060519669,0.017467581,0.997942977,0.997942977,0.100000000,0.011011413,0.011011413,0.035785268,0.002775777,1.000000000,0.000000000,0.000000000,0.000000000,0.000000000,0.000000000,0.518518519,1.000000000,0.711111111,1.000000000,0.000000000,0.000000000,0.000000000,1.000000000,18.029703140,15.129785538,0.737158597,0.806769192,-0.000380252,0.000108268,0.590866566
469,51.525000000,fused_map_f2f,1,1,0,0.059382268,0.017671200,1.000000000,1.000000000,0.100000000,0.010989011,0.010989011,0.035714286,0.002770083,1.000000000,0.000000000,0.000000000,0.000000000,0.000000000,0.000000000,0.560000000,1.000000000,0.736000000,1.000000000,0.000000000,0.000000000,0.000000000,1.000000000,18.041336060,15.175674438,0.737091541,0.810419142,-0.000400574,0.000121191,0.585850358
470,51.609000000,fused_map_f2f,1,1,0,0.062787024,0.016017067,0.988968029,0.988968029,0.100000000,0.011110232,0.011110232,0.036098298,0.002800897,1.000000000,0.000000000,0.000000000,0.000000000,0.000000000,0.000000000,0.538461538,1.000000000,0.723076923,1.000000000,0.000000000,0.000000000,0.000000000,1.000000000,18.051174164,15.212607384,0.737367809,0.813729942,-0.000375984,0.000134382,0.581242979
471,51.711000000,fused_map_f2f,1,1,0,0.061918094,0.022511804,0.992407543,0.992407543,0.100000000,0.011072152,0.011072152,0.035977689,0.002791217,1.000000000,0.000000000,0.000000000,0.000000000,0.000000000,0.000000000,0.525000000,1.000000000,0.715000000,1.000000000,0.000000000,0.000000000,0.000000000,1.000000000,18.064134598,15.257282257,0.737293303,0.818010211,-0.000344873,0.000175503,0.575203598
472,51.815000000,fused_map_f2f,1,1,0,0.061571567,0.016050012,0.993779215,0.993779215,0.100000000,0.011057039,0.011057039,0.035929815,0.002787375,1.000000000,0.000000000,0.000000000,0.000000000,0.000000000,0.000000000,0.513513514,1.000000000,0.708108108,1.000000000,0.000000000,0.000000000,0.000000000,1.000000000,18.075880051,15.301160812,0.737236738,0.822506368,-0.000398581,0.000159632,0.568755805
473,51.920000000,fused_map_f2f,1,1,0,0.062716378,0.015166284,0.989247672,0.989247672,0.100000000,0.011107126,0.011107126,0.036088462,0.002800107,1.000000000,0.000000000,0.000000000,0.000000000,0.000000000,0.000000000,0.567567568,1.000000000,0.740540541,1.000000000,0.000000000,0.000000000,0.000000000,1.000000000,18.088966370,15.345537186,0.737201154,0.827301145,-0.000426350,0.000156288,0.561758459
474,52.019000000,fused_map_f2f,1,1,0,0.064883160,0.016616043,0.980670825,0.980670825,0.100000000,0.011203180,0.011203180,0.036392602,0.002824528,1.000000000,0.000000000,0.000000000,0.000000000,0.000000000,0.000000000,0.539473684,1.000000000,0.723684211,1.000000000,0.000000000,0.000000000,0.000000000,1.000000000,18.100549698,15.386226654,0.737220645,0.831911266,-0.000443546,0.000144736,0.554908514
475,52.112000000,fused_map_f2f,1,1,0,0.065934290,0.015494923,0.976510101,0.976510101,0.100000000,0.011250377,0.011250377,0.036541998,0.002836528,1.000000000,0.000000000,0.000000000,0.000000000,0.000000000,0.000000000,0.581081081,1.000000000,0.748648649,1.000000000,0.000000000,0.000000000,0.000000000,1.000000000,18.111993790,15.424098969,0.737281621,0.836295366,-0.000459255,0.000130615,0.548279047
476,52.221000000,fused_map_f2f,1,1,0,0.065258412,0.017901920,0.979185452,0.979185452,0.100000000,0.011219984,0.011219984,0.036445796,0.002828800,1.000000000,0.000000000,0.000000000,0.000000000,0.000000000,0.000000000,0.532467532,1.000000000,0.719480519,1.000000000,0.000000000,0.000000000,0.000000000,1.000000000,18.126562119,15.467195511,0.737454355,0.841499031,-0.000462678,0.000133602,0.540258348
477,52.319000000,fused_map_f2f,1,1,0,0.063775045,0.021802081,0.985057115,0.985057115,0.100000000,0.011153850,0.011153850,0.036236424,0.002811986,1.000000000,0.000000000,0.000000000,0.000000000,0.000000000,0.000000000,0.544303797,1.000000000,0.726582278,1.000000000,0.000000000,0.000000000,0.000000000,1.000000000,18.142484665,15.507180214,0.737328410,0.846234083,-0.000374921,0.000118820,0.532811105
478,52.420000000,fused_map_f2f,1,1,0,0.064813999,0.016257121,0.980944588,0.980944588,0.100000000,0.011200088,0.011200088,0.036382815,0.002823742,1.000000000,0.000000000,0.000000000,0.000000000,0.000000000,0.000000000,0.589041096,1.000000000,0.753424658,1.000000000,0.000000000,0.000000000,0.000000000,1.000000000,18.155998230,15.545908928,0.737442136,0.851025045,-0.000436459,0.000066088,0.525124967
479,52.523000000,fused_map_f2f,1,1,0,0.065965116,0.017117528,0.976388081,0.976388081,0.100000000,0.011251767,0.011251767,0.036546397,0.002836882,1.000000000,0.000000000,0.000000000,0.000000000,0.000000000,0.000000000,0.592105263,1.000000000,0.755263158,1.000000000,0.000000000,0.000000000,0.000000000,1.000000000,18.173492432,15.584769249,0.737174869,0.855948269,-0.000377740,0.000083132,0.517061353
480,52.682000000,fused_map_f2f,1,1,0,0.065919656,0.019543777,0.976568027,0.976568027,0.100000000,0.011249717,0.011249717,0.036539909,0.002836361,1.000000000,0.000000000,0.000000000,0.000000000,0.000000000,0.000000000,0.569620253,1.000000000,0.741772152,1.000000000,0.000000000,0.000000000,0.000000000,1.000000000,18.197603226,15.643442154,0.737473190,0.863359392,-0.000413806,0.000071348,0.504589319
481,52.850000000,fused_map_f2f,1,1,0,0.068229826,0.017121036,0.967423606,0.967423606,0.100000000,0.011354846,0.011354846,0.036872562,0.002863094,1.000000000,0.000000000,0.000000000,0.000000000,0.000000000,0.000000000,0.587500000,1.000000000,0.752500000,1.000000000,0.000000000,0.000000000,0.000000000,1.000000000,18.224292755,15.702579498,0.737081468,0.870984852,-0.000353116,0.000061337,0.491309732
482,53.017000000,fused_map_f2f,1,1,0,0.069566932,0.016984482,0.962130894,0.962130894,0.100000000,0.011416596,0.011416596,0.037067880,0.002878799,1.000000000,0.000000000,0.000000000,0.000000000,0.000000000,0.000000000,0.623376623,1.000000000,0.774025974,1.000000000,0.000000000,0.000000000,0.000000000,1.000000000,18.252470016,15.759573936,0.736619830,0.878307581,-0.000419366,0.000092812,0.478095740
483,53.175000000,fused_map_f2f,1,1,0,0.068238102,0.021897146,0.967390845,0.967390845,0.100000000,0.011355226,0.011355226,0.036873764,0.002863191,1.000000000,0.000000000,0.000000000,0.000000000,0.000000000,0.000000000,0.609756098,1.000000000,0.765853659,1.000000000,0.000000000,0.000000000,0.000000000,1.000000000,18.281021118,15.812491417,0.736502171,0.884979904,-0.000387299,0.000142809,0.465629041
484,53.342000000,fused_map_f2f,1,1,0,0.069947426,0.019495097,0.960624773,0.960624773,0.100000000,0.011434291,0.011434291,0.037123840,0.002883299,1.000000000,0.000000000,0.000000000,0.000000000,0.000000000,0.000000000,0.621951220,1.000000000,0.773170732,1.000000000,0.000000000,0.000000000,0.000000000,1.000000000,18.311489105,15.867268562,0.736797392,0.891714811,-0.000416110,0.000082409,0.452597499
485,53.517000000,fused_map_f2f,1,1,0,0.072317754,0.020957203,0.951242225,0.951242225,0.100000000,0.011545771,0.011545771,0.037476287,0.002911656,1.000000000,0.000000000,0.000000000,0.000000000,0.000000000,0.000000000,0.600000000,1.000000000,0.760000000,1.000000000,0.000000000,0.000000000,0.000000000,1.000000000,18.345634460,15.923282623,0.736146271,0.898421228,-0.000437218,0.000070529,0.439134538
486,53.689000000,fused_map_f2f,1,1,0,0.070571129,0.018223289,0.958155947,0.958155947,0.100000000,0.011463416,0.011463416,0.037215935,0.002890707,1.000000000,0.000000000,0.000000000,0.000000000,0.000000000,0.000000000,0.609756098,1.000000000,0.765853659,1.000000000,0.000000000,0.000000000,0.000000000,1.000000000,18.380664825,15.974357605,0.736137390,0.904658377,-0.000479833,0.000065377,0.426137328
487,53.866000000,fused_map_f2f,1,1,0,0.070940899,0.017882673,0.956692276,0.956692276,0.100000000,0.011480752,0.011480752,0.037270750,0.002895117,1.000000000,0.000000000,0.000000000,0.000000000,0.000000000,0.000000000,0.662337662,1.000000000,0.797402597,1.000000000,0.000000000,0.000000000,0.000000000,1.000000000,18.413982391,16.026550293,0.736177027,0.910685420,-0.000381614,0.000065162,0.413100362
488,54.060000000,fused_map_f2f,1,1,0,0.069602729,0.021629626,0.961989197,0.961989197,0.100000000,0.011418259,0.011418259,0.037073138,0.002879221,1.000000000,0.000000000,0.000000000,0.000000000,0.000000000,0.000000000,0.574712644,1.000000000,0.744827586,1.000000000,0.000000000,0.000000000,0.000000000,1.000000000,18.454788208,16.080465317,0.735913575,0.916859627,-0.000434248,0.000051305,0.399209470
489,54.096000000,fused_map_f2f,1,1,0,0.069767061,0.017410531,0.961338717,0.961338717,0.100000000,0.011425897,0.011425897,0.037097292,0.002881164,1.000000000,0.000000000,0.000000000,0.000000000,0.000000000,0.000000000,0.607142857,1.000000000,0.764285714,1.000000000,0.000000000,0.000000000,0.000000000,1.000000000,18.463233948,16.090450287,0.735886395,0.917963624,-0.000429403,0.000054163,0.396664262
490,54.181000000,fused_map_f2f,1,1,0,0.072928864,0.021713774,0.948823248,0.948823248,0.100000000,0.011574866,0.011574866,0.037568241,0.002919057,1.000000000,0.000000000,0.000000000,0.000000000,0.000000000,0.000000000,0.581395349,1.000000000,0.748837209,1.000000000,0.000000000,0.000000000,0.000000000,1.000000000,18.480888367,16.114637375,0.735482574,0.920510292,-0.000481886,0.000066994,0.390718013
491,54.288000000,fused_map_f2f,1,1,0,0.072375767,0.019941602,0.951012588,0.951012588,0.100000000,0.011548527,0.011548527,0.037484997,0.002912357,1.000000000,0.000000000,0.000000000,0.000000000,0.000000000,0.000000000,0.607142857,1.000000000,0.764285714,1.000000000,0.000000000,0.000000000,0.000000000,1.000000000,18.504446030,16.139478683,0.735830069,0.923570514,-0.000420962,0.000044789,0.383428425
492,54.381000000,fused_map_f2f,1,1,0,0.071958734,0.020253062,0.952663345,0.952663345,0.100000000,0.011528746,0.011528746,0.037422474,0.002907325,1.000000000,0.000000000,0.000000000,0.000000000,0.000000000,0.000000000,0.578313253,1.000000000,0.746987952,1.000000000,0.000000000,0.000000000,0.000000000,1.000000000,18.524677277,16.163713455,0.735680461,0.926144958,-0.000444926,0.000051658,0.377167493
493,54.472000000,fused_map_f2f,1,1,0,0.068829657,0.019434427,0.965049276,0.965049276,0.100000000,0.011382465,0.011382465,0.036959927,0.002870118,1.000000000,0.000000000,0.000000000,0.000000000,0.000000000,0.000000000,0.619047619,1.000000000,0.771428571,1.000000000,0.000000000,0.000000000,0.000000000,1.000000000,18.546428680,16.189567566,0.736476779,0.928595364,-0.000411997,0.000028234,0.371093661
494,54.581000000,fused_map_f2f,1,1,0,0.072008076,0.019703114,0.952468032,0.952468032,0.100000000,0.011531083,0.011531083,0.037429861,0.002907919,1.000000000,0.000000000,0.000000000,0.000000000,0.000000000,0.000000000,0.614457831,1.000000000,0.768674699,1.000000000,0.000000000,0.000000000,0.000000000,1.000000000,18.570825577,16.216388702,0.736029208,0.931374848,-0.000434220,0.000006088,0.364061415
495,54.675000000,fused_map_f2f,1,1,0,0.068759229,0.017338878,0.965328053,0.965328053,0.100000000,0.011379215,0.011379215,0.036949648,0.002869291,1.000000000,0.000000000,0.000000000,0.000000000,0.000000000,0.000000000,0.623529412,1.000000000,0.774117647,1.000000000,0.000000000,0.000000000,0.000000000,1.000000000,18.591201782,16.238386154,0.736112595,0.933663547,-0.000396845,0.000027442,0.358151138
496,54.772000000,fused_map_f2f,1,1,0,0.071252125,0.018212703,0.955460339,0.955460339,0.100000000,0.011495385,0.011495385,0.037317013,0.002898839,1.000000000,0.000000000,0.000000000,0.000000000,0.000000000,0.000000000,0.588235294,1.000000000,0.752941176,1.000000000,0.000000000,0.000000000,0.000000000,1.000000000,18.613903046,16.261528015,0.736138284,0.935973406,-0.000383522,0.000015781,0.352070540
497,54.873000000,fused_map_f2f,1,1,0,0.072259594,0.017829437,0.951472442,0.951472442,0.100000000,0.011543010,0.011543010,0.037467559,0.002910953,1.000000000,0.000000000,0.000000000,0.000000000,0.000000000,0.000000000,0.630952381,1.000000000,0.778571429,1.000000000,0.000000000,0.000000000,0.000000000,1.000000000,18.636190414,16.284492493,0.735875964,0.938249588,-0.000403018,0.000034155,0.345958918
498,54.978000000,fused_map_f2f,1,1,0,0.073410643,0.016418900,0.946916207,0.946916207,0.100000000,0.011597906,0.011597906,0.037641054,0.002924919,1.000000000,0.000000000,0.000000000,0.000000000,0.000000000,0.000000000,0.638554217,1.000000000,0.783132530,1.000000000,0.000000000,0.000000000,0.000000000,1.000000000,18.659957886,16.307945251,0.735669971,0.940545082,-0.000424128,0.000013046,0.339668542
499,55.078000000,fused_map_f2f,1,1,0,0.072325863,0.018010333,0.951210127,0.951210127,0.100000000,0.011546156,0.011546156,0.037477504,0.002911754,1.000000000,0.000000000,0.000000000,0.000000000,0.000000000,0.000000000,0.614457831,1.000000000,0.768674699,1.000000000,0.000000000,0.000000000,0.000000000,1.000000000,18.682239532,16.329940796,0.735552728,0.942612588,-0.000434663,0.000013166,0.333888263
500,55.190000000,fused_map_f2f,1,1,0,0.072246361,0.020147118,0.951524823,0.951524823,0.100000000,0.011542381,0.011542381,0.037465574,0.002910793,1.000000000,0.000000000,0.000000000,0.000000000,0.000000000,0.000000000,0.607142857,1.000000000,0.764285714,1.000000000,0.000000000,0.000000000,0.000000000,1.000000000,18.708230972,16.353645325,0.735487044,0.944831669,-0.000432275,0.000035266,0.327555925
501,55.266000000,fused_map_f2f,1,1,0,0.074818310,0.020806135,0.941344191,0.941344191,0.100000000,0.011665756,0.011665756,0.037855425,0.002942181,1.000000000,0.000000000,0.000000000,0.000000000,0.000000000,0.000000000,0.654761905,1.000000000,0.792857143,1.000000000,0.000000000,0.000000000,0.000000000,1.000000000,18.728752136,16.371505737,0.735634387,0.946291149,-0.000434756,0.000011850,0.323315471
502,55.374000000,fused_map_f2f,1,1,0,0.069353133,0.023450986,0.962977181,0.962977181,0.100000000,0.011406678,0.011406678,0.037036510,0.002876276,1.000000000,0.000000000,0.000000000,0.000000000,0.000000000,0.000000000,0.600000000,1.000000000,0.760000000,1.000000000,0.000000000,0.000000000,0.000000000,1.000000000,18.753515244,16.393476486,0.735746503,0.948274374,-0.000432828,-0.000015920,0.317451566
503,55.467000000,fused_map_f2f,1,1,0,0.072620401,0.015668391,0.950044246,0.950044246,0.100000000,0.011560161,0.011560161,0.037521770,0.002915317,1.000000000,0.000000000,0.000000000,0.000000000,0.000000000,0.000000000,0.646341463,1.000000000,0.787804878,1.000000000,0.000000000,0.000000000,0.000000000,1.000000000,18.777290344,16.414003372,0.735697031,0.949928582,-0.000414389,0.000019605,0.312466919
504,55.578000000,fused_map_f2f,1,1,0,0.074289826,0.016540263,0.943436105,0.943436105,0.100000000,0.011640190,0.011640190,0.037774657,0.002935676,1.000000000,0.000000000,0.000000000,0.000000000,0.000000000,0.000000000,0.634146341,1.000000000,0.780487805,1.000000000,0.000000000,0.000000000,0.000000000,1.000000000,18.801721573,16.435083389,0.735439301,0.951785505,-0.000446265,0.000005153,0.306764007
505,55.691000000,fused_map_f2f,1,1,0,0.072022915,0.017955739,0.952409293,0.952409293,0.100000000,0.011531786,0.011531786,0.037432083,0.002908098,1.000000000,0.000000000,0.000000000,0.000000000,0.000000000,0.000000000,0.588235294,1.000000000,0.752941176,1.000000000,0.000000000,0.000000000,0.000000000,1.000000000,18.830041885,16.455917358,0.735269308,0.953617930,-0.000458423,0.000012375,0.301019460
506,55.769000000,fused_map_f2f,1,1,0,0.074033587,0.017366428,0.944450386,0.944450386,0.100000000,0.011627835,0.011627835,0.037735621,0.002932533,1.000000000,0.000000000,0.000000000,0.000000000,0.000000000,0.000000000,0.630952381,1.000000000,0.778571429,1.000000000,0.000000000,0.000000000,0.000000000,1.000000000,18.846452713,16.470663071,0.735163510,0.954810858,-0.000447600,0.000003712,0.297213763
507,55.875000000,fused_map_f2f,1,1,0,0.070061129,0.017598763,0.960174699,0.960174699,0.100000000,0.011439590,0.011439590,0.037140595,0.002884647,1.000000000,0.000000000,0.000000000,0.000000000,0.000000000,0.000000000,0.611764706,1.000000000,0.767058824,1.000000000,0.000000000,0.000000000,0.000000000,1.000000000,18.876319885,16.490961075,0.735517442,0.956403553,-0.000415241,-0.000007239,0.292048067
508,55.982000000,fused_map_f2f,1,1,0,0.073462623,0.019495754,0.946710449,0.946710449,0.100000000,0.011600398,0.011600398,0.037648927,0.002925553,1.000000000,0.000000000,0.000000000,0.000000000,0.000000000,0.000000000,0.630952381,1.000000000,0.778571429,1.000000000,0.000000000,0.000000000,0.000000000,1.000000000,18.900598526,16.509243011,0.735512257,0.957915127,-0.000405422,-0.000004259,0.287051260
509,56.092000000,fused_map_f2f,1,1,0,0.072574965,0.018402462,0.950224097,0.950224097,0.100000000,0.011557999,0.011557999,0.037514935,0.002914766,1.000000000,0.000000000,0.000000000,0.000000000,0.000000000,0.000000000,0.619047619,1.000000000,0.771428571,1.000000000,0.000000000,0.000000000,0.000000000,1.000000000,18.925922394,16.527929306,0.735553086,0.959400475,-0.000388875,-0.000008243,0.282047123
510,56.170000000,fused_map_f2f,1,1,0,0.070695979,0.019325827,0.957661750,0.957661750,0.100000000,0.011469263,0.011469263,0.037234425,0.002892194,1.000000000,0.000000000,0.000000000,0.000000000,0.000000000,0.000000000,0.614457831,1.000000000,0.768674699,1.000000000,0.000000000,0.000000000,0.000000000,1.000000000,18.943061829,16.540348053,0.735356152,0.960393548,-0.000435794,-0.000029699,0.278646797
511,56.285000000,fused_map_f2f,1,1,0,0.069059978,0.016101477,0.964137586,0.964137586,0.100000000,0.011393105,0.011393105,0.036993584,0.002872824,1.000000000,0.000000000,0.000000000,0.000000000,0.000000000,0.000000000,0.584269663,1.000000000,0.750561798,1.000000000,0.000000000,0.000000000,0.000000000,1.000000000,18.970113754,16.559274673,0.735188067,0.961826265,-0.000442332,-0.000018189,0.273660451
512,56.397000000,fused_map_f2f,1,1,0,0.071948840,0.018950510,0.952702508,0.952702508,0.100000000,0.011528278,0.011528278,0.037420993,0.002907206,1.000000000,0.000000000,0.000000000,0.000000000,0.000000000,0.000000000,0.583333333,1.000000000,0.750000000,1.000000000,0.000000000,0.000000000,0.000000000,1.000000000,18.998428345,16.577890396,0.735181212,0.963183582,-0.000387006,-0.000006872,0.268844247
513,56.469000000,fused_map_f2f,1,1,0,0.072126010,0.013955698,0.952001208,0.952001208,0.100000000,0.011536672,0.011536672,0.037447528,0.002909341,1.000000000,0.000000000,0.000000000,0.000000000,0.000000000,0.000000000,0.604651163,1.000000000,0.762790698,1.000000000,0.000000000,0.000000000,0.000000000,1.000000000,19.014980316,16.588930130,0.735032320,0.964007318,-0.000456616,0.000001669,0.265875280
514,56.593000000,fused_map_f2f,1,1,0,0.071143751,0.027168290,0.955889319,0.955889319,0.100000000,0.011490286,0.011490286,0.037300890,0.002897542,1.000000000,0.000000000,0.000000000,0.000000000,0.000000000,0.000000000,0.593023256,1.000000000,0.755813953,1.000000000,0.000000000,0.000000000,0.000000000,1.000000000,19.038436890,16.612211227,0.734946430,0.968720675,-0.000417142,0.000018925,0.248153269
515,56.671000000,fused_map_f2f,1,1,0,0.073419739,0.020457377,0.946880201,0.946880201,0.100000000,0.011598342,0.011598342,0.037642431,0.002925030,1.000000000,0.000000000,0.000000000,0.000000000,0.000000000,0.000000000,0.581395349,1.000000000,0.748837209,1.000000000,0.000000000,0.000000000,0.000000000,1.000000000,19.053680420,16.625267029,0.734447002,0.971307933,-0.000433498,0.000012663,0.237825111
516,56.785000000,fused_map_f2f,1,1,0,0.068593683,0.024302787,0.965983338,0.965983338,0.100000000,0.011371583,0.011371583,0.036925508,0.002867351,1.000000000,0.000000000,0.000000000,0.000000000,0.000000000,0.000000000,0.642857143,1.000000000,0.785714286,1.000000000,0.000000000,0.000000000,0.000000000,1.000000000,19.075555801,16.644069672,0.734883249,0.974560082,-0.000429713,-0.000009866,0.224126011
517,56.884000000,fused_map_f2f,1,1,0,0.067333335,0.021096305,0.970972216,0.970972216,0.100000000,0.011313817,0.011313817,0.036742755,0.002852660,1.000000000,0.000000000,0.000000000,0.000000000,0.000000000,0.000000000,0.611764706,1.000000000,0.767058824,1.000000000,0.000000000,0.000000000,0.000000000,1.000000000,19.097667694,16.658954620,0.734729290,0.976992309,-0.000403924,-0.000012646,0.213274077
518,57.002000000,fused_map_f2f,1,1,0,0.070662917,0.020095492,0.957792622,0.957792622,0.100000000,0.011467714,0.011467714,0.037229526,0.002891800,1.000000000,0.000000000,0.000000000,0.000000000,0.000000000,0.000000000,0.650602410,1.000000000,0.790361446,1.000000000,0.000000000,0.000000000,0.000000000,1.000000000,19.127428055,16.676408768,0.734900057,0.979470551,-0.000435933,-0.000041553,0.201586828
519,57.084000000,fused_map_f2f,1,1,0,0.069994496,0.017560187,0.960438451,0.960438451,0.100000000,0.011436484,0.011436484,0.037130774,0.002883857,1.000000000,0.000000000,0.000000000,0.000000000,0.000000000,0.000000000,0.613636364,1.000000000,0.768181818,1.000000000,0.000000000,0.000000000,0.000000000,1.000000000,19.149673462,16.689029694,0.734867096,0.980972052,-0.000393814,-0.000030175,0.194148540
520,57.202000000,fused_map_f2f,1,1,0,0.069459211,0.018265120,0.962557292,0.962557292,0.100000000,0.011411597,0.011411597,0.037052068,0.002877527,1.000000000,0.000000000,0.000000000,0.000000000,0.000000000,0.000000000,0.639534884,1.000000000,0.783720930,1.000000000,0.000000000,0.000000000,0.000000000,1.000000000,19.184467316,16.704862595,0.734583139,0.982847929,-0.000445339,-0.000020912,0.184417307
521,57.283000000,fused_map_f2f,1,1,0,0.066851254,0.017381806,0.972880451,0.972880451,0.100000000,0.011291876,0.011291876,0.036673330,0.002847081,1.000000000,0.000000000,0.000000000,0.000000000,0.000000000,0.000000000,0.666666667,1.000000000,0.800000000,1.000000000,0.000000000,0.000000000,0.000000000,1.000000000,19.208312988,16.715820312,0.735047579,0.983967483,-0.000425550,-0.000027532,0.178347513
522,57.387000000,fused_map_f2f,1,1,0,0.066950229,0.017626967,0.972488678,0.972488678,0.100000000,0.011296374,0.011296374,0.036687562,0.002848224,1.000000000,0.000000000,0.000000000,0.000000000,0.000000000,0.000000000,0.597701149,1.000000000,0.758620690,1.000000000,0.000000000,0.000000000,0.000000000,1.000000000,19.242647171,16.730829239,0.734972715,0.985254586,-0.000445885,-0.000040930,0.171094224
523,57.470000000,fused_map_f2f,1,1,0,0.071258667,0.016960356,0.955434444,0.955434444,0.100000000,0.011495693,0.011495693,0.037317986,0.002898917,1.000000000,0.000000000,0.000000000,0.000000000,0.000000000,0.000000000,0.654320988,1.000000000,0.792592593,1.000000000,0.000000000,0.000000000,0.000000000,1.000000000,19.272113800,16.744354248,0.734560907,0.986173987,-0.000435791,-0.000020846,0.165712655
524,57.577000000,fused_map_f2f,1,1,0,0.069480789,0.015637699,0.962471879,0.962471879,0.100000000,0.011412598,0.011412598,0.037055234,0.002877782,1.000000000,0.000000000,0.000000000,0.000000000,0.000000000,0.000000000,0.593023256,1.000000000,0.755813953,1.000000000,0.000000000,0.000000000,0.000000000,1.000000000,19.310028076,16.759492874,0.734548450,0.987222016,-0.000455320,-0.000030082,0.159350097
525,57.700000000,fused_map_f2f,1,1,0,0.071872699,0.018196349,0.953003898,0.953003898,0.100000000,0.011524674,0.011524674,0.037409602,0.002906289,1.000000000,0.000000000,0.000000000,0.000000000,0.000000000,0.000000000,0.584269663,1.000000000,0.750561798,1.000000000,0.000000000,0.000000000,0.000000000,1.000000000,19.356292725,16.776561737,0.734730363,0.988282740,-0.000487119,-0.000036778,0.152633503
526,57.777000000,fused_map_f2f,1,1,0,0.064980489,0.016028926,0.980285563,0.980285563,0.100000000,0.011207533,0.011207533,0.036406384,0.002825635,1.000000000,0.000000000,0.000000000,0.000000000,0.000000000,0.000000000,0.626506024,1.000000000,0.775903614,1.000000000,0.000000000,0.000000000,0.000000000,1.000000000,19.388917923,16.787384033,0.734977365,0.988886654,-0.000433709,-0.000066790,0.148670778
527,57.885000000,fused_map_f2f,1,1,0,0.066535147,0.018253383,0.974131711,0.974131711,0.100000000,0.011277536,0.011277536,0.036627949,0.002843434,1.000000000,0.000000000,0.000000000,0.000000000,0.000000000,0.000000000,0.679487179,1.000000000,0.807692308,1.000000000,0.000000000,0.000000000,0.000000000,1.000000000,19.438020706,16.803977966,0.734988153,0.989665389,-0.000481659,-0.000032080,0.143395156
528,58.011000000,fused_map_f2f,1,1,0,0.068774508,0.016657712,0.965267572,0.965267572,0.100000000,0.011379920,0.011379920,0.036951877,0.002869471,1.000000000,0.000000000,0.000000000,0.000000000,0.000000000,0.000000000,0.617283951,1.000000000,0.770370370,1.000000000,0.000000000,0.000000000,0.000000000,1.000000000,19.499235153,16.823089600,0.734733045,0.990486383,-0.000453558,-0.000031060,0.137609974
529,58.114000000,fused_map_f2f,1,1,0,0.070531788,0.017743352,0.958311671,0.958311671,0.100000000,0.011461574,0.011461574,0.037210112,0.002890239,1.000000000,0.000000000,0.000000000,0.000000000,0.000000000,0.000000000,0.619047619,1.000000000,0.771428571,1.000000000,0.000000000,0.000000000,0.000000000,1.000000000,19.548011780,16.838083267,0.734696388,0.991085768,-0.000496697,-0.000019170,0.133224368
530,58.169000000,fused_map_f2f,1,1,0,0.067604788,0.020060653,0.969897716,0.969897716,0.100000000,0.011326209,0.011326209,0.036781963,0.002855811,1.000000000,0.000000000,0.000000000,0.000000000,0.000000000,0.000000000,0.666666667,1.000000000,0.800000000,1.000000000,0.000000000,0.000000000,0.000000000,1.000000000,19.574996948,16.846237183,0.735033512,0.991386116,-0.000477710,-0.000038587,0.130970776
531,58.275000000,fused_map_f2f,1,1,0,0.068652484,0.015098061,0.965750583,0.965750583,0.100000000,0.011374293,0.011374293,0.036934079,0.002868040,1.000000000,0.000000000,0.000000000,0.000000000,0.000000000,0.000000000,0.634146341,1.000000000,0.780487805,1.000000000,0.000000000,0.000000000,0.000000000,1.000000000,19.625711441,16.860040665,0.734960794,0.991918504,-0.000479054,-0.000022268,0.126875773
532,58.368000000,fused_map_f2f,1,1,0,0.068397359,0.012716429,0.966760456,0.966760456,0.100000000,0.011362546,0.011362546,0.036896921,0.002865052,1.000000000,0.000000000,0.000000000,0.000000000,0.000000000,0.000000000,0.637500000,1.000000000,0.782500000,1.000000000,0.000000000,0.000000000,0.000000000,1.000000000,19.670114517,16.871871948,0.735061288,0.992347240,-0.000466620,-0.000036520,0.123477846
533,58.486000000,fused_map_f2f,1,1,0,0.068061870,0.015528124,0.968088432,0.968088432,0.100000000,0.011347137,0.011347137,0.036848173,0.002861133,1.000000000,0.000000000,0.000000000,0.000000000,0.000000000,0.000000000,0.551724138,1.000000000,0.731034483,1.000000000,0.000000000,0.000000000,0.000000000,1.000000000,19.725429535,16.886310577,0.735603571,0.992838681,-0.000401759,-0.000043481,0.119461924
534,58.587000000,fused_map_f2f,1,1,0,0.067163661,0.018116331,0.971643841,0.971643841,0.100000000,0.011306085,0.011306085,0.036718290,0.002850694,1.000000000,0.000000000,0.000000000,0.000000000,0.000000000,0.000000000,0.602409639,1.000000000,0.761445783,1.000000000,0.000000000,0.000000000,0.000000000,1.000000000,19.778470993,16.899078369,0.735355318,0.993252993,-0.000406422,-0.000043123,0.115967155
535,58.671000000,fused_map_f2f,1,1,0,0.068635857,0.014152161,0.965816400,0.965816400,0.100000000,0.011373527,0.011373527,0.036931655,0.002867845,1.000000000,0.000000000,0.000000000,0.000000000,0.000000000,0.000000000,0.564705882,1.000000000,0.738823529,1.000000000,0.000000000,0.000000000,0.000000000,1.000000000,19.822881699,16.910232544,0.735189438,0.993570030,-0.000394971,-0.000029354,0.113218658
536,58.790000000,fused_map_f2f,1,1,0,0.068949855,0.013943250,0.964573490,0.964573490,0.100000000,0.011388015,0.011388015,0.036977484,0.002871530,1.000000000,0.000000000,0.000000000,0.000000000,0.000000000,0.000000000,0.590361446,1.000000000,0.754216867,1.000000000,0.000000000,0.000000000,0.000000000,1.000000000,19.884176254,16.926315308,0.735069454,0.993980229,-0.000366029,-0.000049598,0.109558858
537,58.900000000,fused_map_f2f,1,1,0,0.069984508,0.015488380,0.960477990,0.960477990,0.100000000,0.011436019,0.011436019,0.037129302,0.002883739,1.000000000,0.000000000,0.000000000,0.000000000,0.000000000,0.000000000,0.578313253,1.000000000,0.746987952,1.000000000,0.000000000,0.000000000,0.000000000,1.000000000,19.938524246,16.938116074,0.734858453,0.994321883,-0.000402655,-0.000077751,0.106413744
538,58.983000000,fused_map_f2f,1,1,0,0.067397175,0.021134292,0.970719514,0.970719514,0.100000000,0.011316729,0.011316729,0.036751968,0.002853401,1.000000000,0.000000000,0.000000000,0.000000000,0.000000000,0.000000000,0.583333333,1.000000000,0.750000000,1.000000000,0.000000000,0.000000000,0.000000000,1.000000000,19.980873108,16.946519852,0.735002697,0.994569242,-0.000372728,-0.000046649,0.104076505
539,59.094000000,fused_map_f2f,1,1,0,0.069311969,0.014024207,0.963140124,0.963140124,0.100000000,0.011404770,0.011404770,0.037030477,0.002875791,1.000000000,0.000000000,0.000000000,0.000000000,0.000000000,0.000000000,0.585365854,1.000000000,0.751219512,1.000000000,0.000000000,0.000000000,0.000000000,1.000000000,20.037958145,16.959007263,0.734807611,0.994880557,-0.000355187,-0.000049154,0.101057068
540,59.183000000,fused_map_f2f,1,1,0,0.070058737,0.012979562,0.960184166,0.960184166,0.100000000,0.011439478,0.011439478,0.037140242,0.002884618,1.000000000,0.000000000,0.000000000,0.000000000,0.000000000,0.000000000,0.612500000,1.000000000,0.767500000,1.000000000,0.000000000,0.000000000,0.000000000,1.000000000,20.080858231,16.968069077,0.734982014,0.995104015,-0.000352919,-0.000072989,0.098832272
541,59.266000000,fused_map_f2f,1,1,0,0.068417481,0.019722959,0.966680806,0.966680806,0.100000000,0.011363472,0.011363472,0.036899849,0.002865288,1.000000000,0.000000000,0.000000000,0.000000000,0.000000000,0.000000000,0.609756098,1.000000000,0.765853659,1.000000000,0.000000000,0.000000000,0.000000000,1.000000000,20.124715805,16.977645874,0.735126138,0.995316267,-0.000389621,-0.000066315,0.096671484
542,59.394000000,fused_map_f2f,1,1,0,0.068258868,0.015494312,0.967308647,0.967308647,0.100000000,0.011356180,0.011356180,0.036876782,0.002863433,1.000000000,0.000000000,0.000000000,0.000000000,0.000000000,0.000000000,0.623376623,1.000000000,0.774025974,1.000000000,0.000000000,0.000000000,0.000000000,1.000000000,20.186594009,16.989147186,0.735557675,0.995603859,-0.000336008,-0.000049486,0.093663521
543,59.470000000,fused_map_f2f,1,1,0,0.069168957,0.021985460,0.963706211,0.963706211,0.100000000,0.011398147,0.011398147,0.037009530,0.002874106,1.000000000,0.000000000,0.000000000,0.000000000,0.000000000,0.000000000,0.580246914,1.000000000,0.748148148,1.000000000,0.000000000,0.000000000,0.000000000,1.000000000,20.222255707,16.995704651,0.735802770,0.995764613,-0.000335192,-0.000138504,0.091938786
544,59.576000000,fused_map_f2f,1,1,0,0.069015280,0.016560959,0.964314515,0.964314515,0.100000000,0.011391039,0.011391039,0.036987047,0.002872299,1.000000000,0.000000000,0.000000000,0.000000000,0.000000000,0.000000000,0.573170732,1.000000000,0.743902439,1.000000000,0.000000000,0.000000000,0.000000000,1.000000000,20.270322800,17.004821777,0.735194206,0.995975435,-0.000372969,-0.000069789,0.089625999
545,59.687000000,fused_map_f2f,1,1,0,0.068688269,0.022771029,0.965608936,0.965608936,0.100000000,0.011375943,0.011375943,0.036939297,0.002868459,1.000000000,0.000000000,0.000000000,0.000000000,0.000000000,0.000000000,0.582278481,1.000000000,0.749367089,1.000000000,0.000000000,0.000000000,0.000000000,1.000000000,20.315074921,17.013427734,0.735554814,0.996174335,-0.000336392,-0.000074770,0.087387599
546,59.801000000,fused_map_f2f,1,1,0,0.070291897,0.014429497,0.959261241,0.959261241,0.100000000,0.011450358,0.011450358,0.037174647,0.002887386,1.000000000,0.000000000,0.000000000,0.000000000,0.000000000,0.000000000,0.548780488,1.000000000,0.729268293,1.000000000,0.000000000,0.000000000,0.000000000,1.000000000,20.358625412,17.020589828,0.735597908,0.996353567,-0.000346229,-0.000096926,0.085319325
547,59.870000000,fused_map_f2f,1,1,0,0.069778763,0.014152918,0.961292398,0.961292398,0.100000000,0.011426441,0.011426441,0.037099013,0.002881302,1.000000000,0.000000000,0.000000000,0.000000000,0.000000000,0.000000000,0.623376623,1.000000000,0.774025974,1.000000000,0.000000000,0.000000000,0.000000000,1.000000000,20.391376495,17.027029037,0.735120416,0.996473908,-0.000367598,-0.000087498,0.083902374
548,59.980000000,fused_map_f2f,1,1,0,0.069007299,0.013907848,0.964346109,0.964346109,0.100000000,0.011390670,0.011390670,0.036985880,0.002872205,1.000000000,0.000000000,0.000000000,0.000000000,0.000000000,0.000000000,0.554216867,1.000000000,0.732530120,1.000000000,0.000000000,0.000000000,0.000000000,1.000000000,20.432046890,17.033647537,0.735197723,0.996626377,-0.000387522,-0.000121321,0.082071818
549,60.083000000,fused_map_f2f,1,1,0,0.072304232,0.016581365,0.951295747,0.951295747,0.100000000,0.011545129,0.011545129,0.037474257,0.002911492,1.000000000,0.000000000,0.000000000,0.000000000,0.000000000,0.000000000,0.578947368,1.000000000,0.747368421,1.000000000,0.000000000,0.000000000,0.000000000,1.000000000,20.469249725,17.039756775,0.735429585,0.996757150,-0.000299896,-0.000085566,0.080468297
550,60.171000000,fused_map_f2f,1,1,0,0.068384452,0.014603741,0.966811544,0.966811544,0.100000000,0.011361953,0.011361953,0.036895043,0.002864901,1.000000000,0.000000000,0.000000000,0.000000000,0.000000000,0.000000000,0.587500000,1.000000000,0.752500000,1.000000000,0.000000000,0.000000000,0.000000000,1.000000000,20.507999420,17.044847488,0.735742629,0.996876717,-0.000352223,-0.000057826,0.078972511
551,60.286000000,fused_map_f2f,1,1,0,0.070184404,0.016687544,0.959686733,0.959686733,0.100000000,0.011445340,0.011445340,0.037158778,0.002886109,1.000000000,0.000000000,0.000000000,0.000000000,0.000000000,0.000000000,0.551282051,1.000000000,0.730769231,1.000000000,0.000000000,0.000000000,0.000000000,1.000000000,20.548839569,17.050617218,0.735808432,0.997004390,-0.000359399,-0.000038773,0.077344500
552,60.395000000,fused_map_f2f,1,1,0,0.068071518,0.016269335,0.968050241,0.968050241,0.100000000,0.011347579,0.011347579,0.036849573,0.002861246,1.000000000,0.000000000,0.000000000,0.000000000,0.000000000,0.000000000,0.550000000,1.000000000,0.730000000,1.000000000,0.000000000,0.000000000,0.000000000,1.000000000,20.594194412,17.057676315,0.735363722,0.997135222,-0.000338727,-0.000051972,0.075639062
553,60.466000000,fused_map_f2f,1,1,0,0.067460254,0.012460269,0.970469829,0.970469829,0.100000000,0.011319608,0.011319608,0.036761077,0.002854133,1.000000000,0.000000000,0.000000000,0.000000000,0.000000000,0.000000000,0.555555556,1.000000000,0.733333333,1.000000000,0.000000000,0.000000000,0.000000000,1.000000000,20.618995667,17.060756683,0.735516250,0.997204959,-0.000319962,-0.000028300,0.074713342
554,60.577000000,fused_map_f2f,1,1,0,0.070214528,0.017342378,0.959567492,0.959567492,0.100000000,0.011446746,0.011446746,0.037163224,0.002886467,1.000000000,0.000000000,0.000000000,0.000000000,0.000000000,0.000000000,0.537500000,1.000000000,0.722500000,1.000000000,0.000000000,0.000000000,0.000000000,1.000000000,20.658849716,17.066322327,0.735799074,0.997311473,-0.000268186,-0.000086802,0.073278517
555,60.686000000,fused_map_f2f,1,1,0,0.069394502,0.018828600,0.962813431,0.962813431,0.100000000,0.011408595,0.011408595,0.037042576,0.002876764,1.000000000,0.000000000,0.000000000,0.000000000,0.000000000,0.000000000,0.567901235,1.000000000,0.740740741,1.000000000,0.000000000,0.000000000,0.000000000,1.000000000,20.702901840,17.075073242,0.736416996,0.997422516,-0.000294873,-0.000076402,0.071751028
556,60.800000000,fused_map_f2f,1,1,0,0.071782881,0.013625035,0.953359429,0.953359429,0.100000000,0.011520426,0.011520426,0.037396172,0.002905208,1.000000000,0.000000000,0.000000000,0.000000000,0.000000000,0.000000000,0.532467532,1.000000000,0.719480519,1.000000000,0.000000000,0.000000000,0.000000000,1.000000000,20.742961884,17.080327988,0.736261249,0.997518301,-0.000290431,-0.000089764,0.070406817
557,60.887000000,fused_map_f2f,1,1,0,0.069766959,0.021966907,0.961339120,0.961339120,0.100000000,0.011425892,0.011425892,0.037097277,0.002881163,1.000000000,0.000000000,0.000000000,0.000000000,0.000000000,0.000000000,0.573333333,1.000000000,0.744000000,1.000000000,0.000000000,0.000000000,0.000000000,1.000000000,20.772987366,17.083959579,0.736185193,0.997587681,-0.000282686,-0.000106659,0.069416903
558,60.994000000,fused_map_f2f,1,1,0,0.068803266,0.016732245,0.965153740,0.965153740,0.100000000,0.011381247,0.011381247,0.036956075,0.002869808,1.000000000,0.000000000,0.000000000,0.000000000,0.000000000,0.000000000,0.573333333,1.000000000,0.744000000,1.000000000,0.000000000,0.000000000,0.000000000,1.000000000,20.815387726,17.089954376,0.736583054,0.997674167,-0.000301824,-0.000053379,0.068162829
559,61.067000000,fused_map_f2f,1,1,0,0.067753797,0.015166845,0.969307888,0.969307888,0.100000000,0.011333023,0.011333023,0.036803521,0.002857544,1.000000000,0.000000000,0.000000000,0.000000000,0.000000000,0.000000000,0.550000000,1.000000000,0.730000000,1.000000000,0.000000000,0.000000000,0.000000000,1.000000000,20.842443466,17.091646194,0.736300588,0.997729361,-0.000308011,-0.000050139,0.067350149
560,61.178000000,fused_map_f2f,1,1,0,0.068712902,0.012623077,0.965511428,0.965511428,0.100000000,0.011377078,0.011377078,0.036942889,0.002868748,1.000000000,0.000000000,0.000000000,0.000000000,0.000000000,0.000000000,0.538461538,1.000000000,0.723076923,1.000000000,0.000000000,0.000000000,0.000000000,1.000000000,20.880403519,17.096189499,0.736358643,0.997807324,-0.000301026,-0.000054299,0.066185541
561,61.285000000,fused_map_f2f,1,1,0,0.068893234,0.012674824,0.964797614,0.964797614,0.100000000,0.011385400,0.011385400,0.036969211,0.002870864,1.000000000,0.000000000,0.000000000,0.000000000,0.000000000,0.000000000,0.600000000,1.000000000,0.760000000,1.000000000,0.000000000,0.000000000,0.000000000,1.000000000,20.919496536,17.100624084,0.736369193,0.997879088,-0.000321468,-0.000055919,0.065093577
562,61.383000000,fused_map_f2f,1,1,0,0.068640678,0.014165246,0.965797316,0.965797316,0.100000000,0.011373749,0.011373749,0.036932358,0.002867901,1.000000000,0.000000000,0.000000000,0.000000000,0.000000000,0.000000000,0.537500000,1.000000000,0.722500000,1.000000000,0.000000000,0.000000000,0.000000000,1.000000000,20.968198776,17.106016159,0.736258745,0.997949302,-0.000318120,-0.000051469,0.064009026
563,61.500000000,fused_map_f2f,1,1,0,0.067389607,0.018776778,0.970749471,0.970749471,0.100000000,0.011316384,0.011316384,0.036750876,0.002853313,1.000000000,0.000000000,0.000000000,0.000000000,0.000000000,0.000000000,0.567567568,1.000000000,0.740540541,1.000000000,0.000000000,0.000000000,0.000000000,1.000000000,21.024856567,17.114463806,0.736751139,0.998030901,-0.000294436,-0.000049106,0.062722974
564,61.577000000,fused_map_f2f,1,1,0,0.068609103,0.013808726,0.965922301,0.965922301,0.100000000,0.011372294,0.011372294,0.036927755,0.002867531,1.000000000,0.000000000,0.000000000,0.000000000,0.000000000,0.000000000,0.543209877,1.000000000,0.725925926,1.000000000,0.000000000,0.000000000,0.000000000,1.000000000,21.059692383,17.118394852,0.736805141,0.998080850,-0.000296566,-0.000075686,0.061923612
565,61.690000000,fused_map_f2f,1,1,0,0.069149026,0.015565122,0.963785107,0.963785107,0.100000000,0.011397225,0.011397225,0.037006612,0.002873872,1.000000000,0.000000000,0.000000000,0.000000000,0.000000000,0.000000000,0.618421053,1.000000000,0.771052632,1.000000000,0.000000000,0.000000000,0.000000000,1.000000000,21.119361877,17.125129700,0.736010969,0.998161435,-0.000307104,-0.000047741,0.060611241
566,61.797000000,fused_map_f2f,1,1,0,0.068203585,0.018459134,0.967527474,0.967527474,0.100000000,0.011353641,0.011353641,0.036868749,0.002862788,1.000000000,0.000000000,0.000000000,0.000000000,0.000000000,0.000000000,0.551282051,1.000000000,0.730769231,1.000000000,0.000000000,0.000000000,0.000000000,1.000000000,21.175668716,17.131088257,0.736804307,0.998234987,-0.000285881,-0.000071156,0.059386831
567,61.871000000,fused_map_f2f,1,1,0,0.066743415,0.027494208,0.973307317,0.973307317,0.100000000,0.011286980,0.011286980,0.036657835,0.002845836,1.000000000,0.000000000,0.000000000,0.000000000,0.000000000,0.000000000,0.573333333,1.000000000,0.744000000,1.000000000,0.000000000,0.000000000,0.000000000,1.000000000,21.210817337,17.134471893,0.736716092,0.998280942,-0.000344815,-0.000075186,0.058608949
568,61.968000000,fused_map_f2f,1,1,0,0.068071276,0.015016108,0.968051198,0.968051198,0.100000000,0.011347568,0.011347568,0.036849538,0.002861243,1.000000000,0.000000000,0.000000000,0.000000000,0.000000000,0.000000000,0.558441558,1.000000000,0.735064935,1.000000000,0.000000000,0.000000000,0.000000000,1.000000000,21.263284683,17.141113281,0.736740887,0.998344719,-0.000254348,-0.000059170,0.057513468
569,62.099000000,fused_map_f2f,1,1,0,0.069819307,0.016133740,0.961131911,0.961131911,0.100000000,0.011428327,0.011428327,0.037104978,0.002881782,1.000000000,0.000000000,0.000000000,0.000000000,0.000000000,0.000000000,0.573333333,1.000000000,0.744000000,1.000000000,0.000000000,0.000000000,0.000000000,1.000000000,21.333492279,17.148437500,0.736716986,0.998428226,-0.000246526,-0.000052585,0.056044925
570,62.173000000,fused_map_f2f,1,1,0,0.066689643,0.015139934,0.973520164,0.973520164,0.100000000,0.011284540,0.011284540,0.036650114,0.002845215,1.000000000,0.000000000,0.000000000,0.000000000,0.000000000,0.000000000,0.621621622,1.000000000,0.772972973,1.000000000,0.000000000,0.000000000,0.000000000,1.000000000,21.372432709,17.152505875,0.736484587,0.998473525,-0.000274950,-0.000066904,0.055231772
571,62.282000000,fused_map_f2f,1,1,0,0.065629827,0.019124212,0.977715269,0.977715269,0.100000000,0.011236665,0.011236665,0.036498599,0.002833042,1.000000000,0.000000000,0.000000000,0.000000000,0.000000000,0.000000000,0.543209877,1.000000000,0.725925926,1.000000000,0.000000000,0.000000000,0.000000000,1.000000000,21.436723709,17.160100937,0.737404704,0.998541594,-0.000231764,-0.000063978,0.053987585
572,62.393000000,fused_map_f2f,1,1,0,0.067216289,0.018363689,0.971435524,0.971435524,0.100000000,0.011308482,0.011308482,0.036725875,0.002851303,1.000000000,0.000000000,0.000000000,0.000000000,0.000000000,0.000000000,0.564102564,1.000000000,0.738461538,1.000000000,0.000000000,0.000000000,0.000000000,1.000000000,21.497619629,17.165864944,0.737581551,0.998604894,-0.000180083,-0.000074731,0.052803632
573,62.469000000,fused_map_f2f,1,1,0,0.067569015,0.012970168,0.970039317,0.970039317,0.100000000,0.011324574,0.011324574,0.036776791,0.002855396,1.000000000,0.000000000,0.000000000,0.000000000,0.000000000,0.000000000,0.575000000,1.000000000,0.745000000,1.000000000,0.000000000,0.000000000,0.000000000,1.000000000,21.547901154,17.171499252,0.737458646,0.998656154,-0.000187086,-0.000056659,0.051825743
574,62.578000000,fused_map_f2f,1,1,0,0.065606764,0.017409779,0.977806559,0.977806559,0.100000000,0.011235628,0.011235628,0.036495315,0.002832778,1.000000000,0.000000000,0.000000000,0.000000000,0.000000000,0.000000000,0.642857143,1.000000000,0.785714286,1.000000000,0.000000000,0.000000000,0.000000000,1.000000000,21.609992981,17.176351547,0.737550676,0.998716474,-0.000205315,-0.000046368,0.050649960
575,62.697000000,fused_map_f2f,1,1,0,0.068341368,0.016082782,0.966982083,0.966982083,0.100000000,0.011359972,0.011359972,0.036888777,0.002864398,1.000000000,0.000000000,0.000000000,0.000000000,0.000000000,0.000000000,0.586666667,1.000000000,0.752000000,1.000000000,0.000000000,0.000000000,0.000000000,1.000000000,21.678903580,17.182712555,0.737950861,0.998780489,-0.000086041,-0.000054662,0.049371473
576,62.768000000,fused_map_f2f,1,1,0,0.068843045,0.014348815,0.964996281,0.964996281,0.100000000,0.011383083,0.011383083,0.036961882,0.002870275,1.000000000,0.000000000,0.000000000,0.000000000,0.000000000,0.000000000,0.556962025,1.000000000,0.734177215,1.000000000,0.000000000,0.000000000,0.000000000,1.000000000,21.734375000,17.189336777,0.736675858,0.998827100,-0.000192458,-0.000061267,0.048418213
577,62.880000000,fused_map_f2f,1,1,0,0.071536502,0.021710783,0.954334679,0.954334679,0.100000000,0.011508788,0.011508788,0.037359384,0.002902248,1.000000000,0.000000000,0.000000000,0.000000000,0.000000000,0.000000000,0.571428571,1.000000000,0.742857143,1.000000000,0.000000000,0.000000000,0.000000000,1.000000000,21.809816360,17.195423126,0.736936510,0.998888612,-0.000181032,-0.000063574,0.047133535
578,62.988000000,fused_map_f2f,1,1,0,0.066911427,0.016245925,0.972642270,0.972642270,0.100000000,0.011294610,0.011294610,0.036681981,0.002847776,1.000000000,0.000000000,0.000000000,0.000000000,0.000000000,0.000000000,0.600000000,1.000000000,0.760000000,1.000000000,0.000000000,0.000000000,0.000000000,1.000000000,21.881620407,17.201890945,0.737260163,0.998944342,-0.000188910,-0.000056183,0.045936860
579,63.087000000,fused_map_f2f,1,1,0,0.068099261,0.022229752,0.967940426,0.967940426,0.100000000,0.011348852,0.011348852,0.036853600,0.002861570,1.000000000,0.000000000,0.000000000,0.000000000,0.000000000,0.000000000,0.550000000,1.000000000,0.730000000,1.000000000,0.000000000,0.000000000,0.000000000,1.000000000,21.940509796,17.206338882,0.737721026,0.998992145,-0.000077063,-0.000060956,0.044884313
580,63.171000000,fused_map_f2f,1,1,0,0.071253214,0.016683856,0.955456029,0.955456029,0.100000000,0.011495436,0.011495436,0.037317175,0.002898852,1.000000000,0.000000000,0.000000000,0.000000000,0.000000000,0.000000000,0.544303797,1.000000000,0.726582278,1.000000000,0.000000000,0.000000000,0.000000000,1.000000000,21.987194061,17.209749222,0.737847984,0.999030650,-0.000053002,-0.000079541,0.044019356
581,63.275000000,fused_map_f2f,1,1,0,0.068519297,0.016364219,0.966277782,0.966277782,0.100000000,0.011368158,0.011368158,0.036914672,0.002866479,1.000000000,0.000000000,0.000000000,0.000000000,0.000000000,0.000000000,0.586666667,1.000000000,0.752000000,1.000000000,0.000000000,0.000000000,0.000000000,1.000000000,22.059242249,17.215511322,0.736569345,0.999082804,-0.000202626,-0.000029693,0.042818837
582,63.392000000,fused_map_f2f,1,1,0,0.067498913,0.018812239,0.970316805,0.970316805,0.100000000,0.011321373,0.011321373,0.036766661,0.002854581,1.000000000,0.000000000,0.000000000,0.000000000,0.000000000,0.000000000,0.605263158,1.000000000,0.763157895,1.000000000,0.000000000,0.000000000,0.000000000,1.000000000,22.127265930,17.219829559,0.736830056,0.999129474,-0.000167304,-0.000024822,0.041716471
583,63.471000000,fused_map_f2f,1,1,0,0.069466677,0.013045116,0.962527735,0.962527735,0.100000000,0.011411943,0.011411943,0.037053164,0.002877615,1.000000000,0.000000000,0.000000000,0.000000000,0.000000000,0.000000000,0.556962025,1.000000000,0.734177215,1.000000000,0.000000000,0.000000000,0.000000000,1.000000000,22.191627502,17.226976395,0.736633241,0.999172747,-0.000125458,-0.000024138,0.040666111
584,63.577000000,fused_map_f2f,1,1,0,0.069248249,0.015423577,0.963392348,0.963392348,0.100000000,0.011401818,0.011401818,0.037021141,0.002875040,1.000000000,0.000000000,0.000000000,0.000000000,0.000000000,0.000000000,0.560000000,1.000000000,0.736000000,1.000000000,0.000000000,0.000000000,0.000000000,1.000000000,22.261674881,17.230724335,0.736519635,0.999215126,-0.000149153,-0.000014921,0.039611276
585,63.686000000,fused_map_f2f,1,1,0,0.067272091,0.018770380,0.971214640,0.971214640,0.100000000,0.011311025,0.011311025,0.036733921,0.002851950,1.000000000,0.000000000,0.000000000,0.000000000,0.000000000,0.000000000,0.597222222,1.000000000,0.758333333,1.000000000,0.000000000,0.000000000,0.000000000,1.000000000,22.334415436,17.236143112,0.736964583,0.999258280,-0.000162846,-0.000031083,0.038507130
586,63.785000000,fused_map_f2f,1,1,0,0.068620283,0.017914762,0.965878045,0.965878045,0.100000000,0.011372809,0.011372809,0.036929385,0.002867662,1.000000000,0.000000000,0.000000000,0.000000000,0.000000000,0.000000000,0.565789474,1.000000000,0.739473684,1.000000000,0.000000000,0.000000000,0.000000000,1.000000000,22.407459259,17.239976883,0.737810194,0.999299765,-0.000225424,-0.000015208,0.037414774
587,63.897000000,fused_map_f2f,1,1,0,0.066510780,0.013940373,0.974228162,0.974228162,0.100000000,0.011276432,0.011276432,0.036624455,0.002843153,1.000000000,0.000000000,0.000000000,0.000000000,0.000000000,0.000000000,0.552631579,1.000000000,0.731578947,1.000000000,0.000000000,0.000000000,0.000000000,1.000000000,22.482122421,17.244804382,0.737164259,0.999339938,-0.000241558,-0.000040654,0.036327187
588,63.970000000,fused_map_f2f,1,1,0,0.067184880,0.013330233,0.971559850,0.971559850,0.100000000,0.011307051,0.011307051,0.036721348,0.002850940,1.000000000,0.000000000,0.000000000,0.000000000,0.000000000,0.000000000,0.545454545,1.000000000,0.727272727,1.000000000,0.000000000,0.000000000,0.000000000,1.000000000,22.534477234,17.248306274,0.737277567,0.999366164,-0.000236755,-0.000018147,0.035598103
589,64.079000000,fused_map_f2f,1,1,0,0.067638556,0.014743308,0.969764047,0.969764047,0.100000000,0.011327753,0.011327753,0.036786847,0.002856204,1.000000000,0.000000000,0.000000000,0.000000000,0.000000000,0.000000000,0.518987342,1.000000000,0.711392405,1.000000000,0.000000000,0.000000000,0.000000000,1.000000000,22.607789993,17.252220154,0.737531900,0.999399483,-0.000108692,-0.000014548,0.034651060
590,64.192000000,fused_map_f2f,1,1,0,0.066573010,0.015142070,0.973981836,0.973981836,0.100000000,0.011279252,0.011279252,0.036633378,0.002843870,1.000000000,0.000000000,0.000000000,0.000000000,0.000000000,0.000000000,0.534246575,1.000000000,0.720547945,1.000000000,0.000000000,0.000000000,0.000000000,1.000000000,22.689498901,17.257310867,0.737644136,0.999434948,-0.000070945,-0.000012240,0.033611551
591,64.293000000,fused_map_f2f,1,1,0,0.068982740,0.015683037,0.964443322,0.964443322,0.100000000,0.011389535,0.011389535,0.036982290,0.002871916,1.000000000,0.000000000,0.000000000,0.000000000,0.000000000,0.000000000,0.551282051,0.993742084,0.728266064,1.000000000,0.000000000,0.000000000,0.000000000,1.000000000,22.773658752,17.261297226,0.737672329,0.999471426,-0.000160623,-0.000040025,0.032509517
592,64.367000000,fused_map_f2f,1,1,0,0.070824702,0.014988853,0.957152221,0.957152221,0.100000000,0.011475299,0.011475299,0.037253508,0.002893730,1.000000000,0.000000000,0.000000000,0.000000000,0.000000000,0.000000000,0.533333333,1.000000000,0.720000000,1.000000000,0.000000000,0.000000000,0.000000000,1.000000000,22.840267181,17.265991211,0.737338185,0.999498010,-0.000209469,-0.000027870,0.031681493
593,64.484000000,fused_map_f2f,1,1,0,0.068507014,0.017298624,0.966326403,0.966326403,0.100000000,0.011367592,0.011367592,0.036912883,0.002866336,1.000000000,0.000000000,0.000000000,0.000000000,0.000000000,0.000000000,0.549295775,1.000000000,0.729577465,1.000000000,0.000000000,0.000000000,0.000000000,1.000000000,22.928911209,17.269899368,0.737784743,0.999531209,-0.000175358,-0.000039845,0.030615922
594,64.594000000,fused_map_f2f,1,1,0,0.069317487,0.016263242,0.963118279,0.963118279,0.100000000,0.011405026,0.011405026,0.037031285,0.002875856,1.000000000,0.000000000,0.000000000,0.000000000,0.000000000,0.000000000,0.520000000,1.000000000,0.712000000,1.000000000,0.000000000,0.000000000,0.000000000,1.000000000,23.020401001,17.273586273,0.737601697,0.999562740,-0.000232072,-0.000027009,0.029568244
595,64.678000000,fused_map_f2f,1,1,0,0.068940679,0.014911890,0.964609810,0.964609810,0.100000000,0.011387591,0.011387591,0.036976143,0.002871422,1.000000000,0.000000000,0.000000000,0.000000000,0.000000000,0.000000000,0.540540541,1.000000000,0.724324324,1.000000000,0.000000000,0.000000000,0.000000000,1.000000000,23.094242096,17.278039932,0.737926304,0.999587417,-0.000204867,-0.000030427,0.028722767
596,64.785000000,fused_map_f2f,1,1,0,0.065790130,0.019225990,0.977080734,0.977080734,0.100000000,0.011243881,0.011243881,0.036521436,0.002834876,1.000000000,0.000000000,0.000000000,0.000000000,0.000000000,0.000000000,0.541666667,1.000000000,0.725000000,1.000000000,0.000000000,0.000000000,0.000000000,1.000000000,23.186527252,17.282951355,0.738362074,0.999615848,-0.000187917,-0.000003859,0.027714971
597,64.869000000,fused_map_f2f,1,1,0,0.068069873,0.013361424,0.968056754,0.968056754,0.100000000,0.011347504,0.011347504,0.036849334,0.002861227,1.000000000,0.000000000,0.000000000,0.000000000,0.000000000,0.000000000,0.513513514,1.000000000,0.708108108,1.000000000,0.000000000,0.000000000,0.000000000,1.000000000,23.255813599,17.287269592,0.737740397,0.999635994,-0.000223278,-0.000027147,0.026977355
598,64.978000000,fused_map_f2f,1,1,0,0.066140067,0.018639425,0.975695569,0.975695569,0.100000000,0.011259663,0.011259663,0.036571388,0.002838890,1.000000000,0.000000000,0.000000000,0.000000000,0.000000000,0.000000000,0.520547945,1.000000000,0.712328767,1.000000000,0.000000000,0.000000000,0.000000000,1.000000000,23.353282928,17.289834976,0.738658607,0.999661267,-0.000245549,-0.000021425,0.026024714
599,65.104000000,fused_map_f2f,1,1,0,0.068780492,0.020848270,0.965243884,0.965243884,0.100000000,0.011380196,0.011380196,0.036952751,0.002869541,1.000000000,0.000000000,0.000000000,0.000000000,0.000000000,0.000000000,0.537313433,1.000000000,0.722388060,1.000000000,0.000000000,0.000000000,0.000000000,1.000000000,23.476501465,17.295480728,0.738344848,0.999690592,-0.000216109,-0.000001807,0.024873922
600,65.180000000,fused_map_f2f,1,1,0,0.066852111,0.016889575,0.972877060,0.972877060,0.100000000,0.011291915,0.011291915,0.036673453,0.002847091,1.000000000,0.000000000,0.000000000,0.000000000,0.000000000,0.000000000,0.486111111,1.000000000,0.691666667,1.000000000,0.000000000,0.000000000,0.000000000,1.000000000,23.551641464,17.298397064,0.738672674,0.999707520,-0.000162811,-0.000008284,0.024184208
601,65.287000000,fused_map_f2f,1,1,0,0.068729920,0.016245046,0.965444065,0.965444065,0.100000000,0.011377863,0.011377863,0.036945372,0.002868948,1.000000000,0.000000000,0.000000000,0.000000000,0.000000000,0.000000000,0.500000000,1.000000000,0.700000000,1.000000000,0.000000000,0.000000000,0.000000000,1.000000000,23.657407761,17.302494049,0.738386035,0.999730170,-0.000169262,-0.000024296,0.023227869
602,65.403000000,fused_map_f2f,1,1,0,0.066176751,0.019793487,0.975550360,0.975550360,0.100000000,0.011261321,0.011261321,0.036576632,0.002839311,1.000000000,0.000000000,0.000000000,0.000000000,0.000000000,0.000000000,0.486111111,1.000000000,0.691666667,1.000000000,0.000000000,0.000000000,0.000000000,1.000000000,23.775747299,17.305547714,0.738183796,0.999752820,-0.000205180,0.000010668,0.022231897
603,65.478000000,fused_map_f2f,1,1,0,0.068771536,0.013462077,0.965279336,0.965279336,0.100000000,0.011379783,0.011379783,0.036951444,0.002869436,1.000000000,0.000000000,0.000000000,0.000000000,0.000000000,0.000000000,0.535211268,1.000000000,0.721126761,1.000000000,0.000000000,0.000000000,0.000000000,1.000000000,23.846048355,17.307584763,0.738470674,0.999765694,-0.000281030,-0.000037981,0.021645302
604,65.598000000,fused_map_f2f,1,1,0,0.068024646,0.016705284,0.968235774,0.968235774,0.100000000,0.011345430,0.011345430,0.036842772,0.002860699,1.000000000,0.000000000,0.000000000,0.000000000,0.000000000,0.000000000,0.507246377,1.000000000,0.704347826,1.000000000,0.000000000,0.000000000,0.000000000,1.000000000,23.964910507,17.310247421,0.738582253,0.999784827,-0.000143141,-0.000004488,0.020744439
605,65.670000000,fused_map_f2f,1,1,0,0.069604225,0.012118862,0.961983277,0.961983277,0.100000000,0.011418328,0.011418328,0.037073357,0.002879239,1.000000000,0.000000000,0.000000000,0.000000000,0.000000000,0.000000000,0.529411765,0.994348472,0.715386448,1.000000000,0.000000000,0.000000000,0.000000000,1.000000000,24.041917801,17.313282013,0.738426208,0.999798059,-0.000178547,-0.000016805,0.020095324
606,65.795000000,fused_map_f2f,1,1,0,0.070451962,0.016531360,0.958627649,0.958627649,0.100000000,0.011457840,0.011457840,0.037198303,0.002889289,1.000000000,0.000000000,0.000000000,0.000000000,0.000000000,0.000000000,0.514705882,1.000000000,0.708823529,1.000000000,0.000000000,0.000000000,0.000000000,1.000000000,24.174762726,17.316846848,0.738073707,0.999816835,-0.000180456,-0.000009375,0.019136967
607,65.866000000,fused_map_f2f,1,1,0,0.069118059,0.012348033,0.963907682,0.963907682,0.100000000,0.011395792,0.011395792,0.037002080,0.002873507,1.000000000,0.000000000,0.000000000,0.000000000,0.000000000,0.000000000,0.514285714,1.000000000,0.708571429,1.000000000,0.000000000,0.000000000,0.000000000,1.000000000,24.253824234,17.320495605,0.738424122,0.999828458,-0.000127169,-0.000005256,0.018521594
608,65.968000000,fused_map_f2f,1,1,0,0.066397469,0.013889801,0.974676684,0.974676684,0.100000000,0.011271301,0.011271301,0.036608219,0.002841849,1.000000000,0.000000000,0.000000000,0.000000000,0.000000000,0.000000000,0.452054795,1.000000000,0.671232877,1.000000000,0.000000000,0.000000000,0.000000000,1.000000000,24.348457336,17.322530746,0.738603115,0.999837756,-0.000185152,-0.000049253,0.018013246
609,66.071000000,fused_map_f2f,1,1,0,0.067992011,0.017559553,0.968364957,0.968364957,0.100000000,0.011343933,0.011343933,0.036838038,0.002860319,1.000000000,0.000000000,0.000000000,0.000000000,0.000000000,0.000000000,0.537313433,1.000000000,0.722388060,1.000000000,0.000000000,0.000000000,0.000000000,1.000000000,24.460906982,17.324888229,0.739060819,0.999852777,-0.000104983,-0.000009217,0.017157614
610,66.190000000,fused_map_f2f,1,1,0,0.067027860,0.018296859,0.972181388,0.972181388,0.100000000,0.011299904,0.011299904,0.036698733,0.002849122,1.000000000,0.000000000,0.000000000,0.000000000,0.000000000,0.000000000,0.530303030,1.000000000,0.718181818,1.000000000,0.000000000,0.000000000,0.000000000,1.000000000,24.585100174,17.329614639,0.738831222,0.999867022,-0.000084658,-0.000023713,0.016307756
611,66.294000000,fused_map_f2f,1,1,0,0.068253472,0.017894539,0.967330007,0.967330007,0.100000000,0.011355932,0.011355932,0.036875998,0.002863370,1.000000000,0.000000000,0.000000000,0.000000000,0.000000000,0.000000000,0.562500000,1.000000000,0.737500000,1.000000000,0.000000000,0.000000000,0.000000000,1.000000000,24.684635162,17.331380844,0.739140391,0.999875188,-0.000084026,-0.000060333,0.015800465
612,66.366000000,fused_map_f2f,1,1,0,0.064605369,0.014374048,0.981770413,0.981770413,0.100000000,0.011190772,0.011190772,0.036353324,0.002821373,1.000000000,0.000000000,0.000000000,0.000000000,0.000000000,0.000000000,0.571428571,1.000000000,0.742857143,1.000000000,0.000000000,0.000000000,0.000000000,1.000000000,24.748884201,17.331172943,0.739233136,0.999877274,-0.000099672,-0.000094909,0.015665406
613,66.477000000,fused_map_f2f,1,1,0,0.065562799,0.015057157,0.977980587,0.977980587,0.100000000,0.011233651,0.011233651,0.036489058,0.002832275,1.000000000,0.000000000,0.000000000,0.000000000,0.000000000,0.000000000,0.583333333,1.000000000,0.750000000,1.000000000,0.000000000,0.000000000,0.000000000,1.000000000,24.860727310,17.332386017,0.740231752,0.999888480,0.000180014,0.000000148,0.014933389
614,66.614000000,fused_map_f2f,1,1,0,0.064172461,0.023740621,0.983484009,0.983484009,0.100000000,0.011171492,0.011171492,0.036292281,0.002816471,1.000000000,0.000000000,0.000000000,0.000000000,0.000000000,0.000000000,0.580645161,1.000000000,0.748387097,1.000000000,0.000000000,0.000000000,0.000000000,1.000000000,24.988727570,17.333866119,0.740642011,0.999896407,0.000117792,-0.000064091,0.014391070
615,66.805000000,fused_map_f2f,1,1,0,0.064644940,0.021142540,0.981613781,0.981613781,0.100000000,0.011192538,0.011192538,0.036358914,0.002821822,1.000000000,0.000000000,0.000000000,0.000000000,0.000000000,0.000000000,0.648148148,1.000000000,0.788888889,1.000000000,0.000000000,0.000000000,0.000000000,1.000000000,25.178937912,17.339735031,0.740181744,0.999912202,0.000055095,-0.000007122,0.013252781
616,66.906000000,fused_map_f2f,1,1,0,0.061509778,0.018717654,0.994023795,0.994023795,0.100000000,0.011054348,0.011054348,0.035921292,0.002786691,1.000000000,0.000000000,0.000000000,0.000000000,0.000000000,0.000000000,0.614035088,1.000000000,0.768421053,1.000000000,0.000000000,0.000000000,0.000000000,1.000000000,25.270971298,17.342435837,0.741123915,0.999918520,0.000208099,0.000023989,0.012761456
617,67.019000000,fused_map_f2f,1,1,0,0.061455421,0.019129732,0.994238958,0.994238958,0.100000000,0.011051982,0.011051982,0.035913797,0.002786089,1.000000000,0.000000000,0.000000000,0.000000000,0.000000000,0.000000000,0.566666667,1.000000000,0.740000000,1.000000000,0.000000000,0.000000000,0.000000000,1.000000000,25.359754562,17.340587616,0.740834177,0.999922216,0.000075909,-0.000007543,0.012470446
618,67.132000000,fused_map_f2f,1,1,0,0.060358807,0.015408062,0.998579721,0.998579721,0.100000000,0.011004469,0.011004469,0.035763265,0.002774012,1.000000000,0.000000000,0.000000000,0.000000000,0.000000000,0.000000000,0.614035088,1.000000000,0.768421053,1.000000000,0.000000000,0.000000000,0.000000000,1.000000000,25.452047348,17.341711044,0.740960121,0.999926627,0.000238864,0.000010802,0.012109546
619,67.205000000,fused_map_f2f,1,1,0,0.061052404,0.017754567,0.995834233,0.995834233,0.100000000,0.011034473,0.011034473,0.035858328,0.002781639,1.000000000,0.000000000,0.000000000,0.000000000,0.000000000,0.000000000,0.648148148,1.000000000,0.788888889,1.000000000,0.000000000,0.000000000,0.000000000,1.000000000,25.505502701,17.342100143,0.741246819,0.999928355,0.000226052,0.000006703,0.011965536
620,67.307000000,fused_map_f2f,1,1,0,0.062764561,0.009809781,0.989056948,0.989056948,0.100000000,0.011109244,0.011109244,0.036095170,0.002800646,1.000000000,0.000000000,0.000000000,0.000000000,0.000000000,0.000000000,0.603448276,1.000000000,0.762068966,1.000000000,0.000000000,0.000000000,0.000000000,1.000000000,25.577909470,17.342317581,0.741427243,0.999930143,0.000201349,-0.000003371,0.011819167
621,67.415000000,fused_map_f2f,1,1,0,0.060432857,0.012365103,0.998286607,0.998286607,0.100000000,0.011007664,0.011007664,0.035773391,0.002774824,1.000000000,0.000000000,0.000000000,0.000000000,0.000000000,0.000000000,0.551724138,1.000000000,0.731034483,1.000000000,0.000000000,0.000000000,0.000000000,1.000000000,25.683458328,17.344987869,0.741307557,0.999937534,0.000137340,-0.000004855,0.011175042
622,67.523000000,fused_map_f2f,1,1,0,0.060883612,0.013463388,0.996502368,0.996502368,0.100000000,0.011027156,0.011027156,0.035835148,0.002779779,1.000000000,0.000000000,0.000000000,0.000000000,0.000000000,0.000000000,0.593220339,1.000000000,0.755932203,1.000000000,0.000000000,0.000000000,0.000000000,1.000000000,25.767278671,17.346446991,0.740846515,0.999940336,0.000027558,-0.000018325,0.010923216
623,67.628000000,fused_map_f2f,1,1,0,0.060147935,0.011529004,0.999414426,0.999414426,0.100000000,0.010995379,0.010995379,0.035734464,0.002771702,1.000000000,0.000000000,0.000000000,0.000000000,0.000000000,0.000000000,0.566666667,1.000000000,0.740000000,1.000000000,0.000000000,0.000000000,0.000000000,1.000000000,25.852573395,17.346952438,0.741091430,0.999942899,0.000094005,0.000001709,0.010685673
624,67.705000000,fused_map_f2f,1,1,0,0.061506628,0.012972881,0.994036264,0.994036264,0.100000000,0.011054211,0.011054211,0.035920857,0.002786656,1.000000000,0.000000000,0.000000000,0.000000000,0.000000000,0.000000000,0.576271186,1.000000000,0.745762712,1.000000000,0.000000000,0.000000000,0.000000000,1.000000000,25.907720566,17.347377777,0.741183937,0.999943972,0.000050989,-0.000001178,0.010583336
625,67.810000000,fused_map_f2f,1,1,0,0.059607676,0.009765474,1.000000000,1.000000000,0.100000000,0.010989011,0.010989011,0.035714286,0.002770083,1.000000000,0.000000000,0.000000000,0.000000000,0.000000000,0.000000000,0.586206897,1.000000000,0.751724138,1.000000000,0.000000000,0.000000000,0.000000000,1.000000000,26.002891541,17.351049423,0.741353154,0.999948025,0.000090040,-0.000010650,0.010193583
626,67.917000000,fused_map_f2f,1,1,0,0.060377513,0.012054221,0.998505676,0.998505676,0.100000000,0.011005276,0.011005276,0.035765823,0.002774217,1.000000000,0.000000000,0.000000000,0.000000000,0.000000000,0.000000000,0.641509434,1.000000000,0.784905660,1.000000000,0.000000000,0.000000000,0.000000000,1.000000000,26.078899384,17.351171494,0.741394937,0.999948740,-0.000033726,-0.000026938,0.010124211
627,68.021000000,fused_map_f2f,1,1,0,0.062463243,0.011183128,0.990249663,0.990249663,0.100000000,0.011096012,0.011096012,0.036053262,0.002797282,1.000000000,0.000000000,0.000000000,0.000000000,0.000000000,0.000000000,0.596491228,1.000000000,0.757894737,1.000000000,0.000000000,0.000000000,0.000000000,1.000000000,26.152173996,17.351367950,0.741325915,0.999950171,-0.000038423,0.000006928,0.009983768
628,68.122000000,fused_map_f2f,1,1,0,0.060381834,0.014492373,0.998488575,0.998488575,0.100000000,0.011005462,0.011005462,0.035766413,0.002774265,1.000000000,0.000000000,0.000000000,0.000000000,0.000000000,0.000000000,0.576271186,1.000000000,0.745762712,1.000000000,0.000000000,0.000000000,0.000000000,1.000000000,26.246929169,17.354360580,0.741488576,0.999953926,0.000150214,-0.000034662,0.009595833
629,68.236000000,fused_map_f2f,1,1,0,0.060688690,0.012081943,0.997273935,0.997273935,0.100000000,0.011018719,0.011018719,0.035808415,0.002777634,1.000000000,0.000000000,0.000000000,0.000000000,0.000000000,0.000000000,0.523809524,1.000000000,0.714285714,1.000000000,0.000000000,0.000000000,0.000000000,1.000000000,26.328868866,17.354606628,0.741457462,0.999955177,0.000102994,-0.000017444,0.009465589
630,68.330000000,fused_map_f2f,1,1,0,0.060605241,0.011708375,0.997604253,0.997604253,0.100000000,0.011015110,0.011015110,0.035796983,0.002776717,1.000000000,0.000000000,0.000000000,0.000000000,0.000000000,0.000000000,0.593220339,1.000000000,0.755932203,1.000000000,0.000000000,0.000000000,0.000000000,1.000000000,26.408815384,17.356212616,0.741652369,0.999957025,0.000182370,-0.000006778,0.009270526
631,68.436000000,fused_map_f2f,1,1,0,0.061491020,0.012055458,0.994098046,0.994098046,0.100000000,0.011053532,0.011053532,0.035918705,0.002786483,1.000000000,0.000000000,0.000000000,0.000000000,0.000000000,0.000000000,0.559322034,1.000000000,0.735593220,1.000000000,0.000000000,0.000000000,0.000000000,1.000000000,26.495063782,17.357091904,0.741503775,0.999958634,0.000272008,-0.000010998,0.009088281
632,68.536000000,fused_map_f2f,1,1,0,0.058878024,0.011476460,1.000000000,1.000000000,0.100000000,0.010989011,0.010989011,0.035714286,0.002770083,1.000000000,0.000000000,0.000000000,0.000000000,0.000000000,0.000000000,0.550000000,1.000000000,0.730000000,1.000000000,0.000000000,0.000000000,0.000000000,1.000000000,26.582559586,17.358251572,0.741384447,0.999960661,0.000042353,-0.000014414,0.008866203
633,68.633000000,fused_map_f2f,1,1,0,0.056405768,0.013242841,1.000000000,1.000000000,0.100000000,0.010989011,0.010989011,0.035714286,0.002770083,1.000000000,0.000000000,0.000000000,0.000000000,0.000000000,0.000000000,0.576271186,1.000000000,0.745762712,1.000000000,0.000000000,0.000000000,0.000000000,1.000000000,26.666477203,17.357549667,0.741544843,0.999961674,0.000180628,-0.000008999,0.008752030
634,68.736000000,fused_map_f2f,1,1,0,0.057842177,0.016299647,1.000000000,1.000000000,0.100000000,0.010989011,0.010989011,0.035714286,0.002770083,1.000000000,0.000000000,0.000000000,0.000000000,0.000000000,0.000000000,0.540983607,1.000000000,0.724590164,1.000000000,0.000000000,0.000000000,0.000000000,1.000000000,26.769676208,17.359054565,0.741006136,0.999963462,-0.000055705,-0.000016131,0.008545268
635,68.807000000,fused_map_f2f,1,1,0,0.058047523,0.011247645,1.000000000,1.000000000,0.100000000,0.010989011,0.010989011,0.035714286,0.002770083,1.000000000,0.000000000,0.000000000,0.000000000,0.000000000,0.000000000,0.540983607,1.000000000,0.724590164,1.000000000,0.000000000,0.000000000,0.000000000,1.000000000,26.833244324,17.359233856,0.741501153,0.999963701,0.000194093,-0.000008039,0.008518655
636,68.908000000,fused_map_f2f,1,1,0,0.059563715,0.016562413,1.000000000,1.000000000,0.100000000,0.010989011,0.010989011,0.035714286,0.002770083,1.000000000,0.000000000,0.000000000,0.000000000,0.000000000,0.000000000,0.542372881,1.000000000,0.725423729,1.000000000,0.000000000,0.000000000,0.000000000,1.000000000,26.931808472,17.360464096,0.740955651,0.999965370,-0.000065439,-0.000005860,0.008323058
637,69.013000000,fused_map_f2f,1,1,0,0.057619982,0.013637517,1.000000000,1.000000000,0.100000000,0.010989011,0.010989011,0.035714286,0.002770083,1.000000000,0.000000000,0.000000000,0.000000000,0.000000000,0.000000000,0.523809524,1.000000000,0.714285714,1.000000000,0.000000000,0.000000000,0.000000000,1.000000000,27.030061722,17.361320496,0.741412878,0.999966443,0.000008910,-0.000004808,0.008194486
638,69.116000000,fused_map_f2f,1,1,0,0.057956917,0.014402935,1.000000000,1.000000000,0.100000000,0.010989011,0.010989011,0.035714286,0.002770083,1.000000000,0.000000000,0.000000000,0.000000000,0.000000000,0.000000000,0.568965517,1.000000000,0.741379310,1.000000000,0.000000000,0.000000000,0.000000000,1.000000000,27.128097534,17.361225128,0.740995347,0.999967635,-0.000122357,0.000005099,0.008042545
639,69.222000000,fused_map_f2f,1,1,0,0.058702024,0.015909079,1.000000000,1.000000000,0.100000000,0.010989011,0.010989011,0.035714286,0.002770083,1.000000000,0.000000000,0.000000000,0.000000000,0.000000000,0.000000000,0.586206897,1.000000000,0.751724138,1.000000000,0.000000000,0.000000000,0.000000000,1.000000000,27.235845566,17.362020493,0.741978467,0.999968708,0.000238083,0.000015181,0.007904164
640,69.323000000,fused_map_f2f,1,1,0,0.057667840,0.015935296,1.000000000,1.000000000,0.100000000,0.010989011,0.010989011,0.035714286,0.002770083,1.000000000,0.000000000,0.000000000,0.000000000,0.000000000,0.000000000,0.550000000,1.000000000,0.730000000,1.000000000,0.000000000,0.000000000,0.000000000,1.000000000,27.341680527,17.363748550,0.741692960,0.999970317,-0.000019353,0.000016169,0.007701848
641,69.433000000,fused_map_f2f,1,1,0,0.055031433,0.017552354,1.000000000,1.000000000,0.100000000,0.010989011,0.010989011,0.035714286,0.002770083,1.000000000,0.000000000,0.000000000,0.000000000,0.000000000,0.000000000,0.542372881,1.000000000,0.725423729,1.000000000,0.000000000,0.000000000,0.000000000,1.000000000,27.461210251,17.365497589,0.742282748,0.999972403,0.000362397,0.000022130,0.007418368
642,69.516000000,fused_map_f2f,1,1,0,0.057103371,0.013735147,1.000000000,1.000000000,0.100000000,0.010989011,0.010989011,0.035714286,0.002770083,1.000000000,0.000000000,0.000000000,0.000000000,0.000000000,0.000000000,0.583333333,1.000000000,0.750000000,1.000000000,0.000000000,0.000000000,0.000000000,1.000000000,27.543739319,17.365156174,0.741762936,0.999973357,0.000178787,0.000015747,0.007296090
643,69.615000000,fused_map_f2f,1,1,0,0.055037400,0.011345504,1.000000000,1.000000000,0.100000000,0.010989011,0.010989011,0.035714286,0.002770083,1.000000000,0.000000000,0.000000000,0.000000000,0.000000000,0.000000000,0.524590164,1.000000000,0.714754098,1.000000000,0.000000000,0.000000000,0.000000000,1.000000000,27.645339966,17.365537643,0.741981268,0.999974191,0.000345827,0.000007562,0.007178805
644,69.721000000,fused_map_f2f,1,1,0,0.056320389,0.015528746,1.000000000,1.000000000,0.100000000,0.010989011,0.010989011,0.035714286,0.002770083,1.000000000,0.000000000,0.000000000,0.000000000,0.000000000,0.000000000,0.534482759,1.000000000,0.720689655,1.000000000,0.000000000,0.000000000,0.000000000,1.000000000,27.767877579,17.366966248,0.741262853,0.999976277,0.000204271,0.000009350,0.006884584
645,69.826000000,fused_map_f2f,1,1,0,0.055840908,0.021374669,1.000000000,1.000000000,0.100000000,0.010989011,0.010989011,0.035714286,0.002770083,1.000000000,0.000000000,0.000000000,0.000000000,0.000000000,0.000000000,0.492063492,1.000000000,0.695238095,1.000000000,0.000000000,0.000000000,0.000000000,1.000000000,27.876073837,17.367399216,0.741389573,0.999977052,0.000181947,-0.000018166,0.006774386
646,69.905000000,fused_map_f2f,1,1,0,0.053543031,0.017577600,1.000000000,1.000000000,0.100000000,0.010989011,0.010989011,0.035714286,0.002770083,1.000000000,0.000000000,0.000000000,0.000000000,0.000000000,0.000000000,0.533333333,1.000000000,0.720000000,1.000000000,0.000000000,0.000000000,0.000000000,1.000000000,27.965969086,17.367269516,0.741509795,0.999977708,0.000089941,0.000008208,0.006672610
647,70.009000000,fused_map_f2f,1,1,0,0.058992024,0.019385142,1.000000000,1.000000000,0.100000000,0.010989011,0.010989011,0.035714286,0.002770083,1.000000000,0.000000000,0.000000000,0.000000000,0.000000000,0.000000000,0.559322034,1.000000000,0.735593220,1.000000000,0.000000000,0.000000000,0.000000000,1.000000000,28.066225052,17.367835999,0.741620421,0.999978423,0.000099411,0.000008204,0.006563488
648,70.132000000,fused_map_f2f,1,1,0,0.054922096,0.017183025,1.000000000,1.000000000,0.100000000,0.010989011,0.010989011,0.035714286,0.002770083,1.000000000,0.000000000,0.000000000,0.000000000,0.000000000,0.000000000,0.516129032,1.000000000,0.709677419,1.000000000,0.000000000,0.000000000,0.000000000,1.000000000,28.212146759,17.369365692,0.741972625,0.999979317,0.000378288,0.000020849,0.006415538
649,70.212000000,fused_map_f2f,1,1,0,0.057937408,0.025055861,1.000000000,1.000000000,0.100000000,0.010989011,0.010989011,0.035714286,0.002770083,1.000000000,0.000000000,0.000000000,0.000000000,0.000000000,0.000000000,0.540983607,1.000000000,0.724590164,1.000000000,0.000000000,0.000000000,0.000000000,1.000000000,28.321958542,17.370279312,0.741754830,0.999980271,0.000436433,0.000021621,0.006267915
650,70.316000000,fused_map_f2f,1,1,0,0.055089284,0.013869652,1.000000000,1.000000000,0.100000000,0.010989011,0.010989011,0.035714286,0.002770083,1.000000000,0.000000000,0.000000000,0.000000000,0.000000000,0.000000000,0.532258065,1.000000000,0.719354839,1.000000000,0.000000000,0.000000000,0.000000000,1.000000000,28.422210693,17.370899200,0.741893053,0.999980628,0.000440980,0.000028705,0.006208595
651,70.419000000,fused_map_f2f,1,1,0,0.055853127,0.016438376,1.000000000,1.000000000,0.100000000,0.010989011,0.010989011,0.035714286,0.002770083,1.000000000,0.000000000,0.000000000,0.000000000,0.000000000,0.000000000,0.523809524,1.000000000,0.714285714,1.000000000,0.000000000,0.000000000,0.000000000,1.000000000,28.556108475,17.373088837,0.741236389,0.999982715,0.000393804,-0.000000027,0.005866826
652,70.534000000,fused_map_f2f,1,1,0,0.058033651,0.019948350,1.000000000,1.000000000,0.100000000,0.010989011,0.010989011,0.035714286,0.002770083,1.000000000,0.000000000,0.000000000,0.000000000,0.000000000,0.000000000,0.539682540,1.000000000,0.723809524,1.000000000,0.000000000,0.000000000,0.000000000,1.000000000,28.671092987,17.373249054,0.742004871,0.999982774,0.000628815,0.000016513,0.005836124
653,70.606000000,fused_map_f2f,1,1,0,0.055494195,0.012578523,1.000000000,1.000000000,0.100000000,0.010989011,0.010989011,0.035714286,0.002770083,1.000000000,0.000000000,0.000000000,0.000000000,0.000000000,0.000000000,0.515151515,1.000000000,0.709090909,1.000000000,0.000000000,0.000000000,0.000000000,1.000000000,28.758975983,17.373807907,0.741340876,0.999983668,0.000264431,-0.000006246,0.005708936
654,70.705000000,fused_map_f2f,1,1,0,0.057377707,0.015286160,1.000000000,1.000000000,0.100000000,0.010989011,0.010989011,0.035714286,0.002770083,1.000000000,0.000000000,0.000000000,0.000000000,0.000000000,0.000000000,0.539682540,1.000000000,0.723809524,1.000000000,0.000000000,0.000000000,0.000000000,1.000000000,28.862579346,17.375022888,0.742207706,0.999983788,0.000709279,0.000020691,0.005643953
655,70.824000000,fused_map_f2f,1,1,0,0.056119399,0.019695517,1.000000000,1.000000000,0.100000000,0.010989011,0.010989011,0.035714286,0.002770083,1.000000000,0.000000000,0.000000000,0.000000000,0.000000000,0.000000000,0.524590164,1.000000000,0.714754098,1.000000000,0.000000000,0.000000000,0.000000000,1.000000000,28.989942551,17.375745773,0.742265403,0.999984562,0.000703602,0.000014263,0.005513765
656,70.911000000,fused_map_f2f,1,1,0,0.057362429,0.015473822,1.000000000,1.000000000,0.100000000,0.010989011,0.010989011,0.035714286,0.002770083,1.000000000,0.000000000,0.000000000,0.000000000,0.000000000,0.000000000,0.555555556,1.000000000,0.733333333,1.000000000,0.000000000,0.000000000,0.000000000,1.000000000,29.090120316,17.376285553,0.742278636,0.999985218,0.000621527,0.000036382,0.005403512
657,71.013000000,fused_map_f2f,1,1,0,0.055183037,0.017919402,1.000000000,1.000000000,0.100000000,0.010989011,0.010989011,0.035714286,0.002770083,1.000000000,0.000000000,0.000000000,0.000000000,0.000000000,0.000000000,0.539682540,1.000000000,0.723809524,1.000000000,0.000000000,0.000000000,0.000000000,1.000000000,29.195766449,17.376251221,0.742057204,0.999985158,0.000567475,0.000055009,0.005417704
658,71.121000000,fused_map_f2f,1,1,0,0.054272802,0.019863367,1.000000000,1.000000000,0.100000000,0.010989011,0.010989011,0.035714286,0.002770083,1.000000000,0.000000000,0.000000000,0.000000000,0.000000000,0.000000000,0.540983607,1.000000000,0.724590164,1.000000000,0.000000000,0.000000000,0.000000000,1.000000000,29.324331284,17.376647949,0.741209090,0.999985933,0.000623697,0.000028701,0.005260296
659,71.226000000,fused_map_f2f,1,1,0,0.050985806,0.015821659,1.000000000,1.000000000,0.100000000,0.010989011,0.010989011,0.035714286,0.002770083,1.000000000,0.000000000,0.000000000,0.000000000,0.000000000,0.000000000,0.548387097,1.000000000,0.729032258,1.000000000,0.000000000,0.000000000,0.000000000,1.000000000,29.429588318,17.376640320,0.741099954,0.999985456,0.000640563,0.000006249,0.005354773
660,71.331000000,fused_map_f2f,1,1,0,0.050875588,0.016639836,1.000000000,1.000000000,0.100000000,0.010989011,0.010989011,0.035714286,0.002770083,1.000000000,0.000000000,0.000000000,0.000000000,0.000000000,0.000000000,0.578947368,0.972237466,0.736263408,1.000000000,0.000000000,0.000000000,0.000000000,1.000000000,29.561752319,17.377481461,0.741947949,0.999986708,0.000594775,0.000036841,0.005114852
661,71.405000000,fused_map_f2f,1,1,0,0.050113710,0.015578848,1.000000000,1.000000000,0.100000000,0.010989011,0.010989011,0.035714286,0.002770083,1.000000000,0.000000000,0.000000000,0.000000000,0.000000000,0.000000000,0.596491228,1.000000000,0.757894737,1.000000000,0.000000000,0.000000000,0.000000000,1.000000000,29.631185532,17.377634048,0.742000341,0.999986470,0.000785254,0.000049849,0.005135849
662,71.529000000,fused_map_f2f,1,1,0,0.051454989,0.020438888,1.000000000,1.000000000,0.100000000,0.010989011,0.010989011,0.035714286,0.002770083,1.000000000,0.000000000,0.000000000,0.000000000,0.000000000,0.000000000,0.507462687,1.000000000,0.704477612,1.000000000,0.000000000,0.000000000,0.000000000,1.000000000,29.787601471,17.379245758,0.742137015,0.999987423,0.000731177,0.000021684,0.004962413
663,71.629000000,fused_map_f2f,1,1,0,0.053122285,0.013472133,1.000000000,1.000000000,0.100000000,0.010989011,0.010989011,0.035714286,0.002770083,1.000000000,0.000000000,0.000000000,0.000000000,0.000000000,0.000000000,0.492307692,1.000000000,0.695384615,1.000000000,0.000000000,0.000000000,0.000000000,1.000000000,29.899553299,17.380104065,0.741677582,0.999987483,0.000760935,0.000028210,0.004942972
664,71.705000000,fused_map_f2f,1,1,0,0.052849988,0.018595450,1.000000000,1.000000000,0.100000000,0.010989011,0.010989011,0.035714286,0.002770083,1.000000000,0.000000000,0.000000000,0.000000000,0.000000000,0.000000000,0.500000000,1.000000000,0.700000000,1.000000000,0.000000000,0.000000000,0.000000000,1.000000000,30.002138138,17.380634308,0.741927803,0.999988198,0.000844817,0.000026869,0.004782521
665,71.814000000,fused_map_f2f,1,1,0,0.054707063,0.016437512,1.000000000,1.000000000,0.100000000,0.010989011,0.010989011,0.035714286,0.002770083,1.000000000,0.000000000,0.000000000,0.000000000,0.000000000,0.000000000,0.515625000,1.000000000,0.709375000,1.000000000,0.000000000,0.000000000,0.000000000,1.000000000,30.110881805,17.380689621,0.741590977,0.999988437,0.000754441,-0.000006543,0.004744175
666,71.922000000,fused_map_f2f,1,1,0,0.055180936,0.017834713,1.000000000,1.000000000,0.100000000,0.010989011,0.010989011,0.035714286,0.002770083,1.000000000,0.000000000,0.000000000,0.000000000,0.000000000,0.000000000,0.576271186,1.000000000,0.745762712,1.000000000,0.000000000,0.000000000,0.000000000,1.000000000,30.235673904,17.380578995,0.742541611,0.999988496,0.000960217,0.000051800,0.004702063
667,72.033000000,fused_map_f2f,1,1,0,0.054158412,0.018641003,1.000000000,1.000000000,0.100000000,0.010989011,0.010989011,0.035714286,0.002770083,1.000000000,0.000000000,0.000000000,0.000000000,0.000000000,0.000000000,0.539682540,1.000000000,0.723809524,1.000000000,0.000000000,0.000000000,0.000000000,1.000000000,30.392435074,17.381389618,0.742757440,0.999989092,0.000860040,0.000036709,0.004590840
668,72.114000000,fused_map_f2f,1,1,0,0.055630158,0.020344787,1.000000000,1.000000000,0.100000000,0.010989011,0.010989011,0.035714286,0.002770083,1.000000000,0.000000000,0.000000000,0.000000000,0.000000000,0.000000000,0.531250000,1.000000000,0.718750000,1.000000000,0.000000000,0.000000000,0.000000000,1.000000000,30.488986969,17.383069992,0.742841065,0.999989450,0.000955024,0.000044573,0.004496291
669,72.219000000,fused_map_f2f,1,1,0,0.052944582,0.019262240,1.000000000,1.000000000,0.100000000,0.010989011,0.010989011,0.035714286,0.002770083,1.000000000,0.000000000,0.000000000,0.000000000,0.000000000,0.000000000,0.500000000,1.000000000,0.700000000,1.000000000,0.000000000,0.000000000,0.000000000,1.000000000,30.589185715,17.383367538,0.742917001,0.999989808,0.000940079,0.000022243,0.004405705
670,72.327000000,fused_map_f2f,1,1,0,0.053095974,0.015642353,1.000000000,1.000000000,0.100000000,0.010989011,0.010989011,0.035714286,0.002770083,1.000000000,0.000000000,0.000000000,0.000000000,0.000000000,0.000000000,0.564516129,1.000000000,0.738709677,1.000000000,0.000000000,0.000000000,0.000000000,1.000000000,30.719421387,17.383790970,0.742887497,0.999989629,0.000958692,0.000043696,0.004450542
671,72.421000000,fused_map_f2f,1,1,0,0.052353005,0.027695783,1.000000000,1.000000000,0.100000000,0.010989011,0.010989011,0.035714286,0.002770083,1.000000000,0.000000000,0.000000000,0.000000000,0.000000000,0.000000000,0.531250000,1.000000000,0.718750000,1.000000000,0.000000000,0.000000000,0.000000000,1.000000000,30.828748703,17.384185791,0.743451416,0.999989569,0.000921750,0.000048933,0.004469963
672,72.531000000,fused_map_f2f,1,1,0,0.051808090,0.023174349,1.000000000,1.000000000,0.100000000,0.010989011,0.010989011,0.035714286,0.002770083,1.000000000,0.000000000,0.000000000,0.000000000,0.000000000,0.000000000,0.546875000,1.000000000,0.728125000,1.000000000,0.000000000,0.000000000,0.000000000,1.000000000,30.976280212,17.384307861,0.743182242,0.999989808,0.000843092,0.000035388,0.004429628
673,72.640000000,fused_map_f2f,1,1,0,0.050974429,0.021815400,1.000000000,1.000000000,0.100000000,0.010989011,0.010989011,0.035714286,0.002770083,1.000000000,0.000000000,0.000000000,0.000000000,0.000000000,0.000000000,0.566666667,1.000000000,0.740000000,1.000000000,0.000000000,0.000000000,0.000000000,1.000000000,31.104917526,17.385065079,0.742877722,0.999989748,0.000938387,0.000043974,0.004426976
674,72.723000000,fused_map_f2f,1,1,0,0.048046828,0.016517383,1.000000000,1.000000000,0.100000000,0.010989011,0.010989011,0.035714286,0.002770083,1.000000000,0.000000000,0.000000000,0.000000000,0.000000000,0.000000000,0.539682540,1.000000000,0.723809524,1.000000000,0.000000000,0.000000000,0.000000000,1.000000000,31.223375320,17.385749817,0.743586957,0.999990106,0.001073549,0.000046714,0.004317855
675,72.833000000,fused_map_f2f,1,1,0,0.048364182,0.014320668,1.000000000,1.000000000,0.100000000,0.010989011,0.010989011,0.035714286,0.002770083,1.000000000,0.000000000,0.000000000,0.000000000,0.000000000,0.000000000,0.523076923,1.000000000,0.713846154,1.000000000,0.000000000,0.000000000,0.000000000,1.000000000,31.381324768,17.387088776,0.743554473,0.999990344,0.001158478,0.000051465,0.004235724
676,72.920000000,fused_map_f2f,1,1,0,0.051658050,0.014811698,1.000000000,1.000000000,0.100000000,0.010989011,0.010989011,0.035714286,0.002770083,1.000000000,0.000000000,0.000000000,0.000000000,0.000000000,0.000000000,0.530303030,1.000000000,0.718181818,1.000000000,0.000000000,0.000000000,0.000000000,1.000000000,31.469396591,17.387489319,0.743514538,0.999989986,0.001246599,0.000103108,0.004291867
677,73.038000000,fused_map_f2f,1,1,0,0.048793263,0.029425930,1.000000000,1.000000000,0.100000000,0.010989011,0.010989011,0.035714286,0.002770083,1.000000000,0.000000000,0.000000000,0.000000000,0.000000000,0.000000000,0.580645161,1.000000000,0.748387097,1.000000000,0.000000000,0.000000000,0.000000000,1.000000000,31.605398178,17.387269974,0.744081378,0.999990344,0.001287440,0.000066424,0.004206819
678,73.109000000,fused_map_f2f,1,1,0,0.050807779,0.031130570,1.000000000,1.000000000,0.100000000,0.010989011,0.010989011,0.035714286,0.002770083,1.000000000,0.000000000,0.000000000,0.000000000,0.000000000,0.000000000,0.507692308,1.000000000,0.704615385,1.000000000,0.000000000,0.000000000,0.000000000,1.000000000,31.718711853,17.387931824,0.743627071,0.999990582,0.001335758,0.000067001,0.004134483
679,73.313000000,fused_map_f2f,1,1,0,0.048800294,0.037918934,1.000000000,1.000000000,0.100000000,0.010989011,0.010989011,0.035714286,0.002770083,1.000000000,0.000000000,0.000000000,0.000000000,0.000000000,0.000000000,0.530303030,1.000000000,0.718181818,1.000000000,0.000000000,0.000000000,0.000000000,1.000000000,31.952543259,17.388475418,0.743417740,0.999990940,0.001190206,0.000064801,0.004090048
680,73.427000000,fused_map_f2f,1,1,0,0.052170832,0.016192530,1.000000000,1.000000000,0.100000000,0.010989011,0.010989011,0.035714286,0.002770083,1.000000000,0.000000000,0.000000000,0.000000000,0.000000000,0.000000000,0.548387097,1.000000000,0.729032258,1.000000000,0.000000000,0.000000000,0.000000000,1.000000000,32.074054718,17.389060974,0.743562520,0.999990940,0.001196650,0.000082891,0.004079241
681,73.540000000,fused_map_f2f,1,1,0,0.050059459,0.014956148,1.000000000,1.000000000,0.100000000,0.010989011,0.010989011,0.035714286,0.002770083,1.000000000,0.000000000,0.000000000,0.000000000,0.000000000,0.000000000,0.514705882,1.000000000,0.708823529,1.000000000,0.000000000,0.000000000,0.000000000,1.000000000,32.187454224,17.389459610,0.743149757,0.999990582,0.001201791,0.000088027,0.004162765
682,73.616000000,fused_map_f2f,1,1,0,0.052996827,0.013362721,1.000000000,1.000000000,0.100000000,0.010989011,0.010989011,0.035714286,0.002770083,1.000000000,0.000000000,0.000000000,0.000000000,0.000000000,0.000000000,0.522388060,1.000000000,0.713432836,1.000000000,0.000000000,0.000000000,0.000000000,1.000000000,32.257453918,17.389488220,0.743172288,0.999990225,0.001183456,0.000072540,0.004257486
683,73.718000000,fused_map_f2f,1,1,0,0.048929119,0.015509916,1.000000000,1.000000000,0.100000000,0.010989011,0.010989011,0.035714286,0.002770083,1.000000000,0.000000000,0.000000000,0.000000000,0.000000000,0.000000000,0.500000000,1.000000000,0.700000000,1.000000000,0.000000000,0.000000000,0.000000000,1.000000000,32.374286652,17.388776779,0.743252158,0.999991179,0.001052815,0.000064824,0.004067260
684,73.829000000,fused_map_f2f,1,1,0,0.050423504,0.018819945,1.000000000,1.000000000,0.100000000,0.010989011,0.010989011,0.035714286,0.002770083,1.000000000,0.000000000,0.000000000,0.000000000,0.000000000,0.000000000,0.545454545,0.889870909,0.683221091,1.000000000,0.000000000,0.000000000,0.000000000,1.000000000,32.472434998,17.388006210,0.743055165,0.999991477,0.000931402,0.000086342,0.004023496
685,73.934000000,fused_map_f2f,1,1,0,0.050486860,0.014424275,1.000000000,1.000000000,0.100000000,0.010989011,0.010989011,0.035714286,0.002770083,1.000000000,0.000000000,0.000000000,0.000000000,0.000000000,0.000000000,0.571428571,0.956164877,0.725323094,1.000000000,0.000000000,0.000000000,0.000000000,1.000000000,32.604164124,17.389520645,0.743357122,0.999991417,0.001046361,0.000074307,0.004010615
686,74.044000000,fused_map_f2f,1,1,0,0.051959085,0.017222436,1.000000000,1.000000000,0.100000000,0.010989011,0.010989011,0.035714286,0.002770083,1.000000000,0.000000000,0.000000000,0.000000000,0.000000000,0.000000000,0.596774194,0.832854266,0.691206223,1.000000000,0.000000000,0.000000000,0.000000000,1.000000000,32.707050323,17.389625549,0.742560327,0.999991596,0.001052868,0.000088841,0.003959276
687,74.113000000,fused_map_f2f,1,1,0,0.050095905,0.018714095,1.000000000,1.000000000,0.100000000,0.010989011,0.010989011,0.035714286,0.002770083,1.000000000,0.000000000,0.000000000,0.000000000,0.000000000,0.000000000,0.546875000,1.000000000,0.728125000,1.000000000,0.000000000,0.000000000,0.000000000,1.000000000,32.767135620,17.390243530,0.742888808,0.999991953,0.001007654,0.000081832,0.003884480
688,74.241000000,fused_map_f2f,1,1,0,0.051464283,0.028270788,1.000000000,1.000000000,0.100000000,0.010989011,0.010989011,0.035714286,0.002770083,1.000000000,0.000000000,0.000000000,0.000000000,0.000000000,0.000000000,0.555555556,1.000000000,0.733333333,1.000000000,0.000000000,0.000000000,0.000000000,1.000000000,32.862331390,17.390430450,0.742826343,0.999992430,0.001070013,0.000096300,0.003734650
689,74.317000000,fused_map_f2f,1,1,0,0.050934542,0.020872388,1.000000000,1.000000000,0.100000000,0.010989011,0.010989011,0.035714286,0.002770083,1.000000000,0.000000000,0.000000000,0.000000000,0.000000000,0.000000000,0.569230769,1.000000000,0.741538462,1.000000000,0.000000000,0.000000000,0.000000000,1.000000000,32.937984467,17.390808105,0.742570758,0.999992847,0.000969711,0.000081714,0.003656993
690,74.419000000,fused_map_f2f,1,1,0,0.048376324,0.009783470,1.000000000,1.000000000,0.100000000,0.010989011,0.010989011,0.035714286,0.002770083,1.000000000,0.000000000,0.000000000,0.000000000,0.000000000,0.000000000,0.537313433,1.000000000,0.722388060,1.000000000,0.000000000,0.000000000,0.000000000,1.000000000,33.006942749,17.389951706,0.742477059,0.999993265,0.000802581,0.000075211,0.003583346
691,74.526000000,fused_map_f2f,1,1,0,0.049891804,0.026060431,1.000000000,1.000000000,0.100000000,0.010989011,0.010989011,0.035714286,0.002770083,1.000000000,0.000000000,0.000000000,0.000000000,0.000000000,0.000000000,0.492307692,1.000000000,0.695384615,1.000000000,0.000000000,0.000000000,0.000000000,1.000000000,33.077590942,17.390249252,0.742231190,0.999993443,0.000930337,0.000083579,0.003499791
692,74.642000000,fused_map_f2f,1,1,0,0.047760718,0.029890982,1.000000000,1.000000000,0.100000000,0.010989011,0.010989011,0.035714286,0.002770083,1.000000000,0.000000000,0.000000000,0.000000000,0.000000000,0.000000000,0.538461538,0.943131476,0.700329513,1.000000000,0.000000000,0.000000000,0.000000000,1.000000000,33.176856995,17.390319824,0.742412746,0.999993980,0.000698188,0.000082562,0.003386892
693,74.713000000,fused_map_f2f,1,1,0,0.047910747,0.012366049,1.000000000,1.000000000,0.100000000,0.010989011,0.010989011,0.035714286,0.002770083,1.000000000,0.000000000,0.000000000,0.000000000,0.000000000,0.000000000,0.560606061,1.000000000,0.736363636,1.000000000,0.000000000,0.000000000,0.000000000,1.000000000,33.226779938,17.390409470,0.742149532,0.999994099,0.000710254,0.000088194,0.003366295
694,74.828000000,fused_map_f2f,1,1,0,0.050032072,0.014553384,1.000000000,1.000000000,0.100000000,0.010989011,0.010989011,0.035714286,0.002770083,1.000000000,0.000000000,0.000000000,0.000000000,0.000000000,0.000000000,0.545454545,0.954622877,0.709121878,1.000000000,0.000000000,0.000000000,0.000000000,1.000000000,33.313430786,17.390832901,0.741595209,0.999994040,0.000823610,0.000086591,0.003356674
695,74.933000000,fused_map_f2f,1,1,0,0.046848649,0.016375740,1.000000000,1.000000000,0.100000000,0.010989011,0.010989011,0.035714286,0.002770083,1.000000000,0.000000000,0.000000000,0.000000000,0.000000000,0.000000000,0.578125000,0.927973283,0.718064313,1.000000000,0.000000000,0.000000000,0.000000000,1.000000000,33.378406525,17.390766144,0.741869152,0.999993861,0.000805674,0.000040115,0.003411184
696,75.025000000,fused_map_f2f,1,1,0,0.047893404,0.020870262,1.000000000,1.000000000,0.100000000,0.010989011,0.010989011,0.035714286,0.002770083,1.000000000,0.000000000,0.000000000,0.000000000,0.000000000,0.000000000,0.544117647,1.000000000,0.726470588,1.000000000,0.000000000,0.000000000,0.000000000,1.000000000,33.435302734,17.390726089,0.742336690,0.999993682,0.000826777,-0.000004407,0.003460122
697,75.126000000,fused_map_f2f,1,1,0,0.047244970,0.016552498,1.000000000,1.000000000,0.100000000,0.010989011,0.010989011,0.035714286,0.002770083,1.000000000,0.000000000,0.000000000,0.000000000,0.000000000,0.000000000,0.546875000,1.000000000,0.728125000,1.000000000,0.000000000,0.000000000,0.000000000,1.000000000,33.526412964,17.390972137,0.741444409,0.999994278,0.000770313,0.000080824,0.003287058
698,75.234000000,fused_map_f2f,1,1,0,0.044692976,0.011852614,1.000000000,1.000000000,0.100000000,0.010989011,0.010989011,0.035714286,0.002770083,1.000000000,0.000000000,0.000000000,0.000000000,0.000000000,0.000000000,0.569230769,0.935312918,0.715663629,1.000000000,0.000000000,0.000000000,0.000000000,1.000000000,33.590866089,17.391035080,0.741688132,0.999994218,0.000768785,0.000033650,0.003304859
699,75.336000000,fused_map_f2f,1,1,0,0.046328970,0.016599151,1.000000000,1.000000000,0.100000000,0.010989011,0.010989011,0.035714286,0.002770083,1.000000000,0.000000000,0.000000000,0.000000000,0.000000000,0.000000000,0.545454545,1.000000000,0.727272727,1.000000000,0.000000000,0.000000000,0.000000000,1.000000000,33.660533905,17.389619827,0.741094768,0.999994516,0.000677626,0.000066326,0.003243981
700,75.432000000,fused_map_f2f,1,1,0,0.045299715,0.021764426,1.000000000,1.000000000,0.100000000,0.010989011,0.010989011,0.035714286,0.002770083,1.000000000,0.000000000,0.000000000,0.000000000,0.000000000,0.000000000,0.484848485,1.000000000,0.690909091,1.000000000,0.000000000,0.000000000,0.000000000,1.000000000,33.767978668,17.390264511,0.741495371,0.999994814,0.000478433,0.000074765,0.003186324
701,75.532000000,fused_map_f2f,1,1,0,0.045736220,0.023554082,1.000000000,1.000000000,0.100000000,0.010989011,0.010989011,0.035714286,0.002770083,1.000000000,0.000000000,0.000000000,0.000000000,0.000000000,0.000000000,0.538461538,1.000000000,0.723076923,1.000000000,0.000000000,0.000000000,0.000000000,1.000000000,33.830875397,17.389841080,0.741644859,0.999994755,0.000646542,0.000080542,0.003174361
702,75.633000000,fused_map_f2f,1,1,0,0.048099501,0.014480618,1.000000000,1.000000000,0.100000000,0.010989011,0.010989011,0.035714286,0.002770083,1.000000000,0.000000000,0.000000000,0.000000000,0.000000000,0.000000000,0.522388060,1.000000000,0.713432836,1.000000000,0.000000000,0.000000000,0.000000000,1.000000000,33.914409637,17.390754700,0.741266370,0.999994874,0.000621842,0.000064690,0.003130751
703,75.737000000,fused_map_f2f,1,1,0,0.046245206,0.029921009,1.000000000,1.000000000,0.100000000,0.010989011,0.010989011,0.035714286,0.002770083,1.000000000,0.000000000,0.000000000,0.000000000,0.000000000,0.000000000,0.514705882,1.000000000,0.708823529,1.000000000,0.000000000,0.000000000,0.000000000,1.000000000,33.980594635,17.390441895,0.741371274,0.999995053,0.000432855,0.000072976,0.003115845
704,75.820000000,fused_map_f2f,1,1,0,0.048009814,0.032096709,1.000000000,1.000000000,0.100000000,0.010989011,0.010989011,0.035714286,0.002770083,1.000000000,0.000000000,0.000000000,0.000000000,0.000000000,0.000000000,0.538461538,1.000000000,0.723076923,1.000000000,0.000000000,0.000000000,0.000000000,1.000000000,34.041259766,17.390127182,0.741030395,0.999995172,0.000420991,0.000079856,0.003067499
705,75.916000000,fused_map_f2f,1,1,0,0.047052090,0.010028527,1.000000000,1.000000000,0.100000000,0.010989011,0.010989011,0.035714286,0.002770083,1.000000000,0.000000000,0.000000000,0.000000000,0.000000000,0.000000000,0.522388060,1.000000000,0.713432836,1.000000000,0.000000000,0.000000000,0.000000000,1.000000000,34.158161163,17.390319824,0.740880847,0.999995530,0.000420202,0.000063342,0.002950729
706,76.015000000,fused_map_f2f,1,1,0,0.045253446,0.017318687,1.000000000,1.000000000,0.100000000,0.010989011,0.010989011,0.035714286,0.002770083,1.000000000,0.000000000,0.000000000,0.000000000,0.000000000,0.000000000,0.545454545,1.000000000,0.727272727,1.000000000,0.000000000,0.000000000,0.000000000,1.000000000,34.222785950,17.390336990,0.740850329,0.999995530,0.000588363,0.000044995,0.002929918
707,76.127000000,fused_map_f2f,1,1,0,0.047459558,0.017882080,1.000000000,1.000000000,0.100000000,0.010989011,0.010989011,0.035714286,0.002770083,1.000000000,0.000000000,0.000000000,0.000000000,0.000000000,0.000000000,0.515151515,1.000000000,0.709090909,1.000000000,0.000000000,0.000000000,0.000000000,1.000000000,34.302516937,17.390611649,0.741096377,0.999995649,0.000562842,-0.000014043,0.002882335
708,76.233000000,fused_map_f2f,1,1,0,0.045745645,0.014653050,1.000000000,1.000000000,0.100000000,0.010989011,0.010989011,0.035714286,0.002770083,1.000000000,0.000000000,0.000000000,0.000000000,0.000000000,0.000000000,0.507042254,0.972644348,0.693283091,1.000000000,0.000000000,0.000000000,0.000000000,1.000000000,34.396854401,17.390163422,0.741307378,0.999995947,0.000470981,0.000074268,0.002815103
709,76.338000000,fused_map_f2f,1,1,0,0.047951105,0.014522566,1.000000000,1.000000000,0.100000000,0.010989011,0.010989011,0.035714286,0.002770083,1.000000000,0.000000000,0.000000000,0.000000000,0.000000000,0.000000000,0.530303030,1.000000000,0.718181818,1.000000000,0.000000000,0.000000000,0.000000000,1.000000000,34.468700409,17.389888763,0.741239965,0.999996126,0.000413807,0.000007932,0.002749027
710,76.418000000,fused_map_f2f,1,1,0,0.047129987,0.030782581,1.000000000,1.000000000,0.100000000,0.010989011,0.010989011,0.035714286,0.002770083,1.000000000,0.000000000,0.000000000,0.000000000,0.000000000,0.000000000,0.530303030,1.000000000,0.718181818,1.000000000,0.000000000,0.000000000,0.000000000,1.000000000,34.555435181,17.391004562,0.741310120,0.999996305,0.000392952,0.000064739,0.002696088
711,76.525000000,fused_map_f2f,1,1,0,0.046452086,0.020595201,1.000000000,1.000000000,0.100000000,0.010989011,0.010989011,0.035714286,0.002770083,1.000000000,0.000000000,0.000000000,0.000000000,0.000000000,0.000000000,0.514285714,0.870498875,0.656770978,1.000000000,0.000000000,0.000000000,0.000000000,1.000000000,34.642620087,17.391426086,0.741154313,0.999996424,0.000474885,0.000075749,0.002621618
712,76.629000000,fused_map_f2f,1,1,0,0.046385568,0.010262642,1.000000000,1.000000000,0.100000000,0.010989011,0.010989011,0.035714286,0.002770083,1.000000000,0.000000000,0.000000000,0.000000000,0.000000000,0.000000000,0.596774194,1.000000000,0.758064516,1.000000000,0.000000000,0.000000000,0.000000000,1.000000000,34.763778687,17.390853882,0.740527332,0.999996662,0.000198683,0.000078430,0.002556294
713,76.733000000,fused_map_f2f,1,1,0,0.046178947,0.021108996,1.000000000,1.000000000,0.100000000,0.010989011,0.010989011,0.035714286,0.002770083,1.000000000,0.000000000,0.000000000,0.000000000,0.000000000,0.000000000,0.530303030,0.961511797,0.702786537,1.000000000,0.000000000,0.000000000,0.000000000,1.000000000,34.838474274,17.391183853,0.740467668,0.999996722,0.000234097,0.000026193,0.002537548
714,76.836000000,fused_map_f2f,1,1,0,0.046840386,0.026985138,1.000000000,1.000000000,0.100000000,0.010989011,0.010989011,0.035714286,0.002770083,1.000000000,0.000000000,0.000000000,0.000000000,0.000000000,0.000000000,0.537313433,1.000000000,0.722388060,1.000000000,0.000000000,0.000000000,0.000000000,1.000000000,34.961925507,17.392417908,0.740599811,0.999996960,0.000360857,0.000072557,0.002432725
715,76.926000000,fused_map_f2f,1,1,0,0.048073843,0.047360388,1.000000000,1.000000000,0.100000000,0.010989011,0.010989011,0.035714286,0.002770083,1.000000000,0.000000000,0.000000000,0.000000000,0.000000000,0.000000000,0.552238806,1.000000000,0.731343284,1.000000000,0.000000000,0.000000000,0.000000000,1.000000000,35.033874512,17.392673492,0.740492046,0.999997020,0.000493243,0.000071477,0.002384247
716,77.029000000,fused_map_f2f,1,1,0,0.047632921,0.017357246,1.000000000,1.000000000,0.100000000,0.010989011,0.010989011,0.035714286,0.002770083,1.000000000,0.000000000,0.000000000,0.000000000,0.000000000,0.000000000,0.584615385,1.000000000,0.750769231,1.000000000,0.000000000,0.000000000,0.000000000,1.000000000,35.165679932,17.392379761,0.740517020,0.999997258,0.000248399,0.000074705,0.002310383
717,77.130000000,fused_map_f2f,1,1,0,0.049866169,0.019304590,1.000000000,1.000000000,0.100000000,0.010989011,0.010989011,0.035714286,0.002770083,1.000000000,0.000000000,0.000000000,0.000000000,0.000000000,0.000000000,0.522388060,1.000000000,0.713432836,1.000000000,0.000000000,0.000000000,0.000000000,1.000000000,35.245212555,17.392723083,0.739826739,0.999997437,0.000363056,0.000071159,0.002236828
718,77.237000000,fused_map_f2f,1,1,0,0.048848838,0.019681564,1.000000000,1.000000000,0.100000000,0.010989011,0.010989011,0.035714286,0.002770083,1.000000000,0.000000000,0.000000000,0.000000000,0.000000000,0.000000000,0.593750000,1.000000000,0.756250000,1.000000000,0.000000000,0.000000000,0.000000000,1.000000000,35.354110718,17.392278671,0.739974678,0.999997616,0.000122253,0.000062862,0.002161892
719,77.317000000,fused_map_f2f,1,1,0,0.047416201,0.019242965,1.000000000,1.000000000,0.100000000,0.010989011,0.010989011,0.035714286,0.002770083,1.000000000,0.000000000,0.000000000,0.000000000,0.000000000,0.000000000,0.515151515,0.711058089,0.593514145,1.000000000,0.000000000,0.000000000,0.000000000,1.000000000,35.415718079,17.392213821,0.740051985,0.999997675,0.000205395,0.000064914,0.002142909
720,77.425000000,fused_map_f2f,1,1,0,0.048867242,0.017639852,1.000000000,1.000000000,0.100000000,0.010989011,0.010989011,0.035714286,0.002770083,1.000000000,0.000000000,0.000000000,0.000000000,0.000000000,0.000000000,0.560606061,1.000000000,0.736363636,1.000000000,0.000000000,0.000000000,0.000000000,1.000000000,35.497722626,17.392589569,0.739590704,0.999997675,0.000388063,0.000058979,0.002117420
721,77.524000000,fused_map_f2f,1,1,0,0.047123908,0.008230549,1.000000000,1.000000000,0.100000000,0.010989011,0.010989011,0.035714286,0.002770083,1.000000000,0.000000000,0.000000000,0.000000000,0.000000000,0.000000000,0.569230769,1.000000000,0.741538462,1.000000000,0.000000000,0.000000000,0.000000000,1.000000000,35.584594727,17.392292023,0.739450157,0.999997795,0.000191196,0.000057044,0.002097692
722,77.629000000,fused_map_f2f,1,1,0,0.049554985,0.015021476,1.000000000,1.000000000,0.100000000,0.010989011,0.010989011,0.035714286,0.002770083,1.000000000,0.000000000,0.000000000,0.000000000,0.000000000,0.000000000,0.558823529,1.000000000,0.735294118,1.000000000,0.000000000,0.000000000,0.000000000,1.000000000,35.654678345,17.392679214,0.739366174,0.999997795,0.000266099,0.000056737,0.002072951
723,77.730000000,fused_map_f2f,1,1,0,0.047021392,0.027353405,1.000000000,1.000000000,0.100000000,0.010989011,0.010989011,0.035714286,0.002770083,1.000000000,0.000000000,0.000000000,0.000000000,0.000000000,0.000000000,0.523076923,1.000000000,0.713846154,1.000000000,0.000000000,0.000000000,0.000000000,1.000000000,35.774307251,17.392084122,0.739876568,0.999997914,0.000117457,0.000064071,0.002025784
724,77.834000000,fused_map_f2f,1,1,0,0.049048106,0.021588525,1.000000000,1.000000000,0.100000000,0.010989011,0.010989011,0.035714286,0.002770083,1.000000000,0.000000000,0.000000000,0.000000000,0.000000000,0.000000000,0.575757576,1.000000000,0.745454545,1.000000000,0.000000000,0.000000000,0.000000000,1.000000000,35.837139130,17.392240524,0.739976466,0.999997795,0.000222592,0.000029670,0.002090991
725,77.947000000,fused_map_f2f,1,1,0,0.047677089,0.014302006,1.000000000,1.000000000,0.100000000,0.010989011,0.010989011,0.035714286,0.002770083,1.000000000,0.000000000,0.000000000,0.000000000,0.000000000,0.000000000,0.575757576,1.000000000,0.745454545,1.000000000,0.000000000,0.000000000,0.000000000,1.000000000,35.950561523,17.392385483,0.739920616,0.999997914,0.000233474,0.000056079,0.002029264
726,78.030000000,fused_map_f2f,1,1,0,0.045009103,0.011599772,1.000000000,1.000000000,0.100000000,0.010989011,0.010989011,0.035714286,0.002770083,1.000000000,0.000000000,0.000000000,0.000000000,0.000000000,0.000000000,0.550724638,1.000000000,0.730434783,1.000000000,0.000000000,0.000000000,0.000000000,1.000000000,36.029487610,17.392692566,0.739829302,0.999997973,0.000277896,0.000047541,0.001988000
727,78.140000000,fused_map_f2f,1,1,0,0.045237509,0.008014642,1.000000000,1.000000000,0.100000000,0.010989011,0.010989011,0.035714286,0.002770083,1.000000000,0.000000000,0.000000000,0.000000000,0.000000000,0.000000000,0.528571429,1.000000000,0.717142857,1.000000000,0.000000000,0.000000000,0.000000000,1.000000000,36.141143799,17.393058777,0.740374446,0.999998033,0.000250040,0.000041396,0.001952874
728,78.217000000,fused_map_f2f,1,1,0,0.044975922,0.013426630,1.000000000,1.000000000,0.100000000,0.010989011,0.010989011,0.035714286,0.002770083,1.000000000,0.000000000,0.000000000,0.000000000,0.000000000,0.000000000,0.528571429,1.000000000,0.717142857,1.000000000,0.000000000,0.000000000,0.000000000,1.000000000,36.186172485,17.393404007,0.740244329,0.999997973,0.000469874,0.000056963,0.001957521
729,78.323000000,fused_map_f2f,1,1,0,0.046959500,0.010815657,1.000000000,1.000000000,0.100000000,0.010989011,0.010989011,0.035714286,0.002770083,1.000000000,0.000000000,0.000000000,0.000000000,0.000000000,0.000000000,0.538461538,1.000000000,0.723076923,1.000000000,0.000000000,0.000000000,0.000000000,1.000000000,36.252460480,17.393987656,0.740581274,0.999998212,0.000664853,0.000062309,0.001779610
730,78.424000000,fused_map_f2f,1,1,0,0.044991891,0.014186989,1.000000000,1.000000000,0.100000000,0.010989011,0.010989011,0.035714286,0.002770083,1.000000000,0.000000000,0.000000000,0.000000000,0.000000000,0.000000000,0.552238806,0.927807113,0.702466129,1.000000000,0.000000000,0.000000000,0.000000000,1.000000000,36.404106140,17.393714905,0.740440249,0.999998093,0.000356944,0.000033168,0.001904211
731,78.529000000,fused_map_f2f,1,1,0,0.046944963,0.024801711,1.000000000,1.000000000,0.100000000,0.010989011,0.010989011,0.035714286,0.002770083,1.000000000,0.000000000,0.000000000,0.000000000,0.000000000,0.000000000,0.593750000,1.000000000,0.756250000,1.000000000,0.000000000,0.000000000,0.000000000,1.000000000,36.472045898,17.393196106,0.741145313,0.999998152,0.000251497,-0.000067854,0.001908345
732,78.630000000,fused_map_f2f,1,1,0,0.045136520,0.015009350,1.000000000,1.000000000,0.100000000,0.010989011,0.010989011,0.035714286,0.002770083,1.000000000,0.000000000,0.000000000,0.000000000,0.000000000,0.000000000,0.582089552,0.926058759,0.719677235,1.000000000,0.000000000,0.000000000,0.000000000,1.000000000,36.583847046,17.393827438,0.740775287,0.999998212,0.000287642,0.000033022,0.001856353
733,78.729000000,fused_map_f2f,1,1,0,0.045055179,0.031002493,1.000000000,1.000000000,0.100000000,0.010989011,0.010989011,0.035714286,0.002770083,1.000000000,0.000000000,0.000000000,0.000000000,0.000000000,0.000000000,0.545454545,1.000000000,0.727272727,1.000000000,0.000000000,0.000000000,0.000000000,1.000000000,36.638988495,17.394039154,0.740757823,0.999997973,0.000474582,0.000082573,0.001941126
734,78.844000000,fused_map_f2f,1,1,0,0.045188818,0.016525220,1.000000000,1.000000000,0.100000000,0.010989011,0.010989011,0.035714286,0.002770083,1.000000000,0.000000000,0.000000000,0.000000000,0.000000000,0.000000000,0.593750000,1.000000000,0.756250000,1.000000000,0.000000000,0.000000000,0.000000000,1.000000000,36.762611389,17.393110275,0.741707981,0.999998152,0.000359204,0.000050299,0.001885438
735,78.944000000,fused_map_f2f,1,1,0,0.045323374,0.023166330,1.000000000,1.000000000,0.100000000,0.010989011,0.010989011,0.035714286,0.002770083,1.000000000,0.000000000,0.000000000,0.000000000,0.000000000,0.000000000,0.569230769,0.866466326,0.688124992,1.000000000,0.000000000,0.000000000,0.000000000,1.000000000,36.832778931,17.393222809,0.741192997,0.999998152,0.000480043,0.000047870,0.001860958
736,79.044000000,fused_map_f2f,1,1,0,0.046372493,0.015659599,1.000000000,1.000000000,0.100000000,0.010989011,0.010989011,0.035714286,0.002770083,1.000000000,0.000000000,0.000000000,0.000000000,0.000000000,0.000000000,0.536231884,1.000000000,0.721739130,1.000000000,0.000000000,0.000000000,0.000000000,1.000000000,36.897758484,17.393503189,0.741150260,0.999998152,0.000474049,0.000053824,0.001870228
737,79.120000000,fused_map_f2f,1,1,0,0.044133522,0.028365755,1.000000000,1.000000000,0.100000000,0.010989011,0.010989011,0.035714286,0.002770083,1.000000000,0.000000000,0.000000000,0.000000000,0.000000000,0.000000000,0.569230769,0.938363731,0.716883954,1.000000000,0.000000000,0.000000000,0.000000000,1.000000000,36.975868225,17.393241882,0.741303742,0.999998152,0.000379534,0.000061876,0.001865135
738,79.230000000,fused_map_f2f,1,1,0,0.044850514,0.024603870,1.000000000,1.000000000,0.100000000,0.010989011,0.010989011,0.035714286,0.002770083,1.000000000,0.000000000,0.000000000,0.000000000,0.000000000,0.000000000,0.538461538,1.000000000,0.723076923,1.000000000,0.000000000,0.000000000,0.000000000,1.000000000,37.051929474,17.393886566,0.741355896,0.999998093,0.000459702,0.000053736,0.001884604
739,79.334000000,fused_map_f2f,1,1,0,0.044932785,0.020087884,1.000000000,1.000000000,0.100000000,0.010989011,0.010989011,0.035714286,0.002770083,1.000000000,0.000000000,0.000000000,0.000000000,0.000000000,0.000000000,0.600000000,1.000000000,0.760000000,1.000000000,0.000000000,0.000000000,0.000000000,1.000000000,37.158946991,17.393419266,0.741075635,0.999998152,0.000391089,0.000072439,0.001864759
740,79.413000000,fused_map_f2f,1,1,0,0.046646615,0.011518785,1.000000000,1.000000000,0.100000000,0.010989011,0.010989011,0.035714286,0.002770083,1.000000000,0.000000000,0.000000000,0.000000000,0.000000000,0.000000000,0.573529412,1.000000000,0.744117647,1.000000000,0.000000000,0.000000000,0.000000000,1.000000000,37.219665527,17.393638611,0.741289556,0.999998152,0.000464635,0.000066505,0.001866509
741,79.526000000,fused_map_f2f,1,1,0,0.044000426,0.014445135,1.000000000,1.000000000,0.100000000,0.010989011,0.010989011,0.035714286,0.002770083,1.000000000,0.000000000,0.000000000,0.000000000,0.000000000,0.000000000,0.514285714,1.000000000,0.708571429,1.000000000,0.000000000,0.000000000,0.000000000,1.000000000,37.377342224,17.394372940,0.741668701,0.999998271,0.000430849,0.000069352,0.001807183
742,79.631000000,fused_map_f2f,1,1,0,0.048041609,0.009222143,1.000000000,1.000000000,0.100000000,0.010989011,0.010989011,0.035714286,0.002770083,1.000000000,0.000000000,0.000000000,0.000000000,0.000000000,0.000000000,0.550724638,1.000000000,0.730434783,1.000000000,0.000000000,0.000000000,0.000000000,1.000000000,37.450313568,17.393259048,0.741705060,0.999998033,0.000330824,0.000028350,0.001937599
743,79.743000000,fused_map_f2f,1,1,0,0.044008343,0.015325672,1.000000000,1.000000000,0.100000000,0.010989011,0.010989011,0.035714286,0.002770083,1.000000000,0.000000000,0.000000000,0.000000000,0.000000000,0.000000000,0.536231884,0.433815679,0.495265402,1.000000000,0.000000000,0.000000000,0.000000000,1.000000000,37.588455200,17.394918442,0.742172062,0.999998331,0.000446145,0.000055830,0.001749804
744,79.815000000,fused_map_f2f,1,1,0,0.044758156,0.030536263,1.000000000,1.000000000,0.100000000,0.010989011,0.010989011,0.035714286,0.002770083,1.000000000,0.000000000,0.000000000,0.000000000,0.000000000,0.000000000,0.528571429,0.937200524,0.692023067,1.000000000,0.000000000,0.000000000,0.000000000,1.000000000,37.641571045,17.394832611,0.741711259,0.999998271,0.000584660,0.000063162,0.001774388
745,79.913000000,fused_map_f2f,1,1,0,0.043804150,0.016332409,1.000000000,1.000000000,0.100000000,0.010989011,0.010989011,0.035714286,0.002770083,1.000000000,0.000000000,0.000000000,0.000000000,0.000000000,0.000000000,0.597014925,0.747698122,0.657288204,1.000000000,0.000000000,0.000000000,0.000000000,1.000000000,37.765110016,17.395004272,0.742288768,0.999998331,0.000626728,0.000079268,0.001728370
746,80.041000000,fused_map_f2f,1,1,0,0.045106051,0.019066907,1.000000000,1.000000000,0.100000000,0.010989011,0.010989011,0.035714286,0.002770083,1.000000000,0.000000000,0.000000000,0.000000000,0.000000000,0.000000000,0.535211268,0.759784945,0.625040739,1.000000000,0.000000000,0.000000000,0.000000000,1.000000000,37.844116211,17.394945145,0.742171288,0.999998271,0.000672152,0.000066314,0.001742661
747,80.144000000,fused_map_f2f,1,1,0,0.045092148,0.023502485,1.000000000,1.000000000,0.100000000,0.010989011,0.010989011,0.035714286,0.002770083,1.000000000,0.000000000,0.000000000,0.000000000,0.000000000,0.000000000,0.535211268,0.418246721,0.488425449,1.000000000,0.000000000,0.000000000,0.000000000,1.000000000,37.960151672,17.395038605,0.742561460,0.999998152,0.000745928,0.000076124,0.001748470
748,80.214000000,fused_map_f2f,1,1,0,0.044810476,0.024907167,1.000000000,1.000000000,0.100000000,0.010989011,0.010989011,0.035714286,0.002770083,1.000000000,0.000000000,0.000000000,0.000000000,0.000000000,0.000000000,0.544117647,0.722652840,0.615531724,1.000000000,0.000000000,0.000000000,0.000000000,1.000000000,38.001445770,17.395175934,0.742430687,0.999998152,0.000747093,0.000057413,0.001777891
749,80.321000000,fused_map_f2f,1,1,0,0.046382249,0.015007482,1.000000000,1.000000000,0.100000000,0.010989011,0.010989011,0.035714286,0.002770083,1.000000000,0.000000000,0.000000000,0.000000000,0.000000000,0.000000000,0.552238806,0.822277488,0.660254279,1.000000000,0.000000000,0.000000000,0.000000000,1.000000000,38.065876007,17.394926071,0.741796076,0.999998093,0.000769711,0.000053892,0.001788533
750,80.425000000,fused_map_f2f,1,1,0,0.043612354,0.013752099,1.000000000,1.000000000,0.100000000,0.010989011,0.010989011,0.035714286,0.002770083,1.000000000,0.000000000,0.000000000,0.000000000,0.000000000,0.000000000,0.571428571,0.816866596,0.669603781,1.000000000,0.000000000,0.000000000,0.000000000,1.000000000,38.169437408,17.394214630,0.742417395,0.999998212,0.000737027,0.000075059,0.001734060
751,80.529000000,fused_map_f2f,1,1,0,0.043110413,0.017611077,1.000000000,1.000000000,0.100000000,0.010989011,0.010989011,0.035714286,0.002770083,1.000000000,0.000000000,0.000000000,0.000000000,0.000000000,0.000000000,0.513888889,0.886928470,0.663104721,1.000000000,0.000000000,0.000000000,0.000000000,1.000000000,38.227443695,17.394309998,0.741956294,0.999998093,0.000810177,0.000064450,0.001770319
752,80.636000000,fused_map_f2f,1,1,0,0.046370239,0.031408744,1.000000000,1.000000000,0.100000000,0.010989011,0.010989011,0.035714286,0.002770083,1.000000000,0.000000000,0.000000000,0.000000000,0.000000000,0.000000000,0.567164179,1.000000000,0.740298507,1.000000000,0.000000000,0.000000000,0.000000000,1.000000000,38.282882690,17.394390106,0.742230892,0.999997973,0.000943006,0.000061885,0.001779299
753,80.734000000,fused_map_f2f,1,1,0,0.046538317,0.013745182,1.000000000,1.000000000,0.100000000,0.010989011,0.010989011,0.035714286,0.002770083,1.000000000,0.000000000,0.000000000,0.000000000,0.000000000,0.000000000,0.558823529,0.855514393,0.677499875,1.000000000,0.000000000,0.000000000,0.000000000,1.000000000,38.350044250,17.395019531,0.741831422,0.999998093,0.000864346,0.000090173,0.001730465
754,80.830000000,fused_map_f2f,1,1,0,0.045659623,0.025010361,1.000000000,1.000000000,0.100000000,0.010989011,0.010989011,0.035714286,0.002770083,1.000000000,0.000000000,0.000000000,0.000000000,0.000000000,0.000000000,0.528571429,0.399017079,0.476749689,1.000000000,0.000000000,0.000000000,0.000000000,1.000000000,38.424064636,17.395341873,0.742132485,0.999998152,0.000858409,0.000087815,0.001716958
755,80.939000000,fused_map_f2f,1,1,0,0.047871102,0.015216353,1.000000000,1.000000000,0.100000000,0.010989011,0.010989011,0.035714286,0.002770083,1.000000000,0.000000000,0.000000000,0.000000000,0.000000000,0.000000000,0.558823529,0.402368187,0.496241393,1.000000000,0.000000000,0.000000000,0.000000000,1.000000000,38.480789185,17.395370483,0.742309928,0.999997914,0.000907987,0.000061867,0.001810361
756,81.041000000,fused_map_f2f,1,1,0,0.046336057,0.013526953,1.000000000,1.000000000,0.100000000,0.010989011,0.010989011,0.035714286,0.002770083,1.000000000,0.000000000,0.000000000,0.000000000,0.000000000,0.000000000,0.537313433,0.916140797,0.688844379,1.000000000,0.000000000,0.000000000,0.000000000,1.000000000,38.578094482,17.394336700,0.741786063,0.999998093,0.000900601,0.000083502,0.001717215
757,81.139000000,fused_map_f2f,1,1,0,0.046348799,0.019434162,1.000000000,1.000000000,0.100000000,0.010989011,0.010989011,0.035714286,0.002770083,1.000000000,0.000000000,0.000000000,0.000000000,0.000000000,0.000000000,0.565217391,1.000000000,0.739130435,1.000000000,0.000000000,0.000000000,0.000000000,1.000000000,38.642269135,17.395006180,0.742074549,0.999998152,0.000905832,0.000082704,0.001707163
758,81.242000000,fused_map_f2f,1,1,0,0.047880255,0.012651254,1.000000000,1.000000000,0.100000000,0.010989011,0.010989011,0.035714286,0.002770083,1.000000000,0.000000000,0.000000000,0.000000000,0.000000000,0.000000000,0.600000000,0.706925456,0.642770182,1.000000000,0.000000000,0.000000000,0.000000000,1.000000000,38.681133270,17.395166397,0.742129087,0.999998093,0.001012194,0.000102169,0.001640298
759,81.313000000,fused_map_f2f,1,1,0,0.044951039,0.011769453,1.000000000,1.000000000,0.100000000,0.010989011,0.010989011,0.035714286,0.002770083,1.000000000,0.000000000,0.000000000,0.000000000,0.000000000,0.000000000,0.597014925,0.769114607,0.665854798,1.000000000,0.000000000,0.000000000,0.000000000,1.000000000,38.789436340,17.394918442,0.741655529,0.999998331,0.000740360,0.000095500,0.001643340
760,81.424000000,fused_map_f2f,1,1,0,0.046777591,0.020335050,1.000000000,1.000000000,0.100000000,0.010989011,0.010989011,0.035714286,0.002770083,1.000000000,0.000000000,0.000000000,0.000000000,0.000000000,0.000000000,0.582089552,1.000000000,0.749253731,1.000000000,0.000000000,0.000000000,0.000000000,1.000000000,38.839466095,17.394815445,0.741629601,0.999998331,0.000807060,0.000097924,0.001641614
761,81.536000000,fused_map_f2f,1,1,0,0.048609964,0.015847367,1.000000000,1.000000000,0.100000000,0.010989011,0.010989011,0.035714286,0.002770083,1.000000000,0.000000000,0.000000000,0.000000000,0.000000000,0.000000000,0.588235294,1.000000000,0.752941176,1.000000000,0.000000000,0.000000000,0.000000000,1.000000000,38.882213593,17.394065857,0.742160201,0.999998510,0.000772170,0.000027026,0.001538758
762,81.641000000,fused_map_f2f,1,1,0,0.047363411,0.012963785,1.000000000,1.000000000,0.100000000,0.010989011,0.010989011,0.035714286,0.002770083,1.000000000,0.000000000,0.000000000,0.000000000,0.000000000,0.000000000,0.527777778,0.805974045,0.639056284,1.000000000,0.000000000,0.000000000,0.000000000,1.000000000,38.955669403,17.394666672,0.741406202,0.999998391,0.000722911,0.000094116,0.001631500
763,81.735000000,fused_map_f2f,1,1,0,0.048167250,0.012288636,1.000000000,1.000000000,0.100000000,0.010989011,0.010989011,0.035714286,0.002770083,1.000000000,0.000000000,0.000000000,0.000000000,0.000000000,0.000000000,0.550724638,0.413486375,0.495829332,1.000000000,0.000000000,0.000000000,0.000000000,1.000000000,38.997428894,17.394443512,0.741388738,0.999998450,0.000741622,0.000091331,0.001579888
764,81.813000000,fused_map_f2f,1,1,0,0.048447553,0.013253841,1.000000000,1.000000000,0.100000000,0.010989011,0.010989011,0.035714286,0.002770083,1.000000000,0.000000000,0.000000000,0.000000000,0.000000000,0.000000000,0.575757576,0.343595856,0.482892888,1.000000000,0.000000000,0.000000000,0.000000000,1.000000000,39.027633667,17.394504547,0.741128266,0.999998391,0.000829566,0.000089695,0.001595889
765,81.938000000,fused_map_f2f,1,1,0,0.049619272,0.010961551,1.000000000,1.000000000,0.100000000,0.010989011,0.010989011,0.035714286,0.002770083,1.000000000,0.000000000,0.000000000,0.000000000,0.000000000,0.000000000,0.565217391,0.401332467,0.499663421,1.000000000,0.000000000,0.000000000,0.000000000,1.000000000,39.075901031,17.395017624,0.741242349,0.999998569,0.000616604,0.000088740,0.001553228
766,82.045000000,fused_map_f2f,1,1,0,0.047293419,0.006230034,1.000000000,1.000000000,0.100000000,0.010989011,0.010989011,0.035714286,0.002770083,1.000000000,0.000000000,0.000000000,0.000000000,0.000000000,0.000000000,0.513888889,0.485029071,0.502344962,1.000000000,0.000000000,0.000000000,0.000000000,1.000000000,39.164714813,17.394783020,0.741307259,0.999998748,0.000523837,0.000077981,0.001503722
767,82.131000000,fused_map_f2f,1,1,0,0.048571903,0.020982952,1.000000000,1.000000000,0.100000000,0.010989011,0.010989011,0.035714286,0.002770083,1.000000000,0.000000000,0.000000000,0.000000000,0.000000000,0.000000000,0.557142857,0.435551016,0.508506121,1.000000000,0.000000000,0.000000000,0.000000000,1.000000000,39.198829651,17.394073486,0.741016865,0.999998748,0.000516720,0.000086929,0.001485606
768,82.244000000,fused_map_f2f,1,1,0,0.049568706,0.020739221,1.000000000,1.000000000,0.100000000,0.010989011,0.010989011,0.035714286,0.002770083,1.000000000,0.000000000,0.000000000,0.000000000,0.000000000,0.000000000,0.513513514,0.782381812,0.621060833,1.000000000,0.000000000,0.000000000,0.000000000,1.000000000,39.239212036,17.394300461,0.741113186,0.999998689,0.000712552,0.000091640,0.001438994
769,82.338000000,fused_map_f2f,1,1,0,0.049225372,0.015188671,1.000000000,1.000000000,0.100000000,0.010989011,0.010989011,0.035714286,0.002770083,1.000000000,0.000000000,0.000000000,0.000000000,0.000000000,0.000000000,0.534246575,0.869619191,0.668395621,1.000000000,0.000000000,0.000000000,0.000000000,1.000000000,39.270500183,17.395080566,0.740908086,0.999998450,0.000925609,0.000152979,0.001476831
770,82.416000000,fused_map_f2f,1,1,0,0.050468388,0.016083350,1.000000000,1.000000000,0.100000000,0.010989011,0.010989011,0.035714286,0.002770083,1.000000000,0.000000000,0.000000000,0.000000000,0.000000000,0.000000000,0.536231884,0.857887025,0.664893941,1.000000000,0.000000000,0.000000000,0.000000000,1.000000000,39.297775269,17.394355774,0.741391003,0.999998629,0.000795367,0.000096764,0.001440075
771,82.516000000,fused_map_f2f,1,1,0,0.049562442,0.012349981,1.000000000,1.000000000,0.100000000,0.010989011,0.010989011,0.035714286,0.002770083,1.000000000,0.000000000,0.000000000,0.000000000,0.000000000,0.000000000,0.565217391,1.000000000,0.739130435,1.000000000,0.000000000,0.000000000,0.000000000,1.000000000,39.341888428,17.394329071,0.741017044,0.999998689,0.000784440,0.000093909,0.001414946
772,82.617000000,fused_map_f2f,1,1,0,0.046137610,0.005713058,1.000000000,1.000000000,0.100000000,0.010989011,0.010989011,0.035714286,0.002770083,1.000000000,0.000000000,0.000000000,0.000000000,0.000000000,0.000000000,0.557142857,1.000000000,0.734285714,1.000000000,0.000000000,0.000000000,0.000000000,1.000000000,39.397064209,17.393909454,0.741481304,0.999998748,0.000661361,0.000086869,0.001424102
773,82.725000000,fused_map_f2f,1,1,0,0.046629531,0.014450011,1.000000000,1.000000000,0.100000000,0.010989011,0.010989011,0.035714286,0.002770083,1.000000000,0.000000000,0.000000000,0.000000000,0.000000000,0.000000000,0.557142857,0.532400650,0.547245974,1.000000000,0.000000000,0.000000000,0.000000000,1.000000000,39.436393738,17.395090103,0.741523147,0.999998629,0.000840160,0.000088187,0.001402608
774,82.821000000,fused_map_f2f,1,1,0,0.047331040,0.016940544,1.000000000,1.000000000,0.100000000,0.010989011,0.010989011,0.035714286,0.002770083,1.000000000,0.000000000,0.000000000,0.000000000,0.000000000,0.000000000,0.521126761,0.320529522,0.440887865,1.000000000,0.000000000,0.000000000,0.000000000,1.000000000,39.472843170,17.394367218,0.741377115,0.999998629,0.000857385,0.000100979,0.001418144
775,82.916000000,fused_map_f2f,1,1,0,0.046870638,0.013586455,1.000000000,1.000000000,0.100000000,0.010989011,0.010989011,0.035714286,0.002770083,1.000000000,0.000000000,0.000000000,0.000000000,0.000000000,0.000000000,0.573529412,0.449251414,0.523818212,1.000000000,0.000000000,0.000000000,0.000000000,1.000000000,39.545303345,17.394128799,0.741144478,0.999998748,0.000726199,0.000108625,0.001398514
776,83.022000000,fused_map_f2f,1,1,0,0.046298458,0.039154258,1.000000000,1.000000000,0.100000000,0.010989011,0.010989011,0.035714286,0.002770083,1.000000000,0.000000000,0.000000000,0.000000000,0.000000000,0.000000000,0.507042254,0.308768941,0.427732928,1.000000000,0.000000000,0.000000000,0.000000000,1.000000000,39.593090057,17.393547058,0.740781188,0.999998808,0.000588359,0.000071247,0.001414621
777,83.118000000,fused_map_f2f,1,1,0,0.047172523,0.013409635,1.000000000,1.000000000,0.100000000,0.010989011,0.010989011,0.035714286,0.002770083,1.000000000,0.000000000,0.000000000,0.000000000,0.000000000,0.000000000,0.549295775,0.490106352,0.525620006,1.000000000,0.000000000,0.000000000,0.000000000,1.000000000,39.647975922,17.394834518,0.741470993,0.999998748,0.000829085,0.000099400,0.001346859
778,83.217000000,fused_map_f2f,1,1,0,0.045795574,0.017791348,1.000000000,1.000000000,0.100000000,0.010989011,0.010989011,0.035714286,0.002770083,1.000000000,0.000000000,0.000000000,0.000000000,0.000000000,0.000000000,0.550724638,0.467602897,0.517475941,1.000000000,0.000000000,0.000000000,0.000000000,1.000000000,39.774787903,17.394166946,0.741383791,0.999998927,0.000659083,0.000093219,0.001312316
779,83.314000000,fused_map_f2f,1,1,0,0.046239136,0.013664261,1.000000000,1.000000000,0.100000000,0.010989011,0.010989011,0.035714286,0.002770083,1.000000000,0.000000000,0.000000000,0.000000000,0.000000000,0.000000000,0.493150685,0.293347702,0.413229492,1.000000000,0.000000000,0.000000000,0.000000000,1.000000000,39.824676514,17.394464493,0.740851641,0.999998808,0.000837880,0.000094464,0.001304060
780,83.415000000,fused_map_f2f,1,1,0,0.048496976,0.014561023,1.000000000,1.000000000,0.100000000,0.010989011,0.010989011,0.035714286,0.002770083,1.000000000,0.000000000,0.000000000,0.000000000,0.000000000,0.000000000,0.555555556,0.758927681,0.636904406,1.000000000,0.000000000,0.000000000,0.000000000,1.000000000,39.875450134,17.394121170,0.740770876,0.999998868,0.000836191,0.000062589,0.001241030
781,83.518000000,fused_map_f2f,1,1,0,0.046921409,0.012881293,1.000000000,1.000000000,0.100000000,0.010989011,0.010989011,0.035714286,0.002770083,1.000000000,0.000000000,0.000000000,0.000000000,0.000000000,0.000000000,0.527777778,0.807227938,0.639557842,1.000000000,0.000000000,0.000000000,0.000000000,1.000000000,39.971218109,17.394573212,0.741149187,0.999998868,0.000766109,0.000094133,0.001275684
782,83.621000000,fused_map_f2f,1,1,0,0.047271398,0.025019652,1.000000000,1.000000000,0.100000000,0.010989011,0.010989011,0.035714286,0.002770083,1.000000000,0.000000000,0.000000000,0.000000000,0.000000000,0.000000000,0.529411765,0.873239316,0.666942785,1.000000000,0.000000000,0.000000000,0.000000000,1.000000000,40.029067993,17.394905090,0.740677655,0.999998808,0.000889931,0.000100443,0.001246527
783,83.718000000,fused_map_f2f,1,1,0,0.049197820,0.029827065,1.000000000,1.000000000,0.100000000,0.010989011,0.010989011,0.035714286,0.002770083,1.000000000,0.000000000,0.000000000,0.000000000,0.000000000,0.000000000,0.500000000,0.369323560,0.447729424,1.000000000,0.000000000,0.000000000,0.000000000,1.000000000,40.084732056,17.395320892,0.741121888,0.999998808,0.000897217,0.000099778,0.001241709
784,83.827000000,fused_map_f2f,1,1,0,0.047637056,0.020983475,1.000000000,1.000000000,0.100000000,0.010989011,0.010989011,0.035714286,0.002770083,1.000000000,0.000000000,0.000000000,0.000000000,0.000000000,0.000000000,0.527777778,0.429795332,0.488584799,1.000000000,0.000000000,0.000000000,0.000000000,1.000000000,40.179386139,17.395154953,0.740637898,0.999998927,0.000779725,0.000103385,0.001233801
785,83.930000000,fused_map_f2f,1,1,0,0.050053509,0.015651008,1.000000000,1.000000000,0.100000000,0.010989011,0.010989011,0.035714286,0.002770083,1.000000000,0.000000000,0.000000000,0.000000000,0.000000000,0.000000000,0.542857143,0.407138675,0.488569756,1.000000000,0.000000000,0.000000000,0.000000000,1.000000000,40.236942291,17.394868851,0.740689039,0.999998927,0.000854091,0.000076599,0.001185072
786,84.031000000,fused_map_f2f,1,1,0,0.050137318,0.021224084,1.000000000,1.000000000,0.100000000,0.010989011,0.010989011,0.035714286,0.002770083,1.000000000,0.000000000,0.000000000,0.000000000,0.000000000,0.000000000,0.541666667,0.415039820,0.491015928,1.000000000,0.000000000,0.000000000,0.000000000,1.000000000,40.292407990,17.395301819,0.740428269,0.999998808,0.000886850,0.000054127,0.001236804
787,84.130000000,fused_map_f2f,1,1,0,0.047983073,0.011931006,1.000000000,1.000000000,0.100000000,0.010989011,0.010989011,0.035714286,0.002770083,1.000000000,0.000000000,0.000000000,0.000000000,0.000000000,0.000000000,0.507042254,0.367295148,0.451143411,1.000000000,0.000000000,0.000000000,0.000000000,1.000000000,40.388969421,17.395261765,0.740912557,0.999998868,0.000809002,0.000097221,0.001233945
788,84.237000000,fused_map_f2f,1,1,0,0.048293871,0.017189976,1.000000000,1.000000000,0.100000000,0.010989011,0.010989011,0.035714286,0.002770083,1.000000000,0.000000000,0.000000000,0.000000000,0.000000000,0.000000000,0.549295775,0.372565777,0.478603776,1.000000000,0.000000000,0.000000000,0.000000000,1.000000000,40.448497772,17.395294189,0.740946293,0.999998808,0.000916033,0.000091646,0.001224553
789,84.337000000,fused_map_f2f,1,1,0,0.048167299,0.026627459,1.000000000,1.000000000,0.100000000,0.010989011,0.010989011,0.035714286,0.002770083,1.000000000,0.000000000,0.000000000,0.000000000,0.000000000,0.000000000,0.527777778,0.468767831,0.504173799,1.000000000,0.000000000,0.000000000,0.000000000,1.000000000,40.539299011,17.395078659,0.741049945,0.999998987,0.000768461,0.000102882,0.001211294
790,84.435000000,fused_map_f2f,1,1,0,0.047439923,0.024499735,1.000000000,1.000000000,0.100000000,0.010989011,0.010989011,0.035714286,0.002770083,1.000000000,0.000000000,0.000000000,0.000000000,0.000000000,0.000000000,0.534246575,0.274021762,0.430156650,1.000000000,0.000000000,0.000000000,0.000000000,1.000000000,40.593894958,17.394603729,0.741054773,0.999998987,0.000676624,0.000043983,0.001237687
791,84.515000000,fused_map_f2f,1,1,0,0.047819792,0.019707470,1.000000000,1.000000000,0.100000000,0.010989011,0.010989011,0.035714286,0.002770083,1.000000000,0.000000000,0.000000000,0.000000000,0.000000000,0.000000000,0.550724638,0.455593967,0.512672370,1.000000000,0.000000000,0.000000000,0.000000000,1.000000000,40.642562866,17.395483017,0.741043389,0.999998987,0.000792065,0.000102427,0.001196608
792,84.618000000,fused_map_f2f,1,1,0,0.049656391,0.012131605,1.000000000,1.000000000,0.100000000,0.010989011,0.010989011,0.035714286,0.002770083,1.000000000,0.000000000,0.000000000,0.000000000,0.000000000,0.000000000,0.506666667,0.278571001,0.415428400,1.000000000,0.000000000,0.000000000,0.000000000,1.000000000,40.741214752,17.395952225,0.740479469,0.999998868,0.000902586,0.000103307,0.001172933
793,84.719000000,fused_map_f2f,1,1,0,0.049918931,0.007498630,1.000000000,1.000000000,0.100000000,0.010989011,0.010989011,0.035714286,0.002770083,1.000000000,0.000000000,0.000000000,0.000000000,0.000000000,0.000000000,0.557142857,0.383532578,0.487698745,1.000000000,0.000000000,0.000000000,0.000000000,1.000000000,40.794872284,17.395851135,0.740963042,0.999998808,0.000918969,0.000084431,0.001201555
794,84.821000000,fused_map_f2f,1,1,0,0.049990941,0.011807531,1.000000000,1.000000000,0.100000000,0.010989011,0.010989011,0.035714286,0.002770083,1.000000000,0.000000000,0.000000000,0.000000000,0.000000000,0.000000000,0.500000000,0.315146120,0.426058448,1.000000000,0.000000000,0.000000000,0.000000000,1.000000000,40.842300415,17.395858765,0.740716279,0.999998629,0.001076593,0.000152065,0.001253176
795,84.923000000,fused_map_f2f,1,1,0,0.049148916,0.015680652,1.000000000,1.000000000,0.100000000,0.010989011,0.010989011,0.035714286,0.002770083,1.000000000,0.000000000,0.000000000,0.000000000,0.000000000,0.000000000,0.547945205,0.515435825,0.534941453,1.000000000,0.000000000,0.000000000,0.000000000,1.000000000,40.978412628,17.395214081,0.740479589,0.999998987,0.000741386,0.000086149,0.001192894
796,85.021000000,fused_map_f2f,1,1,0,0.050696605,0.016598645,1.000000000,1.000000000,0.100000000,0.010989011,0.010989011,0.035714286,0.002770083,1.000000000,0.000000000,0.000000000,0.000000000,0.000000000,0.000000000,0.493150685,0.338073886,0.431119966,1.000000000,0.000000000,0.000000000,0.000000000,1.000000000,41.037689209,17.396419525,0.740742028,0.999998987,0.000784415,0.000086747,0.001163284
797,85.118000000,fused_map_f2f,1,1,0,0.050291304,0.031708457,1.000000000,1.000000000,0.100000000,0.010989011,0.010989011,0.035714286,0.002770083,1.000000000,0.000000000,0.000000000,0.000000000,0.000000000,0.000000000,0.536231884,0.454229266,0.503430837,1.000000000,0.000000000,0.000000000,0.000000000,1.000000000,41.178276062,17.395713806,0.739960194,0.999999046,0.000730073,0.000086244,0.001144435
798,85.245000000,fused_map_f2f,1,1,0,0.050775586,0.027525646,1.000000000,1.000000000,0.100000000,0.010989011,0.010989011,0.035714286,0.002770083,1.000000000,0.000000000,0.000000000,0.000000000,0.000000000,0.000000000,0.542857143,0.307256245,0.448616784,1.000000000,0.000000000,0.000000000,0.000000000,1.000000000,41.249412537,17.395982742,0.739186227,0.999999046,0.000726959,0.000095118,0.001133873
799,85.337000000,fused_map_f2f,1,1,0,0.049669829,0.024307319,1.000000000,1.000000000,0.100000000,0.010989011,0.010989011,0.035714286,0.002770083,1.000000000,0.000000000,0.000000000,0.000000000,0.000000000,0.000000000,0.541666667,0.452694642,0.506077857,1.000000000,0.000000000,0.000000000,0.000000000,1.000000000,41.344181061,17.395799637,0.739602029,0.999999166,0.000609029,0.000085657,0.001147980
800,85.429000000,fused_map_f2f,1,1,0,0.050837282,0.027094702,1.000000000,1.000000000,0.100000000,0.010989011,0.010989011,0.035714286,0.002770083,1.000000000,0.000000000,0.000000000,0.000000000,0.000000000,0.000000000,0.563380282,0.468287797,0.525343288,1.000000000,0.000000000,0.000000000,0.000000000,1.000000000,41.398365021,17.395023346,0.739775717,0.999999106,0.000639677,0.000081588,0.001148834
801,85.535000000,fused_map_f2f,1,1,0,0.053870685,0.013159336,1.000000000,1.000000000,0.100000000,0.010989011,0.010989011,0.035714286,0.002770083,1.000000000,0.000000000,0.000000000,0.000000000,0.000000000,0.000000000,0.500000000,0.273016568,0.409206627,1.000000000,0.000000000,0.000000000,0.000000000,1.000000000,41.456592560,17.395135880,0.739859223,0.999999106,0.000645781,0.000052669,0.001134348
802,85.630000000,fused_map_f2f,1,1,0,0.051681149,0.011670138,1.000000000,1.000000000,0.100000000,0.010989011,0.010989011,0.035714286,0.002770083,1.000000000,0.000000000,0.000000000,0.000000000,0.000000000,0.000000000,0.513513514,0.409828140,0.472039364,1.000000000,0.000000000,0.000000000,0.000000000,1.000000000,41.528553009,17.395179749,0.739837110,0.999999166,0.000589074,0.000086015,0.001126997
803,85.728000000,fused_map_f2f,1,1,0,0.050251460,0.013607710,1.000000000,1.000000000,0.100000000,0.010989011,0.010989011,0.035714286,0.002770083,1.000000000,0.000000000,0.000000000,0.000000000,0.000000000,0.000000000,0.506849315,0.648692420,0.563586557,1.000000000,0.000000000,0.000000000,0.000000000,1.000000000,41.603218079,17.395149231,0.739769995,0.999999225,0.000523624,0.000084817,0.001116314
804,85.840000000,fused_map_f2f,1,1,0,0.051495175,0.016136062,1.000000000,1.000000000,0.100000000,0.010989011,0.010989011,0.035714286,0.002770083,1.000000000,0.000000000,0.000000000,0.000000000,0.000000000,0.000000000,0.541666667,0.568484528,0.552393811,1.000000000,0.000000000,0.000000000,0.000000000,1.000000000,41.667110443,17.394939423,0.739748240,0.999999285,0.000568159,0.000050150,0.001042285
805,85.938000000,fused_map_f2f,1,1,0,0.049633616,0.023867802,1.000000000,1.000000000,0.100000000,0.010989011,0.010989011,0.035714286,0.002770083,1.000000000,0.000000000,0.000000000,0.000000000,0.000000000,0.000000000,0.527777778,0.558494956,0.540064649,1.000000000,0.000000000,0.000000000,0.000000000,1.000000000,41.773983002,17.395370483,0.739812076,0.999999285,0.000491392,0.000096076,0.001067835
806,86.035000000,fused_map_f2f,1,1,0,0.050375926,0.016860530,1.000000000,1.000000000,0.100000000,0.010989011,0.010989011,0.035714286,0.002770083,1.000000000,0.000000000,0.000000000,0.000000000,0.000000000,0.000000000,0.520000000,0.469874417,0.499949767,1.000000000,0.000000000,0.000000000,0.000000000,1.000000000,41.830425262,17.395864487,0.739730835,0.999999285,0.000584174,0.000108040,0.001057691
807,86.119000000,fused_map_f2f,1,1,0,0.051788198,0.012005998,1.000000000,1.000000000,0.100000000,0.010989011,0.010989011,0.035714286,0.002770083,1.000000000,0.000000000,0.000000000,0.000000000,0.000000000,0.000000000,0.520000000,0.489741184,0.507896473,1.000000000,0.000000000,0.000000000,0.000000000,1.000000000,41.878234863,17.395332336,0.739896119,0.999999344,0.000486956,0.000060014,0.001013264
808,86.242000000,fused_map_f2f,1,1,0,0.051183027,0.017416740,1.000000000,1.000000000,0.100000000,0.010989011,0.010989011,0.035714286,0.002770083,1.000000000,0.000000000,0.000000000,0.000000000,0.000000000,0.000000000,0.527777778,0.460447017,0.500845474,1.000000000,0.000000000,0.000000000,0.000000000,1.000000000,41.956653595,17.395883560,0.739474356,0.999999285,0.000576017,0.000115992,0.001044602
809,86.337000000,fused_map_f2f,1,1,0,0.050891682,0.018606420,1.000000000,1.000000000,0.100000000,0.010989011,0.010989011,0.035714286,0.002770083,1.000000000,0.000000000,0.000000000,0.000000000,0.000000000,0.000000000,0.486842105,0.249778823,0.392016792,1.000000000,0.000000000,0.000000000,0.000000000,1.000000000,42.025836945,17.394920349,0.739635408,0.999999344,0.000428353,0.000110439,0.001026413
810,86.414000000,fused_map_f2f,1,1,0,0.051930175,0.020205823,1.000000000,1.000000000,0.100000000,0.010989011,0.010989011,0.035714286,0.002770083,1.000000000,0.000000000,0.000000000,0.000000000,0.000000000,0.000000000,0.480519481,0.265196529,0.394390300,1.000000000,0.000000000,0.000000000,0.000000000,1.000000000,42.066528320,17.395593643,0.739436805,0.999999225,0.000655426,0.000138407,0.001053211
811,86.514000000,fused_map_f2f,1,1,0,0.051833756,0.016320374,1.000000000,1.000000000,0.100000000,0.010989011,0.010989011,0.035714286,0.002770083,1.000000000,0.000000000,0.000000000,0.000000000,0.000000000,0.000000000,0.528571429,0.491221641,0.513631513,1.000000000,0.000000000,0.000000000,0.000000000,1.000000000,42.185791016,17.394922256,0.739337087,0.999999344,0.000445137,0.000114833,0.001031003
812,86.615000000,fused_map_f2f,1,1,0,0.051342724,0.008671072,1.000000000,1.000000000,0.100000000,0.010989011,0.010989011,0.035714286,0.002770083,1.000000000,0.000000000,0.000000000,0.000000000,0.000000000,0.000000000,0.541666667,0.518278624,0.532311450,1.000000000,0.000000000,0.000000000,0.000000000,1.000000000,42.250484467,17.395326614,0.739308894,0.999999344,0.000422257,0.000082956,0.001048872
813,86.718000000,fused_map_f2f,1,1,0,0.051931527,0.015014253,1.000000000,1.000000000,0.100000000,0.010989011,0.010989011,0.035714286,0.002770083,1.000000000,0.000000000,0.000000000,0.000000000,0.000000000,0.000000000,0.500000000,0.337281725,0.434912690,1.000000000,0.000000000,0.000000000,0.000000000,1.000000000,42.384475708,17.394102097,0.739054799,0.999999404,0.000327367,0.000102869,0.001018393
814,86.842000000,fused_map_f2f,1,1,0,0.052840868,0.020029024,1.000000000,1.000000000,0.100000000,0.010989011,0.010989011,0.035714286,0.002770083,1.000000000,0.000000000,0.000000000,0.000000000,0.000000000,0.000000000,0.513157895,0.295143256,0.425952039,1.000000000,0.000000000,0.000000000,0.000000000,1.000000000,42.464431763,17.394992828,0.739173949,0.999999404,0.000357765,0.000115730,0.001011371
815,86.921000000,fused_map_f2f,1,1,0,0.052474847,0.014814681,1.000000000,1.000000000,0.100000000,0.010989011,0.010989011,0.035714286,0.002770083,1.000000000,0.000000000,0.000000000,0.000000000,0.000000000,0.000000000,0.513888889,0.511743127,0.513030584,1.000000000,0.000000000,0.000000000,0.000000000,1.000000000,42.578697205,17.394720078,0.738843620,0.999999464,0.000275632,0.000117770,0.000982313
816,87.023000000,fused_map_f2f,1,1,0,0.052930253,0.015285333,1.000000000,1.000000000,0.100000000,0.010989011,0.010989011,0.035714286,0.002770083,1.000000000,0.000000000,0.000000000,0.000000000,0.000000000,0.000000000,0.521126761,0.312410993,0.437640454,1.000000000,0.000000000,0.000000000,0.000000000,1.000000000,42.641838074,17.394947052,0.739150465,0.999999464,0.000368273,0.000095711,0.000975352
817,87.126000000,fused_map_f2f,1,1,0,0.053338960,0.007379402,1.000000000,1.000000000,0.100000000,0.010989011,0.010989011,0.035714286,0.002770083,1.000000000,0.000000000,0.000000000,0.000000000,0.000000000,0.000000000,0.534246575,0.642903136,0.577709200,1.000000000,0.000000000,0.000000000,0.000000000,1.000000000,42.733528137,17.395397186,0.738830566,0.999999404,0.000347386,0.000122089,0.001000881
818,87.218000000,fused_map_f2f,1,1,0,0.053062521,0.015152800,1.000000000,1.000000000,0.100000000,0.010989011,0.010989011,0.035714286,0.002770083,1.000000000,0.000000000,0.000000000,0.000000000,0.000000000,0.000000000,0.500000000,0.305964942,0.422385977,1.000000000,0.000000000,0.000000000,0.000000000,1.000000000,42.785961151,17.395336151,0.738917828,0.999999404,0.000466402,0.000091471,0.000976008
819,87.324000000,fused_map_f2f,1,1,0,0.053023083,0.018651824,1.000000000,1.000000000,0.100000000,0.010989011,0.010989011,0.035714286,0.002770083,1.000000000,0.000000000,0.000000000,0.000000000,0.000000000,0.000000000,0.513888889,0.456517500,0.490940333,1.000000000,0.000000000,0.000000000,0.000000000,1.000000000,42.846187592,17.394939423,0.739348292,0.999999404,0.000479580,0.000116813,0.001000475
820,87.422000000,fused_map_f2f,1,1,0,0.053060011,0.020557922,1.000000000,1.000000000,0.100000000,0.010989011,0.010989011,0.035714286,0.002770083,1.000000000,0.000000000,0.000000000,0.000000000,0.000000000,0.000000000,0.506493506,0.292016629,0.420702755,1.000000000,0.000000000,0.000000000,0.000000000,1.000000000,42.972927094,17.394079208,0.739326477,0.999999523,0.000167987,0.000109823,0.000977456
821,87.523000000,fused_map_f2f,1,1,0,0.052360000,0.019019124,1.000000000,1.000000000,0.100000000,0.010989011,0.010989011,0.035714286,0.002770083,1.000000000,0.000000000,0.000000000,0.000000000,0.000000000,0.000000000,0.527027027,0.360863639,0.460561672,1.000000000,0.000000000,0.000000000,0.000000000,1.000000000,43.030250549,17.394096375,0.739337385,0.999999464,0.000294035,0.000113567,0.000966255
822,87.627000000,fused_map_f2f,1,1,0,0.054873438,0.019644761,1.000000000,1.000000000,0.100000000,0.010989011,0.010989011,0.035714286,0.002770083,1.000000000,0.000000000,0.000000000,0.000000000,0.000000000,0.000000000,0.513157895,0.246484325,0.406488467,1.000000000,0.000000000,0.000000000,0.000000000,1.000000000,43.093067169,17.394926071,0.738917291,0.999999464,0.000388444,0.000119262,0.000957376
823,87.719000000,fused_map_f2f,1,1,0,0.054632567,0.015169848,1.000000000,1.000000000,0.100000000,0.010989011,0.010989011,0.035714286,0.002770083,1.000000000,0.000000000,0.000000000,0.000000000,0.000000000,0.000000000,0.513513514,0.282922975,0.421277298,1.000000000,0.000000000,0.000000000,0.000000000,1.000000000,43.154056549,17.394220352,0.738889158,0.999999404,0.000418968,0.000124668,0.000956018
824,87.823000000,fused_map_f2f,1,1,0,0.053346007,0.021228527,1.000000000,1.000000000,0.100000000,0.010989011,0.010989011,0.035714286,0.002770083,1.000000000,0.000000000,0.000000000,0.000000000,0.000000000,0.000000000,0.541666667,0.321692109,0.453676843,1.000000000,0.000000000,0.000000000,0.000000000,1.000000000,43.219810486,17.394905090,0.739091575,0.999999523,0.000235628,0.000137281,0.000943106
825,87.973000000,fused_map_f2f,1,1,0,0.053108777,0.016582586,1.000000000,1.000000000,0.100000000,0.010989011,0.010989011,0.035714286,0.002770083,1.000000000,0.000000000,0.000000000,0.000000000,0.000000000,0.000000000,0.493333333,0.347144535,0.434857814,1.000000000,0.000000000,0.000000000,0.000000000,1.000000000,43.346614838,17.394344330,0.738604188,0.999999523,0.000210821,0.000123071,0.000951570
826,88.040000000,fused_map_f2f,1,1,0,0.053279115,0.023889181,1.000000000,1.000000000,0.100000000,0.010989011,0.010989011,0.035714286,0.002770083,1.000000000,0.000000000,0.000000000,0.000000000,0.000000000,0.000000000,0.507042254,0.247443843,0.403202889,1.000000000,0.000000000,0.000000000,0.000000000,1.000000000,43.391689301,17.394598007,0.738968611,0.999999523,0.000198955,0.000129812,0.000939555
827,88.128000000,fused_map_f2f,1,1,0,0.052771963,0.016955278,1.000000000,1.000000000,0.100000000,0.010989011,0.010989011,0.035714286,0.002770083,1.000000000,0.000000000,0.000000000,0.000000000,0.000000000,0.000000000,0.534246575,0.430971851,0.492936686,1.000000000,0.000000000,0.000000000,0.000000000,1.000000000,43.442272186,17.394859314,0.739191592,0.999999464,0.000383979,0.000117295,0.000930782
828,88.227000000,fused_map_f2f,1,1,0,0.052975012,0.017801065,1.000000000,1.000000000,0.100000000,0.010989011,0.010989011,0.035714286,0.002770083,1.000000000,0.000000000,0.000000000,0.000000000,0.000000000,0.000000000,0.472972973,0.284966939,0.397770559,1.000000000,0.000000000,0.000000000,0.000000000,1.000000000,43.574893951,17.394599915,0.738661706,0.999999523,0.000309231,0.000114382,0.000929739
829,88.331000000,fused_map_f2f,1,1,0,0.053334295,0.021048493,1.000000000,1.000000000,0.100000000,0.010989011,0.010989011,0.035714286,0.002770083,1.000000000,0.000000000,0.000000000,0.000000000,0.000000000,0.000000000,0.513513514,0.765054920,0.614130076,1.000000000,0.000000000,0.000000000,0.000000000,1.000000000,43.622745514,17.394548416,0.738791525,0.999999523,0.000314134,0.000118157,0.000925989
830,88.428000000,fused_map_f2f,1,1,0,0.054043002,0.019441734,1.000000000,1.000000000,0.100000000,0.010989011,0.010989011,0.035714286,0.002770083,1.000000000,0.000000000,0.000000000,0.000000000,0.000000000,0.000000000,0.558823529,0.498661046,0.534758536,1.000000000,0.000000000,0.000000000,0.000000000,1.000000000,43.659599304,17.394662857,0.738927960,0.999999404,0.000398140,0.000095950,0.000982372
831,88.529000000,fused_map_f2f,1,1,0,0.053918380,0.018002753,1.000000000,1.000000000,0.100000000,0.010989011,0.010989011,0.035714286,0.002770083,1.000000000,0.000000000,0.000000000,0.000000000,0.000000000,0.000000000,0.549295775,0.645410490,0.587741661,1.000000000,0.000000000,0.000000000,0.000000000,1.000000000,43.729789734,17.394804001,0.738624930,0.999999523,0.000376977,0.000110179,0.000895424
832,88.627000000,fused_map_f2f,1,1,0,0.053205353,0.017419143,1.000000000,1.000000000,0.100000000,0.010989011,0.010989011,0.035714286,0.002770083,1.000000000,0.000000000,0.000000000,0.000000000,0.000000000,0.000000000,0.535211268,0.755538756,0.623342263,1.000000000,0.000000000,0.000000000,0.000000000,1.000000000,43.788860321,17.394821167,0.738325179,0.999999523,0.000428102,0.000119981,0.000872768
833,88.724000000,fused_map_f2f,1,1,0,0.053321527,0.018882797,1.000000000,1.000000000,0.100000000,0.010989011,0.010989011,0.035714286,0.002770083,1.000000000,0.000000000,0.000000000,0.000000000,0.000000000,0.000000000,0.513513514,0.280930726,0.420480398,1.000000000,0.000000000,0.000000000,0.000000000,1.000000000,43.820358276,17.395214081,0.738417208,0.999999523,0.000436235,0.000120380,0.000848462
834,88.818000000,fused_map_f2f,1,1,0,0.053695067,0.014997981,1.000000000,1.000000000,0.100000000,0.010989011,0.010989011,0.035714286,0.002770083,1.000000000,0.000000000,0.000000000,0.000000000,0.000000000,0.000000000,0.506666667,0.259183323,0.407673329,1.000000000,0.000000000,0.000000000,0.000000000,1.000000000,43.853858948,17.395191193,0.738370657,0.999999523,0.000415045,0.000085151,0.000839917
835,88.931000000,fused_map_f2f,1,1,0,0.055457164,0.019886868,1.000000000,1.000000000,0.100000000,0.010989011,0.010989011,0.035714286,0.002770083,1.000000000,0.000000000,0.000000000,0.000000000,0.000000000,0.000000000,0.513157895,0.529520601,0.519702977,1.000000000,0.000000000,0.000000000,0.000000000,1.000000000,43.896167755,17.395515442,0.738401949,0.999999523,0.000498922,0.000116436,0.000813915
836,89.034000000,fused_map_f2f,1,1,0,0.054688097,0.019613752,1.000000000,1.000000000,0.100000000,0.010989011,0.010989011,0.035714286,0.002770083,1.000000000,0.000000000,0.000000000,0.000000000,0.000000000,0.000000000,0.486842105,0.238101287,0.387345778,1.000000000,0.000000000,0.000000000,0.000000000,1.000000000,43.961654663,17.395492554,0.738298893,0.999999583,0.000431556,0.000121636,0.000785874
837,89.132000000,fused_map_f2f,1,1,0,0.053503732,0.020435014,1.000000000,1.000000000,0.100000000,0.010989011,0.010989011,0.035714286,0.002770083,1.000000000,0.000000000,0.000000000,0.000000000,0.000000000,0.000000000,0.521739130,0.486915296,0.507809597,1.000000000,0.000000000,0.000000000,0.000000000,1.000000000,44.004390717,17.395097733,0.738014758,0.999999642,0.000324509,0.000120333,0.000769677
838,89.233000000,fused_map_f2f,1,1,0,0.054621081,0.017884987,1.000000000,1.000000000,0.100000000,0.010989011,0.010989011,0.035714286,0.002770083,1.000000000,0.000000000,0.000000000,0.000000000,0.000000000,0.000000000,0.506666667,0.465570228,0.490228091,1.000000000,0.000000000,0.000000000,0.000000000,1.000000000,44.040012360,17.395252228,0.738162458,0.999999583,0.000406771,0.000121247,0.000755817
839,89.334000000,fused_map_f2f,1,1,0,0.055524813,0.026439862,1.000000000,1.000000000,0.100000000,0.010989011,0.010989011,0.035714286,0.002770083,1.000000000,0.000000000,0.000000000,0.000000000,0.000000000,0.000000000,0.480519481,0.295021421,0.406320257,1.000000000,0.000000000,0.000000000,0.000000000,1.000000000,44.075973511,17.395238876,0.737867594,0.999999642,0.000425894,0.000110077,0.000724475
840,89.427000000,fused_map_f2f,1,1,0,0.055475775,0.020071494,1.000000000,1.000000000,0.100000000,0.010989011,0.010989011,0.035714286,0.002770083,1.000000000,0.000000000,0.000000000,0.000000000,0.000000000,0.000000000,0.520000000,0.270934008,0.420373603,1.000000000,0.000000000,0.000000000,0.000000000,1.000000000,44.145130157,17.395061493,0.737299800,0.999999702,0.000274500,0.000104479,0.000717468
841,89.522000000,fused_map_f2f,1,1,0,0.054427657,0.014602299,1.000000000,1.000000000,0.100000000,0.010989011,0.010989011,0.035714286,0.002770083,1.000000000,0.000000000,0.000000000,0.000000000,0.000000000,0.000000000,0.506666667,0.253601255,0.405440502,1.000000000,0.000000000,0.000000000,0.000000000,1.000000000,44.178962708,17.395500183,0.737548172,0.999999583,0.000412813,0.000105229,0.000750076
842,89.636000000,fused_map_f2f,1,1,0,0.053479433,0.016856149,1.000000000,1.000000000,0.100000000,0.010989011,0.010989011,0.035714286,0.002770083,1.000000000,0.000000000,0.000000000,0.000000000,0.000000000,0.000000000,0.527777778,0.328095848,0.447905006,1.000000000,0.000000000,0.000000000,0.000000000,1.000000000,44.224094391,17.395093918,0.738404334,0.999999642,0.000347777,0.000120490,0.000700360
843,89.732000000,fused_map_f2f,1,1,0,0.057147700,0.015179508,1.000000000,1.000000000,0.100000000,0.010989011,0.010989011,0.035714286,0.002770083,1.000000000,0.000000000,0.000000000,0.000000000,0.000000000,0.000000000,0.527027027,0.582929516,0.549388023,1.000000000,0.000000000,0.000000000,0.000000000,1.000000000,44.259212494,17.395008087,0.738454819,0.999999642,0.000442787,0.000087335,0.000667060
844,89.832000000,fused_map_f2f,1,1,0,0.057849129,0.010659397,1.000000000,1.000000000,0.100000000,0.010989011,0.010989011,0.035714286,0.002770083,1.000000000,0.000000000,0.000000000,0.000000000,0.000000000,0.000000000,0.520547945,0.317158581,0.439192199,1.000000000,0.000000000,0.000000000,0.000000000,1.000000000,44.347675323,17.395099640,0.737356186,0.999999702,0.000347566,0.000112382,0.000665801
845,89.926000000,fused_map_f2f,1,1,0,0.056637341,0.015094921,1.000000000,1.000000000,0.100000000,0.010989011,0.010989011,0.035714286,0.002770083,1.000000000,0.000000000,0.000000000,0.000000000,0.000000000,0.000000000,0.542857143,0.305564632,0.447940138,1.000000000,0.000000000,0.000000000,0.000000000,1.000000000,44.381866455,17.395336151,0.737678409,0.999999702,0.000328304,0.000066439,0.000673163
846,90.027000000,fused_map_f2f,1,1,0,0.055370258,0.021254010,1.000000000,1.000000000,0.100000000,0.010989011,0.010989011,0.035714286,0.002770083,1.000000000,0.000000000,0.000000000,0.000000000,0.000000000,0.000000000,0.527027027,0.238023054,0.411425438,1.000000000,0.000000000,0.000000000,0.000000000,1.000000000,44.419418335,17.394443512,0.738321066,0.999999762,0.000309916,0.000124651,0.000627819
847,90.128000000,fused_map_f2f,1,1,0,0.056904159,0.016419678,1.000000000,1.000000000,0.100000000,0.010989011,0.010989011,0.035714286,0.002770083,1.000000000,0.000000000,0.000000000,0.000000000,0.000000000,0.000000000,0.500000000,0.335180043,0.434072017,1.000000000,0.000000000,0.000000000,0.000000000,1.000000000,44.462760925,17.394153595,0.738456964,0.999999762,0.000292607,0.000083983,0.000601398
848,90.219000000,fused_map_f2f,1,1,0,0.056628836,0.017230403,1.000000000,1.000000000,0.100000000,0.010989011,0.010989011,0.035714286,0.002770083,1.000000000,0.000000000,0.000000000,0.000000000,0.000000000,0.000000000,0.561643836,0.328534649,0.468400161,1.000000000,0.000000000,0.000000000,0.000000000,1.000000000,44.598068237,17.394680023,0.737937212,0.999999702,0.000412263,0.000131274,0.000577599
849,90.313000000,fused_map_f2f,1,1,0,0.055132976,0.020615335,1.000000000,1.000000000,0.100000000,0.010989011,0.010989011,0.035714286,0.002770083,1.000000000,0.000000000,0.000000000,0.000000000,0.000000000,0.000000000,0.527777778,0.241612985,0.413311861,1.000000000,0.000000000,0.000000000,0.000000000,1.000000000,44.641605377,17.394588470,0.737963200,0.999999702,0.000426415,0.000107157,0.000587870
850,90.430000000,fused_map_f2f,1,1,0,0.056410014,0.018322886,1.000000000,1.000000000,0.100000000,0.010989011,0.010989011,0.035714286,0.002770083,1.000000000,0.000000000,0.000000000,0.000000000,0.000000000,0.000000000,0.506849315,0.367210640,0.450993845,1.000000000,0.000000000,0.000000000,0.000000000,1.000000000,44.750820160,17.394269943,0.737727165,0.999999762,0.000340673,0.000134418,0.000538657
851,90.525000000,fused_map_f2f,1,1,0,0.055350244,0.013981745,1.000000000,1.000000000,0.100000000,0.010989011,0.010989011,0.035714286,0.002770083,1.000000000,0.000000000,0.000000000,0.000000000,0.000000000,0.000000000,0.506849315,0.290608490,0.420352985,1.000000000,0.000000000,0.000000000,0.000000000,1.000000000,44.803062439,17.393873215,0.738019586,0.999999821,0.000200423,0.000112583,0.000523431
852,90.626000000,fused_map_f2f,1,1,0,0.056758539,0.016344231,1.000000000,1.000000000,0.100000000,0.010989011,0.010989011,0.035714286,0.002770083,1.000000000,0.000000000,0.000000000,0.000000000,0.000000000,0.000000000,0.527027027,0.336404356,0.450777959,1.000000000,0.000000000,0.000000000,0.000000000,1.000000000,44.860778809,17.393922806,0.738063693,0.999999821,0.000324120,0.000147900,0.000499073
853,90.731000000,fused_map_f2f,1,1,0,0.057409636,0.013943846,1.000000000,1.000000000,0.100000000,0.010989011,0.010989011,0.035714286,0.002770083,1.000000000,0.000000000,0.000000000,0.000000000,0.000000000,0.000000000,0.540540541,0.300013523,0.444329734,1.000000000,0.000000000,0.000000000,0.000000000,1.000000000,44.949619293,17.393880844,0.737794816,0.999999821,0.000282435,0.000153950,0.000488920
854,90.827000000,fused_map_f2f,1,1,0,0.056118923,0.017136686,1.000000000,1.000000000,0.100000000,0.010989011,0.010989011,0.035714286,0.002770083,1.000000000,0.000000000,0.000000000,0.000000000,0.000000000,0.000000000,0.513513514,0.262299534,0.413027922,1.000000000,0.000000000,0.000000000,0.000000000,1.000000000,45.015052795,17.393617630,0.738408685,0.999999821,0.000332057,0.000152571,0.000483248
855,90.930000000,fused_map_f2f,1,1,0,0.059073431,0.020758524,1.000000000,1.000000000,0.100000000,0.010989011,0.010989011,0.035714286,0.002770083,1.000000000,0.000000000,0.000000000,0.000000000,0.000000000,0.000000000,0.513888889,0.220776969,0.396644121,1.000000000,0.000000000,0.000000000,0.000000000,1.000000000,45.075336456,17.393848419,0.738108635,0.999999702,0.000492522,0.000199935,0.000514852
856,91.031000000,fused_map_f2f,1,1,0,0.060361646,0.021947532,0.998568484,0.998568484,0.100000000,0.011004591,0.011004591,0.035763654,0.002774043,1.000000000,0.000000000,0.000000000,0.000000000,0.000000000,0.000000000,0.493333333,0.286137207,0.410454883,1.000000000,0.000000000,0.000000000,0.000000000,1.000000000,45.181400299,17.393157959,0.738335013,0.999999821,0.000252961,0.000150513,0.000423849
857,91.132000000,fused_map_f2f,1,1,0,0.056914712,0.013838909,1.000000000,1.000000000,0.100000000,0.010989011,0.010989011,0.035714286,0.002770083,1.000000000,0.000000000,0.000000000,0.000000000,0.000000000,0.000000000,0.506493506,0.339530309,0.439708227,1.000000000,0.000000000,0.000000000,0.000000000,1.000000000,45.248275757,17.392955780,0.738328457,0.999999821,0.000324291,0.000173903,0.000449577
858,91.231000000,fused_map_f2f,1,1,0,0.057241135,0.015849346,1.000000000,1.000000000,0.100000000,0.010989011,0.010989011,0.035714286,0.002770083,1.000000000,0.000000000,0.000000000,0.000000000,0.000000000,0.000000000,0.493506494,0.284432172,0.409876765,1.000000000,0.000000000,0.000000000,0.000000000,1.000000000,45.376316071,17.392934799,0.738433719,0.999999881,0.000103488,0.000157579,0.000418342
859,91.330000000,fused_map_f2f,1,1,0,0.057469264,0.017941912,1.000000000,1.000000000,0.100000000,0.010989011,0.010989011,0.035714286,0.002770083,1.000000000,0.000000000,0.000000000,0.000000000,0.000000000,0.000000000,0.527777778,0.242663210,0.413731951,1.000000000,0.000000000,0.000000000,0.000000000,1.000000000,45.444736481,17.393774033,0.738378942,0.999999821,0.000334516,0.000149779,0.000398708
860,91.426000000,fused_map_f2f,1,1,0,0.058110167,0.023818884,1.000000000,1.000000000,0.100000000,0.010989011,0.010989011,0.035714286,0.002770083,1.000000000,0.000000000,0.000000000,0.000000000,0.000000000,0.000000000,0.506849315,0.244380699,0.401861869,1.000000000,0.000000000,0.000000000,0.000000000,1.000000000,45.542240143,17.393512726,0.737397492,0.999999881,0.000289186,0.000148906,0.000389911
861,91.517000000,fused_map_f2f,1,1,0,0.056733256,0.021673506,1.000000000,1.000000000,0.100000000,0.010989011,0.010989011,0.035714286,0.002770083,1.000000000,0.000000000,0.000000000,0.000000000,0.000000000,0.000000000,0.474358974,0.226447058,0.375194208,1.000000000,0.000000000,0.000000000,0.000000000,1.000000000,45.618606567,17.393671036,0.738376021,0.999999881,0.000336447,0.000155133,0.000364603
862,91.621000000,fused_map_f2f,1,1,0,0.057498641,0.023845241,1.000000000,1.000000000,0.100000000,0.010989011,0.010989011,0.035714286,0.002770083,1.000000000,0.000000000,0.000000000,0.000000000,0.000000000,0.000000000,0.493333333,0.295739176,0.414295671,1.000000000,0.000000000,0.000000000,0.000000000,1.000000000,45.794189453,17.394216537,0.737369299,0.999999881,0.000347055,0.000140575,0.000355253
863,91.713000000,fused_map_f2f,1,1,0,0.058213796,0.029020972,1.000000000,1.000000000,0.100000000,0.010989011,0.010989011,0.035714286,0.002770083,1.000000000,0.000000000,0.000000000,0.000000000,0.000000000,0.000000000,0.480519481,0.283841285,0.401848202,1.000000000,0.000000000,0.000000000,0.000000000,1.000000000,45.861511230,17.393981934,0.737435699,0.999999762,0.000512317,0.000169071,0.000365073
864,91.835000000,fused_map_f2f,1,1,0,0.056740438,0.025931295,1.000000000,1.000000000,0.100000000,0.010989011,0.010989011,0.035714286,0.002770083,1.000000000,0.000000000,0.000000000,0.000000000,0.000000000,0.000000000,0.513157895,0.253093811,0.409132261,1.000000000,0.000000000,0.000000000,0.000000000,1.000000000,46.012207031,17.394231796,0.737327993,0.999999821,0.000471362,0.000118074,0.000362459
865,91.928000000,fused_map_f2f,1,1,0,0.058211252,0.017490432,1.000000000,1.000000000,0.100000000,0.010989011,0.010989011,0.035714286,0.002770083,1.000000000,0.000000000,0.000000000,0.000000000,0.000000000,0.000000000,0.549295775,0.436574359,0.504207208,1.000000000,0.000000000,0.000000000,0.000000000,1.000000000,46.080150604,17.393579483,0.738009512,0.999999821,0.000401030,0.000120564,0.000327217
866,92.020000000,fused_map_f2f,1,1,0,0.057964227,0.023602820,1.000000000,1.000000000,0.100000000,0.010989011,0.010989011,0.035714286,0.002770083,1.000000000,0.000000000,0.000000000,0.000000000,0.000000000,0.000000000,0.506666667,0.219703063,0.391881225,1.000000000,0.000000000,0.000000000,0.000000000,1.000000000,46.145530701,17.393812180,0.737485588,0.999999821,0.000463857,0.000121470,0.000333537
867,92.117000000,fused_map_f2f,1,1,0,0.056750921,0.025184823,1.000000000,1.000000000,0.100000000,0.010989011,0.010989011,0.035714286,0.002770083,1.000000000,0.000000000,0.000000000,0.000000000,0.000000000,0.000000000,0.535211268,0.300175867,0.441197107,1.000000000,0.000000000,0.000000000,0.000000000,1.000000000,46.207733154,17.393754959,0.737398326,0.999999762,0.000516273,0.000163375,0.000343261
868,92.221000000,fused_map_f2f,1,1,0,0.057933585,0.014198872,1.000000000,1.000000000,0.100000000,0.010989011,0.010989011,0.035714286,0.002770083,1.000000000,0.000000000,0.000000000,0.000000000,0.000000000,0.000000000,0.542857143,0.266095933,0.432152659,1.000000000,0.000000000,0.000000000,0.000000000,1.000000000,46.276351929,17.393890381,0.737864494,0.999999702,0.000668328,0.000161418,0.000360358
869,92.321000000,fused_map_f2f,1,1,0,0.055078567,0.018913871,1.000000000,1.000000000,0.100000000,0.010989011,0.010989011,0.035714286,0.002770083,1.000000000,0.000000000,0.000000000,0.000000000,0.000000000,0.000000000,0.513513514,0.211414744,0.392674006,1.000000000,0.000000000,0.000000000,0.000000000,1.000000000,46.359119415,17.392675400,0.738457561,0.999999881,0.000391853,0.000138948,0.000276290
870,92.416000000,fused_map_f2f,1,1,0,0.055602504,0.019006082,1.000000000,1.000000000,0.100000000,0.010989011,0.010989011,0.035714286,0.002770083,1.000000000,0.000000000,0.000000000,0.000000000,0.000000000,0.000000000,0.493333333,0.286670242,0.410668097,1.000000000,0.000000000,0.000000000,0.000000000,1.000000000,46.433628082,17.393411636,0.738232613,0.999999821,0.000473626,0.000116338,0.000257955
871,92.518000000,fused_map_f2f,1,1,0,0.055354466,0.021433525,1.000000000,1.000000000,0.100000000,0.010989011,0.010989011,0.035714286,0.002770083,1.000000000,0.000000000,0.000000000,0.000000000,0.000000000,0.000000000,0.493506494,0.238868186,0.391651171,1.000000000,0.000000000,0.000000000,0.000000000,1.000000000,46.538162231,17.392406464,0.738294780,0.999999881,0.000390000,0.000115908,0.000240058
872,92.614000000,fused_map_f2f,1,1,0,0.054804662,0.022043904,1.000000000,1.000000000,0.100000000,0.010989011,0.010989011,0.035714286,0.002770083,1.000000000,0.000000000,0.000000000,0.000000000,0.000000000,0.000000000,0.520000000,0.245474307,0.410189723,1.000000000,0.000000000,0.000000000,0.000000000,1.000000000,46.620395660,17.392831802,0.738396287,0.999999881,0.000447820,0.000112234,0.000212056
873,92.740000000,fused_map_f2f,1,1,0,0.056411524,0.020049695,1.000000000,1.000000000,0.100000000,0.010989011,0.010989011,0.035714286,0.002770083,1.000000000,0.000000000,0.000000000,0.000000000,0.000000000,0.000000000,0.506666667,0.379405091,0.455762037,1.000000000,0.000000000,0.000000000,0.000000000,1.000000000,46.741447449,17.392688751,0.738027871,0.999999881,0.000402557,0.000110854,0.000194965
874,92.833000000,fused_map_f2f,1,1,0,0.055915505,0.019790537,1.000000000,1.000000000,0.100000000,0.010989011,0.010989011,0.035714286,0.002770083,1.000000000,0.000000000,0.000000000,0.000000000,0.000000000,0.000000000,0.534246575,0.402390099,0.481503985,1.000000000,0.000000000,0.000000000,0.000000000,1.000000000,46.813491821,17.392526627,0.738256931,0.999999881,0.000391264,0.000119549,0.000181929
875,92.924000000,fused_map_f2f,1,1,0,0.057393300,0.018003759,1.000000000,1.000000000,0.100000000,0.010989011,0.010989011,0.035714286,0.002770083,1.000000000,0.000000000,0.000000000,0.000000000,0.000000000,0.000000000,0.467532468,0.365351264,0.426659986,1.000000000,0.000000000,0.000000000,0.000000000,1.000000000,46.874847412,17.392591476,0.738215268,0.999999881,0.000423978,0.000110836,0.000193504
876,93.024000000,fused_map_f2f,1,1,0,0.056122702,0.023407374,1.000000000,1.000000000,0.100000000,0.010989011,0.010989011,0.035714286,0.002770083,1.000000000,0.000000000,0.000000000,0.000000000,0.000000000,0.000000000,0.460526316,0.233551589,0.369736425,1.000000000,0.000000000,0.000000000,0.000000000,1.000000000,47.026733398,17.392801285,0.738479972,0.999999881,0.000481303,0.000101181,0.000193108
877,93.119000000,fused_map_f2f,1,1,0,0.055424527,0.024030251,1.000000000,1.000000000,0.100000000,0.010989011,0.010989011,0.035714286,0.002770083,1.000000000,0.000000000,0.000000000,0.000000000,0.000000000,0.000000000,0.486486486,0.221740808,0.380588215,1.000000000,0.000000000,0.000000000,0.000000000,1.000000000,47.174453735,17.393207550,0.737824142,0.999999881,0.000356345,0.000094742,0.000161805
878,93.222000000,fused_map_f2f,1,1,0,0.055958300,0.025277779,1.000000000,1.000000000,0.100000000,0.010989011,0.010989011,0.035714286,0.002770083,1.000000000,0.000000000,0.000000000,0.000000000,0.000000000,0.000000000,0.521126761,0.315105892,0.438718413,1.000000000,0.000000000,0.000000000,0.000000000,1.000000000,47.251434326,17.393131256,0.737808466,0.999999881,0.000398971,0.000104363,0.000138650
879,93.327000000,fused_map_f2f,1,1,0,0.054972118,0.021122424,1.000000000,1.000000000,0.100000000,0.010989011,0.010989011,0.035714286,0.002770083,1.000000000,0.000000000,0.000000000,0.000000000,0.000000000,0.000000000,0.500000000,0.288943983,0.415577593,1.000000000,0.000000000,0.000000000,0.000000000,1.000000000,47.370491028,17.392490387,0.737458229,0.999999940,0.000282448,0.000102970,0.000128779
880,93.425000000,fused_map_f2f,1,1,0,0.054760543,0.022139629,1.000000000,1.000000000,0.100000000,0.010989011,0.010989011,0.035714286,0.002770083,1.000000000,0.000000000,0.000000000,0.000000000,0.000000000,0.000000000,0.554054054,0.223537500,0.421847432,1.000000000,0.000000000,0.000000000,0.000000000,1.000000000,47.435657501,17.392480850,0.737579703,0.999999881,0.000434220,0.000098567,0.000099021
881,93.527000000,fused_map_f2f,1,1,0,0.054204960,0.017184727,1.000000000,1.000000000,0.100000000,0.010989011,0.010989011,0.035714286,0.002770083,1.000000000,0.000000000,0.000000000,0.000000000,0.000000000,0.000000000,0.521126761,0.239719194,0.408563734,1.000000000,0.000000000,0.000000000,0.000000000,1.000000000,47.581485748,17.392858505,0.737397730,0.999999940,0.000343264,0.000093912,0.000120237
882,93.628000000,fused_map_f2f,1,1,0,0.055655695,0.015840835,1.000000000,1.000000000,0.100000000,0.010989011,0.010989011,0.035714286,0.002770083,1.000000000,0.000000000,0.000000000,0.000000000,0.000000000,0.000000000,0.520547945,0.257857064,0.415471593,1.000000000,0.000000000,0.000000000,0.000000000,1.000000000,47.650924683,17.392827988,0.737674296,0.999999881,0.000469415,0.000101617,0.000112628
883,93.725000000,fused_map_f2f,1,1,0,0.055996828,0.025833669,1.000000000,1.000000000,0.100000000,0.010989011,0.010989011,0.035714286,0.002770083,1.000000000,0.000000000,0.000000000,0.000000000,0.000000000,0.000000000,0.493333333,0.253439847,0.397375939,1.000000000,0.000000000,0.000000000,0.000000000,1.000000000,47.737407684,17.393337250,0.737500668,0.999999881,0.000408269,0.000115531,0.000090976
884,93.828000000,fused_map_f2f,1,1,0,0.054824188,0.026782448,1.000000000,1.000000000,0.100000000,0.010989011,0.010989011,0.035714286,0.002770083,1.000000000,0.000000000,0.000000000,0.000000000,0.000000000,0.000000000,0.500000000,0.244779736,0.397911894,1.000000000,0.000000000,0.000000000,0.000000000,1.000000000,47.814895630,17.393379211,0.737802207,0.999999821,0.000596920,0.000062415,0.000175420
885,93.924000000,fused_map_f2f,1,1,0,0.057102079,0.027824396,1.000000000,1.000000000,0.100000000,0.010989011,0.010989011,0.035714286,0.002770083,1.000000000,0.000000000,0.000000000,0.000000000,0.000000000,0.000000000,0.535211268,0.351489908,0.461722724,1.000000000,0.000000000,0.000000000,0.000000000,1.000000000,47.890758514,17.393648148,0.738011241,0.999999702,0.000770275,0.000047249,0.000141259
886,94.039000000,fused_map_f2f,1,1,0,0.052842768,0.022206557,1.000000000,1.000000000,0.100000000,0.010989011,0.010989011,0.035714286,0.002770083,1.000000000,0.000000000,0.000000000,0.000000000,0.000000000,0.000000000,0.453333333,0.233247245,0.365298898,1.000000000,0.000000000,0.000000000,0.000000000,1.000000000,47.989173889,17.394763947,0.738375604,0.999999464,0.001003132,0.000109757,0.000076475
887,94.129000000,fused_map_f2f,1,1,0,0.054856946,0.022324917,1.000000000,1.000000000,0.100000000,0.010989011,0.010989011,0.035714286,0.002770083,1.000000000,0.000000000,0.000000000,0.000000000,0.000000000,0.000000000,0.461538462,0.255926641,0.379293734,1.000000000,0.000000000,0.000000000,0.000000000,1.000000000,48.060260773,17.394680023,0.738374829,0.999999404,0.001093122,0.000137607,0.000063476
888,94.225000000,fused_map_f2f,1,1,0,0.050751898,0.022170741,1.000000000,1.000000000,0.100000000,0.010989011,0.010989011,0.035714286,0.002770083,1.000000000,0.000000000,0.000000000,0.000000000,0.000000000,0.000000000,0.506849315,0.242212456,0.400994571,1.000000000,0.000000000,0.000000000,0.000000000,1.000000000,48.214862823,17.394664764,0.738374531,0.999999464,0.000990378,0.000121766,0.000072033
889,94.332000000,fused_map_f2f,1,1,0,0.050260805,0.024015555,1.000000000,1.000000000,0.100000000,0.010989011,0.010989011,0.035714286,0.002770083,1.000000000,0.000000000,0.000000000,0.000000000,0.000000000,0.000000000,0.527777778,0.368515925,0.464073037,1.000000000,0.000000000,0.000000000,0.000000000,1.000000000,48.381820679,17.393457413,0.738532484,0.999999702,0.000775883,0.000109610,0.000078113
890,94.433000000,fused_map_f2f,1,1,0,0.051565050,0.019701873,1.000000000,1.000000000,0.100000000,0.010989011,0.010989011,0.035714286,0.002770083,1.000000000,0.000000000,0.000000000,0.000000000,0.000000000,0.000000000,0.473684211,0.280930223,0.396582615,1.000000000,0.000000000,0.000000000,0.000000000,1.000000000,48.454299927,17.393188477,0.738632143,0.999999642,0.000841553,0.000112059,0.000014523
891,94.515000000,fused_map_f2f,1,1,0,0.051051954,0.018730939,1.000000000,1.000000000,0.100000000,0.010989011,0.010989011,0.035714286,0.002770083,1.000000000,0.000000000,0.000000000,0.000000000,0.000000000,0.000000000,0.487179487,0.253362782,0.393652805,1.000000000,0.000000000,0.000000000,0.000000000,1.000000000,48.568908691,17.393415451,0.738571942,0.999999762,0.000686968,0.000108538,0.000056328
892,94.636000000,fused_map_f2f,1,1,0,0.051823445,0.015430054,1.000000000,1.000000000,0.100000000,0.010989011,0.010989011,0.035714286,0.002770083,1.000000000,0.000000000,0.000000000,0.000000000,0.000000000,0.000000000,0.493506494,0.275080002,0.406135897,1.000000000,0.000000000,0.000000000,0.000000000,1.000000000,48.673465729,17.393091202,0.738486171,0.999999762,0.000664970,0.000081579,0.000039291
893,94.739000000,fused_map_f2f,1,1,0,0.049545120,0.016513844,1.000000000,1.000000000,0.100000000,0.010989011,0.010989011,0.035714286,0.002770083,1.000000000,0.000000000,0.000000000,0.000000000,0.000000000,0.000000000,0.461538462,0.290172124,0.392991926,1.000000000,0.000000000,0.000000000,0.000000000,1.000000000,48.790771484,17.392860413,0.738751113,0.999999881,0.000496723,0.000101327,0.000075857
894,94.844000000,fused_map_f2f,1,1,0,0.051454454,0.022271882,1.000000000,1.000000000,0.100000000,0.010989011,0.010989011,0.035714286,0.002770083,1.000000000,0.000000000,0.000000000,0.000000000,0.000000000,0.000000000,0.500000000,0.261076488,0.404430595,1.000000000,0.000000000,0.000000000,0.000000000,1.000000000,48.872989655,17.393024445,0.739025056,0.999999821,0.000559535,0.000067115,0.000209636
895,94.932000000,fused_map_f2f,1,1,0,0.049476255,0.019611466,1.000000000,1.000000000,0.100000000,0.010989011,0.010989011,0.035714286,0.002770083,1.000000000,0.000000000,0.000000000,0.000000000,0.000000000,0.000000000,0.454545455,0.179588848,0.344562812,1.000000000,0.000000000,0.000000000,0.000000000,1.000000000,48.981788635,17.393077850,0.738494992,0.999999762,0.000625463,0.000103480,0.000072265
896,95.025000000,fused_map_f2f,1,1,0,0.050510468,0.024252141,1.000000000,1.000000000,0.100000000,0.010989011,0.010989011,0.035714286,0.002770083,1.000000000,0.000000000,0.000000000,0.000000000,0.000000000,0.000000000,0.500000000,0.273257882,0.409303153,1.000000000,0.000000000,0.000000000,0.000000000,1.000000000,49.056472778,17.393110275,0.738696039,0.999999821,0.000592363,0.000119036,0.000071495
897,95.123000000,fused_map_f2f,1,1,0,0.049044785,0.017158183,1.000000000,1.000000000,0.100000000,0.010989011,0.010989011,0.035714286,0.002770083,1.000000000,0.000000000,0.000000000,0.000000000,0.000000000,0.000000000,0.466666667,0.179554511,0.351821804,1.000000000,0.000000000,0.000000000,0.000000000,1.000000000,49.184215546,17.393218994,0.738269567,0.999999762,0.000650437,0.000112178,0.000066704
898,95.216000000,fused_map_f2f,1,1,0,0.050481073,0.020598671,1.000000000,1.000000000,0.100000000,0.010989011,0.010989011,0.035714286,0.002770083,1.000000000,0.000000000,0.000000000,0.000000000,0.000000000,0.000000000,0.541666667,0.311226932,0.449490773,1.000000000,0.000000000,0.000000000,0.000000000,1.000000000,49.247993469,17.393589020,0.738212824,0.999999702,0.000749938,0.000091608,0.000063158
899,95.313000000,fused_map_f2f,1,1,0,0.048327065,0.016706740,1.000000000,1.000000000,0.100000000,0.010989011,0.010989011,0.035714286,0.002770083,1.000000000,0.000000000,0.000000000,0.000000000,0.000000000,0.000000000,0.472972973,0.275989910,0.394179748,1.000000000,0.000000000,0.000000000,0.000000000,1.000000000,49.421855927,17.392675400,0.738146842,0.999999881,0.000460491,0.000101127,0.000087261
900,95.434000000,fused_map_f2f,1,1,0,0.047463346,0.037954570,1.000000000,1.000000000,0.100000000,0.010989011,0.010989011,0.035714286,0.002770083,1.000000000,0.000000000,0.000000000,0.000000000,0.000000000,0.000000000,0.527777778,0.281564274,0.429292376,1.000000000,0.000000000,0.000000000,0.000000000,1.000000000,49.572586060,17.393453598,0.737864256,0.999999821,0.000562543,0.000079728,0.000087437
901,95.529000000,fused_map_f2f,1,1,0,0.047404843,0.016879397,1.000000000,1.000000000,0.100000000,0.010989011,0.010989011,0.035714286,0.002770083,1.000000000,0.000000000,0.000000000,0.000000000,0.000000000,0.000000000,0.493506494,0.281558879,0.408727448,1.000000000,0.000000000,0.000000000,0.000000000,1.000000000,49.632129669,17.392845154,0.738210320,0.999999821,0.000514921,0.000089962,0.000093032
902,95.624000000,fused_map_f2f,1,1,0,0.050519777,0.019133004,1.000000000,1.000000000,0.100000000,0.010989011,0.010989011,0.035714286,0.002770083,1.000000000,0.000000000,0.000000000,0.000000000,0.000000000,0.000000000,0.461538462,0.284962194,0.390907954,1.000000000,0.000000000,0.000000000,0.000000000,1.000000000,49.685066223,17.393562317,0.738163948,0.999999642,0.000818689,0.000078257,0.000142920
903,95.743000000,fused_map_f2f,1,1,0,0.051252475,0.026668750,1.000000000,1.000000000,0.100000000,0.010989011,0.010989011,0.035714286,0.002770083,1.000000000,0.000000000,0.000000000,0.000000000,0.000000000,0.000000000,0.468354430,0.252427869,0.381983806,1.000000000,0.000000000,0.000000000,0.000000000,1.000000000,49.774688721,17.392744064,0.738087893,0.999999821,0.000551901,0.000081847,0.000097960
904,95.842000000,fused_map_f2f,1,1,0,0.049534071,0.022837324,1.000000000,1.000000000,0.100000000,0.010989011,0.010989011,0.035714286,0.002770083,1.000000000,0.000000000,0.000000000,0.000000000,0.000000000,0.000000000,0.480519481,0.235079313,0.382343413,1.000000000,0.000000000,0.000000000,0.000000000,1.000000000,49.831161499,17.393072128,0.737699091,0.999999702,0.000788457,0.000082121,0.000087744
905,95.946000000,fused_map_f2f,1,1,0,0.052717643,0.016928288,1.000000000,1.000000000,0.100000000,0.010989011,0.010989011,0.035714286,0.002770083,1.000000000,0.000000000,0.000000000,0.000000000,0.000000000,0.000000000,0.467532468,0.248688936,0.379995055,1.000000000,0.000000000,0.000000000,0.000000000,1.000000000,49.900165558,17.393367767,0.737876415,0.999999702,0.000760900,0.000080348,0.000064812
906,96.045000000,fused_map_f2f,1,1,0,0.049875427,0.017583080,1.000000000,1.000000000,0.100000000,0.010989011,0.010989011,0.035714286,0.002770083,1.000000000,0.000000000,0.000000000,0.000000000,0.000000000,0.000000000,0.448717949,0.382123704,0.422080251,1.000000000,0.000000000,0.000000000,0.000000000,1.000000000,49.985858917,17.393503189,0.738145888,0.999999642,0.000830854,0.000083095,0.000065106
907,96.136000000,fused_map_f2f,1,1,0,0.051333997,0.022720677,1.000000000,1.000000000,0.100000000,0.010989011,0.010989011,0.035714286,0.002770083,1.000000000,0.000000000,0.000000000,0.000000000,0.000000000,0.000000000,0.450000000,0.292933175,0.387173270,1.000000000,0.000000000,0.000000000,0.000000000,1.000000000,50.044261932,17.393850327,0.737909079,0.999999583,0.000930132,0.000065182,0.000059433
908,96.231000000,fused_map_f2f,1,1,0,0.054594595,0.014465140,1.000000000,1.000000000,0.100000000,0.010989011,0.010989011,0.035714286,0.002770083,1.000000000,0.000000000,0.000000000,0.000000000,0.000000000,0.000000000,0.460526316,0.187411199,0.351280269,1.000000000,0.000000000,0.000000000,0.000000000,1.000000000,50.101291656,17.394281387,0.738030672,0.999999464,0.001007206,0.000082722,0.000059731
909,96.327000000,fused_map_f2f,1,1,0,0.051599981,0.021819099,1.000000000,1.000000000,0.100000000,0.010989011,0.010989011,0.035714286,0.002770083,1.000000000,0.000000000,0.000000000,0.000000000,0.000000000,0.000000000,0.481012658,0.257237190,0.391502471,1.000000000,0.000000000,0.000000000,0.000000000,1.000000000,50.204750061,17.394514084,0.738044679,0.999999523,0.000994374,0.000084049,0.000029400
910,96.414000000,fused_map_f2f,1,1,0,0.053998107,0.022759471,1.000000000,1.000000000,0.100000000,0.010989011,0.010989011,0.035714286,0.002770083,1.000000000,0.000000000,0.000000000,0.000000000,0.000000000,0.000000000,0.480519481,0.194526836,0.366122423,1.000000000,0.000000000,0.000000000,0.000000000,1.000000000,50.262969971,17.395030975,0.737948537,0.999999523,0.000983822,0.000078867,0.000032022
911,96.543000000,fused_map_f2f,1,1,0,0.054385321,0.034762251,1.000000000,1.000000000,0.100000000,0.010989011,0.010989011,0.035714286,0.002770083,1.000000000,0.000000000,0.000000000,0.000000000,0.000000000,0.000000000,0.473684211,0.250121228,0.384259018,1.000000000,0.000000000,0.000000000,0.000000000,1.000000000,50.347244263,17.395412445,0.737741232,0.999999464,0.001049579,0.000080810,0.000023619
912,96.641000000,fused_map_f2f,1,1,0,0.054981978,0.026274653,1.000000000,1.000000000,0.100000000,0.010989011,0.010989011,0.035714286,0.002770083,1.000000000,0.000000000,0.000000000,0.000000000,0.000000000,0.000000000,0.486842105,0.323689250,0.421580963,1.000000000,0.000000000,0.000000000,0.000000000,1.000000000,50.419315338,17.395399094,0.737940073,0.999999404,0.001062313,0.000074657,0.000006325
913,96.733000000,fused_map_f2f,1,1,0,0.056356621,0.019536243,1.000000000,1.000000000,0.100000000,0.010989011,0.010989011,0.035714286,0.002770083,1.000000000,0.000000000,0.000000000,0.000000000,0.000000000,0.000000000,0.486842105,0.275057679,0.402128335,1.000000000,0.000000000,0.000000000,0.000000000,1.000000000,50.464511871,17.395318985,0.737881184,0.999999285,0.001198789,0.000077460,0.000028165
914,96.832000000,fused_map_f2f,1,1,0,0.056262279,0.038265791,1.000000000,1.000000000,0.100000000,0.010989011,0.010989011,0.035714286,0.002770083,1.000000000,0.000000000,0.000000000,0.000000000,0.000000000,0.000000000,0.493333333,0.238386989,0.391354796,1.000000000,0.000000000,0.000000000,0.000000000,1.000000000,50.634235382,17.395143509,0.737809658,0.999999464,0.001047943,0.000054468,0.000009537
915,96.922000000,fused_map_f2f,1,1,0,0.055794169,0.020305034,1.000000000,1.000000000,0.100000000,0.010989011,0.010989011,0.035714286,0.002770083,1.000000000,0.000000000,0.000000000,0.000000000,0.000000000,0.000000000,0.480000000,0.235552084,0.382220834,1.000000000,0.000000000,0.000000000,0.000000000,1.000000000,50.823287964,17.395023346,0.737019539,0.999999762,0.000711191,0.000042612,-0.000012554
916,97.021000000,fused_map_f2f,1,1,0,0.058016966,0.027211574,1.000000000,1.000000000,0.100000000,0.010989011,0.010989011,0.035714286,0.002770083,1.000000000,0.000000000,0.000000000,0.000000000,0.000000000,0.000000000,0.493506494,0.253300637,0.397424151,1.000000000,0.000000000,0.000000000,0.000000000,1.000000000,50.878993988,17.395429611,0.736826479,0.999999702,0.000779881,0.000026249,-0.000033291
917,97.115000000,fused_map_f2f,1,1,0,0.056546431,0.012321549,1.000000000,1.000000000,0.100000000,0.010989011,0.010989011,0.035714286,0.002770083,1.000000000,0.000000000,0.000000000,0.000000000,0.000000000,0.000000000,0.493506494,0.302480578,0.417096127,1.000000000,0.000000000,0.000000000,0.000000000,1.000000000,50.982158661,17.394758224,0.737164617,0.999999821,0.000610851,0.000054062,-0.000008532
918,97.232000000,fused_map_f2f,1,1,0,0.058495748,0.030238797,1.000000000,1.000000000,0.100000000,0.010989011,0.010989011,0.035714286,0.002770083,1.000000000,0.000000000,0.000000000,0.000000000,0.000000000,0.000000000,0.448717949,0.221929526,0.358002580,1.000000000,0.000000000,0.000000000,0.000000000,1.000000000,51.056621552,17.395055771,0.737171948,0.999999762,0.000708557,0.000039076,0.000003104
919,97.330000000,fused_map_f2f,1,1,0,0.058892168,0.013814906,1.000000000,1.000000000,0.100000000,0.010989011,0.010989011,0.035714286,0.002770083,1.000000000,0.000000000,0.000000000,0.000000000,0.000000000,0.000000000,0.480000000,0.266811135,0.394724454,1.000000000,0.000000000,0.000000000,0.000000000,1.000000000,51.174030304,17.395313263,0.736497045,0.999999762,0.000672080,0.000053136,0.000003224
920,97.413000000,fused_map_f2f,1,1,0,0.059736785,0.025086599,1.000000000,1.000000000,0.100000000,0.010989011,0.010989011,0.035714286,0.002770083,1.000000000,0.000000000,0.000000000,0.000000000,0.000000000,0.000000000,0.526315789,0.275395025,0.425947484,1.000000000,0.000000000,0.000000000,0.000000000,1.000000000,51.231914520,17.395265579,0.736562252,0.999999702,0.000794900,0.000025844,0.000023956
921,97.543000000,fused_map_f2f,1,1,0,0.059441751,0.042044108,1.000000000,1.000000000,0.100000000,0.010989011,0.010989011,0.035714286,0.002770083,1.000000000,0.000000000,0.000000000,0.000000000,0.000000000,0.000000000,0.534246575,0.273382350,0.429900885,1.000000000,0.000000000,0.000000000,0.000000000,1.000000000,51.384407043,17.394927979,0.737146556,0.999999821,0.000532461,0.000055312,0.000019816
922,97.632000000,fused_map_f2f,1,1,0,0.060819923,0.025404348,0.996754473,0.996754473,0.100000000,0.011024398,0.011024398,0.035826409,0.002779078,1.000000000,0.000000000,0.000000000,0.000000000,0.000000000,0.000000000,0.487179487,0.199965974,0.372294082,1.000000000,0.000000000,0.000000000,0.000000000,1.000000000,51.456619263,17.394739151,0.736976981,0.999999821,0.000550091,0.000047144,0.000009762
923,97.729000000,fused_map_f2f,1,1,0,0.061075684,0.029062671,0.995742084,0.995742084,0.100000000,0.011035483,0.011035483,0.035861528,0.002781895,1.000000000,0.000000000,0.000000000,0.000000000,0.000000000,0.000000000,0.480519481,0.324498130,0.418110940,1.000000000,0.000000000,0.000000000,0.000000000,1.000000000,51.550102234,17.395059586,0.736738443,0.999999881,0.000425945,0.000064663,-0.000001475
924,97.816000000,fused_map_f2f,1,1,0,0.061423316,0.019410966,0.994366043,0.994366043,0.100000000,0.011050585,0.011050585,0.035909372,0.002785734,1.000000000,0.000000000,0.000000000,0.000000000,0.000000000,0.000000000,0.506493506,0.220694896,0.392174062,1.000000000,0.000000000,0.000000000,0.000000000,1.000000000,51.618293762,17.395479202,0.737042904,0.999999821,0.000631617,0.000021221,-0.000022564
925,97.937000000,fused_map_f2f,1,1,0,0.063265087,0.024950200,0.987075697,0.987075697,0.100000000,0.011131294,0.011131294,0.036165000,0.002806251,1.000000000,0.000000000,0.000000000,0.000000000,0.000000000,0.000000000,0.487179487,0.307422199,0.415276572,1.000000000,0.000000000,0.000000000,0.000000000,1.000000000,51.786354065,17.395191193,0.737028897,0.999999881,0.000448382,0.000050438,0.000047164
926,98.030000000,fused_map_f2f,1,1,0,0.062445062,0.024400739,0.990321629,0.990321629,0.100000000,0.011095215,0.011095215,0.036050737,0.002797079,1.000000000,0.000000000,0.000000000,0.000000000,0.000000000,0.000000000,0.456790123,0.299073067,0.393703301,1.000000000,0.000000000,0.000000000,0.000000000,1.000000000,51.865287781,17.395086288,0.737144947,0.999999881,0.000470257,0.000002154,0.000085497
927,98.118000000,fused_map_f2f,1,1,0,0.060780344,0.019136680,0.996911138,0.996911138,0.100000000,0.011022684,0.011022684,0.035820980,0.002778642,1.000000000,0.000000000,0.000000000,0.000000000,0.000000000,0.000000000,0.473684211,0.290836788,0.400545241,1.000000000,0.000000000,0.000000000,0.000000000,1.000000000,51.998004913,17.395565033,0.736841917,0.999999940,0.000329045,0.000060292,0.000019023
928,98.237000000,fused_map_f2f,1,1,0,0.061614831,0.026182951,0.993607961,0.993607961,0.100000000,0.011058923,0.011058923,0.035935785,0.002787854,1.000000000,0.000000000,0.000000000,0.000000000,0.000000000,0.000000000,0.506493506,0.222459491,0.392879900,1.000000000,0.000000000,0.000000000,0.000000000,1.000000000,52.167797089,17.395236969,0.736599922,0.999999940,0.000365481,0.000069295,0.000034636
929,98.331000000,fused_map_f2f,1,1,0,0.064336586,0.024279159,0.982834346,0.982834346,0.100000000,0.011178794,0.011178794,0.036315400,0.002818328,1.000000000,0.000000000,0.000000000,0.000000000,0.000000000,0.000000000,0.475000000,0.277299464,0.395919786,1.000000000,0.000000000,0.000000000,0.000000000,1.000000000,52.253566742,17.395055771,0.737334251,0.999999940,0.000371150,0.000055217,0.000041209
930,98.422000000,fused_map_f2f,1,1,0,0.063250834,0.019191117,0.987132116,0.987132116,0.100000000,0.011130665,0.011130665,0.036163008,0.002806092,1.000000000,0.000000000,0.000000000,0.000000000,0.000000000,0.000000000,0.486486486,0.240263428,0.387997263,1.000000000,0.000000000,0.000000000,0.000000000,1.000000000,52.354450226,17.395345688,0.737209737,0.999999940,0.000396502,0.000067547,0.000037387
931,98.513000000,fused_map_f2f,1,1,0,0.065758000,0.031083993,0.977207917,0.977207917,0.100000000,0.011242434,0.011242434,0.036516856,0.002834508,1.000000000,0.000000000,0.000000000,0.000000000,0.000000000,0.000000000,0.455696203,0.306338934,0.395953295,1.000000000,0.000000000,0.000000000,0.000000000,1.000000000,52.442909241,17.395135880,0.737476110,0.999999940,0.000398002,0.000068323,0.000042640
932,98.631000000,fused_map_f2f,1,1,0,0.064398959,0.033564045,0.982587454,0.982587454,0.100000000,0.011181571,0.011181571,0.036324193,0.002819034,1.000000000,0.000000000,0.000000000,0.000000000,0.000000000,0.000000000,0.468354430,0.332975785,0.414202972,1.000000000,0.000000000,0.000000000,0.000000000,1.000000000,52.580211639,17.395235062,0.737297058,0.999999881,0.000443036,0.000075722,0.000056865
933,98.727000000,fused_map_f2f,1,1,0,0.066461234,0.016715424,0.974424281,0.974424281,0.100000000,0.011274188,0.011274188,0.036617354,0.002842583,1.000000000,0.000000000,0.000000000,0.000000000,0.000000000,0.000000000,0.493333333,0.226536559,0.386614624,1.000000000,0.000000000,0.000000000,0.000000000,1.000000000,52.671379089,17.395572662,0.737474263,0.999999881,0.000469346,0.000011937,0.000045563
934,98.826000000,fused_map_f2f,1,1,0,0.064572836,0.021959238,0.981899190,0.981899190,0.100000000,0.011189321,0.011189321,0.036348729,0.002821004,1.000000000,0.000000000,0.000000000,0.000000000,0.000000000,0.000000000,0.555555556,0.299320182,0.453061406,1.000000000,0.000000000,0.000000000,0.000000000,1.000000000,52.786479950,17.395744324,0.736796260,0.999999821,0.000572622,0.000064786,0.000019889
935,98.917000000,fused_map_f2f,1,1,0,0.067001756,0.028706881,0.972284716,0.972284716,0.100000000,0.011298717,0.011298717,0.036694976,0.002848820,1.000000000,0.000000000,0.000000000,0.000000000,0.000000000,0.000000000,0.481012658,0.347034426,0.427421365,1.000000000,0.000000000,0.000000000,0.000000000,1.000000000,52.876201630,17.395843506,0.737013936,0.999999821,0.000552805,0.000019309,0.000025795
936,99.040000000,fused_map_f2f,1,1,0,0.063555014,0.048263418,0.985928070,0.985928070,0.100000000,0.011144107,0.011144107,0.036205572,0.002809509,1.000000000,0.000000000,0.000000000,0.000000000,0.000000000,0.000000000,0.462500000,0.209538014,0.361315205,1.000000000,0.000000000,0.000000000,0.000000000,1.000000000,53.028808594,17.396320343,0.737334490,0.999999762,0.000666626,0.000059890,0.000048894
937,99.131000000,fused_map_f2f,1,1,0,0.062309857,0.025980406,0.990856815,0.990856815,0.100000000,0.011089288,0.011089288,0.036031967,0.002795573,1.000000000,0.000000000,0.000000000,0.000000000,0.000000000,0.000000000,0.444444444,0.338413136,0.402031921,1.000000000,0.000000000,0.000000000,0.000000000,1.000000000,53.191177368,17.395614624,0.737419784,0.999999940,0.000395370,0.000071214,0.000032334
938,99.220000000,fused_map_f2f,1,1,0,0.064297686,0.040976872,0.982988327,0.982988327,0.100000000,0.011177062,0.011177062,0.036309918,0.002817887,1.000000000,0.000000000,0.000000000,0.000000000,0.000000000,0.000000000,0.467532468,0.231698953,0.373199062,1.000000000,0.000000000,0.000000000,0.000000000,1.000000000,53.276035309,17.395881653,0.737509429,0.999999881,0.000435676,0.000071192,0.000052305
939,99.345000000,fused_map_f2f,1,1,0,0.061427822,0.023256344,0.994348206,0.994348206,0.100000000,0.011050781,0.011050781,0.035909993,0.002785784,1.000000000,0.000000000,0.000000000,0.000000000,0.000000000,0.000000000,0.506329114,0.307662796,0.426862587,1.000000000,0.000000000,0.000000000,0.000000000,1.000000000,53.407669067,17.395368576,0.737808585,0.999999881,0.000421777,0.000077304,0.000071181
940,99.432000000,fused_map_f2f,1,1,0,0.063405197,0.033266369,0.986521096,0.986521096,0.100000000,0.011137482,0.011137482,0.036184596,0.002807825,1.000000000,0.000000000,0.000000000,0.000000000,0.000000000,0.000000000,0.468354430,0.233627930,0.374463830,1.000000000,0.000000000,0.000000000,0.000000000,1.000000000,53.491634369,17.395595551,0.737788558,0.999999881,0.000411290,0.000024889,0.000102462
941,99.517000000,fused_map_f2f,1,1,0,0.062124264,0.022936729,0.991591453,0.991591453,0.100000000,0.011081164,0.011081164,0.036006233,0.002793507,1.000000000,0.000000000,0.000000000,0.000000000,0.000000000,0.000000000,0.461538462,0.301611436,0.397567651,1.000000000,0.000000000,0.000000000,0.000000000,1.000000000,53.598876953,17.395511627,0.737927675,0.999999821,0.000539211,0.000085693,0.000074048
942,99.614000000,fused_map_f2f,1,1,0,0.063185679,0.020628039,0.987390021,0.987390021,0.100000000,0.011127790,0.011127790,0.036153904,0.002805361,1.000000000,0.000000000,0.000000000,0.000000000,0.000000000,0.000000000,0.468354430,0.320728391,0.409304015,1.000000000,0.000000000,0.000000000,0.000000000,1.000000000,53.695278168,17.395801544,0.737992167,0.999999881,0.000414456,0.000086025,0.000077606
943,99.742000000,fused_map_f2f,1,1,0,0.062358887,0.022899727,0.990662741,0.990662741,0.100000000,0.011091437,0.011091437,0.036038771,0.002796119,1.000000000,0.000000000,0.000000000,0.000000000,0.000000000,0.000000000,0.456790123,0.283551114,0.387494520,1.000000000,0.000000000,0.000000000,0.000000000,1.000000000,53.813735962,17.396284103,0.738831460,0.999999881,0.000490533,0.000014927,-0.000035875
944,99.837000000,fused_map_f2f,1,1,0,0.064476684,0.023451763,0.982279791,0.982279791,0.100000000,0.011185034,0.011185034,0.036335157,0.002819914,1.000000000,0.000000000,0.000000000,0.000000000,0.000000000,0.000000000,0.487500000,0.226440223,0.383076089,1.000000000,0.000000000,0.000000000,0.000000000,1.000000000,53.946197510,17.396257401,0.738059342,0.999999881,0.000414669,0.000101836,0.000049527
945,99.938000000,fused_map_f2f,1,1,0,0.062167671,0.020156114,0.991419635,0.991419635,0.100000000,0.011083063,0.011083063,0.036012248,0.002793990,1.000000000,0.000000000,0.000000000,0.000000000,0.000000000,0.000000000,0.433734940,0.258057842,0.363464101,1.000000000,0.000000000,0.000000000,0.000000000,1.000000000,54.031341553,17.395761490,0.738213837,0.999999881,0.000407889,0.000023173,0.000114025
946,100.032000000,fused_map_f2f,1,1,0,0.063885026,0.025853783,0.984621773,0.984621773,0.100000000,0.011158727,0.011158727,0.036251865,0.002813226,1.000000000,0.000000000,0.000000000,0.000000000,0.000000000,0.000000000,0.468354430,0.317428678,0.407984129,1.000000000,0.000000000,0.000000000,0.000000000,1.000000000,54.209621429,17.396858215,0.738351822,0.999999821,0.000619949,0.000066080,0.000085800
947,100.121000000,fused_map_f2f,1,1,0,0.062929918,0.017902913,0.988402408,0.988402408,0.100000000,0.011116519,0.011116519,0.036118210,0.002802495,1.000000000,0.000000000,0.000000000,0.000000000,0.000000000,0.000000000,0.469135802,0.216199199,0.367961161,1.000000000,0.000000000,0.000000000,0.000000000,1.000000000,54.390129089,17.396032333,0.738603115,0.999999940,0.000208828,0.000072889,0.000061684
948,100.217000000,fused_map_f2f,1,1,0,0.064339019,0.028643924,0.982824715,0.982824715,0.100000000,0.011178902,0.011178902,0.036315743,0.002818355,1.000000000,0.000000000,0.000000000,0.000000000,0.000000000,0.000000000,0.481012658,0.316377353,0.415158536,1.000000000,0.000000000,0.000000000,0.000000000,1.000000000,54.477245331,17.396186829,0.738725722,1.000000000,0.000200802,0.000051620,0.000051995
949,100.333000000,fused_map_f2f,1,1,0,0.062554808,0.023494687,0.989887219,0.989887219,0.100000000,0.011100030,0.011100030,0.036065987,0.002798303,1.000000000,0.000000000,0.000000000,0.000000000,0.000000000,0.000000000,0.468354430,0.298192798,0.400289777,1.000000000,0.000000000,0.000000000,0.000000000,1.000000000,54.602497101,17.395206451,0.738732278,0.999999940,0.000207312,0.000079456,0.000081092
950,100.417000000,fused_map_f2f,1,1,0,0.064819453,0.022460732,0.980923000,0.980923000,0.100000000,0.011200332,0.011200332,0.036383586,0.002823804,1.000000000,0.000000000,0.000000000,0.000000000,0.000000000,0.000000000,0.439024390,0.320574537,0.391644449,1.000000000,0.000000000,0.000000000,0.000000000,1.000000000,54.683006287,17.395298004,0.737995446,1.000000000,0.000031532,0.000082207,0.000098148
951,100.540000000,fused_map_f2f,1,1,0,0.063028352,0.022892495,0.988012774,0.988012774,0.100000000,0.011120854,0.011120854,0.036131939,0.002803597,1.000000000,0.000000000,0.000000000,0.000000000,0.000000000,0.000000000,0.450000000,0.284708354,0.383883342,1.000000000,0.000000000,0.000000000,0.000000000,1.000000000,54.803428650,17.395532608,0.738222420,1.000000000,0.000025435,0.000065656,0.000120838
952,100.629000000,fused_map_f2f,1,1,0,0.063478345,0.024777823,0.986231551,0.986231551,0.100000000,0.011140716,0.011140716,0.036194834,0.002808647,1.000000000,0.000000000,0.000000000,0.000000000,0.000000000,0.000000000,0.432098765,0.301281180,0.379771731,1.000000000,0.000000000,0.000000000,0.000000000,1.000000000,54.885349274,17.395776749,0.738501072,1.000000000,-0.000072790,0.000086042,0.000099036
953,100.713000000,fused_map_f2f,1,1,0,0.062079023,0.018970582,0.991770532,0.991770532,0.100000000,0.011079185,0.011079185,0.035999966,0.002793004,1.000000000,0.000000000,0.000000000,0.000000000,0.000000000,0.000000000,0.461538462,0.257237568,0.379818104,1.000000000,0.000000000,0.000000000,0.000000000,1.000000000,55.015983582,17.395444870,0.738449812,1.000000000,-0.000041314,0.000084001,0.000086731
954,100.845000000,fused_map_f2f,1,1,0,0.062768280,0.021773950,0.989042224,0.989042224,0.100000000,0.011109408,0.011109408,0.036095688,0.002800687,1.000000000,0.000000000,0.000000000,0.000000000,0.000000000,0.000000000,0.462500000,0.211302757,0.362021103,1.000000000,0.000000000,0.000000000,0.000000000,1.000000000,55.135181427,17.395042419,0.738620758,0.999999940,-0.000223870,0.000041438,0.000102710
955,100.935000000,fused_map_f2f,1,1,0,0.063460718,0.016466818,0.986301327,0.986301327,0.100000000,0.011139936,0.011139936,0.036192366,0.002808449,1.000000000,0.000000000,0.000000000,0.000000000,0.000000000,0.000000000,0.454545455,0.303527807,0.394138395,1.000000000,0.000000000,0.000000000,0.000000000,1.000000000,55.214572906,17.395135880,0.738591492,0.999999940,-0.000209962,0.000042382,0.000062874
956,101.019000000,fused_map_f2f,1,1,0,0.065612194,0.029763311,0.977785065,0.977785065,0.100000000,0.011235872,0.011235872,0.036496088,0.002832840,1.000000000,0.000000000,0.000000000,0.000000000,0.000000000,0.000000000,0.448717949,0.184933988,0.343204364,1.000000000,0.000000000,0.000000000,0.000000000,1.000000000,55.288658142,17.395122528,0.739071727,1.000000000,-0.000143963,0.000043927,0.000013132
957,101.114000000,fused_map_f2f,1,1,0,0.064484763,0.017093130,0.982247815,0.982247815,0.100000000,0.011185394,0.011185394,0.036336297,0.002820006,1.000000000,0.000000000,0.000000000,0.000000000,0.000000000,0.000000000,0.462500000,0.307768578,0.400607431,1.000000000,0.000000000,0.000000000,0.000000000,1.000000000,55.432647705,17.396074295,0.738844275,1.000000000,-0.000057287,0.000081953,0.000118293
958,101.230000000,fused_map_f2f,1,1,0,0.062828303,0.024455526,0.988804632,0.988804632,0.100000000,0.011112047,0.011112047,0.036104048,0.002801358,1.000000000,0.000000000,0.000000000,0.000000000,0.000000000,0.000000000,0.468354430,0.256089374,0.383448408,1.000000000,0.000000000,0.000000000,0.000000000,1.000000000,55.627708435,17.396553040,0.739045978,1.000000000,0.000026698,0.000064320,0.000143694
959,101.318000000,fused_map_f2f,1,1,0,0.061343396,0.020614695,0.994682392,0.994682392,0.100000000,0.011047110,0.011047110,0.035898362,0.002784851,1.000000000,0.000000000,0.000000000,0.000000000,0.000000000,0.000000000,0.467532468,0.227414784,0.371485394,1.000000000,0.000000000,0.000000000,0.000000000,1.000000000,55.796043396,17.395608902,0.739554822,0.999999940,-0.000174275,0.000062514,0.000190212
960,101.413000000,fused_map_f2f,1,1,0,0.062078423,0.019749233,0.991772911,0.991772911,0.100000000,0.011079159,0.011079159,0.035999882,0.002792998,1.000000000,0.000000000,0.000000000,0.000000000,0.000000000,0.000000000,0.439024390,0.256088275,0.365849944,1.000000000,0.000000000,0.000000000,0.000000000,1.000000000,55.877792358,17.395652771,0.739839017,0.999999940,-0.000305838,0.000071419,0.000160051
961,101.528000000,fused_map_f2f,1,1,0,0.061043281,0.017855700,0.995870346,0.995870346,0.100000000,0.011034077,0.011034077,0.035857075,0.002781538,1.000000000,0.000000000,0.000000000,0.000000000,0.000000000,0.000000000,0.460526316,0.297164495,0.395181587,1.000000000,0.000000000,0.000000000,0.000000000,1.000000000,55.973468781,17.395530701,0.740251899,0.999999881,-0.000354414,0.000044394,0.000261280
962,101.638000000,fused_map_f2f,1,1,0,0.064368188,0.021924324,0.982709254,0.982709254,0.100000000,0.011180201,0.011180201,0.036319855,0.002818685,1.000000000,0.000000000,0.000000000,0.000000000,0.000000000,0.000000000,0.426829268,0.225121243,0.346146058,1.000000000,0.000000000,0.000000000,0.000000000,1.000000000,56.064479828,17.395195007,0.740641952,0.999999821,-0.000509563,0.000029889,0.000300409
963,101.744000000,fused_map_f2f,1,1,0,0.062091781,0.018899425,0.991720034,0.991720034,0.100000000,0.011079743,0.011079743,0.036001733,0.002793146,1.000000000,0.000000000,0.000000000,0.000000000,0.000000000,0.000000000,0.455696203,0.191695741,0.350096018,1.000000000,0.000000000,0.000000000,0.000000000,1.000000000,56.193775177,17.395900726,0.739276290,0.999999940,-0.000228145,0.000051627,0.000196102
964,101.838000000,fused_map_f2f,1,1,0,0.064023670,0.019690020,0.984072974,0.984072974,0.100000000,0.011164880,0.011164880,0.036271348,0.002814790,1.000000000,0.000000000,0.000000000,0.000000000,0.000000000,0.000000000,0.448717949,0.235938972,0.363606358,1.000000000,0.000000000,0.000000000,0.000000000,1.000000000,56.270496368,17.395679474,0.739504695,0.999999940,-0.000294535,0.000004113,0.000224223
965,101.941000000,fused_map_f2f,1,1,0,0.061411086,0.028565436,0.994414451,0.994414451,0.100000000,0.011050053,0.011050053,0.035907687,0.002785599,1.000000000,0.000000000,0.000000000,0.000000000,0.000000000,0.000000000,0.448717949,0.315692934,0.395507943,1.000000000,0.000000000,0.000000000,0.000000000,1.000000000,56.420536041,17.396091461,0.738817871,0.999999940,-0.000145123,0.000067616,0.000163262
966,102.037000000,fused_map_f2f,1,1,0,0.060604154,0.022440890,0.997608559,0.997608559,0.100000000,0.011015063,0.011015063,0.035796834,0.002776705,1.000000000,0.000000000,0.000000000,0.000000000,0.000000000,0.000000000,0.454545455,0.343468128,0.410114524,1.000000000,0.000000000,0.000000000,0.000000000,1.000000000,56.582893372,17.396179199,0.739217103,0.999999881,-0.000401010,0.000062704,0.000175023
967,102.127000000,fused_map_f2f,1,1,0,0.060890250,0.023600203,0.996476094,0.996476094,0.100000000,0.011027444,0.011027444,0.035836058,0.002779852,1.000000000,0.000000000,0.000000000,0.000000000,0.000000000,0.000000000,0.454545455,0.232155520,0.365589481,1.000000000,0.000000000,0.000000000,0.000000000,1.000000000,56.649600983,17.396015167,0.739524245,0.999999821,-0.000585089,0.000033902,0.000191739
968,102.213000000,fused_map_f2f,1,1,0,0.060157802,0.019259698,0.999375369,0.999375369,0.100000000,0.010995804,0.010995804,0.035735810,0.002771810,1.000000000,0.000000000,0.000000000,0.000000000,0.000000000,0.000000000,0.447368421,0.297925739,0.387591348,1.000000000,0.000000000,0.000000000,0.000000000,1.000000000,56.790802002,17.396007538,0.739910543,0.999999821,-0.000547788,0.000066294,0.000181099
969,102.335000000,fused_map_f2f,1,1,0,0.063353993,0.019633881,0.986723776,0.986723776,0.100000000,0.011135220,0.011135220,0.036177432,0.002807250,1.000000000,0.000000000,0.000000000,0.000000000,0.000000000,0.000000000,0.417721519,0.249195042,0.350310928,1.000000000,0.000000000,0.000000000,0.000000000,1.000000000,56.883937836,17.396034241,0.739135444,0.999999821,-0.000565949,0.000058589,0.000200072
970,102.416000000,fused_map_f2f,1,1,0,0.060844219,0.023596826,0.996658299,0.996658299,0.100000000,0.011025450,0.011025450,0.035829742,0.002779345,1.000000000,0.000000000,0.000000000,0.000000000,0.000000000,0.000000000,0.441558442,0.256422703,0.367504146,1.000000000,0.000000000,0.000000000,0.000000000,1.000000000,56.995086670,17.396242142,0.739369988,0.999999762,-0.000632244,0.000049432,0.000200061
971,102.538000000,fused_map_f2f,1,1,0,0.062123491,0.016799691,0.991594514,0.991594514,0.100000000,0.011081130,0.011081130,0.036006126,0.002793499,1.000000000,0.000000000,0.000000000,0.000000000,0.000000000,0.000000000,0.397590361,0.254588394,0.340389575,1.000000000,0.000000000,0.000000000,0.000000000,1.000000000,57.084316254,17.396120071,0.739531398,0.999999702,-0.000748806,0.000035721,0.000196356
972,102.632000000,fused_map_f2f,1,1,0,0.062192375,0.016334834,0.991321849,0.991321849,0.100000000,0.011084144,0.011084144,0.036015673,0.002794265,1.000000000,0.000000000,0.000000000,0.000000000,0.000000000,0.000000000,0.426829268,0.372939457,0.405273344,1.000000000,0.000000000,0.000000000,0.000000000,1.000000000,57.159355164,17.395919800,0.738979936,0.999999642,-0.000800249,0.000052216,0.000205703
973,102.723000000,fused_map_f2f,1,1,0,0.062161972,0.022699298,0.991442193,0.991442193,0.100000000,0.011082813,0.011082813,0.036011458,0.002793927,1.000000000,0.000000000,0.000000000,0.000000000,0.000000000,0.000000000,0.454545455,0.151922559,0.333496296,1.000000000,0.000000000,0.000000000,0.000000000,1.000000000,57.215904236,17.397333145,0.739691556,0.999999821,-0.000559781,0.000038325,0.000204259
974,102.836000000,fused_map_f2f,1,1,0,0.063961148,0.022130644,0.984320456,0.984320456,0.100000000,0.011162104,0.011162104,0.036262560,0.002814084,1.000000000,0.000000000,0.000000000,0.000000000,0.000000000,0.000000000,0.450000000,0.213166300,0.355266520,1.000000000,0.000000000,0.000000000,0.000000000,1.000000000,57.286617279,17.397006989,0.738983393,0.999999762,-0.000629873,0.000058577,0.000216801
975,102.934000000,fused_map_f2f,1,1,0,0.066166494,0.029975295,0.975590960,0.975590960,0.100000000,0.011260857,0.011260857,0.036575166,0.002839193,1.000000000,0.000000000,0.000000000,0.000000000,0.000000000,0.000000000,0.450000000,0.213832460,0.355532984,1.000000000,0.000000000,0.000000000,0.000000000,1.000000000,57.342876434,17.397232056,0.738335788,0.999999821,-0.000528792,0.000155232,0.000049286
976,103.016000000,fused_map_f2f,1,1,0,0.061107280,0.025969056,0.995617016,0.995617016,0.100000000,0.011036854,0.011036854,0.035865871,0.002782244,1.000000000,0.000000000,0.000000000,0.000000000,0.000000000,0.000000000,0.473684211,0.203816955,0.365737308,1.000000000,0.000000000,0.000000000,0.000000000,1.000000000,57.404197693,17.396249771,0.739706099,0.999999642,-0.000796682,0.000059647,0.000190901
977,103.133000000,fused_map_f2f,1,1,0,0.064356393,0.015519731,0.982755943,0.982755943,0.100000000,0.011179675,0.011179675,0.036318192,0.002818552,1.000000000,0.000000000,0.000000000,0.000000000,0.000000000,0.000000000,0.441558442,0.257782128,0.368047916,1.000000000,0.000000000,0.000000000,0.000000000,1.000000000,57.477325439,17.395677567,0.740030050,0.999999464,-0.000997626,0.000086797,0.000290835
978,103.223000000,fused_map_f2f,1,1,0,0.063273608,0.012864815,0.987041968,0.987041968,0.100000000,0.011131670,0.011131670,0.036166191,0.002806347,1.000000000,0.000000000,0.000000000,0.000000000,0.000000000,0.000000000,0.461538462,0.271309481,0.385446869,1.000000000,0.000000000,0.000000000,0.000000000,1.000000000,57.539657593,17.396396637,0.739437461,0.999999583,-0.000867506,0.000076887,0.000200950
979,103.338000000,fused_map_f2f,1,1,0,0.063463292,0.023528873,0.986291137,0.986291137,0.100000000,0.011140050,0.011140050,0.036192727,0.002808477,1.000000000,0.000000000,0.000000000,0.000000000,0.000000000,0.000000000,0.461538462,0.219268091,0.364630313,1.000000000,0.000000000,0.000000000,0.000000000,1.000000000,57.608329773,17.396665573,0.739401042,0.999999642,-0.000781747,0.000071666,0.000194664
980,103.416000000,fused_map_f2f,1,1,0,0.064884275,0.018399698,0.980666411,0.980666411,0.100000000,0.011203229,0.011203229,0.036392760,0.002824540,1.000000000,0.000000000,0.000000000,0.000000000,0.000000000,0.000000000,0.405063291,0.192021526,0.319846585,1.000000000,0.000000000,0.000000000,0.000000000,1.000000000,57.643695831,17.396507263,0.739873707,0.999999583,-0.000886987,0.000055891,0.000173919
981,103.517000000,fused_map_f2f,1,1,0,0.061266832,0.011566028,0.994985455,0.994985455,0.100000000,0.011043782,0.011043782,0.035887820,0.002784005,1.000000000,0.000000000,0.000000000,0.000000000,0.000000000,0.000000000,0.467532468,0.229090255,0.372155582,1.000000000,0.000000000,0.000000000,0.000000000,1.000000000,57.811504364,17.397268295,0.739357710,0.999999642,-0.000821675,0.000073269,0.000205538
982,103.634000000,fused_map_f2f,1,1,0,0.064654412,0.016071061,0.981576284,0.981576284,0.100000000,0.011192961,0.011192961,0.036360252,0.002821930,1.000000000,0.000000000,0.000000000,0.000000000,0.000000000,0.000000000,0.447368421,0.292428225,0.385392343,1.000000000,0.000000000,0.000000000,0.000000000,1.000000000,57.869731903,17.397161484,0.739844024,0.999999583,-0.000907395,0.000077641,0.000224135
983,103.717000000,fused_map_f2f,1,1,0,0.062836055,0.022036582,0.988773947,0.988773947,0.100000000,0.011112388,0.011112388,0.036105128,0.002801445,1.000000000,0.000000000,0.000000000,0.000000000,0.000000000,0.000000000,0.402439024,0.211737810,0.326158539,1.000000000,0.000000000,0.000000000,0.000000000,1.000000000,57.988510132,17.397632599,0.739888072,0.999999344,-0.001111395,0.000076298,0.000214887
984,103.838000000,fused_map_f2f,1,1,0,0.062099649,0.011974711,0.991688890,0.991688890,0.100000000,0.011080087,0.011080087,0.036002823,0.002793234,1.000000000,0.000000000,0.000000000,0.000000000,0.000000000,0.000000000,0.460526316,0.283062798,0.389540908,1.000000000,0.000000000,0.000000000,0.000000000,1.000000000,58.046314240,17.397491455,0.740075767,0.999999225,-0.001210690,0.000053011,0.000229156
985,103.926000000,fused_map_f2f,1,1,0,0.063996527,0.016646050,0.984180414,0.984180414,0.100000000,0.011163675,0.011163675,0.036267532,0.002814484,1.000000000,0.000000000,0.000000000,0.000000000,0.000000000,0.000000000,0.400000000,0.287705451,0.355082180,1.000000000,0.000000000,0.000000000,0.000000000,1.000000000,58.095268250,17.397148132,0.739119053,0.999999344,-0.001096796,0.000077915,0.000218002
986,104.035000000,fused_map_f2f,1,1,0,0.062889331,0.021331405,0.988563063,0.988563063,0.100000000,0.011114733,0.011114733,0.036112552,0.002802041,1.000000000,0.000000000,0.000000000,0.000000000,0.000000000,0.000000000,0.461538462,0.325187225,0.406997967,1.000000000,0.000000000,0.000000000,0.000000000,1.000000000,58.194976807,17.397041321,0.739384949,0.999999225,-0.001233113,0.000078771,0.000231418
987,104.164000000,fused_map_f2f,1,1,0,0.063537360,0.012617903,0.985997950,0.985997950,0.100000000,0.011143326,0.011143326,0.036203099,0.002809310,1.000000000,0.000000000,0.000000000,0.000000000,0.000000000,0.000000000,0.467532468,0.216709891,0.367203437,1.000000000,0.000000000,0.000000000,0.000000000,1.000000000,58.263015747,17.397073746,0.740246236,0.999998987,-0.001398251,0.000100832,0.000214949
988,104.222000000,fused_map_f2f,1,1,0,0.064028857,0.020809653,0.984052440,0.984052440,0.100000000,0.011165111,0.011165111,0.036272078,0.002814849,1.000000000,0.000000000,0.000000000,0.000000000,0.000000000,0.000000000,0.435897436,0.208526634,0.344949115,1.000000000,0.000000000,0.000000000,0.000000000,1.000000000,58.294723511,17.397459030,0.740527093,0.999999225,-0.001239749,0.000066509,0.000236747
989,104.333000000,fused_map_f2f,1,1,0,0.060779639,0.017528095,0.996913930,0.996913930,0.100000000,0.011022654,0.011022654,0.035820883,0.002778634,1.000000000,0.000000000,0.000000000,0.000000000,0.000000000,0.000000000,0.430379747,0.254103027,0.359869059,1.000000000,0.000000000,0.000000000,0.000000000,1.000000000,58.399463654,17.397375107,0.739681363,0.999999225,-0.001211165,0.000088906,0.000242694
990,104.420000000,fused_map_f2f,1,1,0,0.062260724,0.022630641,0.991051303,0.991051303,0.100000000,0.011087136,0.011087136,0.036025150,0.002795026,1.000000000,0.000000000,0.000000000,0.000000000,0.000000000,0.000000000,0.443037975,0.237796476,0.360941375,1.000000000,0.000000000,0.000000000,0.000000000,1.000000000,58.452835083,17.397050858,0.739122450,0.999999106,-0.001316156,0.000080928,0.000233255
991,104.524000000,fused_map_f2f,1,1,0,0.063027114,0.016190058,0.988017672,0.988017672,0.100000000,0.011120800,0.011120800,0.036131766,0.002803584,1.000000000,0.000000000,0.000000000,0.000000000,0.000000000,0.000000000,0.462500000,0.228011727,0.368704691,1.000000000,0.000000000,0.000000000,0.000000000,1.000000000,58.550930023,17.397785187,0.739593804,0.999999166,-0.001272826,0.000089437,0.000223521
992,104.626000000,fused_map_f2f,1,1,0,0.062376184,0.020795690,0.990594272,0.990594272,0.100000000,0.011092195,0.011092195,0.036041172,0.002796312,1.000000000,0.000000000,0.000000000,0.000000000,0.000000000,0.000000000,0.448717949,0.213541532,0.354647382,1.000000000,0.000000000,0.000000000,0.000000000,1.000000000,58.622108459,17.397834778,0.740027308,0.999999106,-0.001306055,0.000051177,0.000278668
993,104.730000000,fused_map_f2f,1,1,0,0.064358310,0.021473971,0.982748357,0.982748357,0.100000000,0.011179761,0.011179761,0.036318462,0.002818573,1.000000000,0.000000000,0.000000000,0.000000000,0.000000000,0.000000000,0.455696203,0.199352952,0.353158903,1.000000000,0.000000000,0.000000000,0.000000000,1.000000000,58.700576782,17.397470474,0.739386797,0.999998987,-0.001369258,0.000102005,0.000256005
994,104.813000000,fused_map_f2f,1,1,0,0.061543721,0.022380168,0.993889439,0.993889439,0.100000000,0.011055826,0.011055826,0.035925973,0.002787066,1.000000000,0.000000000,0.000000000,0.000000000,0.000000000,0.000000000,0.437500000,0.238174291,0.357769716,1.000000000,0.000000000,0.000000000,0.000000000,1.000000000,58.752704620,17.396856308,0.740018964,0.999998629,-0.001600841,0.000100480,0.000397214
995,104.923000000,fused_map_f2f,1,1,0,0.062459750,0.018408512,0.990263491,0.990263491,0.100000000,0.011095859,0.011095859,0.036052777,0.002797243,1.000000000,0.000000000,0.000000000,0.000000000,0.000000000,0.000000000,0.447368421,0.136352564,0.322962078,1.000000000,0.000000000,0.000000000,0.000000000,1.000000000,58.828765869,17.397235870,0.740183830,0.999998689,-0.001559163,0.000079496,0.000412919
996,105.040000000,fused_map_f2f,1,1,0,0.060530830,0.017603598,0.997898798,0.997898798,0.100000000,0.011011895,0.011011895,0.035786795,0.002775900,1.000000000,0.000000000,0.000000000,0.000000000,0.000000000,0.000000000,0.460526316,0.334091776,0.409952500,1.000000000,0.000000000,0.000000000,0.000000000,1.000000000,59.014148712,17.397871017,0.739380598,0.999999225,-0.001224035,0.000086396,0.000247378
997,105.127000000,fused_map_f2f,1,1,0,0.063392300,0.023372822,0.986572147,0.986572147,0.100000000,0.011136912,0.011136912,0.036182791,0.002807680,1.000000000,0.000000000,0.000000000,0.000000000,0.000000000,0.000000000,0.467532468,0.207787101,0.363634321,1.000000000,0.000000000,0.000000000,0.000000000,1.000000000,59.072875977,17.397211075,0.739463568,0.999999106,-0.001324549,0.000075829,0.000241847
998,105.233000000,fused_map_f2f,1,1,0,0.061758192,0.020926118,0.993040491,0.993040491,0.100000000,0.011065173,0.011065173,0.035955582,0.002789442,1.000000000,0.000000000,0.000000000,0.000000000,0.000000000,0.000000000,0.450000000,0.306120213,0.392448085,1.000000000,0.000000000,0.000000000,0.000000000,1.000000000,59.158782959,17.397447586,0.739658296,0.999998987,-0.001387450,0.000096847,0.000239435
999,105.315000000,fused_map_f2f,1,1,0,0.063888375,0.022516537,0.984608516,0.984608516,0.100000000,0.011158875,0.011158875,0.036252335,0.002813263,1.000000000,0.000000000,0.000000000,0.000000000,0.000000000,0.000000000,0.506849315,0.233638910,0.397565153,1.000000000,0.000000000,0.000000000,0.000000000,1.000000000,59.232295990,17.397533417,0.739230514,0.999999106,-0.001320199,0.000103190,0.000237487
1000,105.433000000,fused_map_f2f,1,1,0,0.063210556,0.015602342,0.987291551,0.987291551,0.100000000,0.011128888,0.011128888,0.036157379,0.002805640,1.000000000,0.000000000,0.000000000,0.000000000,0.000000000,0.000000000,0.441558442,0.284126536,0.378585679,1.000000000,0.000000000,0.000000000,0.000000000,1.000000000,59.371849060,17.397789001,0.739815772,0.999999166,-0.001283862,0.000092746,0.000219202
1001,105.513000000,fused_map_f2f,1,1,0,0.065035104,0.015871892,0.980069380,0.980069380,0.100000000,0.011209978,0.011209978,0.036414122,0.002826256,1.000000000,0.000000000,0.000000000,0.000000000,0.000000000,0.000000000,0.461538462,0.267298426,0.383842447,1.000000000,0.000000000,0.000000000,0.000000000,1.000000000,59.428611755,17.397714615,0.739982665,0.999998987,-0.001389438,0.000115153,0.000261012
1002,105.623000000,fused_map_f2f,1,1,0,0.062343777,0.014940440,0.990722548,0.990722548,0.100000000,0.011090774,0.011090774,0.036036674,0.002795951,1.000000000,0.000000000,0.000000000,0.000000000,0.000000000,0.000000000,0.480519481,0.222757805,0.377414810,1.000000000,0.000000000,0.000000000,0.000000000,1.000000000,59.543792725,17.398527145,0.739429057,0.999999285,-0.001148140,0.000097849,0.000221036
1003,105.730000000,fused_map_f2f,1,1,0,0.063241473,0.021099034,0.987169170,0.987169170,0.100000000,0.011130252,0.011130252,0.036161699,0.002805987,1.000000000,0.000000000,0.000000000,0.000000000,0.000000000,0.000000000,0.513513514,0.290735376,0.424402258,1.000000000,0.000000000,0.000000000,0.000000000,1.000000000,59.631378174,17.398061752,0.738798797,0.999999166,-0.001261392,0.000107241,0.000215978
1004,105.837000000,fused_map_f2f,1,1,0,0.062539257,0.015775272,0.989948773,0.989948773,0.100000000,0.011099347,0.011099347,0.036063825,0.002798130,1.000000000,0.000000000,0.000000000,0.000000000,0.000000000,0.000000000,0.493506494,0.308868746,0.419651395,1.000000000,0.000000000,0.000000000,0.000000000,1.000000000,59.742389679,17.398790359,0.739660203,0.999999225,-0.001201696,0.000121666,0.000219810
1005,105.915000000,fused_map_f2f,1,1,0,0.061910920,0.015016574,0.992435941,0.992435941,0.100000000,0.011071839,0.011071839,0.035976697,0.002791137,1.000000000,0.000000000,0.000000000,0.000000000,0.000000000,0.000000000,0.480519481,0.280742231,0.400608581,1.000000000,0.000000000,0.000000000,0.000000000,1.000000000,59.817054749,17.398399353,0.739256620,0.999998987,-0.001383667,0.000120497,0.000205287
1006,106.021000000,fused_map_f2f,1,1,0,0.062927928,0.017562710,0.988410284,0.988410284,0.100000000,0.011116431,0.011116431,0.036117932,0.002802473,1.000000000,0.000000000,0.000000000,0.000000000,0.000000000,0.000000000,0.481012658,0.289763915,0.404513161,1.000000000,0.000000000,0.000000000,0.000000000,1.000000000,59.948146820,17.398759842,0.739605308,0.999999225,-0.001220189,0.000149301,0.000207096
1007,106.132000000,fused_map_f2f,1,1,0,0.062608840,0.018515069,0.989673342,0.989673342,0.100000000,0.011102402,0.011102402,0.036073500,0.002798906,1.000000000,0.000000000,0.000000000,0.000000000,0.000000000,0.000000000,0.456790123,0.237880062,0.369226099,1.000000000,0.000000000,0.000000000,0.000000000,1.000000000,60.040466309,17.399204254,0.739922643,0.999999285,-0.001180833,0.000091580,0.000206312
1008,106.235000000,fused_map_f2f,1,1,0,0.060496113,0.019673654,0.998036220,0.998036220,0.100000000,0.011010395,0.011010395,0.035782044,0.002775519,1.000000000,0.000000000,0.000000000,0.000000000,0.000000000,0.000000000,0.469135802,0.217584781,0.368515394,1.000000000,0.000000000,0.000000000,0.000000000,1.000000000,60.180656433,17.398132324,0.739271641,0.999999046,-0.001338158,0.000138273,0.000205903
1009,106.331000000,fused_map_f2f,1,1,0,0.062944640,0.018453611,0.988344135,0.988344135,0.100000000,0.011117167,0.011117167,0.036120262,0.002802660,1.000000000,0.000000000,0.000000000,0.000000000,0.000000000,0.000000000,0.474358974,0.299347414,0.404354350,1.000000000,0.000000000,0.000000000,0.000000000,1.000000000,60.255687714,17.397743225,0.739678502,0.999998689,-0.001585584,0.000110571,0.000247556
1010,106.437000000,fused_map_f2f,1,1,0,0.061428091,0.016542718,0.994347139,0.994347139,0.100000000,0.011050793,0.011050793,0.035910030,0.002785787,1.000000000,0.000000000,0.000000000,0.000000000,0.000000000,0.000000000,0.481012658,0.252168450,0.389474975,1.000000000,0.000000000,0.000000000,0.000000000,1.000000000,60.377296448,17.398105621,0.739383578,0.999999166,-0.001286004,0.000133694,0.000198925
1011,106.513000000,fused_map_f2f,1,1,0,0.062059173,0.029177099,0.991849107,0.991849107,0.100000000,0.011078317,0.011078317,0.035997216,0.002792784,1.000000000,0.000000000,0.000000000,0.000000000,0.000000000,0.000000000,0.459459459,0.161302689,0.340196751,1.000000000,0.000000000,0.000000000,0.000000000,1.000000000,60.430091858,17.398139954,0.739850521,0.999998868,-0.001451096,0.000158496,0.000226381
1012,106.637000000,fused_map_f2f,1,1,0,0.061815091,0.015451388,0.992815265,0.992815265,0.100000000,0.011067655,0.011067655,0.035963445,0.002790074,1.000000000,0.000000000,0.000000000,0.000000000,0.000000000,0.000000000,0.474358974,0.189355947,0.360357763,1.000000000,0.000000000,0.000000000,0.000000000,1.000000000,60.581665039,17.398370743,0.738881469,0.999998927,-0.001431760,0.000133263,0.000200084
1013,106.715000000,fused_map_f2f,1,1,0,0.063329063,0.017212584,0.986822458,0.986822458,0.100000000,0.011134119,0.011134119,0.036173945,0.002806970,1.000000000,0.000000000,0.000000000,0.000000000,0.000000000,0.000000000,0.487500000,0.289170044,0.408168018,1.000000000,0.000000000,0.000000000,0.000000000,1.000000000,60.636920929,17.397985458,0.738384545,0.999998748,-0.001574687,0.000128339,0.000178608
1014,106.825000000,fused_map_f2f,1,1,0,0.065257501,0.012664914,0.979189059,0.979189059,0.100000000,0.011219943,0.011219943,0.036445666,0.002828790,1.000000000,0.000000000,0.000000000,0.000000000,0.000000000,0.000000000,0.451219512,0.204944993,0.352709704,1.000000000,0.000000000,0.000000000,0.000000000,1.000000000,60.735179901,17.397939682,0.738432884,0.999998689,-0.001603636,0.000124815,0.000201231
1015,106.934000000,fused_map_f2f,1,1,0,0.063419971,0.016228807,0.986462615,0.986462615,0.100000000,0.011138135,0.011138135,0.036186663,0.002807991,1.000000000,0.000000000,0.000000000,0.000000000,0.000000000,0.000000000,0.481012658,0.273894819,0.398165523,1.000000000,0.000000000,0.000000000,0.000000000,1.000000000,60.811470032,17.398326874,0.738777220,0.999998748,-0.001541132,0.000040762,0.000249321
1016,107.013000000,fused_map_f2f,1,1,0,0.065444510,0.014227672,0.978448816,0.978448816,0.100000000,0.011228336,0.011228336,0.036472233,0.002830924,1.000000000,0.000000000,0.000000000,0.000000000,0.000000000,0.000000000,0.475000000,0.270061576,0.393024630,1.000000000,0.000000000,0.000000000,0.000000000,1.000000000,60.860214233,17.397670746,0.738941848,0.999998391,-0.001764032,0.000048969,0.000247423
1017,107.118000000,fused_map_f2f,1,1,0,0.063168812,0.014728731,0.987456787,0.987456787,0.100000000,0.011127046,0.011127046,0.036151547,0.002805171,1.000000000,0.000000000,0.000000000,0.000000000,0.000000000,0.000000000,0.481012658,0.310239838,0.412703530,1.000000000,0.000000000,0.000000000,0.000000000,1.000000000,60.950984955,17.397151947,0.738385379,0.999998510,-0.001717443,0.000110456,0.000228734
1018,107.235000000,fused_map_f2f,1,1,0,0.064871242,0.019247096,0.980717999,0.980717999,0.100000000,0.011202647,0.011202647,0.036390915,0.002824392,1.000000000,0.000000000,0.000000000,0.000000000,0.000000000,0.000000000,0.460526316,0.179493827,0.348113320,1.000000000,0.000000000,0.000000000,0.000000000,1.000000000,61.033306122,17.397035599,0.738627732,0.999998152,-0.001908686,0.000096941,0.000236319
1019,107.313000000,fused_map_f2f,1,1,0,0.063908250,0.013781298,0.984529844,0.984529844,0.100000000,0.011159757,0.011159757,0.036255127,0.002813488,1.000000000,0.000000000,0.000000000,0.000000000,0.000000000,0.000000000,0.481012658,0.313758285,0.414110909,1.000000000,0.000000000,0.000000000,0.000000000,1.000000000,61.080467224,17.396411896,0.738767564,0.999997914,-0.002014575,0.000077635,0.000235839
1020,107.418000000,fused_map_f2f,1,1,0,0.065214733,0.011648976,0.979358349,0.979358349,0.100000000,0.011218025,0.011218025,0.036439596,0.002828302,1.000000000,0.000000000,0.000000000,0.000000000,0.000000000,0.000000000,0.513157895,0.257710199,0.410978816,1.000000000,0.000000000,0.000000000,0.000000000,1.000000000,61.145977020,17.396209717,0.739036858,0.999997735,-0.002117656,0.000030464,0.000216364
1021,107.526000000,fused_map_f2f,1,1,0,0.063472744,0.022721056,0.986253724,0.986253724,0.100000000,0.011140468,0.011140468,0.036194050,0.002808584,1.000000000,0.000000000,0.000000000,0.000000000,0.000000000,0.000000000,0.513157895,0.268002554,0.415095758,1.000000000,0.000000000,0.000000000,0.000000000,1.000000000,61.220802307,17.396461487,0.738314092,0.999998212,-0.001858414,0.000098698,0.000241529
1022,107.613000000,fused_map_f2f,1,1,0,0.065392735,0.011779222,0.978653758,0.978653758,0.100000000,0.011226011,0.011226011,0.036464874,0.002830333,1.000000000,0.000000000,0.000000000,0.000000000,0.000000000,0.000000000,0.506666667,0.287547814,0.419019126,1.000000000,0.000000000,0.000000000,0.000000000,1.000000000,61.273216248,17.396553040,0.738356173,0.999998271,-0.001844271,0.000044007,0.000247123
1023,107.736000000,fused_map_f2f,1,1,0,0.063059705,0.015680235,0.987888668,0.987888668,0.100000000,0.011122236,0.011122236,0.036136314,0.002803949,1.000000000,0.000000000,0.000000000,0.000000000,0.000000000,0.000000000,0.506666667,0.303911805,0.425564722,1.000000000,0.000000000,0.000000000,0.000000000,1.000000000,61.419399261,17.397130966,0.737689495,0.999998510,-0.001713805,0.000106761,0.000218230
1024,107.815000000,fused_map_f2f,1,1,0,0.062854509,0.014717280,0.988700900,0.988700900,0.100000000,0.011113200,0.011113200,0.036107699,0.002801652,1.000000000,0.000000000,0.000000000,0.000000000,0.000000000,0.000000000,0.481012658,0.225485075,0.378801625,1.000000000,0.000000000,0.000000000,0.000000000,1.000000000,61.466716766,17.397478104,0.737540960,0.999998391,-0.001757096,0.000114590,0.000241997
1025,107.936000000,fused_map_f2f,1,1,0,0.061029177,0.012981537,0.995926173,0.995926173,0.100000000,0.011033465,0.011033465,0.035855137,0.002781383,1.000000000,0.000000000,0.000000000,0.000000000,0.000000000,0.000000000,0.486842105,0.210982161,0.376498128,1.000000000,0.000000000,0.000000000,0.000000000,1.000000000,61.615051270,17.396488190,0.738167644,0.999998510,-0.001707810,0.000091266,0.000228269
1026,108.027000000,fused_map_f2f,1,1,0,0.060364755,0.022946146,0.998556177,0.998556177,0.100000000,0.011004725,0.011004725,0.035764079,0.002774077,1.000000000,0.000000000,0.000000000,0.000000000,0.000000000,0.000000000,0.480519481,0.236812628,0.383036739,1.000000000,0.000000000,0.000000000,0.000000000,1.000000000,61.663787842,17.396104813,0.738044262,0.999997914,-0.002023187,0.000123705,0.000225974
1027,108.138000000,fused_map_f2f,1,1,0,0.058573973,0.023762867,1.000000000,1.000000000,0.100000000,0.010989011,0.010989011,0.035714286,0.002770083,1.000000000,0.000000000,0.000000000,0.000000000,0.000000000,0.000000000,0.493506494,0.225619700,0.386351776,1.000000000,0.000000000,0.000000000,0.000000000,1.000000000,61.786216736,17.396642685,0.738646984,0.999998391,-0.001784358,0.000090362,0.000231753
1028,108.239000000,fused_map_f2f,1,1,0,0.059090698,0.022013620,1.000000000,1.000000000,0.100000000,0.010989011,0.010989011,0.035714286,0.002770083,1.000000000,0.000000000,0.000000000,0.000000000,0.000000000,0.000000000,0.467532468,0.284477374,0.394310430,1.000000000,0.000000000,0.000000000,0.000000000,1.000000000,61.853012085,17.396835327,0.738267541,0.999998629,-0.001641602,0.000083577,0.000253597
1029,108.333000000,fused_map_f2f,1,1,0,0.056493947,0.027137143,1.000000000,1.000000000,0.100000000,0.010989011,0.010989011,0.035714286,0.002770083,1.000000000,0.000000000,0.000000000,0.000000000,0.000000000,0.000000000,0.481481481,0.277815027,0.400014900,1.000000000,0.000000000,0.000000000,0.000000000,1.000000000,61.988082886,17.396604538,0.738408148,0.999998331,-0.001806487,0.000087946,0.000251438
1030,108.437000000,fused_map_f2f,1,1,0,0.059839834,0.021054199,1.000000000,1.000000000,0.100000000,0.010989011,0.010989011,0.035714286,0.002770083,1.000000000,0.000000000,0.000000000,0.000000000,0.000000000,0.000000000,0.462500000,0.237673432,0.372569373,1.000000000,0.000000000,0.000000000,0.000000000,1.000000000,62.060092926,17.396699905,0.737659812,0.999998391,-0.001791251,0.000094615,0.000226651
1031,108.531000000,fused_map_f2f,1,1,0,0.058027620,0.022743574,1.000000000,1.000000000,0.100000000,0.010989011,0.010989011,0.035714286,0.002770083,1.000000000,0.000000000,0.000000000,0.000000000,0.000000000,0.000000000,0.487500000,0.297387093,0.411454837,1.000000000,0.000000000,0.000000000,0.000000000,1.000000000,62.178676605,17.396915436,0.737928808,0.999998450,-0.001748869,0.000090870,0.000242328
1032,108.638000000,fused_map_f2f,1,1,0,0.057961253,0.022591855,1.000000000,1.000000000,0.100000000,0.010989011,0.010989011,0.035714286,0.002770083,1.000000000,0.000000000,0.000000000,0.000000000,0.000000000,0.000000000,0.468354430,0.209161667,0.364677325,1.000000000,0.000000000,0.000000000,0.000000000,1.000000000,62.242397308,17.396444321,0.737869680,0.999998152,-0.001904153,0.000082764,0.000238598
1033,108.718000000,fused_map_f2f,1,1,0,0.059268870,0.029360475,1.000000000,1.000000000,0.100000000,0.010989011,0.010989011,0.035714286,0.002770083,1.000000000,0.000000000,0.000000000,0.000000000,0.000000000,0.000000000,0.493333333,0.219260779,0.383704312,1.000000000,0.000000000,0.000000000,0.000000000,1.000000000,62.286281586,17.396804810,0.737607479,0.999998152,-0.001879745,0.000093689,0.000274141
1034,108.837000000,fused_map_f2f,1,1,0,0.057459796,0.014753087,1.000000000,1.000000000,0.100000000,0.010989011,0.010989011,0.035714286,0.002770083,1.000000000,0.000000000,0.000000000,0.000000000,0.000000000,0.000000000,0.473684211,0.244568312,0.382037851,1.000000000,0.000000000,0.000000000,0.000000000,1.000000000,62.351631165,17.397371292,0.737766027,0.999998271,-0.001821889,0.000049647,0.000286025
1035,108.913000000,fused_map_f2f,1,1,0,0.057148434,0.032195878,1.000000000,1.000000000,0.100000000,0.010989011,0.010989011,0.035714286,0.002770083,1.000000000,0.000000000,0.000000000,0.000000000,0.000000000,0.000000000,0.455696203,0.238864563,0.368963547,1.000000000,0.000000000,0.000000000,0.000000000,1.000000000,62.390773773,17.397378922,0.737435937,0.999998271,-0.001851435,0.000062364,0.000251754
1036,109.029000000,fused_map_f2f,1,1,0,0.057720632,0.014482791,1.000000000,1.000000000,0.100000000,0.010989011,0.010989011,0.035714286,0.002770083,1.000000000,0.000000000,0.000000000,0.000000000,0.000000000,0.000000000,0.500000000,0.200807186,0.380322874,1.000000000,0.000000000,0.000000000,0.000000000,1.000000000,62.450794220,17.397001266,0.737502456,0.999998629,-0.001640813,0.000101456,0.000213557
1037,109.144000000,fused_map_f2f,1,1,0,0.055447905,0.022949776,1.000000000,1.000000000,0.100000000,0.010989011,0.010989011,0.035714286,0.002770083,1.000000000,0.000000000,0.000000000,0.000000000,0.000000000,0.000000000,0.487179487,0.169386246,0.360062191,1.000000000,0.000000000,0.000000000,0.000000000,1.000000000,62.623149872,17.396677017,0.737509072,0.999998569,-0.001660325,0.000092028,0.000218088
1038,109.226000000,fused_map_f2f,1,1,0,0.056208520,0.011535853,1.000000000,1.000000000,0.100000000,0.010989011,0.010989011,0.035714286,0.002770083,1.000000000,0.000000000,0.000000000,0.000000000,0.000000000,0.000000000,0.493670886,0.287334236,0.411136226,1.000000000,0.000000000,0.000000000,0.000000000,1.000000000,62.664573669,17.396606445,0.737648249,0.999998450,-0.001722253,0.000041508,0.000248078
1039,109.336000000,fused_map_f2f,1,1,0,0.054337937,0.014212170,1.000000000,1.000000000,0.100000000,0.010989011,0.010989011,0.035714286,0.002770083,1.000000000,0.000000000,0.000000000,0.000000000,0.000000000,0.000000000,0.487179487,0.215767590,0.378614728,1.000000000,0.000000000,0.000000000,0.000000000,1.000000000,62.781059265,17.396661758,0.737571239,0.999998331,-0.001815752,0.000076254,0.000190367
1040,109.418000000,fused_map_f2f,1,1,0,0.054041343,0.012282527,1.000000000,1.000000000,0.100000000,0.010989011,0.010989011,0.035714286,0.002770083,1.000000000,0.000000000,0.000000000,0.000000000,0.000000000,0.000000000,0.493506494,0.241208213,0.392587181,1.000000000,0.000000000,0.000000000,0.000000000,1.000000000,62.831737518,17.396589279,0.737724960,0.999998569,-0.001671800,0.000091475,0.000177659
1041,109.528000000,fused_map_f2f,1,1,0,0.054645071,0.018301180,1.000000000,1.000000000,0.100000000,0.010989011,0.010989011,0.035714286,0.002770083,1.000000000,0.000000000,0.000000000,0.000000000,0.000000000,0.000000000,0.443037975,0.214342920,0.351559953,1.000000000,0.000000000,0.000000000,0.000000000,1.000000000,62.884387970,17.397354126,0.737579584,0.999998510,-0.001700346,0.000071222,0.000254796
1042,109.613000000,fused_map_f2f,1,1,0,0.052752118,0.011506984,1.000000000,1.000000000,0.100000000,0.010989011,0.010989011,0.035714286,0.002770083,1.000000000,0.000000000,0.000000000,0.000000000,0.000000000,0.000000000,0.500000000,0.224853226,0.389941290,1.000000000,0.000000000,0.000000000,0.000000000,1.000000000,62.978355408,17.396854401,0.737591863,0.999998569,-0.001681209,0.000099298,0.000206053
1043,109.732000000,fused_map_f2f,1,1,0,0.051977697,0.017197246,1.000000000,1.000000000,0.100000000,0.010989011,0.010989011,0.035714286,0.002770083,1.000000000,0.000000000,0.000000000,0.000000000,0.000000000,0.000000000,0.468354430,0.250542062,0.381229483,1.000000000,0.000000000,0.000000000,0.000000000,1.000000000,63.033176422,17.397203445,0.737245560,0.999998569,-0.001689764,0.000090197,0.000200077
1044,109.819000000,fused_map_f2f,1,1,0,0.052558326,0.012186903,1.000000000,1.000000000,0.100000000,0.010989011,0.010989011,0.035714286,0.002770083,1.000000000,0.000000000,0.000000000,0.000000000,0.000000000,0.000000000,0.487500000,0.221599825,0.381139930,1.000000000,0.000000000,0.000000000,0.000000000,1.000000000,63.073062897,17.397802353,0.737067819,0.999998748,-0.001556750,0.000102270,0.000180634
1045,109.943000000,fused_map_f2f,1,1,0,0.050797047,0.015492595,1.000000000,1.000000000,0.100000000,0.010989011,0.010989011,0.035714286,0.002770083,1.000000000,0.000000000,0.000000000,0.000000000,0.000000000,0.000000000,0.463414634,0.219247968,0.365747968,1.000000000,0.000000000,0.000000000,0.000000000,1.000000000,63.163719177,17.397558212,0.737486124,0.999998569,-0.001664418,0.000112061,0.000196428
1046,110.038000000,fused_map_f2f,1,1,0,0.050048080,0.023218583,1.000000000,1.000000000,0.100000000,0.010989011,0.010989011,0.035714286,0.002770083,1.000000000,0.000000000,0.000000000,0.000000000,0.000000000,0.000000000,0.500000000,0.188019782,0.375207913,1.000000000,0.000000000,0.000000000,0.000000000,1.000000000,63.196495056,17.397256851,0.737744987,0.999998510,-0.001718769,0.000100749,0.000195908
1047,110.140000000,fused_map_f2f,1,1,0,0.050328778,0.024400270,1.000000000,1.000000000,0.100000000,0.010989011,0.010989011,0.035714286,0.002770083,1.000000000,0.000000000,0.000000000,0.000000000,0.000000000,0.000000000,0.445783133,0.268580858,0.374902223,1.000000000,0.000000000,0.000000000,0.000000000,1.000000000,63.227531433,17.396858215,0.737621605,0.999998093,-0.001948649,0.000137849,0.000188744
1048,110.225000000,fused_map_f2f,1,1,0,0.051708454,0.018554084,1.000000000,1.000000000,0.100000000,0.010989011,0.010989011,0.035714286,0.002770083,1.000000000,0.000000000,0.000000000,0.000000000,0.000000000,0.000000000,0.500000000,0.240762558,0.396305023,1.000000000,0.000000000,0.000000000,0.000000000,1.000000000,63.254096985,17.396354675,0.737364113,0.999998093,-0.001931314,0.000125971,0.000261588
1049,110.330000000,fused_map_f2f,1,1,0,0.051959364,0.014735582,1.000000000,1.000000000,0.100000000,0.010989011,0.010989011,0.035714286,0.002770083,1.000000000,0.000000000,0.000000000,0.000000000,0.000000000,0.000000000,0.480519481,0.239404816,0.384073615,1.000000000,0.000000000,0.000000000,0.000000000,1.000000000,63.287586212,17.396554947,0.737425566,0.999998212,-0.001861609,0.000151333,0.000251703
1050,110.418000000,fused_map_f2f,1,1,0,0.048951735,0.019396183,1.000000000,1.000000000,0.100000000,0.010989011,0.010989011,0.035714286,0.002770083,1.000000000,0.000000000,0.000000000,0.000000000,0.000000000,0.000000000,0.461538462,0.217789177,0.364038748,1.000000000,0.000000000,0.000000000,0.000000000,1.000000000,63.398670197,17.397109985,0.737047791,0.999998093,-0.001927929,0.000101019,0.000172545
1051,110.530000000,fused_map_f2f,1,1,0,0.050591861,0.020758661,1.000000000,1.000000000,0.100000000,0.010989011,0.010989011,0.035714286,0.002770083,1.000000000,0.000000000,0.000000000,0.000000000,0.000000000,0.000000000,0.500000000,0.189337233,0.375734893,1.000000000,0.000000000,0.000000000,0.000000000,1.000000000,63.433654785,17.396705627,0.736617267,0.999997914,-0.002028540,0.000148662,0.000173747
1052,110.614000000,fused_map_f2f,1,1,0,0.050579448,0.026921112,1.000000000,1.000000000,0.100000000,0.010989011,0.010989011,0.035714286,0.002770083,1.000000000,0.000000000,0.000000000,0.000000000,0.000000000,0.000000000,0.451219512,0.289662716,0.386596794,1.000000000,0.000000000,0.000000000,0.000000000,1.000000000,63.460025787,17.397552490,0.736428857,0.999998152,-0.001909578,0.000118707,0.000159316
1053,110.726000000,fused_map_f2f,1,1,0,0.052387231,0.021798042,1.000000000,1.000000000,0.100000000,0.010989011,0.010989011,0.035714286,0.002770083,1.000000000,0.000000000,0.000000000,0.000000000,0.000000000,0.000000000,0.487179487,0.272878928,0.401459264,1.000000000,0.000000000,0.000000000,0.000000000,1.000000000,63.495647430,17.397434235,0.736424387,0.999998450,-0.001738821,0.000117911,0.000155980
1054,110.836000000,fused_map_f2f,1,1,0,0.050299858,0.021614833,1.000000000,1.000000000,0.100000000,0.010989011,0.010989011,0.035714286,0.002770083,1.000000000,0.000000000,0.000000000,0.000000000,0.000000000,0.000000000,0.500000000,0.249640724,0.399856290,1.000000000,0.000000000,0.000000000,0.000000000,1.000000000,63.543750763,17.397052765,0.736477673,0.999998152,-0.001913422,0.000120758,0.000167415
1055,110.914000000,fused_map_f2f,1,1,0,0.049337143,0.013302583,1.000000000,1.000000000,0.100000000,0.010989011,0.010989011,0.035714286,0.002770083,1.000000000,0.000000000,0.000000000,0.000000000,0.000000000,0.000000000,0.468354430,0.255204711,0.383094543,1.000000000,0.000000000,0.000000000,0.000000000,1.000000000,63.575531006,17.397359848,0.736609936,0.999997914,-0.002037274,0.000124915,0.000156529
1056,111.021000000,fused_map_f2f,1,1,0,0.050136962,0.014096290,1.000000000,1.000000000,0.100000000,0.010989011,0.010989011,0.035714286,0.002770083,1.000000000,0.000000000,0.000000000,0.000000000,0.000000000,0.000000000,0.487500000,0.216681396,0.379172558,1.000000000,0.000000000,0.000000000,0.000000000,1.000000000,63.614521027,17.397497177,0.736389816,0.999998033,-0.001972470,0.000126067,0.000136361
1057,111.117000000,fused_map_f2f,1,1,0,0.051029510,0.013732231,1.000000000,1.000000000,0.100000000,0.010989011,0.010989011,0.035714286,0.002770083,1.000000000,0.000000000,0.000000000,0.000000000,0.000000000,0.000000000,0.481481481,0.247100307,0.387729012,1.000000000,0.000000000,0.000000000,0.000000000,1.000000000,63.644985199,17.397727966,0.736515760,0.999998212,-0.001875034,0.000127869,0.000134128
1058,111.216000000,fused_map_f2f,1,1,0,0.052630166,0.023093946,1.000000000,1.000000000,0.100000000,0.010989011,0.010989011,0.035714286,0.002770083,1.000000000,0.000000000,0.000000000,0.000000000,0.000000000,0.000000000,0.475000000,0.242787942,0.382115177,1.000000000,0.000000000,0.000000000,0.000000000,1.000000000,63.682746887,17.398427963,0.736266196,0.999998271,-0.001848208,0.000114796,0.000131728
1059,111.326000000,fused_map_f2f,1,1,0,0.049851795,0.015764999,1.000000000,1.000000000,0.100000000,0.010989011,0.010989011,0.035714286,0.002770083,1.000000000,0.000000000,0.000000000,0.000000000,0.000000000,0.000000000,0.493670886,0.209101440,0.379843108,1.000000000,0.000000000,0.000000000,0.000000000,1.000000000,63.791393280,17.397796631,0.736333609,0.999997914,-0.002034592,0.000114495,0.000132063
1060,111.436000000,fused_map_f2f,1,1,0,0.050392548,0.026158795,1.000000000,1.000000000,0.100000000,0.010989011,0.010989011,0.035714286,0.002770083,1.000000000,0.000000000,0.000000000,0.000000000,0.000000000,0.000000000,0.481012658,0.229944936,0.380585569,1.000000000,0.000000000,0.000000000,0.000000000,1.000000000,63.830249786,17.397422791,0.736346602,0.999997437,-0.002248448,0.000188692,0.000168655
1061,111.514000000,fused_map_f2f,1,1,0,0.051519426,0.013388228,1.000000000,1.000000000,0.100000000,0.010989011,0.010989011,0.035714286,0.002770083,1.000000000,0.000000000,0.000000000,0.000000000,0.000000000,0.000000000,0.487179487,0.197313021,0.371232901,1.000000000,0.000000000,0.000000000,0.000000000,1.000000000,63.853340149,17.397193909,0.736157596,0.999997497,-0.002224992,0.000198915,0.000173000
1062,111.625000000,fused_map_f2f,1,1,0,0.052378837,0.011350250,1.000000000,1.000000000,0.100000000,0.010989011,0.010989011,0.035714286,0.002770083,1.000000000,0.000000000,0.000000000,0.000000000,0.000000000,0.000000000,0.493506494,0.269715825,0.403990226,1.000000000,0.000000000,0.000000000,0.000000000,1.000000000,63.890583038,17.397605896,0.735687256,0.999997318,-0.002305323,0.000216610,0.000143710
1063,111.734000000,fused_map_f2f,1,1,0,0.050414402,0.019473920,1.000000000,1.000000000,0.100000000,0.010989011,0.010989011,0.035714286,0.002770083,1.000000000,0.000000000,0.000000000,0.000000000,0.000000000,0.000000000,0.456790123,0.204101890,0.355714830,1.000000000,0.000000000,0.000000000,0.000000000,1.000000000,63.984642029,17.397796631,0.736036539,0.999997795,-0.002083625,0.000121885,0.000117579
1064,111.813000000,fused_map_f2f,1,1,0,0.049189633,0.012037569,1.000000000,1.000000000,0.100000000,0.010989011,0.010989011,0.035714286,0.002770083,1.000000000,0.000000000,0.000000000,0.000000000,0.000000000,0.000000000,0.487804878,0.181418196,0.365250205,1.000000000,0.000000000,0.000000000,0.000000000,1.000000000,64.036338806,17.399038315,0.736445904,0.999998152,-0.001909261,0.000121694,0.000092189
1065,111.918000000,fused_map_f2f,1,1,0,0.052515718,0.020454997,1.000000000,1.000000000,0.100000000,0.010989011,0.010989011,0.035714286,0.002770083,1.000000000,0.000000000,0.000000000,0.000000000,0.000000000,0.000000000,0.468354430,0.270822825,0.389341788,1.000000000,0.000000000,0.000000000,0.000000000,1.000000000,64.084396362,17.398481369,0.736489654,0.999997854,-0.002041881,0.000176886,0.000143403
1066,112.029000000,fused_map_f2f,1,1,0,0.050778884,0.016595667,1.000000000,1.000000000,0.100000000,0.010989011,0.010989011,0.035714286,0.002770083,1.000000000,0.000000000,0.000000000,0.000000000,0.000000000,0.000000000,0.493506494,0.229148129,0.387763148,1.000000000,0.000000000,0.000000000,0.000000000,1.000000000,64.168571472,17.398948669,0.736128747,0.999997973,-0.001989928,0.000122817,0.000118764
1067,112.137000000,fused_map_f2f,1,1,0,0.051168585,0.022171832,1.000000000,1.000000000,0.100000000,0.010989011,0.010989011,0.035714286,0.002770083,1.000000000,0.000000000,0.000000000,0.000000000,0.000000000,0.000000000,0.500000000,0.178138503,0.371255401,1.000000000,0.000000000,0.000000000,0.000000000,1.000000000,64.228836060,17.399188995,0.736326694,0.999998212,-0.001877652,0.000127826,0.000110030
1068,112.241000000,fused_map_f2f,1,1,0,0.052580192,0.017977518,1.000000000,1.000000000,0.100000000,0.010989011,0.010989011,0.035714286,0.002770083,1.000000000,0.000000000,0.000000000,0.000000000,0.000000000,0.000000000,0.527027027,0.188354416,0.391557983,1.000000000,0.000000000,0.000000000,0.000000000,1.000000000,64.278755188,17.399005890,0.736378014,0.999998212,-0.001885463,0.000117480,0.000127435
1069,112.320000000,fused_map_f2f,1,1,0,0.052539122,0.018801423,1.000000000,1.000000000,0.100000000,0.010989011,0.010989011,0.035714286,0.002770083,1.000000000,0.000000000,0.000000000,0.000000000,0.000000000,0.000000000,0.455696203,0.227714923,0.364503691,1.000000000,0.000000000,0.000000000,0.000000000,1.000000000,64.372177124,17.399524689,0.735719621,0.999998331,-0.001813412,0.000111317,0.000083335
1070,112.427000000,fused_map_f2f,1,1,0,0.052134357,0.020459512,1.000000000,1.000000000,0.100000000,0.010989011,0.010989011,0.035714286,0.002770083,1.000000000,0.000000000,0.000000000,0.000000000,0.000000000,0.000000000,0.519480519,0.224354155,0.401429974,1.000000000,0.000000000,0.000000000,0.000000000,1.000000000,64.429290771,17.400106430,0.735936105,0.999998450,-0.001732599,0.000108357,0.000105143
1071,112.539000000,fused_map_f2f,1,1,0,0.050609171,0.015767061,1.000000000,1.000000000,0.100000000,0.010989011,0.010989011,0.035714286,0.002770083,1.000000000,0.000000000,0.000000000,0.000000000,0.000000000,0.000000000,0.475000000,0.199047322,0.364618929,1.000000000,0.000000000,0.000000000,0.000000000,1.000000000,64.578605652,17.399896622,0.735707819,0.999998093,-0.001927204,0.000111911,0.000115736
1072,112.627000000,fused_map_f2f,1,1,0,0.050108795,0.017606567,1.000000000,1.000000000,0.100000000,0.010989011,0.010989011,0.035714286,0.002770083,1.000000000,0.000000000,0.000000000,0.000000000,0.000000000,0.000000000,0.475000000,0.237286271,0.379914508,1.000000000,0.000000000,0.000000000,0.000000000,1.000000000,64.627967834,17.399578094,0.735789478,0.999997854,-0.002042171,0.000137014,0.000138492
1073,112.734000000,fused_map_f2f,1,1,0,0.053135691,0.031564757,1.000000000,1.000000000,0.100000000,0.010989011,0.010989011,0.035714286,0.002770083,1.000000000,0.000000000,0.000000000,0.000000000,0.000000000,0.000000000,0.469135802,0.259593927,0.385319052,1.000000000,0.000000000,0.000000000,0.000000000,1.000000000,64.697013855,17.400472641,0.735369980,0.999998331,-0.001827378,0.000126047,0.000096921
1074,112.817000000,fused_map_f2f,1,1,0,0.051386475,0.022275944,1.000000000,1.000000000,0.100000000,0.010989011,0.010989011,0.035714286,0.002770083,1.000000000,0.000000000,0.000000000,0.000000000,0.000000000,0.000000000,0.462500000,0.293022164,0.394708866,1.000000000,0.000000000,0.000000000,0.000000000,1.000000000,64.744110107,17.400342941,0.735466838,0.999998331,-0.001809989,0.000149531,0.000095104
1075,112.936000000,fused_map_f2f,1,1,0,0.051548789,0.024648007,1.000000000,1.000000000,0.100000000,0.010989011,0.010989011,0.035714286,0.002770083,1.000000000,0.000000000,0.000000000,0.000000000,0.000000000,0.000000000,0.460526316,0.240257863,0.372418935,1.000000000,0.000000000,0.000000000,0.000000000,1.000000000,64.832458496,17.400758743,0.735240996,0.999998569,-0.001662801,0.000117409,0.000072435
1076,113.015000000,fused_map_f2f,1,1,0,0.053241336,0.018800522,1.000000000,1.000000000,0.100000000,0.010989011,0.010989011,0.035714286,0.002770083,1.000000000,0.000000000,0.000000000,0.000000000,0.000000000,0.000000000,0.474358974,0.198535591,0.364029621,1.000000000,0.000000000,0.000000000,0.000000000,1.000000000,64.894981384,17.401077271,0.735045135,0.999998510,-0.001714248,0.000118571,0.000093204
1077,113.125000000,fused_map_f2f,1,1,0,0.050259960,0.014791899,1.000000000,1.000000000,0.100000000,0.010989011,0.010989011,0.035714286,0.002770083,1.000000000,0.000000000,0.000000000,0.000000000,0.000000000,0.000000000,0.500000000,0.238763596,0.395505438,1.000000000,0.000000000,0.000000000,0.000000000,1.000000000,64.989227295,17.401266098,0.735722065,0.999998510,-0.001704601,0.000117242,0.000090954
1078,113.234000000,fused_map_f2f,1,1,0,0.051881876,0.012621462,1.000000000,1.000000000,0.100000000,0.010989011,0.010989011,0.035714286,0.002770083,1.000000000,0.000000000,0.000000000,0.000000000,0.000000000,0.000000000,0.469879518,0.236901308,0.376688234,1.000000000,0.000000000,0.000000000,0.000000000,1.000000000,65.060180664,17.400991440,0.735836148,0.999998271,-0.001857680,0.000120075,0.000102974
1079,113.314000000,fused_map_f2f,1,1,0,0.051135897,0.019784287,1.000000000,1.000000000,0.100000000,0.010989011,0.010989011,0.035714286,0.002770083,1.000000000,0.000000000,0.000000000,0.000000000,0.000000000,0.000000000,0.468354430,0.212528158,0.366023921,1.000000000,0.000000000,0.000000000,0.000000000,1.000000000,65.229179382,17.401161194,0.735427976,0.999998510,-0.001707979,0.000103779,0.000078729
1080,113.436000000,fused_map_f2f,1,1,0,0.050941430,0.027578001,1.000000000,1.000000000,0.100000000,0.010989011,0.010989011,0.035714286,0.002770083,1.000000000,0.000000000,0.000000000,0.000000000,0.000000000,0.000000000,0.475000000,0.190554799,0.361221920,1.000000000,0.000000000,0.000000000,0.000000000,1.000000000,65.366973877,17.401409149,0.735204935,0.999998391,-0.001768591,0.000100111,0.000082642
1081,113.522000000,fused_map_f2f,1,1,0,0.049936741,0.014481894,1.000000000,1.000000000,0.100000000,0.010989011,0.010989011,0.035714286,0.002770083,1.000000000,0.000000000,0.000000000,0.000000000,0.000000000,0.000000000,0.493333333,0.208120919,0.379248368,1.000000000,0.000000000,0.000000000,0.000000000,1.000000000,65.418403625,17.401632309,0.735542119,0.999998629,-0.001658066,0.000074768,0.000137390
1082,113.632000000,fused_map_f2f,1,1,0,0.053215639,0.018389677,1.000000000,1.000000000,0.100000000,0.010989011,0.010989011,0.035714286,0.002770083,1.000000000,0.000000000,0.000000000,0.000000000,0.000000000,0.000000000,0.493827160,0.255959442,0.398680073,1.000000000,0.000000000,0.000000000,0.000000000,1.000000000,65.485534668,17.401889801,0.735599458,0.999998569,-0.001695890,0.000086282,0.000061038
1083,113.742000000,fused_map_f2f,1,1,0,0.052253326,0.017535562,1.000000000,1.000000000,0.100000000,0.010989011,0.010989011,0.035714286,0.002770083,1.000000000,0.000000000,0.000000000,0.000000000,0.000000000,0.000000000,0.457831325,0.255138672,0.376754264,1.000000000,0.000000000,0.000000000,0.000000000,1.000000000,65.572052002,17.401470184,0.735746384,0.999998689,-0.001606944,0.000100663,0.000048468
1084,113.825000000,fused_map_f2f,1,1,0,0.053354467,0.015530530,1.000000000,1.000000000,0.100000000,0.010989011,0.010989011,0.035714286,0.002770083,1.000000000,0.000000000,0.000000000,0.000000000,0.000000000,0.000000000,0.475000000,0.294873284,0.402949314,1.000000000,0.000000000,0.000000000,0.000000000,1.000000000,65.621109009,17.401493073,0.735921621,0.999998808,-0.001547867,0.000113941,0.000054071
1085,113.927000000,fused_map_f2f,1,1,0,0.053496368,0.022946569,1.000000000,1.000000000,0.100000000,0.010989011,0.010989011,0.035714286,0.002770083,1.000000000,0.000000000,0.000000000,0.000000000,0.000000000,0.000000000,0.500000000,0.180039371,0.372015748,1.000000000,0.000000000,0.000000000,0.000000000,1.000000000,65.675621033,17.401426315,0.735890985,0.999998629,-0.001639011,0.000138737,0.000052297
1086,114.038000000,fused_map_f2f,1,1,0,0.053088293,0.021172847,1.000000000,1.000000000,0.100000000,0.010989011,0.010989011,0.035714286,0.002770083,1.000000000,0.000000000,0.000000000,0.000000000,0.000000000,0.000000000,0.506666667,0.231931135,0.396772454,1.000000000,0.000000000,0.000000000,0.000000000,1.000000000,65.782928467,17.401857376,0.735990107,0.999998748,-0.001574909,0.000097513,0.000053588
1087,114.128000000,fused_map_f2f,1,1,0,0.053266758,0.020142480,1.000000000,1.000000000,0.100000000,0.010989011,0.010989011,0.035714286,0.002770083,1.000000000,0.000000000,0.000000000,0.000000000,0.000000000,0.000000000,0.456790123,0.222769680,0.363181946,1.000000000,0.000000000,0.000000000,0.000000000,1.000000000,65.833930969,17.401826859,0.736179292,0.999998748,-0.001589151,0.000094067,0.000032581
1088,114.220000000,fused_map_f2f,1,1,0,0.055731138,0.021909201,1.000000000,1.000000000,0.100000000,0.010989011,0.010989011,0.035714286,0.002770083,1.000000000,0.000000000,0.000000000,0.000000000,0.000000000,0.000000000,0.462500000,0.208930142,0.361072057,1.000000000,0.000000000,0.000000000,0.000000000,1.000000000,65.881149292,17.401010513,0.735947490,0.999998510,-0.001729079,0.000146641,0.000062659
1089,114.323000000,fused_map_f2f,1,1,0,0.055001916,0.021968957,1.000000000,1.000000000,0.100000000,0.010989011,0.010989011,0.035714286,0.002770083,1.000000000,0.000000000,0.000000000,0.000000000,0.000000000,0.000000000,0.527027027,0.216579638,0.402848071,1.000000000,0.000000000,0.000000000,0.000000000,1.000000000,65.945236206,17.402175903,0.735182047,0.999998808,-0.001553983,0.000103861,0.000046210
1090,114.432000000,fused_map_f2f,1,1,0,0.053814227,0.021994431,1.000000000,1.000000000,0.100000000,0.010989011,0.010989011,0.035714286,0.002770083,1.000000000,0.000000000,0.000000000,0.000000000,0.000000000,0.000000000,0.493827160,0.233501693,0.389696974,1.000000000,0.000000000,0.000000000,0.000000000,1.000000000,66.020568848,17.402292252,0.735454023,0.999998748,-0.001563119,0.000086817,0.000024274
1091,114.515000000,fused_map_f2f,1,1,0,0.056445153,0.024622602,1.000000000,1.000000000,0.100000000,0.010989011,0.010989011,0.035714286,0.002770083,1.000000000,0.000000000,0.000000000,0.000000000,0.000000000,0.000000000,0.463414634,0.221230973,0.366541170,1.000000000,0.000000000,0.000000000,0.000000000,1.000000000,66.062225342,17.402120590,0.735224366,0.999998689,-0.001609550,0.000116105,0.000007979
1092,114.628000000,fused_map_f2f,1,1,0,0.055857729,0.015658607,1.000000000,1.000000000,0.100000000,0.010989011,0.010989011,0.035714286,0.002770083,1.000000000,0.000000000,0.000000000,0.000000000,0.000000000,0.000000000,0.469135802,0.244773120,0.379390729,1.000000000,0.000000000,0.000000000,0.000000000,1.000000000,66.231140137,17.403182983,0.735576987,0.999998987,-0.001433375,0.000078197,0.000003287
1093,114.717000000,fused_map_f2f,1,1,0,0.057917261,0.014384574,1.000000000,1.000000000,0.100000000,0.010989011,0.010989011,0.035714286,0.002770083,1.000000000,0.000000000,0.000000000,0.000000000,0.000000000,0.000000000,0.487500000,0.245230027,0.390592011,1.000000000,0.000000000,0.000000000,0.000000000,1.000000000,66.276733398,17.403270721,0.735764861,0.999998927,-0.001459373,0.000112807,0.000006575
1094,114.840000000,fused_map_f2f,1,1,0,0.057537219,0.018798836,1.000000000,1.000000000,0.100000000,0.010989011,0.010989011,0.035714286,0.002770083,1.000000000,0.000000000,0.000000000,0.000000000,0.000000000,0.000000000,0.500000000,0.219949462,0.387979785,1.000000000,0.000000000,0.000000000,0.000000000,1.000000000,66.394874573,17.403177261,0.735742867,0.999998987,-0.001410760,0.000075796,0.000006459
1095,114.926000000,fused_map_f2f,1,1,0,0.058175220,0.026270367,1.000000000,1.000000000,0.100000000,0.010989011,0.010989011,0.035714286,0.002770083,1.000000000,0.000000000,0.000000000,0.000000000,0.000000000,0.000000000,0.512820513,0.297795305,0.426810430,1.000000000,0.000000000,0.000000000,0.000000000,1.000000000,66.448226929,17.402799606,0.735389531,0.999998808,-0.001519832,0.000075001,0.000008835
1096,115.014000000,fused_map_f2f,1,1,0,0.060553528,0.020516237,0.997808953,0.997808953,0.100000000,0.011012876,0.011012876,0.035789902,0.002776149,1.000000000,0.000000000,0.000000000,0.000000000,0.000000000,0.000000000,0.468354430,0.229222655,0.372701720,1.000000000,0.000000000,0.000000000,0.000000000,1.000000000,66.492012024,17.402427673,0.735152841,0.999998689,-0.001616225,0.000132776,0.000035350
1097,115.124000000,fused_map_f2f,1,1,0,0.058502873,0.018673611,1.000000000,1.000000000,0.100000000,0.010989011,0.010989011,0.035714286,0.002770083,1.000000000,0.000000000,0.000000000,0.000000000,0.000000000,0.000000000,0.520000000,0.230528865,0.404211546,1.000000000,0.000000000,0.000000000,0.000000000,1.000000000,66.589698792,17.402500153,0.735330701,0.999998748,-0.001592976,0.000070662,0.000012008
1098,115.229000000,fused_map_f2f,1,1,0,0.060533545,0.016812344,0.997888053,0.997888053,0.100000000,0.011012012,0.011012012,0.035787167,0.002775929,1.000000000,0.000000000,0.000000000,0.000000000,0.000000000,0.000000000,0.493670886,0.228665353,0.387668673,1.000000000,0.000000000,0.000000000,0.000000000,1.000000000,66.640945435,17.402631760,0.735350311,0.999998569,-0.001669612,0.000081185,0.000013400
1099,115.332000000,fused_map_f2f,1,1,0,0.060796648,0.014382889,0.996846601,0.996846601,0.100000000,0.011023390,0.011023390,0.035823216,0.002778822,1.000000000,0.000000000,0.000000000,0.000000000,0.000000000,0.000000000,0.512820513,0.198444885,0.387070262,1.000000000,0.000000000,0.000000000,0.000000000,1.000000000,66.697586060,17.403718948,0.735498786,0.999998927,-0.001449248,0.000068295,0.000021335
1100,115.413000000,fused_map_f2f,1,1,0,0.059661654,0.017392821,1.000000000,1.000000000,0.100000000,0.010989011,0.010989011,0.035714286,0.002770083,1.000000000,0.000000000,0.000000000,0.000000000,0.000000000,0.000000000,0.493506494,0.240389832,0.392259829,1.000000000,0.000000000,0.000000000,0.000000000,1.000000000,66.775627136,17.403522491,0.735333025,0.999998629,-0.001653183,0.000084807,-0.000025032
1101,115.518000000,fused_map_f2f,1,1,0,0.062480886,0.012933834,0.990179827,0.990179827,0.100000000,0.011096786,0.011096786,0.036055714,0.002797479,1.000000000,0.000000000,0.000000000,0.000000000,0.000000000,0.000000000,0.480519481,0.246279849,0.386823628,1.000000000,0.000000000,0.000000000,0.000000000,1.000000000,66.834342957,17.403932571,0.735312104,0.999998629,-0.001650222,0.000082114,-0.000017454
1102,115.617000000,fused_map_f2f,1,1,0,0.063620648,0.013715262,0.985668269,0.985668269,0.100000000,0.011147011,0.011147011,0.036214770,0.002810247,1.000000000,0.000000000,0.000000000,0.000000000,0.000000000,0.000000000,0.475000000,0.256713187,0.387685275,1.000000000,0.000000000,0.000000000,0.000000000,1.000000000,66.887809753,17.403814316,0.735213757,0.999998629,-0.001641720,0.000118936,-0.000015520
1103,115.730000000,fused_map_f2f,1,1,0,0.063809744,0.018144005,0.984919764,0.984919764,0.100000000,0.011155388,0.011155388,0.036241294,0.002812377,1.000000000,0.000000000,0.000000000,0.000000000,0.000000000,0.000000000,0.513513514,0.211063520,0.392533516,1.000000000,0.000000000,0.000000000,0.000000000,1.000000000,66.976493835,17.403251648,0.734840512,0.999998569,-0.001673155,0.000087289,-0.000019742
1104,115.817000000,fused_map_f2f,1,1,0,0.063438967,0.014992206,0.986387424,0.986387424,0.100000000,0.011138975,0.011138975,0.036189322,0.002808204,1.000000000,0.000000000,0.000000000,0.000000000,0.000000000,0.000000000,0.450000000,0.202664720,0.351065888,1.000000000,0.000000000,0.000000000,0.000000000,1.000000000,67.030464172,17.403423309,0.734650433,0.999998450,-0.001758295,0.000085207,-0.000009982
1105,115.934000000,fused_map_f2f,1,1,0,0.066982231,0.014830752,0.972362003,0.972362003,0.100000000,0.011297829,0.011297829,0.036692166,0.002848594,1.000000000,0.000000000,0.000000000,0.000000000,0.000000000,0.000000000,0.461538462,0.228438981,0.368298669,1.000000000,0.000000000,0.000000000,0.000000000,1.000000000,67.107154846,17.404125214,0.734624147,0.999998808,-0.001554685,0.000085766,-0.000030863
1106,116.033000000,fused_map_f2f,1,1,0,0.064765746,0.022698646,0.981135587,0.981135587,0.100000000,0.011197932,0.011197932,0.036375990,0.002823193,1.000000000,0.000000000,0.000000000,0.000000000,0.000000000,0.000000000,0.469135802,0.263742533,0.386978495,1.000000000,0.000000000,0.000000000,0.000000000,1.000000000,67.161865234,17.404275894,0.734506130,0.999998689,-0.001607153,0.000120674,-0.000036401
1107,116.133000000,fused_map_f2f,1,1,0,0.065278321,0.021837465,0.979106645,0.979106645,0.100000000,0.011220876,0.011220876,0.036448622,0.002829027,1.000000000,0.000000000,0.000000000,0.000000000,0.000000000,0.000000000,0.443037975,0.238523202,0.361232066,1.000000000,0.000000000,0.000000000,0.000000000,1.000000000,67.237564087,17.404005051,0.734590352,0.999998629,-0.001664617,0.000095201,-0.000030770
1108,116.220000000,fused_map_f2f,1,1,0,0.064841315,0.021000110,0.980836460,0.980836460,0.100000000,0.011201309,0.011201309,0.036386680,0.002824052,1.000000000,0.000000000,0.000000000,0.000000000,0.000000000,0.000000000,0.474358974,0.248327644,0.383946442,1.000000000,0.000000000,0.000000000,0.000000000,1.000000000,67.379486084,17.404487610,0.734659612,0.999998569,-0.001700976,0.000081094,-0.000058451
1109,116.328000000,fused_map_f2f,1,1,0,0.064561885,0.015741474,0.981942538,0.981942538,0.100000000,0.011188833,0.011188833,0.036347183,0.002820880,1.000000000,0.000000000,0.000000000,0.000000000,0.000000000,0.000000000,0.481012658,0.249369332,0.388355328,1.000000000,0.000000000,0.000000000,0.000000000,1.000000000,67.436279297,17.405090332,0.734749496,0.999998689,-0.001617531,0.000098752,-0.000100874
1110,116.436000000,fused_map_f2f,1,1,0,0.067617290,0.024491181,0.969848227,0.969848227,0.100000000,0.011326781,0.011326781,0.036783771,0.002855957,1.000000000,0.000000000,0.000000000,0.000000000,0.000000000,0.000000000,0.481012658,0.222075405,0.377437757,1.000000000,0.000000000,0.000000000,0.000000000,1.000000000,67.492660522,17.403921127,0.734442830,0.999998391,-0.001787397,0.000091305,-0.000050417
1111,116.519000000,fused_map_f2f,1,1,0,0.065245342,0.022227432,0.979237189,0.979237189,0.100000000,0.011219397,0.011219397,0.036443940,0.002828651,1.000000000,0.000000000,0.000000000,0.000000000,0.000000000,0.000000000,0.486842105,0.213229973,0.377397252,1.000000000,0.000000000,0.000000000,0.000000000,1.000000000,67.577049255,17.404785156,0.734489322,0.999998629,-0.001648084,0.000081569,-0.000077805
1112,116.637000000,fused_map_f2f,1,1,0,0.063703240,0.011729179,0.985341342,0.985341342,0.100000000,0.011150669,0.011150669,0.036226350,0.002811177,1.000000000,0.000000000,0.000000000,0.000000000,0.000000000,0.000000000,0.480519481,0.178124028,0.359561300,1.000000000,0.000000000,0.000000000,0.000000000,1.000000000,67.638725281,17.404260635,0.734168887,0.999998391,-0.001792780,0.000091886,-0.000071169
1113,116.742000000,fused_map_f2f,1,1,0,0.068639685,0.010561044,0.965801248,0.965801248,0.100000000,0.011373703,0.011373703,0.036932213,0.002867890,1.000000000,0.000000000,0.000000000,0.000000000,0.000000000,0.000000000,0.487179487,0.263052467,0.397528679,1.000000000,0.000000000,0.000000000,0.000000000,1.000000000,67.689308167,17.404775620,0.734543085,0.999998569,-0.001682975,0.000087552,-0.000089653
1114,116.821000000,fused_map_f2f,1,1,0,0.064849290,0.021721375,0.980804892,0.980804892,0.100000000,0.011201665,0.011201665,0.036387808,0.002824143,1.000000000,0.000000000,0.000000000,0.000000000,0.000000000,0.000000000,0.474358974,0.214368490,0.370362781,1.000000000,0.000000000,0.000000000,0.000000000,1.000000000,67.782501221,17.404647827,0.734603286,0.999998569,-0.001699149,0.000084571,-0.000072444
1115,116.929000000,fused_map_f2f,1,1,0,0.064413535,0.011297554,0.982529758,0.982529758,0.100000000,0.011182220,0.011182220,0.036326249,0.002819199,1.000000000,0.000000000,0.000000000,0.000000000,0.000000000,0.000000000,0.486486486,0.183705578,0.365374123,1.000000000,0.000000000,0.000000000,0.000000000,1.000000000,67.837478638,17.403944016,0.734583974,0.999998450,-0.001760569,0.000086249,-0.000072451
1116,117.030000000,fused_map_f2f,1,1,0,0.066845684,0.013292453,0.972902499,0.972902499,0.100000000,0.011291623,0.011291623,0.036672529,0.002847016,1.000000000,0.000000000,0.000000000,0.000000000,0.000000000,0.000000000,0.487179487,0.271772880,0.401016844,1.000000000,0.000000000,0.000000000,0.000000000,1.000000000,67.888496399,17.404293060,0.734281600,0.999998271,-0.001839932,0.000087065,-0.000069363
1117,117.134000000,fused_map_f2f,1,1,0,0.064116409,0.023400761,0.983705882,0.983705882,0.100000000,0.011169000,0.011169000,0.036284393,0.002815838,1.000000000,0.000000000,0.000000000,0.000000000,0.000000000,0.000000000,0.461538462,0.225894703,0.367280958,1.000000000,0.000000000,0.000000000,0.000000000,1.000000000,67.978134155,17.404422760,0.734433532,0.999998271,-0.001847944,0.000089131,-0.000086012
1118,117.234000000,fused_map_f2f,1,1,0,0.064954007,0.018804358,0.980390390,0.980390390,0.100000000,0.011206348,0.011206348,0.036402633,0.002825333,1.000000000,0.000000000,0.000000000,0.000000000,0.000000000,0.000000000,0.500000000,0.316631162,0.426652465,1.000000000,0.000000000,0.000000000,0.000000000,1.000000000,68.021926880,17.404413223,0.734778821,0.999998331,-0.001835978,0.000080123,-0.000085102
1119,117.313000000,fused_map_f2f,1,1,0,0.066237860,0.014110026,0.975308470,0.975308470,0.100000000,0.011264082,0.011264082,0.036585372,0.002840013,1.000000000,0.000000000,0.000000000,0.000000000,0.000000000,0.000000000,0.506329114,0.294116690,0.421444144,1.000000000,0.000000000,0.000000000,0.000000000,1.000000000,68.052627563,17.403646469,0.734161735,0.999997795,-0.002098556,0.000068711,-0.000057301
1120,117.426000000,fused_map_f2f,1,1,0,0.068152523,0.020704508,0.967729597,0.967729597,0.100000000,0.011351297,0.011351297,0.036861333,0.002862191,1.000000000,0.000000000,0.000000000,0.000000000,0.000000000,0.000000000,0.480000000,0.252630734,0.389052294,1.000000000,0.000000000,0.000000000,0.000000000,1.000000000,68.097450256,17.403623581,0.734055221,0.999997914,-0.002041051,0.000033738,-0.000019412
1121,117.534000000,fused_map_f2f,1,1,0,0.063474238,0.016400795,0.986247809,0.986247809,0.100000000,0.011140534,0.011140534,0.036194259,0.002808601,1.000000000,0.000000000,0.000000000,0.000000000,0.000000000,0.000000000,0.462500000,0.291966435,0.394286574,1.000000000,0.000000000,0.000000000,0.000000000,1.000000000,68.186866760,17.403923035,0.734454632,0.999998271,-0.001868707,0.000067747,-0.000085022
1122,117.617000000,fused_map_f2f,1,1,0,0.064079351,0.015724138,0.983852569,0.983852569,0.100000000,0.011167353,0.011167353,0.036279179,0.002815419,1.000000000,0.000000000,0.000000000,0.000000000,0.000000000,0.000000000,0.463414634,0.233448623,0.371428230,1.000000000,0.000000000,0.000000000,0.000000000,1.000000000,68.227890015,17.403791428,0.734355211,0.999998271,-0.001855427,0.000077101,-0.000067179
1123,117.735000000,fused_map_f2f,1,1,0,0.066695811,0.020331900,0.973495747,0.973495747,0.100000000,0.011284820,0.011284820,0.036651000,0.002845286,1.000000000,0.000000000,0.000000000,0.000000000,0.000000000,0.000000000,0.493333333,0.191020451,0.372408180,1.000000000,0.000000000,0.000000000,0.000000000,1.000000000,68.277236938,17.403961182,0.733990729,0.999998152,-0.001903231,0.000077511,-0.000064173
1124,117.840000000,fused_map_f2f,1,1,0,0.065804255,0.017933840,0.977024822,0.977024822,0.100000000,0.011244517,0.011244517,0.036523449,0.002835038,1.000000000,0.000000000,0.000000000,0.000000000,0.000000000,0.000000000,0.468354430,0.206946679,0.363791330,1.000000000,0.000000000,0.000000000,0.000000000,1.000000000,68.344825745,17.404567719,0.733673096,0.999998331,-0.001832762,0.000061346,-0.000073400
1125,117.916000000,fused_map_f2f,1,1,0,0.064491925,0.016526136,0.982219463,0.982219463,0.100000000,0.011185713,0.011185713,0.036337308,0.002820087,1.000000000,0.000000000,0.000000000,0.000000000,0.000000000,0.000000000,0.461538462,0.217898769,0.364082585,1.000000000,0.000000000,0.000000000,0.000000000,1.000000000,68.376754761,17.404954910,0.733778000,0.999998450,-0.001746854,0.000055183,-0.000112030
1126,118.027000000,fused_map_f2f,1,1,0,0.064687245,0.018140100,0.981446320,0.981446320,0.100000000,0.011194426,0.011194426,0.036364892,0.002822302,1.000000000,0.000000000,0.000000000,0.000000000,0.000000000,0.000000000,0.480000000,0.210632162,0.372252865,1.000000000,0.000000000,0.000000000,0.000000000,1.000000000,68.423179626,17.403892517,0.733914256,0.999998152,-0.001904205,0.000066915,-0.000058664
1127,118.134000000,fused_map_f2f,1,1,0,0.063868488,0.021963620,0.984687234,0.984687234,0.100000000,0.011157993,0.011157993,0.036249542,0.002813039,1.000000000,0.000000000,0.000000000,0.000000000,0.000000000,0.000000000,0.469135802,0.232840868,0.374617829,1.000000000,0.000000000,0.000000000,0.000000000,1.000000000,68.464736938,17.403413773,0.733568490,0.999997914,-0.002043132,0.000114744,-0.000086514
1128,118.234000000,fused_map_f2f,1,1,0,0.065289723,0.021133149,0.979061513,0.979061513,0.100000000,0.011221388,0.011221388,0.036450241,0.002829157,1.000000000,0.000000000,0.000000000,0.000000000,0.000000000,0.000000000,0.481012658,0.243453655,0.385989057,1.000000000,0.000000000,0.000000000,0.000000000,1.000000000,68.615524292,17.404241562,0.734035790,0.999998152,-0.001930993,0.000073639,-0.000090369
1129,118.314000000,fused_map_f2f,1,1,0,0.064323393,0.018310386,0.982886568,0.982886568,0.100000000,0.011178206,0.011178206,0.036313540,0.002818178,1.000000000,0.000000000,0.000000000,0.000000000,0.000000000,0.000000000,0.480519481,0.196971047,0.367100107,1.000000000,0.000000000,0.000000000,0.000000000,1.000000000,68.653602600,17.403572083,0.733978093,0.999997973,-0.002010217,0.000072392,-0.000096413
1130,118.427000000,fused_map_f2f,1,1,0,0.064091125,0.013231238,0.983805964,0.983805964,0.100000000,0.011167877,0.011167877,0.036280836,0.002815552,1.000000000,0.000000000,0.000000000,0.000000000,0.000000000,0.000000000,0.474358974,0.201407796,0.365178503,1.000000000,0.000000000,0.000000000,0.000000000,1.000000000,68.778488159,17.404237747,0.733916879,0.999998033,-0.001976499,0.000064178,-0.000112767
1131,118.529000000,fused_map_f2f,1,1,0,0.063169422,0.012653602,0.987454370,0.987454370,0.100000000,0.011127073,0.011127073,0.036151633,0.002805178,1.000000000,0.000000000,0.000000000,0.000000000,0.000000000,0.000000000,0.441558442,0.200130646,0.344987323,1.000000000,0.000000000,0.000000000,0.000000000,1.000000000,68.834465027,17.404357910,0.734122753,0.999998212,-0.001888921,0.000072341,-0.000121832
1132,118.630000000,fused_map_f2f,1,1,0,0.065839638,0.014147604,0.976884767,0.976884767,0.100000000,0.011246111,0.011246111,0.036528495,0.002835443,1.000000000,0.000000000,0.000000000,0.000000000,0.000000000,0.000000000,0.493333333,0.221619358,0.384647743,1.000000000,0.000000000,0.000000000,0.000000000,1.000000000,68.884201050,17.404249191,0.733913720,0.999998271,-0.001846695,0.000088681,-0.000139867
1133,118.716000000,fused_map_f2f,1,1,0,0.063071130,0.018846812,0.987843443,0.987843443,0.100000000,0.011122739,0.011122739,0.036137909,0.002804077,1.000000000,0.000000000,0.000000000,0.000000000,0.000000000,0.000000000,0.475000000,0.264761893,0.390904757,1.000000000,0.000000000,0.000000000,0.000000000,1.000000000,68.972923279,17.403503418,0.734056473,0.999997854,-0.002070047,0.000054647,-0.000110596
1134,118.834000000,fused_map_f2f,1,1,0,0.064136863,0.012546196,0.983624918,0.983624918,0.100000000,0.011169909,0.011169909,0.036287271,0.002816069,1.000000000,0.000000000,0.000000000,0.000000000,0.000000000,0.000000000,0.462500000,0.185176878,0.351570751,1.000000000,0.000000000,0.000000000,0.000000000,1.000000000,69.029281616,17.404424667,0.734086871,0.999998212,-0.001880745,0.000065731,-0.000118421
1135,118.939000000,fused_map_f2f,1,1,0,0.063979958,0.014728871,0.984245998,0.984245998,0.100000000,0.011162939,0.011162939,0.036265203,0.002814297,1.000000000,0.000000000,0.000000000,0.000000000,0.000000000,0.000000000,0.450000000,0.203783555,0.351513422,1.000000000,0.000000000,0.000000000,0.000000000,1.000000000,69.081550598,17.404361725,0.733659983,0.999998212,-0.001863430,0.000079996,-0.000119129
1136,119.032000000,fused_map_f2f,1,1,0,0.061482489,0.011998530,0.994131813,0.994131813,0.100000000,0.011053160,0.011053160,0.035917529,0.002786389,1.000000000,0.000000000,0.000000000,0.000000000,0.000000000,0.000000000,0.473684211,0.159493378,0.348007878,1.000000000,0.000000000,0.000000000,0.000000000,1.000000000,69.179061890,17.404296875,0.734398901,0.999998093,-0.001933199,0.000054997,-0.000103267
1137,119.122000000,fused_map_f2f,1,1,0,0.062932136,0.015523105,0.988393626,0.988393626,0.100000000,0.011116617,0.011116617,0.036118519,0.002802520,1.000000000,0.000000000,0.000000000,0.000000000,0.000000000,0.000000000,0.475000000,0.339538775,0.420815510,1.000000000,0.000000000,0.000000000,0.000000000,1.000000000,69.232139587,17.404235840,0.734667480,0.999998212,-0.001869587,0.000064358,-0.000095972
1138,119.215000000,fused_map_f2f,1,1,0,0.063863896,0.017993473,0.984705410,0.984705410,0.100000000,0.011157789,0.011157789,0.036248897,0.002812987,1.000000000,0.000000000,0.000000000,0.000000000,0.000000000,0.000000000,0.481012658,0.271088330,0.397042927,1.000000000,0.000000000,0.000000000,0.000000000,1.000000000,69.282592773,17.404825211,0.734718919,0.999998331,-0.001815501,0.000087147,-0.000138125
1139,119.334000000,fused_map_f2f,1,1,0,0.061757929,0.020827811,0.993041529,0.993041529,0.100000000,0.011065161,0.011065161,0.035955546,0.002789440,1.000000000,0.000000000,0.000000000,0.000000000,0.000000000,0.000000000,0.425000000,0.228516160,0.346406464,1.000000000,0.000000000,0.000000000,0.000000000,1.000000000,69.384582520,17.404405594,0.734540284,0.999998212,-0.001890331,0.000085878,-0.000096975
1140,119.414000000,fused_map_f2f,1,1,0,0.063943083,0.016600598,0.984391965,0.984391965,0.100000000,0.011161303,0.011161303,0.036260021,0.002813881,1.000000000,0.000000000,0.000000000,0.000000000,0.000000000,0.000000000,0.450000000,0.166297519,0.336519007,1.000000000,0.000000000,0.000000000,0.000000000,1.000000000,69.430603027,17.404539108,0.734637380,0.999998152,-0.001922533,0.000086440,-0.000096552
1141,119.517000000,fused_map_f2f,1,1,0,0.066056495,0.015227916,0.976026373,0.976026373,0.100000000,0.011255890,0.011255890,0.036559446,0.002837930,1.000000000,0.000000000,0.000000000,0.000000000,0.000000000,0.000000000,0.486842105,0.217701843,0.379186000,1.000000000,0.000000000,0.000000000,0.000000000,1.000000000,69.493057251,17.404474258,0.734140992,0.999998152,-0.001917300,0.000086257,-0.000110137
1142,119.625000000,fused_map_f2f,1,1,0,0.061014155,0.014270396,0.995985638,0.995985638,0.100000000,0.011032814,0.011032814,0.035853073,0.002781217,1.000000000,0.000000000,0.000000000,0.000000000,0.000000000,0.000000000,0.432098765,0.254364738,0.361005154,1.000000000,0.000000000,0.000000000,0.000000000,1.000000000,69.580604553,17.404369354,0.734423161,0.999998391,-0.001787271,0.000089997,-0.000133519
1143,119.725000000,fused_map_f2f,1,1,0,0.064108508,0.028436476,0.983737155,0.983737155,0.100000000,0.011168649,0.011168649,0.036283281,0.002815748,1.000000000,0.000000000,0.000000000,0.000000000,0.000000000,0.000000000,0.461538462,0.242473930,0.373912649,1.000000000,0.000000000,0.000000000,0.000000000,1.000000000,69.643974304,17.404664993,0.734274864,0.999998450,-0.001757519,0.000099414,-0.000124219
1144,119.831000000,fused_map_f2f,1,1,0,0.062557006,0.022206002,0.989878518,0.989878518,0.100000000,0.011100126,0.011100126,0.036066293,0.002798328,1.000000000,0.000000000,0.000000000,0.000000000,0.000000000,0.000000000,0.493333333,0.262392200,0.400956880,1.000000000,0.000000000,0.000000000,0.000000000,1.000000000,69.810470581,17.405046463,0.734779060,0.999998569,-0.001670008,0.000086866,-0.000157743
1145,119.913000000,fused_map_f2f,1,1,0,0.063360642,0.016518339,0.986697459,0.986697459,0.100000000,0.011135514,0.011135514,0.036178362,0.002807324,1.000000000,0.000000000,0.000000000,0.000000000,0.000000000,0.000000000,0.480519481,0.182300482,0.361231881,1.000000000,0.000000000,0.000000000,0.000000000,1.000000000,69.868209839,17.405324936,0.735493064,0.999998927,-0.001437263,0.000039928,-0.000106548
1146,120.036000000,fused_map_f2f,1,1,0,0.060892590,0.017656649,0.996466833,0.996466833,0.100000000,0.011027545,0.011027545,0.035836380,0.002779878,1.000000000,0.000000000,0.000000000,0.000000000,0.000000000,0.000000000,0.455696203,0.230287054,0.365532543,1.000000000,0.000000000,0.000000000,0.000000000,1.000000000,70.020065308,17.405241013,0.734986901,0.999998689,-0.001607994,0.000086467,-0.000172600
1147,120.134000000,fused_map_f2f,1,1,0,0.062139965,0.013138170,0.991529306,0.991529306,0.100000000,0.011081850,0.011081850,0.036008409,0.002793682,1.000000000,0.000000000,0.000000000,0.000000000,0.000000000,0.000000000,0.493333333,0.235203520,0.390081408,1.000000000,0.000000000,0.000000000,0.000000000,1.000000000,70.165740967,17.405883789,0.734491765,0.999998748,-0.001555169,0.000092390,-0.000221268
1148,120.239000000,fused_map_f2f,1,1,0,0.060693424,0.020689186,0.997255197,0.997255197,0.100000000,0.011018923,0.011018923,0.035809064,0.002777686,1.000000000,0.000000000,0.000000000,0.000000000,0.000000000,0.000000000,0.493506494,0.251736684,0.396798570,1.000000000,0.000000000,0.000000000,0.000000000,1.000000000,70.242805481,17.405717850,0.735122859,0.999998748,-0.001567858,0.000124518,-0.000213540
1149,120.325000000,fused_map_f2f,1,1,0,0.060388952,0.016084536,0.998460397,0.998460397,0.100000000,0.011005769,0.011005769,0.035767387,0.002774343,1.000000000,0.000000000,0.000000000,0.000000000,0.000000000,0.000000000,0.460526316,0.231762018,0.369020597,1.000000000,0.000000000,0.000000000,0.000000000,1.000000000,70.384353638,17.404903412,0.735183775,0.999998689,-0.001582936,0.000089638,-0.000233612
1150,120.431000000,fused_map_f2f,1,1,0,0.062981713,0.023023697,0.988197387,0.988197387,0.100000000,0.011118800,0.011118800,0.036125433,0.002803075,1.000000000,0.000000000,0.000000000,0.000000000,0.000000000,0.000000000,0.474358974,0.194919089,0.362583020,1.000000000,0.000000000,0.000000000,0.000000000,1.000000000,70.469406128,17.405597687,0.735031307,0.999998748,-0.001546754,0.000096451,-0.000210886
1151,120.513000000,fused_map_f2f,1,1,0,0.060329831,0.016142816,0.998694418,0.998694418,0.100000000,0.011003219,0.011003219,0.035759305,0.002773694,1.000000000,0.000000000,0.000000000,0.000000000,0.000000000,0.000000000,0.480519481,0.231519279,0.380919400,1.000000000,0.000000000,0.000000000,0.000000000,1.000000000,70.577003479,17.405466080,0.735181332,0.999998868,-0.001490375,0.000097290,-0.000226526
1152,120.617000000,fused_map_f2f,1,1,0,0.061103468,0.018079781,0.995632105,0.995632105,0.100000000,0.011036688,0.011036688,0.035865347,0.002782202,1.000000000,0.000000000,0.000000000,0.000000000,0.000000000,0.000000000,0.455696203,0.296792535,0.392134735,1.000000000,0.000000000,0.000000000,0.000000000,1.000000000,70.664741516,17.405267715,0.735314310,0.999998868,-0.001464752,0.000069022,-0.000233095
1153,120.722000000,fused_map_f2f,1,1,0,0.061714947,0.018398385,0.993211666,0.993211666,0.100000000,0.011063287,0.011063287,0.035949608,0.002788963,1.000000000,0.000000000,0.000000000,0.000000000,0.000000000,0.000000000,0.423076923,0.125384554,0.303999975,1.000000000,0.000000000,0.000000000,0.000000000,1.000000000,70.744773865,17.405418396,0.735365927,0.999998987,-0.001406759,0.000085461,-0.000223342
1154,120.830000000,fused_map_f2f,1,1,0,0.060835442,0.021890851,0.996693040,0.996693040,0.100000000,0.011025070,0.011025070,0.035828538,0.002779249,1.000000000,0.000000000,0.000000000,0.000000000,0.000000000,0.000000000,0.472972973,0.219279180,0.371495456,1.000000000,0.000000000,0.000000000,0.000000000,1.000000000,70.830627441,17.405063629,0.735454082,0.999998510,-0.001687585,0.000096872,-0.000253695
1155,120.928000000,fused_map_f2f,1,1,0,0.060881351,0.018548258,0.996511318,0.996511318,0.100000000,0.011027058,0.011027058,0.035834837,0.002779754,1.000000000,0.000000000,0.000000000,0.000000000,0.000000000,0.000000000,0.435897436,0.180202915,0.333619627,1.000000000,0.000000000,0.000000000,0.000000000,1.000000000,70.952590942,17.405384064,0.735054731,0.999998569,-0.001673914,0.000085221,-0.000252866
1156,121.025000000,fused_map_f2f,1,1,0,0.058547270,0.042260090,1.000000000,1.000000000,0.100000000,0.010989011,0.010989011,0.035714286,0.002770083,1.000000000,0.000000000,0.000000000,0.000000000,0.000000000,0.000000000,0.467532468,0.302183595,0.401392919,1.000000000,0.000000000,0.000000000,0.000000000,1.000000000,71.036277771,17.405338287,0.735596836,0.999998748,-0.001554916,0.000096608,-0.000272416
1157,121.131000000,fused_map_f2f,1,1,0,0.058934721,0.020907848,1.000000000,1.000000000,0.100000000,0.010989011,0.010989011,0.035714286,0.002770083,1.000000000,0.000000000,0.000000000,0.000000000,0.000000000,0.000000000,0.467532468,0.210638307,0.364774803,1.000000000,0.000000000,0.000000000,0.000000000,1.000000000,71.187797546,17.405897141,0.735746324,0.999998629,-0.001607398,0.000104815,-0.000261164
1158,121.229000000,fused_map_f2f,1,1,0,0.060752715,0.013324663,0.997020504,0.997020504,0.100000000,0.011021489,0.011021489,0.035817192,0.002778338,1.000000000,0.000000000,0.000000000,0.000000000,0.000000000,0.000000000,0.461538462,0.246532028,0.375535888,1.000000000,0.000000000,0.000000000,0.000000000,1.000000000,71.258316040,17.406137466,0.735761046,0.999998629,-0.001603419,0.000104401,-0.000290295
1159,121.329000000,fused_map_f2f,1,1,0,0.059271698,0.028792956,1.000000000,1.000000000,0.100000000,0.010989011,0.010989011,0.035714286,0.002770083,1.000000000,0.000000000,0.000000000,0.000000000,0.000000000,0.000000000,0.448717949,0.197476528,0.348221380,1.000000000,0.000000000,0.000000000,0.000000000,1.000000000,71.372146606,17.405632019,0.735650122,0.999998748,-0.001523801,0.000106548,-0.000292127
1160,121.436000000,fused_map_f2f,1,1,0,0.059898864,0.024772511,1.000000000,1.000000000,0.100000000,0.010989011,0.010989011,0.035714286,0.002770083,1.000000000,0.000000000,0.000000000,0.000000000,0.000000000,0.000000000,0.455696203,0.220664246,0.361683420,1.000000000,0.000000000,0.000000000,0.000000000,1.000000000,71.455108643,17.405899048,0.735526860,0.999998927,-0.001439384,0.000102762,-0.000268939
1161,121.518000000,fused_map_f2f,1,1,0,0.059318476,0.016496305,1.000000000,1.000000000,0.100000000,0.010989011,0.010989011,0.035714286,0.002770083,1.000000000,0.000000000,0.000000000,0.000000000,0.000000000,0.000000000,0.455696203,0.192147529,0.350276733,1.000000000,0.000000000,0.000000000,0.000000000,1.000000000,71.575515747,17.405704498,0.735559285,0.999998927,-0.001436855,0.000093869,-0.000269178
1162,121.634000000,fused_map_f2f,1,1,0,0.059906500,0.021402372,1.000000000,1.000000000,0.100000000,0.010989011,0.010989011,0.035714286,0.002770083,1.000000000,0.000000000,0.000000000,0.000000000,0.000000000,0.000000000,0.480000000,0.205825836,0.370330334,1.000000000,0.000000000,0.000000000,0.000000000,1.000000000,71.663497925,17.405755997,0.735349894,0.999998808,-0.001490170,0.000072957,-0.000275480
1163,121.734000000,fused_map_f2f,1,1,0,0.059965406,0.024490260,1.000000000,1.000000000,0.100000000,0.010989011,0.010989011,0.035714286,0.002770083,1.000000000,0.000000000,0.000000000,0.000000000,0.000000000,0.000000000,0.441558442,0.253344966,0.366273051,1.000000000,0.000000000,0.000000000,0.000000000,1.000000000,71.768859863,17.405424118,0.735056102,0.999998510,-0.001682917,0.000094151,-0.000258659
1164,121.834000000,fused_map_f2f,1,1,0,0.060556141,0.018756266,0.997798608,0.997798608,0.100000000,0.011012988,0.011012988,0.035790260,0.002776178,1.000000000,0.000000000,0.000000000,0.000000000,0.000000000,0.000000000,0.412500000,0.216003316,0.333901326,1.000000000,0.000000000,0.000000000,0.000000000,1.000000000,71.845001221,17.406026840,0.735193968,0.999998808,-0.001529654,0.000082555,-0.000227891
1165,121.933000000,fused_map_f2f,1,1,0,0.061587116,0.028763782,0.993717665,0.993717665,0.100000000,0.011057716,0.011057716,0.035931960,0.002787547,1.000000000,0.000000000,0.000000000,0.000000000,0.000000000,0.000000000,0.437500000,0.285171150,0.376568460,1.000000000,0.000000000,0.000000000,0.000000000,1.000000000,71.934661865,17.405378342,0.734658420,0.999998629,-0.001627232,0.000095792,-0.000274618
1166,122.024000000,fused_map_f2f,1,1,0,0.060086946,0.036381514,0.999655839,0.999655839,0.100000000,0.010992753,0.010992753,0.035726142,0.002771034,1.000000000,0.000000000,0.000000000,0.000000000,0.000000000,0.000000000,0.474358974,0.294908220,0.402578672,1.000000000,0.000000000,0.000000000,0.000000000,1.000000000,72.012931824,17.405612946,0.735527813,0.999998689,-0.001577378,0.000082148,-0.000272573
1167,122.127000000,fused_map_f2f,1,1,0,0.061459360,0.016943288,0.994223368,0.994223368,0.100000000,0.011052154,0.011052154,0.035914340,0.002786133,1.000000000,0.000000000,0.000000000,0.000000000,0.000000000,0.000000000,0.453333333,0.143829476,0.329531790,1.000000000,0.000000000,0.000000000,0.000000000,1.000000000,72.090156555,17.405529022,0.734694898,0.999998808,-0.001521704,0.000098159,-0.000282729
1168,122.252000000,fused_map_f2f,1,1,0,0.058433565,0.016056583,1.000000000,1.000000000,0.100000000,0.010989011,0.010989011,0.035714286,0.002770083,1.000000000,0.000000000,0.000000000,0.000000000,0.000000000,0.000000000,0.441558442,0.264394315,0.370692791,1.000000000,0.000000000,0.000000000,0.000000000,1.000000000,72.179756165,17.406194687,0.735192776,0.999998987,-0.001375356,0.000068345,-0.000273989
1169,122.315000000,fused_map_f2f,1,1,0,0.059655145,0.021056939,1.000000000,1.000000000,0.100000000,0.010989011,0.010989011,0.035714286,0.002770083,1.000000000,0.000000000,0.000000000,0.000000000,0.000000000,0.000000000,0.432098765,0.216766994,0.345966057,1.000000000,0.000000000,0.000000000,0.000000000,1.000000000,72.226142883,17.405757904,0.734999120,0.999998689,-0.001573418,0.000094554,-0.000288168
1170,122.414000000,fused_map_f2f,1,1,0,0.057956656,0.026264526,1.000000000,1.000000000,0.100000000,0.010989011,0.010989011,0.035714286,0.002770083,1.000000000,0.000000000,0.000000000,0.000000000,0.000000000,0.000000000,0.443037975,0.231326611,0.358353429,1.000000000,0.000000000,0.000000000,0.000000000,1.000000000,72.411750793,17.405696869,0.735213518,0.999998689,-0.001566739,0.000084542,-0.000304678
1171,122.513000000,fused_map_f2f,1,1,0,0.059866642,0.018701583,1.000000000,1.000000000,0.100000000,0.010989011,0.010989011,0.035714286,0.002770083,1.000000000,0.000000000,0.000000000,0.000000000,0.000000000,0.000000000,0.500000000,0.187748157,0.375099263,1.000000000,0.000000000,0.000000000,0.000000000,1.000000000,72.486335754,17.405786514,0.735329092,0.999998689,-0.001585682,0.000085661,-0.000304268
1172,122.624000000,fused_map_f2f,1,1,0,0.057481090,0.022903392,1.000000000,1.000000000,0.100000000,0.010989011,0.010989011,0.035714286,0.002770083,1.000000000,0.000000000,0.000000000,0.000000000,0.000000000,0.000000000,0.454545455,0.287760388,0.387831428,1.000000000,0.000000000,0.000000000,0.000000000,1.000000000,72.574134827,17.405761719,0.735495687,0.999998748,-0.001555789,0.000080926,-0.000328384
1173,122.736000000,fused_map_f2f,1,1,0,0.058179209,0.020572302,1.000000000,1.000000000,0.100000000,0.010989011,0.010989011,0.035714286,0.002770083,1.000000000,0.000000000,0.000000000,0.000000000,0.000000000,0.000000000,0.486111111,0.269538721,0.399482155,1.000000000,0.000000000,0.000000000,0.000000000,1.000000000,72.659866333,17.406330109,0.735221028,0.999998748,-0.001523439,0.000087109,-0.000313704
1174,122.814000000,fused_map_f2f,1,1,0,0.057406588,0.014740009,1.000000000,1.000000000,0.100000000,0.010989011,0.010989011,0.035714286,0.002770083,1.000000000,0.000000000,0.000000000,0.000000000,0.000000000,0.000000000,0.473684211,0.223885879,0.373764878,1.000000000,0.000000000,0.000000000,0.000000000,1.000000000,72.772872925,17.405599594,0.734981239,0.999998629,-0.001620844,0.000092985,-0.000318811
1175,122.916000000,fused_map_f2f,1,1,0,0.058596758,0.018274433,1.000000000,1.000000000,0.100000000,0.010989011,0.010989011,0.035714286,0.002770083,1.000000000,0.000000000,0.000000000,0.000000000,0.000000000,0.000000000,0.486111111,0.193348725,0.369006157,1.000000000,0.000000000,0.000000000,0.000000000,1.000000000,72.842170715,17.406145096,0.734889746,0.999998450,-0.001703517,0.000100333,-0.000311928
1176,123.019000000,fused_map_f2f,1,1,0,0.058524247,0.020371237,1.000000000,1.000000000,0.100000000,0.010989011,0.010989011,0.035714286,0.002770083,1.000000000,0.000000000,0.000000000,0.000000000,0.000000000,0.000000000,0.443037975,0.276048776,0.376242295,1.000000000,0.000000000,0.000000000,0.000000000,1.000000000,72.945861816,17.406536102,0.735324562,0.999998868,-0.001445953,0.000093768,-0.000289451
1177,123.124000000,fused_map_f2f,1,1,0,0.060678569,0.024233404,0.997313997,0.997313997,0.100000000,0.011018281,0.011018281,0.035807029,0.002777523,1.000000000,0.000000000,0.000000000,0.000000000,0.000000000,0.000000000,0.473684211,0.224334032,0.373944139,1.000000000,0.000000000,0.000000000,0.000000000,1.000000000,73.020248413,17.406585693,0.735450089,0.999998808,-0.001489202,0.000087474,-0.000295707
1178,123.231000000,fused_map_f2f,1,1,0,0.060526348,0.027619148,0.997916538,0.997916538,0.100000000,0.011011701,0.011011701,0.035786182,0.002775850,1.000000000,0.000000000,0.000000000,0.000000000,0.000000000,0.000000000,0.479452055,0.223471853,0.377059974,1.000000000,0.000000000,0.000000000,0.000000000,1.000000000,73.100128174,17.406951904,0.735634744,0.999998927,-0.001420118,0.000055557,-0.000329834
1179,123.329000000,fused_map_f2f,1,1,0,0.060019725,0.021333960,0.999921923,0.999921923,0.100000000,0.010989860,0.010989860,0.035716975,0.002770299,1.000000000,0.000000000,0.000000000,0.000000000,0.000000000,0.000000000,0.443037975,0.171532412,0.334435750,1.000000000,0.000000000,0.000000000,0.000000000,1.000000000,73.172332764,17.406864166,0.735426724,0.999998868,-0.001464179,0.000037428,-0.000383881
1180,123.429000000,fused_map_f2f,1,1,0,0.058145554,0.018142840,1.000000000,1.000000000,0.100000000,0.010989011,0.010989011,0.035714286,0.002770083,1.000000000,0.000000000,0.000000000,0.000000000,0.000000000,0.000000000,0.473684211,0.280328496,0.396341925,1.000000000,0.000000000,0.000000000,0.000000000,1.000000000,73.248100281,17.406587601,0.735510767,0.999998987,-0.001379559,0.000088745,-0.000301479
1181,123.542000000,fused_map_f2f,1,1,0,0.059102562,0.031824140,1.000000000,1.000000000,0.100000000,0.010989011,0.010989011,0.035714286,0.002770083,1.000000000,0.000000000,0.000000000,0.000000000,0.000000000,0.000000000,0.467532468,0.200751557,0.360820103,1.000000000,0.000000000,0.000000000,0.000000000,1.000000000,73.385681152,17.406473160,0.735824406,0.999999046,-0.001347943,0.000093117,-0.000296068
1182,123.616000000,fused_map_f2f,1,1,0,0.057827190,0.013942891,1.000000000,1.000000000,0.100000000,0.010989011,0.010989011,0.035714286,0.002770083,1.000000000,0.000000000,0.000000000,0.000000000,0.000000000,0.000000000,0.473684211,0.219692432,0.372087499,1.000000000,0.000000000,0.000000000,0.000000000,1.000000000,73.437278748,17.406482697,0.735814691,0.999999106,-0.001297549,0.000064304,-0.000272876
1183,123.725000000,fused_map_f2f,1,1,0,0.058504339,0.026163182,1.000000000,1.000000000,0.100000000,0.010989011,0.010989011,0.035714286,0.002770083,1.000000000,0.000000000,0.000000000,0.000000000,0.000000000,0.000000000,0.448717949,0.239210020,0.364914777,1.000000000,0.000000000,0.000000000,0.000000000,1.000000000,73.594436646,17.406209946,0.735053897,0.999998748,-0.001548466,0.000097609,-0.000316424
1184,123.819000000,fused_map_f2f,1,1,0,0.059652877,0.015691723,1.000000000,1.000000000,0.100000000,0.010989011,0.010989011,0.035714286,0.002770083,1.000000000,0.000000000,0.000000000,0.000000000,0.000000000,0.000000000,0.474358974,0.235408421,0.378778753,1.000000000,0.000000000,0.000000000,0.000000000,1.000000000,73.662879944,17.406192780,0.734807789,0.999998689,-0.001574537,0.000110593,-0.000314965
1185,123.929000000,fused_map_f2f,1,1,0,0.059534857,0.020412323,1.000000000,1.000000000,0.100000000,0.010989011,0.010989011,0.035714286,0.002770083,1.000000000,0.000000000,0.000000000,0.000000000,0.000000000,0.000000000,0.440000000,0.207995940,0.347198376,1.000000000,0.000000000,0.000000000,0.000000000,1.000000000,73.795906067,17.405885696,0.735225856,0.999998689,-0.001556004,0.000109459,-0.000319169
1186,124.028000000,fused_map_f2f,1,1,0,0.060219754,0.016242913,0.999130141,0.999130141,0.100000000,0.010998473,0.010998473,0.035744268,0.002772488,1.000000000,0.000000000,0.000000000,0.000000000,0.000000000,0.000000000,0.513888889,0.185036606,0.382347976,1.000000000,0.000000000,0.000000000,0.000000000,1.000000000,73.868255615,17.406259537,0.735375524,0.999998927,-0.001411713,0.000114080,-0.000308075
1187,124.130000000,fused_map_f2f,1,1,0,0.059829346,0.024004947,1.000000000,1.000000000,0.100000000,0.010989011,0.010989011,0.035714286,0.002770083,1.000000000,0.000000000,0.000000000,0.000000000,0.000000000,0.000000000,0.467532468,0.258830426,0.384051651,1.000000000,0.000000000,0.000000000,0.000000000,1.000000000,73.957572937,17.406295776,0.735248268,0.999998927,-0.001430698,0.000113096,-0.000316123
1188,124.232000000,fused_map_f2f,1,1,0,0.058237823,0.024864904,1.000000000,1.000000000,0.100000000,0.010989011,0.010989011,0.035714286,0.002770083,1.000000000,0.000000000,0.000000000,0.000000000,0.000000000,0.000000000,0.493333333,0.188004926,0.371201971,1.000000000,0.000000000,0.000000000,0.000000000,1.000000000,74.034240723,17.406452179,0.735854566,0.999999046,-0.001332876,0.000078333,-0.000265433
1189,124.325000000,fused_map_f2f,1,1,0,0.059413670,0.016210082,1.000000000,1.000000000,0.100000000,0.010989011,0.010989011,0.035714286,0.002770083,1.000000000,0.000000000,0.000000000,0.000000000,0.000000000,0.000000000,0.480519481,0.231064183,0.380737362,1.000000000,0.000000000,0.000000000,0.000000000,1.000000000,74.141365051,17.405826569,0.735134304,0.999998748,-0.001555732,0.000118119,-0.000290805
1190,124.428000000,fused_map_f2f,1,1,0,0.057598253,0.018870796,1.000000000,1.000000000,0.100000000,0.010989011,0.010989011,0.035714286,0.002770083,1.000000000,0.000000000,0.000000000,0.000000000,0.000000000,0.000000000,0.506493506,0.333830718,0.437428391,1.000000000,0.000000000,0.000000000,0.000000000,1.000000000,74.216064453,17.405866623,0.735891223,0.999998868,-0.001444924,0.000118250,-0.000292923
1191,124.527000000,fused_map_f2f,1,1,0,0.059705084,0.014840226,1.000000000,1.000000000,0.100000000,0.010989011,0.010989011,0.035714286,0.002770083,1.000000000,0.000000000,0.000000000,0.000000000,0.000000000,0.000000000,0.480519481,0.266130650,0.394763948,1.000000000,0.000000000,0.000000000,0.000000000,1.000000000,74.278930664,17.406246185,0.735749185,0.999999166,-0.001249485,0.000153904,-0.000293867
1192,124.633000000,fused_map_f2f,1,1,0,0.059129338,0.027964691,1.000000000,1.000000000,0.100000000,0.010989011,0.010989011,0.035714286,0.002770083,1.000000000,0.000000000,0.000000000,0.000000000,0.000000000,0.000000000,0.493506494,0.266862838,0.402849031,1.000000000,0.000000000,0.000000000,0.000000000,1.000000000,74.347351074,17.407079697,0.735936284,0.999999523,-0.000922198,0.000171769,-0.000301142
1193,124.714000000,fused_map_f2f,1,1,0,0.057477664,0.014928616,1.000000000,1.000000000,0.100000000,0.010989011,0.010989011,0.035714286,0.002770083,1.000000000,0.000000000,0.000000000,0.000000000,0.000000000,0.000000000,0.459459459,0.145869081,0.334023308,1.000000000,0.000000000,0.000000000,0.000000000,1.000000000,74.408195496,17.406110764,0.735892236,0.999999225,-0.001199251,0.000115534,-0.000273288
1194,124.821000000,fused_map_f2f,1,1,0,0.058655995,0.019790755,1.000000000,1.000000000,0.100000000,0.010989011,0.010989011,0.035714286,0.002770083,1.000000000,0.000000000,0.000000000,0.000000000,0.000000000,0.000000000,0.474358974,0.219476033,0.372405798,1.000000000,0.000000000,0.000000000,0.000000000,1.000000000,74.472656250,17.406644821,0.735815644,0.999999285,-0.001151988,0.000093992,-0.000307768
1195,124.927000000,fused_map_f2f,1,1,0,0.058233355,0.016093071,1.000000000,1.000000000,0.100000000,0.010989011,0.010989011,0.035714286,0.002770083,1.000000000,0.000000000,0.000000000,0.000000000,0.000000000,0.000000000,0.461538462,0.291698105,0.393602319,1.000000000,0.000000000,0.000000000,0.000000000,1.000000000,74.629379272,17.405595779,0.735746443,0.999998868,-0.001461897,0.000108216,-0.000286154
1196,125.041000000,fused_map_f2f,1,1,0,0.058315564,0.019490323,1.000000000,1.000000000,0.100000000,0.010989011,0.010989011,0.035714286,0.002770083,1.000000000,0.000000000,0.000000000,0.000000000,0.000000000,0.000000000,0.472972973,0.165352088,0.349924619,1.000000000,0.000000000,0.000000000,0.000000000,1.000000000,74.771728516,17.405639648,0.735439301,0.999998808,-0.001500308,0.000111081,-0.000305838
1197,125.136000000,fused_map_f2f,1,1,0,0.057906165,0.018873431,1.000000000,1.000000000,0.100000000,0.010989011,0.010989011,0.035714286,0.002770083,1.000000000,0.000000000,0.000000000,0.000000000,0.000000000,0.000000000,0.474358974,0.210852290,0.368956301,1.000000000,0.000000000,0.000000000,0.000000000,1.000000000,74.839302063,17.405897141,0.735484779,0.999998927,-0.001423819,0.000104401,-0.000291046
1198,125.234000000,fused_map_f2f,1,1,0,0.057677409,0.021662978,1.000000000,1.000000000,0.100000000,0.010989011,0.010989011,0.035714286,0.002770083,1.000000000,0.000000000,0.000000000,0.000000000,0.000000000,0.000000000,0.526315789,0.234489558,0.409585297,1.000000000,0.000000000,0.000000000,0.000000000,1.000000000,74.974807739,17.406087875,0.735217094,0.999998748,-0.001538874,0.000095601,-0.000293330
1199,125.315000000,fused_map_f2f,1,1,0,0.057475861,0.020410896,1.000000000,1.000000000,0.100000000,0.010989011,0.010989011,0.035714286,0.002770083,1.000000000,0.000000000,0.000000000,0.000000000,0.000000000,0.000000000,0.460526316,0.186442092,0.350892626,1.000000000,0.000000000,0.000000000,0.000000000,1.000000000,75.023490906,17.405971527,0.734921515,0.999999046,-0.001347592,0.000163162,-0.000316354
1200,125.427000000,fused_map_f2f,1,1,0,0.060234623,0.022233837,0.999071283,0.999071283,0.100000000,0.010999114,0.010999114,0.035746298,0.002772651,1.000000000,0.000000000,0.000000000,0.000000000,0.000000000,0.000000000,0.473684211,0.240028701,0.380222007,1.000000000,0.000000000,0.000000000,0.000000000,1.000000000,75.092185974,17.406328201,0.735003352,0.999999106,-0.001287938,0.000103172,-0.000282044
1201,125.521000000,fused_map_f2f,1,1,0,0.057836294,0.012665129,1.000000000,1.000000000,0.100000000,0.010989011,0.010989011,0.035714286,0.002770083,1.000000000,0.000000000,0.000000000,0.000000000,0.000000000,0.000000000,0.541666667,0.203288962,0.406315585,1.000000000,0.000000000,0.000000000,0.000000000,1.000000000,75.164314270,17.405773163,0.735171258,0.999998808,-0.001488498,0.000112602,-0.000278884
1202,125.613000000,fused_map_f2f,1,1,0,0.056188879,0.016816669,1.000000000,1.000000000,0.100000000,0.010989011,0.010989011,0.035714286,0.002770083,1.000000000,0.000000000,0.000000000,0.000000000,0.000000000,0.000000000,0.468354430,0.213438531,0.366388071,1.000000000,0.000000000,0.000000000,0.000000000,1.000000000,75.222297668,17.406003952,0.735064566,0.999998868,-0.001457889,0.000108445,-0.000312159
1203,125.724000000,fused_map_f2f,1,1,0,0.058777590,0.019128368,1.000000000,1.000000000,0.100000000,0.010989011,0.010989011,0.035714286,0.002770083,1.000000000,0.000000000,0.000000000,0.000000000,0.000000000,0.000000000,0.486842105,0.170490820,0.360301591,1.000000000,0.000000000,0.000000000,0.000000000,1.000000000,75.291168213,17.405958176,0.734916270,0.999998927,-0.001403638,0.000120106,-0.000274667
1204,125.826000000,fused_map_f2f,1,1,0,0.056136267,0.013846487,1.000000000,1.000000000,0.100000000,0.010989011,0.010989011,0.035714286,0.002770083,1.000000000,0.000000000,0.000000000,0.000000000,0.000000000,0.000000000,0.486842105,0.219352593,0.379846300,1.000000000,0.000000000,0.000000000,0.000000000,1.000000000,75.383720398,17.405786514,0.735258996,0.999998927,-0.001430017,0.000107451,-0.000252136
1205,125.940000000,fused_map_f2f,1,1,0,0.057663491,0.016277038,1.000000000,1.000000000,0.100000000,0.010989011,0.010989011,0.035714286,0.002770083,1.000000000,0.000000000,0.000000000,0.000000000,0.000000000,0.000000000,0.486486486,0.231996098,0.384690331,1.000000000,0.000000000,0.000000000,0.000000000,1.000000000,75.460327148,17.405143738,0.734919310,0.999998689,-0.001606543,0.000103498,-0.000233250
1206,126.015000000,fused_map_f2f,1,1,0,0.056666816,0.028217321,1.000000000,1.000000000,0.100000000,0.010989011,0.010989011,0.035714286,0.002770083,1.000000000,0.000000000,0.000000000,0.000000000,0.000000000,0.000000000,0.540540541,0.300969844,0.444712262,1.000000000,0.000000000,0.000000000,0.000000000,1.000000000,75.533027649,17.406070709,0.734697938,0.999998987,-0.001381993,0.000119674,-0.000249414
1207,126.114000000,fused_map_f2f,1,1,0,0.056421806,0.015616745,1.000000000,1.000000000,0.100000000,0.010989011,0.010989011,0.035714286,0.002770083,1.000000000,0.000000000,0.000000000,0.000000000,0.000000000,0.000000000,0.526315789,0.260295644,0.419907731,1.000000000,0.000000000,0.000000000,0.000000000,1.000000000,75.615325928,17.405248642,0.734416604,0.999998868,-0.001496893,0.000104405,-0.000247355
1208,126.220000000,fused_map_f2f,1,1,0,0.056513026,0.014952375,1.000000000,1.000000000,0.100000000,0.010989011,0.010989011,0.035714286,0.002770083,1.000000000,0.000000000,0.000000000,0.000000000,0.000000000,0.000000000,0.486842105,0.201892524,0.372862273,1.000000000,0.000000000,0.000000000,0.000000000,1.000000000,75.778854370,17.405155182,0.734838903,0.999999046,-0.001360497,0.000097421,-0.000259204
1209,126.329000000,fused_map_f2f,1,1,0,0.058507324,0.018913488,1.000000000,1.000000000,0.100000000,0.010989011,0.010989011,0.035714286,0.002770083,1.000000000,0.000000000,0.000000000,0.000000000,0.000000000,0.000000000,0.506666667,0.303287406,0.425314962,1.000000000,0.000000000,0.000000000,0.000000000,1.000000000,75.870605469,17.405632019,0.735125721,0.999999166,-0.001259367,0.000110507,-0.000257000
1210,126.427000000,fused_map_f2f,1,1,0,0.057235137,0.021504453,1.000000000,1.000000000,0.100000000,0.010989011,0.010989011,0.035714286,0.002770083,1.000000000,0.000000000,0.000000000,0.000000000,0.000000000,0.000000000,0.519480519,0.209451788,0.395469027,1.000000000,0.000000000,0.000000000,0.000000000,1.000000000,75.982772827,17.405807495,0.734890878,0.999998987,-0.001394171,0.000111978,-0.000239277
1211,126.536000000,fused_map_f2f,1,1,0,0.059780529,0.019649223,1.000000000,1.000000000,0.100000000,0.010989011,0.010989011,0.035714286,0.002770083,1.000000000,0.000000000,0.000000000,0.000000000,0.000000000,0.000000000,0.467532468,0.232229399,0.373411240,1.000000000,0.000000000,0.000000000,0.000000000,1.000000000,76.082176208,17.405879974,0.734821379,0.999999106,-0.001300590,0.000084602,-0.000248505
1212,126.618000000,fused_map_f2f,1,1,0,0.057877802,0.018882963,1.000000000,1.000000000,0.100000000,0.010989011,0.010989011,0.035714286,0.002770083,1.000000000,0.000000000,0.000000000,0.000000000,0.000000000,0.000000000,0.486842105,0.269271271,0.399813771,1.000000000,0.000000000,0.000000000,0.000000000,1.000000000,76.182182312,17.405252457,0.734738588,0.999998808,-0.001509132,0.000112767,-0.000242598
1213,126.726000000,fused_map_f2f,1,1,0,0.059610827,0.021279713,1.000000000,1.000000000,0.100000000,0.010989011,0.010989011,0.035714286,0.002770083,1.000000000,0.000000000,0.000000000,0.000000000,0.000000000,0.000000000,0.486486486,0.216138079,0.378347124,1.000000000,0.000000000,0.000000000,0.000000000,1.000000000,76.284805298,17.405252457,0.734513044,0.999998808,-0.001509312,0.000097711,-0.000232935
1214,126.826000000,fused_map_f2f,1,1,0,0.057481561,0.016485369,1.000000000,1.000000000,0.100000000,0.010989011,0.010989011,0.035714286,0.002770083,1.000000000,0.000000000,0.000000000,0.000000000,0.000000000,0.000000000,0.473684211,0.244985162,0.382204591,1.000000000,0.000000000,0.000000000,0.000000000,1.000000000,76.384147644,17.405645370,0.734609783,0.999998689,-0.001587376,0.000095273,-0.000213547
1215,126.932000000,fused_map_f2f,1,1,0,0.060172643,0.019245507,0.999316623,0.999316623,0.100000000,0.010996443,0.010996443,0.035737836,0.002771972,1.000000000,0.000000000,0.000000000,0.000000000,0.000000000,0.000000000,0.520547945,0.220727230,0.400619659,1.000000000,0.000000000,0.000000000,0.000000000,1.000000000,76.482337952,17.405408859,0.734768331,0.999998748,-0.001566734,0.000097957,-0.000216053
1216,127.037000000,fused_map_f2f,1,1,0,0.057515262,0.022992682,1.000000000,1.000000000,0.100000000,0.010989011,0.010989011,0.035714286,0.002770083,1.000000000,0.000000000,0.000000000,0.000000000,0.000000000,0.000000000,0.540540541,0.288054520,0.439546132,1.000000000,0.000000000,0.000000000,0.000000000,1.000000000,76.579750061,17.405853271,0.734719396,0.999998748,-0.001552892,0.000088628,-0.000154940
1217,127.115000000,fused_map_f2f,1,1,0,0.058168735,0.018836702,1.000000000,1.000000000,0.100000000,0.010989011,0.010989011,0.035714286,0.002770083,1.000000000,0.000000000,0.000000000,0.000000000,0.000000000,0.000000000,0.513513514,0.176441570,0.378684736,1.000000000,0.000000000,0.000000000,0.000000000,1.000000000,76.645721436,17.405830383,0.734701335,0.999998927,-0.001443308,0.000109782,-0.000137992
1218,127.222000000,fused_map_f2f,1,1,0,0.057797070,0.015101639,1.000000000,1.000000000,0.100000000,0.010989011,0.010989011,0.035714286,0.002770083,1.000000000,0.000000000,0.000000000,0.000000000,0.000000000,0.000000000,0.500000000,0.221507436,0.388602974,1.000000000,0.000000000,0.000000000,0.000000000,1.000000000,76.747283936,17.405782700,0.733543634,0.999998987,-0.001424166,0.000098259,-0.000174573
1219,127.325000000,fused_map_f2f,1,1,0,0.057319689,0.016881061,1.000000000,1.000000000,0.100000000,0.010989011,0.010989011,0.035714286,0.002770083,1.000000000,0.000000000,0.000000000,0.000000000,0.000000000,0.000000000,0.513513514,0.248390986,0.407464503,1.000000000,0.000000000,0.000000000,0.000000000,1.000000000,76.838218689,17.405645370,0.733712554,0.999998987,-0.001389412,0.000069380,-0.000167070
1220,127.428000000,fused_map_f2f,1,1,0,0.058009084,0.029068980,1.000000000,1.000000000,0.100000000,0.010989011,0.010989011,0.035714286,0.002770083,1.000000000,0.000000000,0.000000000,0.000000000,0.000000000,0.000000000,0.520000000,0.256223001,0.414489200,1.000000000,0.000000000,0.000000000,0.000000000,1.000000000,76.954872131,17.404989243,0.733552396,0.999998808,-0.001535666,0.000098699,-0.000163202
1221,127.528000000,fused_map_f2f,1,1,0,0.058711241,0.024694412,1.000000000,1.000000000,0.100000000,0.010989011,0.010989011,0.035714286,0.002770083,1.000000000,0.000000000,0.000000000,0.000000000,0.000000000,0.000000000,0.549295775,0.198856222,0.409119954,1.000000000,0.000000000,0.000000000,0.000000000,1.000000000,77.041969299,17.405412674,0.733716667,0.999998987,-0.001383690,0.000113743,-0.000154134
1222,127.626000000,fused_map_f2f,1,1,0,0.058463212,0.017913371,1.000000000,1.000000000,0.100000000,0.010989011,0.010989011,0.035714286,0.002770083,1.000000000,0.000000000,0.000000000,0.000000000,0.000000000,0.000000000,0.520547945,0.234193984,0.406006361,1.000000000,0.000000000,0.000000000,0.000000000,1.000000000,77.215248108,17.404577255,0.733707309,0.999998569,-0.001687867,0.000088067,-0.000157115
1223,127.736000000,fused_map_f2f,1,1,0,0.059075909,0.021465918,1.000000000,1.000000000,0.100000000,0.010989011,0.010989011,0.035714286,0.002770083,1.000000000,0.000000000,0.000000000,0.000000000,0.000000000,0.000000000,0.520547945,0.225871515,0.402677373,1.000000000,0.000000000,0.000000000,0.000000000,1.000000000,77.368247986,17.404600143,0.733872473,0.999998689,-0.001617018,0.000085164,-0.000149082
1224,127.813000000,fused_map_f2f,1,1,0,0.058791270,0.023227878,1.000000000,1.000000000,0.100000000,0.010989011,0.010989011,0.035714286,0.002770083,1.000000000,0.000000000,0.000000000,0.000000000,0.000000000,0.000000000,0.500000000,0.211382653,0.384553061,1.000000000,0.000000000,0.000000000,0.000000000,1.000000000,77.433227539,17.404392242,0.733805954,0.999998510,-0.001718243,0.000063073,-0.000140032
1225,127.913000000,fused_map_f2f,1,1,0,0.061449217,0.016586228,0.994263516,0.994263516,0.100000000,0.011051712,0.011051712,0.035912942,0.002786021,1.000000000,0.000000000,0.000000000,0.000000000,0.000000000,0.000000000,0.579710145,0.246008288,0.446229402,1.000000000,0.000000000,0.000000000,0.000000000,1.000000000,77.539176941,17.404428482,0.733136237,0.999998748,-0.001558598,0.000085594,-0.000112440
1226,128.038000000,fused_map_f2f,1,1,0,0.058659461,0.020948057,1.000000000,1.000000000,0.100000000,0.010989011,0.010989011,0.035714286,0.002770083,1.000000000,0.000000000,0.000000000,0.000000000,0.000000000,0.000000000,0.520547945,0.278365522,0.423674976,1.000000000,0.000000000,0.000000000,0.000000000,1.000000000,77.659065247,17.404241562,0.733474612,0.999998689,-0.001607929,0.000073507,-0.000103571
1227,128.133000000,fused_map_f2f,1,1,0,0.059728040,0.021495685,1.000000000,1.000000000,0.100000000,0.010989011,0.010989011,0.035714286,0.002770083,1.000000000,0.000000000,0.000000000,0.000000000,0.000000000,0.000000000,0.513888889,0.227232545,0.399226351,1.000000000,0.000000000,0.000000000,0.000000000,1.000000000,77.756515503,17.404420853,0.733618557,0.999998748,-0.001573806,0.000090140,-0.000079530
1228,128.232000000,fused_map_f2f,1,1,0,0.060837922,0.024550927,0.996683225,0.996683225,0.100000000,0.011025177,0.011025177,0.035828878,0.002779276,1.000000000,0.000000000,0.000000000,0.000000000,0.000000000,0.000000000,0.534246575,0.257140716,0.423404232,1.000000000,0.000000000,0.000000000,0.000000000,1.000000000,77.849296570,17.404018402,0.732920706,0.999998689,-0.001613057,0.000087398,-0.000070306
1229,128.339000000,fused_map_f2f,1,1,0,0.058912860,0.016593281,1.000000000,1.000000000,0.100000000,0.010989011,0.010989011,0.035714286,0.002770083,1.000000000,0.000000000,0.000000000,0.000000000,0.000000000,0.000000000,0.486842105,0.253155722,0.393367552,1.000000000,0.000000000,0.000000000,0.000000000,1.000000000,77.958084106,17.403781891,0.733175218,0.999998808,-0.001550203,0.000082072,-0.000065644
1230,128.418000000,fused_map_f2f,1,1,0,0.059785382,0.025524034,1.000000000,1.000000000,0.100000000,0.010989011,0.010989011,0.035714286,0.002770083,1.000000000,0.000000000,0.000000000,0.000000000,0.000000000,0.000000000,0.547945205,0.258225218,0.432057211,1.000000000,0.000000000,0.000000000,0.000000000,1.000000000,78.017669678,17.403959274,0.733097613,0.999998868,-0.001492295,0.000118532,-0.000058030
1231,128.521000000,fused_map_f2f,1,1,0,0.061955258,0.021974699,0.992260438,0.992260438,0.100000000,0.011073775,0.011073775,0.035982831,0.002791629,1.000000000,0.000000000,0.000000000,0.000000000,0.000000000,0.000000000,0.540540541,0.278617212,0.435771209,1.000000000,0.000000000,0.000000000,0.000000000,1.000000000,78.095787048,17.404270172,0.733967066,0.999998868,-0.001489307,0.000045746,0.000037405
1232,128.632000000,fused_map_f2f,1,1,0,0.060100273,0.028477243,0.999603086,0.999603086,0.100000000,0.010993326,0.010993326,0.035727960,0.002771180,1.000000000,0.000000000,0.000000000,0.000000000,0.000000000,0.000000000,0.513513514,0.276857520,0.418851116,1.000000000,0.000000000,0.000000000,0.000000000,1.000000000,78.186752319,17.403402328,0.733125985,0.999998391,-0.001790200,0.000078975,-0.000054245
1233,128.713000000,fused_map_f2f,1,1,0,0.060125894,0.024353364,0.999501669,0.999501669,0.100000000,0.010994430,0.010994430,0.035731456,0.002771460,1.000000000,0.000000000,0.000000000,0.000000000,0.000000000,0.000000000,0.549295775,0.229322133,0.421306318,1.000000000,0.000000000,0.000000000,0.000000000,1.000000000,78.245994568,17.403825760,0.733563840,0.999998510,-0.001704361,0.000064347,-0.000023836
1234,128.834000000,fused_map_f2f,1,1,0,0.060838420,0.023155862,0.996681253,0.996681253,0.100000000,0.011025199,0.011025199,0.035828946,0.002779281,1.000000000,0.000000000,0.000000000,0.000000000,0.000000000,0.000000000,0.520547945,0.292343842,0.429266304,1.000000000,0.000000000,0.000000000,0.000000000,1.000000000,78.380302429,17.403165817,0.733740628,0.999998510,-0.001712374,0.000077039,-0.000059221
1235,128.930000000,fused_map_f2f,1,1,0,0.062315567,0.016822065,0.990834214,0.990834214,0.100000000,0.011089538,0.011089538,0.036032759,0.002795636,1.000000000,0.000000000,0.000000000,0.000000000,0.000000000,0.000000000,0.557142857,0.269642237,0.442142609,1.000000000,0.000000000,0.000000000,0.000000000,1.000000000,78.452560425,17.403539658,0.734043419,0.999998868,-0.001514552,0.000070874,-0.000099373
1236,129.030000000,fused_map_f2f,1,1,0,0.060990205,0.028730908,0.996080437,0.996080437,0.100000000,0.011031776,0.011031776,0.035849783,0.002780953,1.000000000,0.000000000,0.000000000,0.000000000,0.000000000,0.000000000,0.547945205,0.225037722,0.418782212,1.000000000,0.000000000,0.000000000,0.000000000,1.000000000,78.558898926,17.403619766,0.733551860,0.999998391,-0.001797067,0.000085275,-0.000075620
1237,129.135000000,fused_map_f2f,1,1,0,0.062286851,0.020145841,0.990947880,0.990947880,0.100000000,0.011088280,0.011088280,0.036028775,0.002795317,1.000000000,0.000000000,0.000000000,0.000000000,0.000000000,0.000000000,0.569444444,0.354280731,0.483378959,1.000000000,0.000000000,0.000000000,0.000000000,1.000000000,78.633460999,17.402629852,0.733040035,0.999997914,-0.002024603,0.000093051,-0.000060752
1238,129.214000000,fused_map_f2f,1,1,0,0.063413808,0.017315579,0.986487010,0.986487010,0.100000000,0.011137863,0.011137863,0.036185801,0.002807921,1.000000000,0.000000000,0.000000000,0.000000000,0.000000000,0.000000000,0.534246575,0.306787217,0.443262832,1.000000000,0.000000000,0.000000000,0.000000000,1.000000000,78.690246582,17.402809143,0.733154714,0.999997914,-0.002046881,0.000077931,-0.000058017
1239,129.337000000,fused_map_f2f,1,1,0,0.062640088,0.026425242,0.989549651,0.989549651,0.100000000,0.011103774,0.011103774,0.036077847,0.002799255,1.000000000,0.000000000,0.000000000,0.000000000,0.000000000,0.000000000,0.542857143,0.241096738,0.422152981,1.000000000,0.000000000,0.000000000,0.000000000,1.000000000,78.791793823,17.402734756,0.733448803,0.999998033,-0.001984290,0.000092767,-0.000078848
1240,129.419000000,fused_map_f2f,1,1,0,0.062517176,0.012106223,0.990036177,0.990036177,0.100000000,0.011098378,0.011098378,0.036060756,0.002797883,1.000000000,0.000000000,0.000000000,0.000000000,0.000000000,0.000000000,0.507042254,0.211298862,0.388744897,1.000000000,0.000000000,0.000000000,0.000000000,1.000000000,78.845779419,17.403238297,0.733491719,0.999998093,-0.001933091,0.000101467,-0.000068925
1241,129.515000000,fused_map_f2f,1,1,0,0.063911079,0.016596640,0.984518644,0.984518644,0.100000000,0.011159883,0.011159883,0.036255525,0.002813520,1.000000000,0.000000000,0.000000000,0.000000000,0.000000000,0.000000000,0.527777778,0.252218699,0.417554146,1.000000000,0.000000000,0.000000000,0.000000000,1.000000000,78.953498840,17.403312683,0.732963443,0.999998033,-0.001965032,0.000117119,-0.000060984
1242,129.615000000,fused_map_f2f,1,1,0,0.062564571,0.015601219,0.989848574,0.989848574,0.100000000,0.011100458,0.011100458,0.036067344,0.002798412,1.000000000,0.000000000,0.000000000,0.000000000,0.000000000,0.000000000,0.480000000,0.269040846,0.395616338,1.000000000,0.000000000,0.000000000,0.000000000,1.000000000,79.023811340,17.402921677,0.733503163,0.999997854,-0.002068137,0.000105255,-0.000048910
1243,129.720000000,fused_map_f2f,1,1,0,0.065753823,0.022594937,0.977224452,0.977224452,0.100000000,0.011242246,0.011242246,0.036516261,0.002834461,1.000000000,0.000000000,0.000000000,0.000000000,0.000000000,0.000000000,0.541666667,0.269710623,0.432884249,1.000000000,0.000000000,0.000000000,0.000000000,1.000000000,79.102493286,17.403018951,0.732967317,0.999998093,-0.001938296,0.000117704,-0.000047970
1244,129.816000000,fused_map_f2f,1,1,0,0.063659182,0.028411024,0.985515738,0.985515738,0.100000000,0.011148717,0.011148717,0.036220172,0.002810681,1.000000000,0.000000000,0.000000000,0.000000000,0.000000000,0.000000000,0.577464789,0.283965979,0.460065265,1.000000000,0.000000000,0.000000000,0.000000000,1.000000000,79.172996521,17.402696609,0.733151257,0.999997973,-0.001999898,0.000099616,-0.000049747
1245,129.943000000,fused_map_f2f,1,1,0,0.065010160,0.034482411,0.980168115,0.980168115,0.100000000,0.011208861,0.011208861,0.036410587,0.002825972,1.000000000,0.000000000,0.000000000,0.000000000,0.000000000,0.000000000,0.563380282,0.248804642,0.437550026,1.000000000,0.000000000,0.000000000,0.000000000,1.000000000,79.283645630,17.402481079,0.733296931,0.999997973,-0.002013056,0.000079292,-0.000055255
1246,130.015000000,fused_map_f2f,1,1,0,0.062342100,0.015399223,0.990729187,0.990729187,0.100000000,0.011090701,0.011090701,0.036036441,0.002795932,1.000000000,0.000000000,0.000000000,0.000000000,0.000000000,0.000000000,0.569444444,0.274224636,0.451356521,1.000000000,0.000000000,0.000000000,0.000000000,1.000000000,79.387817383,17.402465820,0.733529925,0.999997914,-0.002029192,0.000109124,-0.000046105
1247,130.114000000,fused_map_f2f,1,1,0,0.064074799,0.017211832,0.983870588,0.983870588,0.100000000,0.011167151,0.011167151,0.036278539,0.002815368,1.000000000,0.000000000,0.000000000,0.000000000,0.000000000,0.000000000,0.571428571,0.217793514,0.429974548,1.000000000,0.000000000,0.000000000,0.000000000,1.000000000,79.462722778,17.402502060,0.733325779,0.999998093,-0.001932122,0.000107077,-0.000052246
1248,130.216000000,fused_map_f2f,1,1,0,0.063222577,0.017115090,0.987243964,0.987243964,0.100000000,0.011129418,0.011129418,0.036159059,0.002805775,1.000000000,0.000000000,0.000000000,0.000000000,0.000000000,0.000000000,0.563380282,0.252626429,0.439078741,1.000000000,0.000000000,0.000000000,0.000000000,1.000000000,79.584541321,17.402528763,0.733906925,0.999998033,-0.001985262,0.000098238,-0.000045980
1249,130.317000000,fused_map_f2f,1,1,0,0.064587096,0.016158801,0.981842744,0.981842744,0.100000000,0.011189957,0.011189957,0.036350743,0.002821166,1.000000000,0.000000000,0.000000000,0.000000000,0.000000000,0.000000000,0.549295775,0.235234466,0.423671251,1.000000000,0.000000000,0.000000000,0.000000000,1.000000000,79.655273438,17.402395248,0.733723044,0.999998093,-0.001938222,0.000101601,-0.000060233
1250,130.423000000,fused_map_f2f,1,1,0,0.063426271,0.026863792,0.986437679,0.986437679,0.100000000,0.011138414,0.011138414,0.036187545,0.002808061,1.000000000,0.000000000,0.000000000,0.000000000,0.000000000,0.000000000,0.563380282,0.287707225,0.453111059,1.000000000,0.000000000,0.000000000,0.000000000,1.000000000,79.758850098,17.402488708,0.734334528,0.999998093,-0.001938646,0.000088983,-0.000053087
1251,130.521000000,fused_map_f2f,1,1,0,0.061861370,0.019731515,0.992632077,0.992632077,0.100000000,0.011069675,0.011069675,0.035969844,0.002790587,1.000000000,0.000000000,0.000000000,0.000000000,0.000000000,0.000000000,0.569444444,0.284788818,0.455582194,1.000000000,0.000000000,0.000000000,0.000000000,1.000000000,79.811286926,17.401878357,0.734463751,0.999998212,-0.001874287,0.000096006,-0.000054617
1252,130.629000000,fused_map_f2f,1,1,0,0.064295728,0.022673145,0.982996076,0.982996076,0.100000000,0.011176975,0.011176975,0.036309642,0.002817865,1.000000000,0.000000000,0.000000000,0.000000000,0.000000000,0.000000000,0.535211268,0.194205897,0.398809119,1.000000000,0.000000000,0.000000000,0.000000000,1.000000000,79.887931824,17.402538300,0.734359682,0.999998271,-0.001848741,0.000087050,-0.000061951
1253,130.739000000,fused_map_f2f,1,1,0,0.062853680,0.026070385,0.988704181,0.988704181,0.100000000,0.011113164,0.011113164,0.036107584,0.002801642,1.000000000,0.000000000,0.000000000,0.000000000,0.000000000,0.000000000,0.520547945,0.211668954,0.396996349,1.000000000,0.000000000,0.000000000,0.000000000,1.000000000,79.966278076,17.401918411,0.734261572,0.999998212,-0.001891618,0.000079620,-0.000055729
1254,130.816000000,fused_map_f2f,1,1,0,0.061202533,0.025554295,0.995239975,0.995239975,0.100000000,0.011040989,0.011040989,0.035878971,0.002783295,1.000000000,0.000000000,0.000000000,0.000000000,0.000000000,0.000000000,0.547945205,0.269420164,0.436535189,1.000000000,0.000000000,0.000000000,0.000000000,1.000000000,80.013023376,17.402421951,0.734648764,0.999998331,-0.001823256,0.000075240,-0.000056913
1255,130.920000000,fused_map_f2f,1,1,0,0.064227889,0.022491540,0.983264604,0.983264604,0.100000000,0.011173957,0.011173957,0.036300086,0.002817098,1.000000000,0.000000000,0.000000000,0.000000000,0.000000000,0.000000000,0.528571429,0.198513138,0.396548112,1.000000000,0.000000000,0.000000000,0.000000000,1.000000000,80.081809998,17.402242661,0.734274507,0.999998271,-0.001840438,0.000083421,-0.000054551
1256,131.016000000,fused_map_f2f,1,1,0,0.062355242,0.020002488,0.990677168,0.990677168,0.100000000,0.011091277,0.011091277,0.036038265,0.002796078,1.000000000,0.000000000,0.000000000,0.000000000,0.000000000,0.000000000,0.527777778,0.154739496,0.378562465,1.000000000,0.000000000,0.000000000,0.000000000,1.000000000,80.142379761,17.402301788,0.733917058,0.999998450,-0.001743735,0.000101229,-0.000042309
1257,131.115000000,fused_map_f2f,1,1,0,0.061368732,0.020797638,0.994582101,0.994582101,0.100000000,0.011048211,0.011048211,0.035901851,0.002785131,1.000000000,0.000000000,0.000000000,0.000000000,0.000000000,0.000000000,0.541666667,0.224865904,0.414946362,1.000000000,0.000000000,0.000000000,0.000000000,1.000000000,80.212020874,17.402359009,0.734321654,0.999998450,-0.001762964,0.000081896,-0.000052771
1258,131.225000000,fused_map_f2f,1,1,0,0.063794466,0.016829106,0.984980238,0.984980238,0.100000000,0.011154711,0.011154711,0.036239150,0.002812205,1.000000000,0.000000000,0.000000000,0.000000000,0.000000000,0.000000000,0.579710145,0.213486724,0.433220777,1.000000000,0.000000000,0.000000000,0.000000000,1.000000000,80.280937195,17.402462006,0.734174192,0.999998629,-0.001639123,0.000103081,-0.000079940
1259,131.326000000,fused_map_f2f,1,1,0,0.061931894,0.025962593,0.992352918,0.992352918,0.100000000,0.011072755,0.011072755,0.035979598,0.002791370,1.000000000,0.000000000,0.000000000,0.000000000,0.000000000,0.000000000,0.520547945,0.242870660,0.409477031,1.000000000,0.000000000,0.000000000,0.000000000,1.000000000,80.346580505,17.402307510,0.734262824,0.999998569,-0.001673377,0.000060022,-0.000058153
1260,131.425000000,fused_map_f2f,1,1,0,0.060800940,0.017172504,0.996829612,0.996829612,0.100000000,0.011023576,0.011023576,0.035823805,0.002778869,1.000000000,0.000000000,0.000000000,0.000000000,0.000000000,0.000000000,0.563380282,0.234163238,0.431693464,1.000000000,0.000000000,0.000000000,0.000000000,1.000000000,80.411369324,17.402479172,0.734998405,0.999998748,-0.001563700,0.000094328,-0.000068611
1261,131.529000000,fused_map_f2f,1,1,0,0.061571780,0.017188177,0.993778370,0.993778370,0.100000000,0.011057048,0.011057048,0.035929844,0.002787377,1.000000000,0.000000000,0.000000000,0.000000000,0.000000000,0.000000000,0.617647059,0.237178334,0.465459569,1.000000000,0.000000000,0.000000000,0.000000000,1.000000000,80.454322815,17.402990341,0.734956384,0.999998868,-0.001486347,0.000074567,-0.000062259
1262,131.629000000,fused_map_f2f,1,1,0,0.061167698,0.014011752,0.995377862,0.995377862,0.100000000,0.011039476,0.011039476,0.035874179,0.002782910,1.000000000,0.000000000,0.000000000,0.000000000,0.000000000,0.000000000,0.547945205,0.244999246,0.426766822,1.000000000,0.000000000,0.000000000,0.000000000,1.000000000,80.544013977,17.402339935,0.734566629,0.999998748,-0.001578499,0.000091654,-0.000073431
1263,131.727000000,fused_map_f2f,1,1,0,0.060385607,0.020898689,0.998473637,0.998473637,0.100000000,0.011005625,0.011005625,0.035766929,0.002774306,1.000000000,0.000000000,0.000000000,0.000000000,0.000000000,0.000000000,0.597014925,0.177173984,0.429078549,1.000000000,0.000000000,0.000000000,0.000000000,1.000000000,80.594711304,17.402311325,0.734737992,0.999998629,-0.001664592,0.000092994,-0.000072841
1264,131.830000000,fused_map_f2f,1,1,0,0.061831884,0.028566706,0.992748793,0.992748793,0.100000000,0.011068388,0.011068388,0.035965767,0.002790260,1.000000000,0.000000000,0.000000000,0.000000000,0.000000000,0.000000000,0.555555556,0.220250697,0.421433612,1.000000000,0.000000000,0.000000000,0.000000000,1.000000000,80.648666382,17.402664185,0.735025942,0.999998868,-0.001505874,0.000091611,-0.000065182
1265,131.929000000,fused_map_f2f,1,1,0,0.062553801,0.010622562,0.989891205,0.989891205,0.100000000,0.011099985,0.011099985,0.036065847,0.002798292,1.000000000,0.000000000,0.000000000,0.000000000,0.000000000,0.000000000,0.520547945,0.176340018,0.382864774,1.000000000,0.000000000,0.000000000,0.000000000,1.000000000,80.697967529,17.402391434,0.734898031,0.999998748,-0.001548934,0.000093735,-0.000095940
1266,132.024000000,fused_map_f2f,1,1,0,0.059899730,0.018607973,1.000000000,1.000000000,0.100000000,0.010989011,0.010989011,0.035714286,0.002770083,1.000000000,0.000000000,0.000000000,0.000000000,0.000000000,0.000000000,0.611940299,0.243355626,0.464506430,1.000000000,0.000000000,0.000000000,0.000000000,1.000000000,80.782669067,17.402114868,0.734809160,0.999998450,-0.001745768,0.000071815,-0.000068153
1267,132.130000000,fused_map_f2f,1,1,0,0.060875501,0.031952208,0.996534476,0.996534476,0.100000000,0.011026805,0.011026805,0.035834034,0.002779689,1.000000000,0.000000000,0.000000000,0.000000000,0.000000000,0.000000000,0.585714286,0.256044895,0.453846529,1.000000000,0.000000000,0.000000000,0.000000000,1.000000000,80.835800171,17.402532578,0.734764755,0.999998808,-0.001547902,0.000054717,-0.000025147
1268,132.229000000,fused_map_f2f,1,1,0,0.061348057,0.015602773,0.994663939,0.994663939,0.100000000,0.011047312,0.011047312,0.035899004,0.002784902,1.000000000,0.000000000,0.000000000,0.000000000,0.000000000,0.000000000,0.535211268,0.235712972,0.415411950,1.000000000,0.000000000,0.000000000,0.000000000,1.000000000,80.888389587,17.402667999,0.734677851,0.999998868,-0.001495252,0.000075514,-0.000034259
1269,132.334000000,fused_map_f2f,1,1,0,0.060126578,0.024451375,0.999498961,0.999498961,0.100000000,0.010994459,0.010994459,0.035731549,0.002771468,1.000000000,0.000000000,0.000000000,0.000000000,0.000000000,0.000000000,0.569444444,0.256853771,0.444408175,1.000000000,0.000000000,0.000000000,0.000000000,1.000000000,80.960189819,17.403200150,0.735270202,0.999998927,-0.001476461,0.000069077,-0.000061710
1270,132.416000000,fused_map_f2f,1,1,0,0.059192667,0.012998942,1.000000000,1.000000000,0.100000000,0.010989011,0.010989011,0.035714286,0.002770083,1.000000000,0.000000000,0.000000000,0.000000000,0.000000000,0.000000000,0.520547945,0.192864606,0.389474610,1.000000000,0.000000000,0.000000000,0.000000000,1.000000000,80.998855591,17.403116226,0.735132158,0.999998987,-0.001428516,0.000054768,-0.000060178
1271,132.518000000,fused_map_f2f,1,1,0,0.059505435,0.017286057,1.000000000,1.000000000,0.100000000,0.010989011,0.010989011,0.035714286,0.002770083,1.000000000,0.000000000,0.000000000,0.000000000,0.000000000,0.000000000,0.554054054,0.260771840,0.436741169,1.000000000,0.000000000,0.000000000,0.000000000,1.000000000,81.046722412,17.402395248,0.734685242,0.999998748,-0.001558574,0.000059983,-0.000066250
1272,132.623000000,fused_map_f2f,1,1,0,0.060375316,0.013079589,0.998514372,0.998514372,0.100000000,0.011005181,0.011005181,0.035765522,0.002774193,1.000000000,0.000000000,0.000000000,0.000000000,0.000000000,0.000000000,0.549295775,0.196925016,0.408347471,1.000000000,0.000000000,0.000000000,0.000000000,1.000000000,81.102226257,17.402624130,0.734603047,0.999998808,-0.001540926,0.000091513,-0.000044889
1273,132.735000000,fused_map_f2f,1,1,0,0.057893097,0.022497187,1.000000000,1.000000000,0.100000000,0.010989011,0.010989011,0.035714286,0.002770083,1.000000000,0.000000000,0.000000000,0.000000000,0.000000000,0.000000000,0.555555556,0.267445381,0.440311486,1.000000000,0.000000000,0.000000000,0.000000000,1.000000000,81.166931152,17.402462006,0.734815359,0.999998689,-0.001617871,0.000064989,-0.000051923
1274,132.816000000,fused_map_f2f,1,1,0,0.058245934,0.016740778,1.000000000,1.000000000,0.100000000,0.010989011,0.010989011,0.035714286,0.002770083,1.000000000,0.000000000,0.000000000,0.000000000,0.000000000,0.000000000,0.585714286,0.206712841,0.434113708,1.000000000,0.000000000,0.000000000,0.000000000,1.000000000,81.206306458,17.402196884,0.734665155,0.999998629,-0.001632469,0.000068337,-0.000044875
1275,132.933000000,fused_map_f2f,1,1,0,0.060101428,0.021044689,0.999598513,0.999598513,0.100000000,0.010993376,0.010993376,0.035728118,0.002771193,1.000000000,0.000000000,0.000000000,0.000000000,0.000000000,0.000000000,0.550724638,0.225148880,0.420494335,1.000000000,0.000000000,0.000000000,0.000000000,1.000000000,81.261169434,17.402873993,0.734663904,0.999998868,-0.001494662,0.000072993,-0.000084409
1276,133.019000000,fused_map_f2f,1,1,0,0.061079021,0.026984642,0.995728873,0.995728873,0.100000000,0.011035628,0.011035628,0.035861986,0.002781932,1.000000000,0.000000000,0.000000000,0.000000000,0.000000000,0.000000000,0.549295775,0.263612973,0.435022654,1.000000000,0.000000000,0.000000000,0.000000000,1.000000000,81.304031372,17.402568817,0.734813988,0.999998868,-0.001513682,0.000036082,-0.000102339
1277,133.135000000,fused_map_f2f,1,1,0,0.059502975,0.014773217,1.000000000,1.000000000,0.100000000,0.010989011,0.010989011,0.035714286,0.002770083,1.000000000,0.000000000,0.000000000,0.000000000,0.000000000,0.000000000,0.500000000,0.177142716,0.370857086,1.000000000,0.000000000,0.000000000,0.000000000,1.000000000,81.390441895,17.403564453,0.735428035,0.999999225,-0.001250378,0.000064874,-0.000065911
1278,133.233000000,fused_map_f2f,1,1,0,0.059931579,0.015859911,1.000000000,1.000000000,0.100000000,0.010989011,0.010989011,0.035714286,0.002770083,1.000000000,0.000000000,0.000000000,0.000000000,0.000000000,0.000000000,0.567164179,0.244084049,0.437932127,1.000000000,0.000000000,0.000000000,0.000000000,1.000000000,81.449310303,17.402942657,0.735005140,0.999998987,-0.001418342,0.000073137,-0.000070230
1279,133.337000000,fused_map_f2f,1,1,0,0.061554109,0.027217951,0.993848319,0.993848319,0.100000000,0.011056278,0.011056278,0.035927406,0.002787181,1.000000000,0.000000000,0.000000000,0.000000000,0.000000000,0.000000000,0.550724638,0.268117915,0.437681949,1.000000000,0.000000000,0.000000000,0.000000000,1.000000000,81.518302917,17.403150558,0.734812975,0.999999106,-0.001345618,0.000086895,-0.000076703
1280,133.430000000,fused_map_f2f,1,1,0,0.059469134,0.018497932,1.000000000,1.000000000,0.100000000,0.010989011,0.010989011,0.035714286,0.002770083,1.000000000,0.000000000,0.000000000,0.000000000,0.000000000,0.000000000,0.500000000,0.266831957,0.406732783,1.000000000,0.000000000,0.000000000,0.000000000,1.000000000,81.576629639,17.402973175,0.734755933,0.999999046,-0.001365940,0.000069429,-0.000081868
1281,133.531000000,fused_map_f2f,1,1,0,0.060530119,0.022236388,0.997901612,0.997901612,0.100000000,0.011011864,0.011011864,0.035786698,0.002775892,1.000000000,0.000000000,0.000000000,0.000000000,0.000000000,0.000000000,0.555555556,0.219937085,0.421308167,1.000000000,0.000000000,0.000000000,0.000000000,1.000000000,81.644294739,17.402849197,0.734393120,0.999999106,-0.001334502,0.000042973,-0.000039023
1282,133.613000000,fused_map_f2f,1,1,0,0.062466900,0.015890738,0.990235189,0.990235189,0.100000000,0.011096172,0.011096172,0.036053770,0.002797323,1.000000000,0.000000000,0.000000000,0.000000000,0.000000000,0.000000000,0.542857143,0.184447971,0.399493474,1.000000000,0.000000000,0.000000000,0.000000000,1.000000000,81.694557190,17.402282715,0.734349132,0.999998808,-0.001524701,0.000042864,-0.000039880
1283,133.737000000,fused_map_f2f,1,1,0,0.060248659,0.015877492,0.999015726,0.999015726,0.100000000,0.010999719,0.010999719,0.035748215,0.002772805,1.000000000,0.000000000,0.000000000,0.000000000,0.000000000,0.000000000,0.590909091,0.180686558,0.426820078,1.000000000,0.000000000,0.000000000,0.000000000,1.000000000,81.786537170,17.402866364,0.734975159,0.999999046,-0.001377399,0.000069909,-0.000077274
1284,133.833000000,fused_map_f2f,1,1,0,0.061436372,0.014134707,0.994314360,0.994314360,0.100000000,0.011051153,0.011051153,0.035911172,0.002785879,1.000000000,0.000000000,0.000000000,0.000000000,0.000000000,0.000000000,0.521126761,0.219515737,0.400482351,1.000000000,0.000000000,0.000000000,0.000000000,1.000000000,81.850875854,17.402347565,0.734567761,0.999998927,-0.001466767,0.000068014,-0.000070437
1285,133.935000000,fused_map_f2f,1,1,0,0.062239465,0.029128899,0.991135453,0.991135453,0.100000000,0.011086205,0.011086205,0.036022202,0.002794789,1.000000000,0.000000000,0.000000000,0.000000000,0.000000000,0.000000000,0.611940299,0.298224673,0.486454048,1.000000000,0.000000000,0.000000000,0.000000000,1.000000000,81.923965454,17.402414322,0.734250426,0.999999106,-0.001317849,0.000057399,-0.000085247
1286,134.033000000,fused_map_f2f,1,1,0,0.060450189,0.014935282,0.998218002,0.998218002,0.100000000,0.011008412,0.011008412,0.035775761,0.002775014,1.000000000,0.000000000,0.000000000,0.000000000,0.000000000,0.000000000,0.611940299,0.219774628,0.455074030,1.000000000,0.000000000,0.000000000,0.000000000,1.000000000,81.994171143,17.401819229,0.734673023,0.999998868,-0.001485599,0.000066384,-0.000099858
1287,134.141000000,fused_map_f2f,1,1,0,0.062260620,0.018341142,0.991051714,0.991051714,0.100000000,0.011087132,0.011087132,0.036025136,0.002795024,1.000000000,0.000000000,0.000000000,0.000000000,0.000000000,0.000000000,0.550724638,0.160261383,0.394539336,1.000000000,0.000000000,0.000000000,0.000000000,1.000000000,82.066169739,17.401542664,0.734832466,0.999998927,-0.001456766,0.000059681,-0.000105444
1288,134.234000000,fused_map_f2f,1,1,0,0.061731045,0.024787500,0.993147948,0.993147948,0.100000000,0.011063989,0.011063989,0.035951832,0.002789142,1.000000000,0.000000000,0.000000000,0.000000000,0.000000000,0.000000000,0.500000000,0.216379080,0.386551632,1.000000000,0.000000000,0.000000000,0.000000000,1.000000000,82.162452698,17.400762558,0.734354615,0.999998629,-0.001640880,0.000045218,-0.000126715
1289,134.331000000,fused_map_f2f,1,1,0,0.060820878,0.017379816,0.996750690,0.996750690,0.100000000,0.011024439,0.011024439,0.035826540,0.002779088,1.000000000,0.000000000,0.000000000,0.000000000,0.000000000,0.000000000,0.571428571,0.240628991,0.439108739,1.000000000,0.000000000,0.000000000,0.000000000,1.000000000,82.216102600,17.400970459,0.734720409,0.999998689,-0.001603246,0.000045119,-0.000126930
1290,134.422000000,fused_map_f2f,1,1,0,0.063338991,0.024697404,0.986783159,0.986783159,0.100000000,0.011134557,0.011134557,0.036175333,0.002807081,1.000000000,0.000000000,0.000000000,0.000000000,0.000000000,0.000000000,0.590909091,0.233475297,0.447935573,1.000000000,0.000000000,0.000000000,0.000000000,1.000000000,82.272819519,17.400547028,0.734630227,0.999998748,-0.001580413,0.000044740,-0.000142037
1291,134.539000000,fused_map_f2f,1,1,0,0.062321852,0.017367928,0.990809334,0.990809334,0.100000000,0.011089814,0.011089814,0.036033631,0.002795706,1.000000000,0.000000000,0.000000000,0.000000000,0.000000000,0.000000000,0.565217391,0.189030540,0.414742651,1.000000000,0.000000000,0.000000000,0.000000000,1.000000000,82.364044189,17.400459290,0.735345721,0.999998689,-0.001600600,0.000043708,-0.000125738
1292,134.641000000,fused_map_f2f,1,1,0,0.062017372,0.020031358,0.992014569,0.992014569,0.100000000,0.011076490,0.011076490,0.035991428,0.002792319,1.000000000,0.000000000,0.000000000,0.000000000,0.000000000,0.000000000,0.527777778,0.230284595,0.408780505,1.000000000,0.000000000,0.000000000,0.000000000,1.000000000,82.425552368,17.400024414,0.735182583,0.999998808,-0.001520452,0.000064686,-0.000119598
1293,134.734000000,fused_map_f2f,1,1,0,0.063403747,0.025200682,0.986526833,0.986526833,0.100000000,0.011137418,0.011137418,0.036184393,0.002807808,1.000000000,0.000000000,0.000000000,0.000000000,0.000000000,0.000000000,0.542857143,0.246174753,0.424184187,1.000000000,0.000000000,0.000000000,0.000000000,1.000000000,82.470741272,17.400011063,0.735093832,0.999998927,-0.001450873,0.000049341,-0.000123858
1294,134.837000000,fused_map_f2f,1,1,0,0.063790616,0.011864911,0.984995477,0.984995477,0.100000000,0.011154540,0.011154540,0.036238609,0.002812161,1.000000000,0.000000000,0.000000000,0.000000000,0.000000000,0.000000000,0.527027027,0.270054068,0.424237843,1.000000000,0.000000000,0.000000000,0.000000000,1.000000000,82.553924561,17.400032043,0.734986305,0.999999106,-0.001335705,0.000057400,-0.000104598
1295,134.928000000,fused_map_f2f,1,1,0,0.062071668,0.016903948,0.991799647,0.991799647,0.100000000,0.011078863,0.011078863,0.035998947,0.002792923,1.000000000,0.000000000,0.000000000,0.000000000,0.000000000,0.000000000,0.528571429,0.250457119,0.417325705,1.000000000,0.000000000,0.000000000,0.000000000,1.000000000,82.604049683,17.400144577,0.735098660,0.999999285,-0.001185045,0.000059598,-0.000098825
1296,135.029000000,fused_map_f2f,1,1,0,0.063431088,0.015677112,0.986418612,0.986418612,0.100000000,0.011138627,0.011138627,0.036188219,0.002808116,1.000000000,0.000000000,0.000000000,0.000000000,0.000000000,0.000000000,0.528571429,0.302821386,0.438271412,1.000000000,0.000000000,0.000000000,0.000000000,1.000000000,82.650260925,17.400056839,0.735002160,0.999999106,-0.001331233,0.000071005,-0.000114864
1297,135.129000000,fused_map_f2f,1,1,0,0.063836840,0.022324613,0.984812507,0.984812507,0.100000000,0.011156590,0.011156590,0.036245098,0.002812682,1.000000000,0.000000000,0.000000000,0.000000000,0.000000000,0.000000000,0.514285714,0.201610434,0.389215602,1.000000000,0.000000000,0.000000000,0.000000000,1.000000000,82.701774597,17.400194168,0.735187113,0.999999106,-0.001304896,0.000062603,-0.000113942
1298,135.236000000,fused_map_f2f,1,1,0,0.063329906,0.020857933,0.986819120,0.986819120,0.100000000,0.011134156,0.011134156,0.036174063,0.002806979,1.000000000,0.000000000,0.000000000,0.000000000,0.000000000,0.000000000,0.542857143,0.184591694,0.399550963,1.000000000,0.000000000,0.000000000,0.000000000,1.000000000,82.756866455,17.400188446,0.735494256,0.999999166,-0.001274618,0.000059866,-0.000108997
1299,135.318000000,fused_map_f2f,1,1,0,0.062567920,0.013842424,0.989835315,0.989835315,0.100000000,0.011100605,0.011100605,0.036067810,0.002798450,1.000000000,0.000000000,0.000000000,0.000000000,0.000000000,0.000000000,0.527027027,0.213852238,0.401757111,1.000000000,0.000000000,0.000000000,0.000000000,1.000000000,82.795677185,17.400009155,0.735460937,0.999999166,-0.001268598,0.000051361,-0.000100751
1300,135.423000000,fused_map_f2f,1,1,0,0.063767780,0.019530350,0.985085871,0.985085871,0.100000000,0.011153528,0.011153528,0.036235405,0.002811904,1.000000000,0.000000000,0.000000000,0.000000000,0.000000000,0.000000000,0.521126761,0.211256739,0.397178752,1.000000000,0.000000000,0.000000000,0.000000000,1.000000000,82.832519531,17.399459839,0.735067248,0.999999046,-0.001371746,0.000072044,-0.000102512
1301,135.532000000,fused_map_f2f,1,1,0,0.065479734,0.017029918,0.978309385,0.978309385,0.100000000,0.011229918,0.011229918,0.036477242,0.002831326,1.000000000,0.000000000,0.000000000,0.000000000,0.000000000,0.000000000,0.563380282,0.238728013,0.433519374,1.000000000,0.000000000,0.000000000,0.000000000,1.000000000,82.887130737,17.399454117,0.734576106,0.999999046,-0.001374946,0.000061754,-0.000103582
1302,135.626000000,fused_map_f2f,1,1,0,0.063814215,0.016866217,0.984902067,0.984902067,0.100000000,0.011155586,0.011155586,0.036241922,0.002812427,1.000000000,0.000000000,0.000000000,0.000000000,0.000000000,0.000000000,0.579710145,0.235299906,0.441946049,1.000000000,0.000000000,0.000000000,0.000000000,1.000000000,82.962020874,17.400005341,0.735310376,0.999999106,-0.001321329,0.000057495,-0.000100897
1303,135.734000000,fused_map_f2f,1,1,0,0.064451361,0.018962670,0.982380029,0.982380029,0.100000000,0.011183906,0.011183906,0.036331584,0.002819627,1.000000000,0.000000000,0.000000000,0.000000000,0.000000000,0.000000000,0.588235294,0.239148955,0.448600758,1.000000000,0.000000000,0.000000000,0.000000000,1.000000000,83.011306763,17.399160385,0.735247493,0.999998748,-0.001560321,0.000096065,-0.000091995
1304,135.832000000,fused_map_f2f,1,1,0,0.064005340,0.020689300,0.984145528,0.984145528,0.100000000,0.011164066,0.011164066,0.036268771,0.002814583,1.000000000,0.000000000,0.000000000,0.000000000,0.000000000,0.000000000,0.527777778,0.164290123,0.382382716,1.000000000,0.000000000,0.000000000,0.000000000,1.000000000,83.058982849,17.399347305,0.735306263,0.999998927,-0.001441939,0.000051852,-0.000094300
1305,135.922000000,fused_map_f2f,1,1,0,0.066082582,0.017687613,0.975923111,0.975923111,0.100000000,0.011257068,0.011257068,0.036563173,0.002838230,1.000000000,0.000000000,0.000000000,0.000000000,0.000000000,0.000000000,0.535211268,0.223374784,0.410476674,1.000000000,0.000000000,0.000000000,0.000000000,1.000000000,83.099540710,17.398759842,0.734995306,0.999998689,-0.001588926,0.000061157,-0.000111432
1306,136.032000000,fused_map_f2f,1,1,0,0.064977073,0.016016175,0.980299086,0.980299086,0.100000000,0.011207380,0.011207380,0.036405900,0.002825596,1.000000000,0.000000000,0.000000000,0.000000000,0.000000000,0.000000000,0.506849315,0.228456790,0.395492305,1.000000000,0.000000000,0.000000000,0.000000000,1.000000000,83.177276611,17.399055481,0.735252559,0.999998868,-0.001480242,0.000045983,-0.000121726
1307,136.135000000,fused_map_f2f,1,1,0,0.063462747,0.017564102,0.986293292,0.986293292,0.100000000,0.011140026,0.011140026,0.036192651,0.002808471,1.000000000,0.000000000,0.000000000,0.000000000,0.000000000,0.000000000,0.535211268,0.171637345,0.389781698,1.000000000,0.000000000,0.000000000,0.000000000,1.000000000,83.227806091,17.399684906,0.735292494,0.999999046,-0.001360312,0.000060681,-0.000121986
1308,136.229000000,fused_map_f2f,1,1,0,0.065162860,0.016128631,0.979563677,0.979563677,0.100000000,0.011215700,0.011215700,0.036432236,0.002827711,1.000000000,0.000000000,0.000000000,0.000000000,0.000000000,0.000000000,0.528571429,0.234098776,0.410782368,1.000000000,0.000000000,0.000000000,0.000000000,1.000000000,83.270797729,17.399353027,0.735072315,0.999999046,-0.001371307,0.000049248,-0.000092223
1309,136.333000000,fused_map_f2f,1,1,0,0.065769283,0.016520405,0.977163255,0.977163255,0.100000000,0.011242942,0.011242942,0.036518464,0.002834638,1.000000000,0.000000000,0.000000000,0.000000000,0.000000000,0.000000000,0.582089552,0.178548490,0.420673127,1.000000000,0.000000000,0.000000000,0.000000000,1.000000000,83.321769714,17.399198532,0.734857142,0.999998927,-0.001443352,0.000054924,-0.000119148
1310,136.436000000,fused_map_f2f,1,1,0,0.064454751,0.024254000,0.982366611,0.982366611,0.100000000,0.011184057,0.011184057,0.036332062,0.002819666,1.000000000,0.000000000,0.000000000,0.000000000,0.000000000,0.000000000,0.542857143,0.219709003,0.413597887,1.000000000,0.000000000,0.000000000,0.000000000,1.000000000,83.362258911,17.398918152,0.735038936,0.999998748,-0.001559461,0.000074823,-0.000141801
1311,136.527000000,fused_map_f2f,1,1,0,0.064966607,0.017612045,0.980340516,0.980340516,0.100000000,0.011206912,0.011206912,0.036404417,0.002825477,1.000000000,0.000000000,0.000000000,0.000000000,0.000000000,0.000000000,0.535211268,0.244069321,0.418754489,1.000000000,0.000000000,0.000000000,0.000000000,1.000000000,83.399688721,17.398805618,0.734791815,0.999998808,-0.001539003,0.000079301,-0.000155127
1312,136.620000000,fused_map_f2f,1,1,0,0.064107188,0.016229931,0.983742382,0.983742382,0.100000000,0.011168590,0.011168590,0.036283095,0.002815733,1.000000000,0.000000000,0.000000000,0.000000000,0.000000000,0.000000000,0.563380282,0.311593184,0.462665443,1.000000000,0.000000000,0.000000000,0.000000000,1.000000000,83.434631348,17.399179459,0.734752119,0.999998927,-0.001456400,0.000056934,-0.000130845
1313,136.718000000,fused_map_f2f,1,1,0,0.064251094,0.021162608,0.983172752,0.983172752,0.100000000,0.011174989,0.011174989,0.036303354,0.002817360,1.000000000,0.000000000,0.000000000,0.000000000,0.000000000,0.000000000,0.520547945,0.240252877,0.408429918,1.000000000,0.000000000,0.000000000,0.000000000,1.000000000,83.402114868,17.399814606,0.735432804,0.999999106,-0.001317682,0.000055470,-0.000127760
1314,136.813000000,fused_map_f2f,1,1,0,0.066094699,0.015557509,0.975875151,0.975875151,0.100000000,0.011257615,0.011257615,0.036564904,0.002838369,1.000000000,0.000000000,0.000000000,0.000000000,0.000000000,0.000000000,0.558823529,0.277500062,0.446294143,1.000000000,0.000000000,0.000000000,0.000000000,1.000000000,83.410316467,17.399623871,0.735511363,0.999999046,-0.001362299,0.000064162,-0.000132242
1315,136.931000000,fused_map_f2f,1,1,0,0.066558583,0.026940916,0.974038942,0.974038942,0.100000000,0.011278598,0.011278598,0.036631309,0.002843704,1.000000000,0.000000000,0.000000000,0.000000000,0.000000000,0.000000000,0.563380282,0.287453452,0.453009550,1.000000000,0.000000000,0.000000000,0.000000000,1.000000000,83.453987122,17.399358749,0.734742880,0.999998987,-0.001424072,0.000056690,-0.000132846
1316,137.032000000,fused_map_f2f,1,1,0,0.068495313,0.017381735,0.966372718,0.966372718,0.100000000,0.011367054,0.011367054,0.036911179,0.002866199,1.000000000,0.000000000,0.000000000,0.000000000,0.000000000,0.000000000,0.536231884,0.187211613,0.396623775,1.000000000,0.000000000,0.000000000,0.000000000,1.000000000,83.494850159,17.399574280,0.734673738,0.999999106,-0.001296934,0.000056237,-0.000121008
1317,137.122000000,fused_map_f2f,1,1,0,0.067711599,0.022727605,0.969474920,0.969474920,0.100000000,0.011331093,0.011331093,0.036797414,0.002857053,1.000000000,0.000000000,0.000000000,0.000000000,0.000000000,0.000000000,0.573529412,0.292463868,0.461103194,1.000000000,0.000000000,0.000000000,0.000000000,1.000000000,83.537414551,17.400001526,0.734835625,0.999999106,-0.001329090,0.000052421,-0.000135709
1318,137.214000000,fused_map_f2f,1,1,0,0.068541781,0.026094003,0.966188785,0.966188785,0.100000000,0.011369193,0.011369193,0.036917946,0.002866743,1.000000000,0.000000000,0.000000000,0.000000000,0.000000000,0.000000000,0.549295775,0.162433723,0.394550954,1.000000000,0.000000000,0.000000000,0.000000000,1.000000000,83.580825806,17.399162292,0.734526038,0.999998868,-0.001476018,0.000047631,-0.000149364
1319,137.332000000,fused_map_f2f,1,1,0,0.067954192,0.015271094,0.968514656,0.968514656,0.100000000,0.011342200,0.011342200,0.036832554,0.002859878,1.000000000,0.000000000,0.000000000,0.000000000,0.000000000,0.000000000,0.549295775,0.203100702,0.410817745,1.000000000,0.000000000,0.000000000,0.000000000,1.000000000,83.625350952,17.399995804,0.735205352,0.999998927,-0.001448976,0.000047150,-0.000177683
1320,137.432000000,fused_map_f2f,1,1,0,0.069514252,0.014669220,0.962339420,0.962339420,0.100000000,0.011414151,0.011414151,0.037060146,0.002878177,1.000000000,0.000000000,0.000000000,0.000000000,0.000000000,0.000000000,0.557142857,0.237645418,0.429343882,1.000000000,0.000000000,0.000000000,0.000000000,1.000000000,83.647315979,17.400138855,0.734804094,0.999998987,-0.001425814,0.000062555,-0.000191685
1321,137.521000000,fused_map_f2f,1,1,0,0.069784497,0.016104980,0.961269700,0.961269700,0.100000000,0.011426708,0.011426708,0.037099857,0.002881370,1.000000000,0.000000000,0.000000000,0.000000000,0.000000000,0.000000000,0.541666667,0.323191277,0.454276511,1.000000000,0.000000000,0.000000000,0.000000000,1.000000000,83.664939880,17.399986267,0.734762847,0.999999106,-0.001336523,0.000064605,-0.000208669
1322,137.620000000,fused_map_f2f,1,1,0,0.069746050,0.018838917,0.961421886,0.961421886,0.100000000,0.011424919,0.011424919,0.037094202,0.002880916,1.000000000,0.000000000,0.000000000,0.000000000,0.000000000,0.000000000,0.529411765,0.274181846,0.427319797,1.000000000,0.000000000,0.000000000,0.000000000,1.000000000,83.715385437,17.400163651,0.735155404,0.999999046,-0.001350209,0.000053674,-0.000204505
1323,137.714000000,fused_map_f2f,1,1,0,0.068160315,0.014259384,0.967698753,0.967698753,0.100000000,0.011351654,0.011351654,0.036862464,0.002862282,1.000000000,0.000000000,0.000000000,0.000000000,0.000000000,0.000000000,0.535211268,0.301038319,0.441542088,1.000000000,0.000000000,0.000000000,0.000000000,1.000000000,83.761657715,17.400041580,0.735367656,0.999999106,-0.001323143,0.000052447,-0.000207253
1324,137.831000000,fused_map_f2f,1,1,0,0.067564587,0.021763516,0.970056842,0.970056842,0.100000000,0.011324372,0.011324372,0.036776151,0.002855344,1.000000000,0.000000000,0.000000000,0.000000000,0.000000000,0.000000000,0.549295775,0.196055586,0.407999699,1.000000000,0.000000000,0.000000000,0.000000000,1.000000000,83.810562134,17.400007248,0.735221326,0.999999166,-0.001277138,0.000053154,-0.000226384
1325,137.920000000,fused_map_f2f,1,1,0,0.067228636,0.019909381,0.971386650,0.971386650,0.100000000,0.011309045,0.011309045,0.036727655,0.002851447,1.000000000,0.000000000,0.000000000,0.000000000,0.000000000,0.000000000,0.582089552,0.281961259,0.462038235,1.000000000,0.000000000,0.000000000,0.000000000,1.000000000,83.840759277,17.400491714,0.735386312,0.999999285,-0.001143059,0.000057436,-0.000232830
1326,138.020000000,fused_map_f2f,1,1,0,0.068862484,0.023304580,0.964919336,0.964919336,0.100000000,0.011383980,0.011383980,0.036964720,0.002870503,1.000000000,0.000000000,0.000000000,0.000000000,0.000000000,0.000000000,0.542857143,0.303038273,0.446929595,1.000000000,0.000000000,0.000000000,0.000000000,1.000000000,83.867736816,17.400245667,0.734636366,0.999999225,-0.001216545,0.000061369,-0.000258428
1327,138.113000000,fused_map_f2f,1,1,0,0.070452976,0.019568445,0.958623638,0.958623638,0.100000000,0.011457887,0.011457887,0.037198453,0.002889301,1.000000000,0.000000000,0.000000000,0.000000000,0.000000000,0.000000000,0.500000000,0.264078800,0.405631520,1.000000000,0.000000000,0.000000000,0.000000000,1.000000000,83.904876709,17.399932861,0.734524250,0.999999225,-0.001231666,0.000066071,-0.000252849
1328,138.231000000,fused_map_f2f,1,1,0,0.070549626,0.012475019,0.958241065,0.958241065,0.100000000,0.011462409,0.011462409,0.037212752,0.002890451,1.000000000,0.000000000,0.000000000,0.000000000,0.000000000,0.000000000,0.575757576,0.187713526,0.420539956,1.000000000,0.000000000,0.000000000,0.000000000,1.000000000,83.954803467,17.399902344,0.734368443,0.999999106,-0.001291037,0.000062103,-0.000263379
1329,138.323000000,fused_map_f2f,1,1,0,0.069023849,0.014331413,0.964280597,0.964280597,0.100000000,0.011391435,0.011391435,0.036988300,0.002872399,1.000000000,0.000000000,0.000000000,0.000000000,0.000000000,0.000000000,0.549295775,0.252972996,0.430766663,1.000000000,0.000000000,0.000000000,0.000000000,1.000000000,83.977104187,17.400003433,0.735252559,0.999999046,-0.001317251,0.000050841,-0.000269644
1330,138.426000000,fused_map_f2f,1,1,0,0.069393142,0.022790302,0.962818812,0.962818812,0.100000000,0.011408532,0.011408532,0.037042377,0.002876748,1.000000000,0.000000000,0.000000000,0.000000000,0.000000000,0.000000000,0.527777778,0.216433044,0.403239884,1.000000000,0.000000000,0.000000000,0.000000000,1.000000000,84.020706177,17.400651932,0.735177040,0.999999225,-0.001220686,0.000048661,-0.000246963
1331,138.518000000,fused_map_f2f,1,1,0,0.070408743,0.017225257,0.958798725,0.958798725,0.100000000,0.011455819,0.011455819,0.037191913,0.002888775,1.000000000,0.000000000,0.000000000,0.000000000,0.000000000,0.000000000,0.528571429,0.283531663,0.430555522,1.000000000,0.000000000,0.000000000,0.000000000,1.000000000,84.053573608,17.400039673,0.735594451,0.999999404,-0.001028965,0.000046175,-0.000282382
1332,138.627000000,fused_map_f2f,1,1,0,0.071361620,0.014418546,0.955026919,0.955026919,0.100000000,0.011500542,0.011500542,0.037333316,0.002900151,1.000000000,0.000000000,0.000000000,0.000000000,0.000000000,0.000000000,0.513888889,0.183857352,0.381876274,1.000000000,0.000000000,0.000000000,0.000000000,1.000000000,84.095825195,17.400156021,0.735186756,0.999999285,-0.001160302,0.000053301,-0.000274432
1333,138.721000000,fused_map_f2f,1,1,0,0.070152532,0.017183045,0.959812895,0.959812895,0.100000000,0.011443852,0.011443852,0.037154075,0.002885731,1.000000000,0.000000000,0.000000000,0.000000000,0.000000000,0.000000000,0.534246575,0.287868335,0.435695279,1.000000000,0.000000000,0.000000000,0.000000000,1.000000000,84.147026062,17.400571823,0.735653996,0.999999404,-0.001026809,0.000047712,-0.000286697
1334,138.834000000,fused_map_f2f,1,1,0,0.069669167,0.018899402,0.961726213,0.961726213,0.100000000,0.011421345,0.011421345,0.037082899,0.002880007,1.000000000,0.000000000,0.000000000,0.000000000,0.000000000,0.000000000,0.521126761,0.213693037,0.398153271,1.000000000,0.000000000,0.000000000,0.000000000,1.000000000,84.184646606,17.400619507,0.735663772,0.999999404,-0.001031192,0.000065103,-0.000286983
1335,138.931000000,fused_map_f2f,1,1,0,0.069062792,0.017316419,0.964126448,0.964126448,0.100000000,0.011393235,0.011393235,0.036993995,0.002872857,1.000000000,0.000000000,0.000000000,0.000000000,0.000000000,0.000000000,0.506849315,0.283816491,0.417636185,1.000000000,0.000000000,0.000000000,0.000000000,1.000000000,84.215614319,17.400390625,0.735717952,0.999999583,-0.000869232,0.000056897,-0.000306582
1336,139.028000000,fused_map_f2f,1,1,0,0.070324840,0.039089043,0.959130843,0.959130843,0.100000000,0.011451897,0.011451897,0.037179513,0.002887777,1.000000000,0.000000000,0.000000000,0.000000000,0.000000000,0.000000000,0.520547945,0.297167739,0.431195863,1.000000000,0.000000000,0.000000000,0.000000000,1.000000000,84.245765686,17.400354385,0.735376358,0.999999523,-0.000924468,0.000052699,-0.000321122
1337,139.123000000,fused_map_f2f,1,1,0,0.071828172,0.022564827,0.953180153,0.953180153,0.100000000,0.011522567,0.011522567,0.037402943,0.002905753,1.000000000,0.000000000,0.000000000,0.000000000,0.000000000,0.000000000,0.528571429,0.301096338,0.437581393,1.000000000,0.000000000,0.000000000,0.000000000,1.000000000,84.272453308,17.400602341,0.735631645,0.999999464,-0.000977160,0.000052878,-0.000312936
1338,139.226000000,fused_map_f2f,1,1,0,0.073801673,0.024419214,0.945368378,0.945368378,0.100000000,0.011616675,0.011616675,0.037700359,0.002929694,1.000000000,0.000000000,0.000000000,0.000000000,0.000000000,0.000000000,0.535211268,0.284914389,0.435092516,1.000000000,0.000000000,0.000000000,0.000000000,1.000000000,84.301170349,17.400474548,0.735595524,0.999999464,-0.000947087,0.000049693,-0.000335323
1339,139.318000000,fused_map_f2f,1,1,0,0.070961835,0.015571717,0.956609403,0.956609403,0.100000000,0.011481736,0.011481736,0.037273859,0.002895367,1.000000000,0.000000000,0.000000000,0.000000000,0.000000000,0.000000000,0.527777778,0.186804263,0.391388372,1.000000000,0.000000000,0.000000000,0.000000000,1.000000000,84.345466614,17.400989532,0.736289740,0.999999642,-0.000724118,0.000053780,-0.000341425
1340,139.413000000,fused_map_f2f,1,1,0,0.070845042,0.034228820,0.957071710,0.957071710,0.100000000,0.011476253,0.011476253,0.037256525,0.002893972,1.000000000,0.000000000,0.000000000,0.000000000,0.000000000,0.000000000,0.557142857,0.240154530,0.430347526,1.000000000,0.000000000,0.000000000,0.000000000,1.000000000,84.378654480,17.400943756,0.735756636,0.999999583,-0.000839586,0.000071159,-0.000348391
1341,139.540000000,fused_map_f2f,1,1,0,0.070714721,0.015383841,0.957587563,0.957587563,0.100000000,0.011470142,0.011470142,0.037237202,0.002892418,1.000000000,0.000000000,0.000000000,0.000000000,0.000000000,0.000000000,0.536231884,0.216536284,0.408353644,1.000000000,0.000000000,0.000000000,0.000000000,1.000000000,84.421173096,17.400310516,0.735950053,0.999999464,-0.000991753,0.000057636,-0.000332029
1342,139.615000000,fused_map_f2f,1,1,0,0.070707848,0.021610943,0.957614769,0.957614769,0.100000000,0.011469820,0.011469820,0.037236183,0.002892336,1.000000000,0.000000000,0.000000000,0.000000000,0.000000000,0.000000000,0.555555556,0.237194682,0.428211206,1.000000000,0.000000000,0.000000000,0.000000000,1.000000000,84.445945740,17.400653839,0.735748529,0.999999523,-0.000920712,0.000065552,-0.000347876
1343,139.714000000,fused_map_f2f,1,1,0,0.069215467,0.010489622,0.963522110,0.963522110,0.100000000,0.011400300,0.011400300,0.037016339,0.002874654,1.000000000,0.000000000,0.000000000,0.000000000,0.000000000,0.000000000,0.536231884,0.210471785,0.405927844,1.000000000,0.000000000,0.000000000,0.000000000,1.000000000,84.455085754,17.400588989,0.735535622,0.999999642,-0.000769740,0.000065465,-0.000347557
1344,139.826000000,fused_map_f2f,1,1,0,0.069564294,0.012820784,0.962141335,0.962141335,0.100000000,0.011416474,0.011416474,0.037067493,0.002878767,1.000000000,0.000000000,0.000000000,0.000000000,0.000000000,0.000000000,0.486486486,0.204350478,0.373632083,1.000000000,0.000000000,0.000000000,0.000000000,1.000000000,84.452957153,17.400976181,0.735390246,0.999999523,-0.000882448,0.000060445,-0.000350152
1345,139.926000000,fused_map_f2f,1,1,0,0.070294658,0.030255655,0.959250313,0.959250313,0.100000000,0.011450487,0.011450487,0.037175055,0.002887419,1.000000000,0.000000000,0.000000000,0.000000000,0.000000000,0.000000000,0.467532468,0.262998799,0.385719000,1.000000000,0.000000000,0.000000000,0.000000000,1.000000000,84.450813293,17.400695801,0.735576212,0.999999464,-0.000975369,0.000061188,-0.000349274
1346,140.024000000,fused_map_f2f,1,1,0,0.069147610,0.010537871,0.963790709,0.963790709,0.100000000,0.011397159,0.011397159,0.037006405,0.002873855,1.000000000,0.000000000,0.000000000,0.000000000,0.000000000,0.000000000,0.535211268,0.252721801,0.422215481,1.000000000,0.000000000,0.000000000,0.000000000,1.000000000,84.450439453,17.400230408,0.735566139,0.999999583,-0.000865704,0.000069334,-0.000347009
1347,140.118000000,fused_map_f2f,1,1,0,0.069922579,0.017912811,0.960723124,0.960723124,0.100000000,0.011433134,0.011433134,0.037120180,0.002883005,1.000000000,0.000000000,0.000000000,0.000000000,0.000000000,0.000000000,0.557142857,0.262728784,0.439377228,1.000000000,0.000000000,0.000000000,0.000000000,1.000000000,84.446815491,17.400981903,0.735562444,0.999999523,-0.000876151,0.000070493,-0.000354439
1348,140.217000000,fused_map_f2f,1,1,0,0.070793783,0.016672292,0.957274610,0.957274610,0.100000000,0.011473849,0.011473849,0.037248922,0.002893361,1.000000000,0.000000000,0.000000000,0.000000000,0.000000000,0.000000000,0.486486486,0.311544726,0.416509782,1.000000000,0.000000000,0.000000000,0.000000000,1.000000000,84.449005127,17.400609970,0.735525787,0.999999583,-0.000849159,0.000077303,-0.000360098
1349,140.333000000,fused_map_f2f,1,1,0,0.071062287,0.022563197,0.956211780,0.956211780,0.100000000,0.011486455,0.011486455,0.037288780,0.002896567,1.000000000,0.000000000,0.000000000,0.000000000,0.000000000,0.000000000,0.528571429,0.232147221,0.410001746,1.000000000,0.000000000,0.000000000,0.000000000,1.000000000,84.472434998,17.400659561,0.735482693,0.999999583,-0.000822147,0.000078655,-0.000359376
1350,140.428000000,fused_map_f2f,1,1,0,0.072538966,0.017496783,0.950366594,0.950366594,0.100000000,0.011556286,0.011556286,0.037509521,0.002914331,1.000000000,0.000000000,0.000000000,0.000000000,0.000000000,0.000000000,0.542857143,0.305629839,0.447966221,1.000000000,0.000000000,0.000000000,0.000000000,1.000000000,84.512275696,17.400926590,0.735359013,0.999999702,-0.000656628,0.000141495,-0.000375846
1351,140.523000000,fused_map_f2f,1,1,0,0.071278484,0.029603617,0.955356001,0.955356001,0.100000000,0.011496626,0.011496626,0.037320936,0.002899154,1.000000000,0.000000000,0.000000000,0.000000000,0.000000000,0.000000000,0.549295775,0.275132314,0.439630390,1.000000000,0.000000000,0.000000000,0.000000000,1.000000000,84.548011780,17.400005341,0.735286176,0.999999404,-0.001001199,0.000080695,-0.000368747
1352,140.615000000,fused_map_f2f,1,1,0,0.071010424,0.013476960,0.956417072,0.956417072,0.100000000,0.011484018,0.011484018,0.037281075,0.002895947,1.000000000,0.000000000,0.000000000,0.000000000,0.000000000,0.000000000,0.527777778,0.291772107,0.433375510,1.000000000,0.000000000,0.000000000,0.000000000,1.000000000,84.592262268,17.400243759,0.734811664,0.999999464,-0.000993989,0.000038194,-0.000337812
1353,140.720000000,fused_map_f2f,1,1,0,0.070750210,0.013763604,0.957447087,0.957447087,0.100000000,0.011471805,0.011471805,0.037242462,0.002892841,1.000000000,0.000000000,0.000000000,0.000000000,0.000000000,0.000000000,0.535211268,0.188385394,0.396480918,1.000000000,0.000000000,0.000000000,0.000000000,1.000000000,84.600028992,17.400074005,0.735488474,0.999999464,-0.000973525,0.000085340,-0.000363542
1354,140.822000000,fused_map_f2f,1,1,0,0.070093301,0.013515973,0.960047349,0.960047349,0.100000000,0.011441090,0.011441090,0.037145339,0.002885028,1.000000000,0.000000000,0.000000000,0.000000000,0.000000000,0.000000000,0.520547945,0.196353307,0.390870090,1.000000000,0.000000000,0.000000000,0.000000000,1.000000000,84.604835510,17.399932861,0.735891938,0.999999523,-0.000877729,0.000098992,-0.000346882
1355,140.914000000,fused_map_f2f,1,1,0,0.070543511,0.021381300,0.958265269,0.958265269,0.100000000,0.011462123,0.011462123,0.037211847,0.002890378,1.000000000,0.000000000,0.000000000,0.000000000,0.000000000,0.000000000,0.521126761,0.293793700,0.430193536,1.000000000,0.000000000,0.000000000,0.000000000,1.000000000,84.606277466,17.400772095,0.735699713,0.999999642,-0.000769138,0.000102351,-0.000356065
1356,141.013000000,fused_map_f2f,1,1,0,0.070396241,0.017280556,0.958848212,0.958848212,0.100000000,0.011455234,0.011455234,0.037190065,0.002888626,1.000000000,0.000000000,0.000000000,0.000000000,0.000000000,0.000000000,0.537313433,0.217631132,0.409440513,1.000000000,0.000000000,0.000000000,0.000000000,1.000000000,84.605857849,17.400402069,0.735757232,0.999999464,-0.000960101,0.000090389,-0.000342465
1357,141.131000000,fused_map_f2f,1,1,0,0.071379486,0.033926197,0.954956203,0.954956203,0.100000000,0.011501384,0.011501384,0.037335977,0.002900365,1.000000000,0.000000000,0.000000000,0.000000000,0.000000000,0.000000000,0.493150685,0.280230597,0.407982650,1.000000000,0.000000000,0.000000000,0.000000000,1.000000000,84.660095215,17.401039124,0.735022664,0.999999583,-0.000815679,0.000101099,-0.000342480
1358,141.231000000,fused_map_f2f,1,1,0,0.071369488,0.019488411,0.954995777,0.954995777,0.100000000,0.011500913,0.011500913,0.037334488,0.002900245,1.000000000,0.000000000,0.000000000,0.000000000,0.000000000,0.000000000,0.535211268,0.323353185,0.450468034,1.000000000,0.000000000,0.000000000,0.000000000,1.000000000,84.715728760,17.400341034,0.735106051,0.999999523,-0.000880801,0.000105096,-0.000345448
1359,141.326000000,fused_map_f2f,1,1,0,0.069629658,0.028695440,0.961882605,0.961882605,0.100000000,0.011419510,0.011419510,0.037077094,0.002879540,1.000000000,0.000000000,0.000000000,0.000000000,0.000000000,0.000000000,0.493333333,0.199825162,0.375930065,1.000000000,0.000000000,0.000000000,0.000000000,1.000000000,84.767837524,17.400068283,0.735204577,0.999999523,-0.000918968,0.000055905,-0.000379428
1360,141.423000000,fused_map_f2f,1,1,0,0.071083749,0.022008164,0.956126827,0.956126827,0.100000000,0.011487464,0.011487464,0.037291970,0.002896824,1.000000000,0.000000000,0.000000000,0.000000000,0.000000000,0.000000000,0.493150685,0.200567077,0.376117242,1.000000000,0.000000000,0.000000000,0.000000000,1.000000000,84.812896729,17.400857925,0.735613823,0.999999642,-0.000748809,0.000087023,-0.000362524
1361,141.513000000,fused_map_f2f,1,1,0,0.072770828,0.015093505,0.949448806,0.949448806,0.100000000,0.011567327,0.011567327,0.037544418,0.002917139,1.000000000,0.000000000,0.000000000,0.000000000,0.000000000,0.000000000,0.542857143,0.305955885,0.448096640,1.000000000,0.000000000,0.000000000,0.000000000,1.000000000,84.856628418,17.399799347,0.735438168,0.999999523,-0.000904366,0.000086616,-0.000360524
1362,141.635000000,fused_map_f2f,1,1,0,0.072242363,0.017798365,0.951540647,0.951540647,0.100000000,0.011542192,0.011542192,0.037464974,0.002910745,1.000000000,0.000000000,0.000000000,0.000000000,0.000000000,0.000000000,0.514705882,0.230832547,0.401156548,1.000000000,0.000000000,0.000000000,0.000000000,1.000000000,84.918838501,17.399847031,0.735050261,0.999999523,-0.000875253,0.000073368,-0.000372587
1363,141.728000000,fused_map_f2f,1,1,0,0.071688116,0.022399465,0.953734540,0.953734540,0.100000000,0.011515947,0.011515947,0.037382014,0.002904069,1.000000000,0.000000000,0.000000000,0.000000000,0.000000000,0.000000000,0.536231884,0.256655303,0.424401252,1.000000000,0.000000000,0.000000000,0.000000000,1.000000000,84.967941284,17.400192261,0.736232579,0.999999642,-0.000789169,0.000086596,-0.000339208
1364,141.832000000,fused_map_f2f,1,1,0,0.072568149,0.022573684,0.950251077,0.950251077,0.100000000,0.011557674,0.011557674,0.037513910,0.002914684,1.000000000,0.000000000,0.000000000,0.000000000,0.000000000,0.000000000,0.507042254,0.288120389,0.419473508,1.000000000,0.000000000,0.000000000,0.000000000,1.000000000,85.030143738,17.400562286,0.735989869,0.999999642,-0.000731187,0.000051709,-0.000322330
1365,141.924000000,fused_map_f2f,1,1,0,0.075548273,0.026129055,0.938454753,0.938454753,0.100000000,0.011701254,0.011701254,0.037967554,0.002951213,1.000000000,0.000000000,0.000000000,0.000000000,0.000000000,0.000000000,0.472972973,0.255099322,0.385823513,1.000000000,0.000000000,0.000000000,0.000000000,1.000000000,85.074928284,17.399913788,0.735226154,0.999999523,-0.000866396,0.000101467,-0.000334456
1366,142.020000000,fused_map_f2f,1,1,0,0.075080272,0.024097825,0.940307257,0.940307257,0.100000000,0.011678470,0.011678470,0.037895588,0.002945416,1.000000000,0.000000000,0.000000000,0.000000000,0.000000000,0.000000000,0.527777778,0.340156354,0.452729208,1.000000000,0.000000000,0.000000000,0.000000000,1.000000000,85.140525818,17.400909424,0.735165834,0.999999642,-0.000730077,0.000087665,-0.000329917
1367,142.119000000,fused_map_f2f,1,1,0,0.074593886,0.019236290,0.942232534,0.942232534,0.100000000,0.011654886,0.011654886,0.037821084,0.002939415,1.000000000,0.000000000,0.000000000,0.000000000,0.000000000,0.000000000,0.520547945,0.279134597,0.423982606,1.000000000,0.000000000,0.000000000,0.000000000,1.000000000,85.193847656,17.399730682,0.735161781,0.999999523,-0.000907458,0.000099932,-0.000333644
1368,142.214000000,fused_map_f2f,1,1,0,0.073415356,0.017119126,0.946897548,0.946897548,0.100000000,0.011598132,0.011598132,0.037641768,0.002924976,1.000000000,0.000000000,0.000000000,0.000000000,0.000000000,0.000000000,0.558823529,0.267912123,0.442458967,1.000000000,0.000000000,0.000000000,0.000000000,1.000000000,85.242439270,17.399820328,0.735247374,0.999999642,-0.000744727,0.000092962,-0.000334243
1369,142.333000000,fused_map_f2f,1,1,0,0.074716635,0.023338081,0.941746655,0.941746655,0.100000000,0.011660829,0.011660829,0.037839859,0.002940927,1.000000000,0.000000000,0.000000000,0.000000000,0.000000000,0.000000000,0.513888889,0.272422175,0.417302204,1.000000000,0.000000000,0.000000000,0.000000000,1.000000000,85.344146729,17.399824142,0.735356152,0.999999583,-0.000860133,0.000099400,-0.000299553
1370,142.426000000,fused_map_f2f,1,1,0,0.074289080,0.012699332,0.943439057,0.943439057,0.100000000,0.011640154,0.011640154,0.037774544,0.002935667,1.000000000,0.000000000,0.000000000,0.000000000,0.000000000,0.000000000,0.513888889,0.316360835,0.434877667,1.000000000,0.000000000,0.000000000,0.000000000,1.000000000,85.388877869,17.399824142,0.735329032,0.999999583,-0.000834656,0.000051033,-0.000329193
1371,142.520000000,fused_map_f2f,1,1,0,0.074071208,0.011793694,0.944301469,0.944301469,0.100000000,0.011629647,0.011629647,0.037741347,0.002932994,1.000000000,0.000000000,0.000000000,0.000000000,0.000000000,0.000000000,0.486111111,0.272260169,0.400570734,1.000000000,0.000000000,0.000000000,0.000000000,1.000000000,85.436225891,17.399814606,0.735252023,0.999999642,-0.000733478,0.000087058,-0.000335986
1372,142.631000000,fused_map_f2f,1,1,0,0.076854710,0.023247006,0.933283440,0.933283440,0.100000000,0.011765327,0.011765327,0.038169902,0.002967517,1.000000000,0.000000000,0.000000000,0.000000000,0.000000000,0.000000000,0.514285714,0.340803159,0.444892692,1.000000000,0.000000000,0.000000000,0.000000000,1.000000000,85.497734070,17.399583817,0.735412538,0.999999523,-0.000905062,0.000089930,-0.000320848
1373,142.733000000,fused_map_f2f,1,1,0,0.074448993,0.034768330,0.942806070,0.942806070,0.100000000,0.011647878,0.011647878,0.037798946,0.002937632,1.000000000,0.000000000,0.000000000,0.000000000,0.000000000,0.000000000,0.458333333,0.182981631,0.348192652,1.000000000,0.000000000,0.000000000,0.000000000,1.000000000,85.554847717,17.400367737,0.735598505,0.999999583,-0.000843350,0.000088690,-0.000317813
1374,142.821000000,fused_map_f2f,1,1,0,0.072370923,0.043606523,0.951031764,0.951031764,0.100000000,0.011548296,0.011548296,0.037484269,0.002912298,1.000000000,0.000000000,0.000000000,0.000000000,0.000000000,0.000000000,0.500000000,0.264482984,0.405793194,1.000000000,0.000000000,0.000000000,0.000000000,1.000000000,85.603439331,17.399868011,0.735208154,0.999999464,-0.000953079,0.000098441,-0.000326866
1375,142.917000000,fused_map_f2f,1,1,0,0.075575200,0.014876627,0.938348165,0.938348165,0.100000000,0.011702567,0.011702567,0.037971703,0.002951547,1.000000000,0.000000000,0.000000000,0.000000000,0.000000000,0.000000000,0.493150685,0.273717905,0.405377573,1.000000000,0.000000000,0.000000000,0.000000000,1.000000000,85.649147034,17.399494171,0.735325694,0.999999464,-0.000945032,0.000094915,-0.000320153
1376,143.014000000,fused_map_f2f,1,1,0,0.076826684,0.057961174,0.933394378,0.933394378,0.100000000,0.011763946,0.011763946,0.038165538,0.002967166,1.000000000,0.000000000,0.000000000,0.000000000,0.000000000,0.000000000,0.500000000,0.182151857,0.372860743,1.000000000,0.000000000,0.000000000,0.000000000,1.000000000,85.695755005,17.399551392,0.734904826,0.999999523,-0.000916720,0.000087651,-0.000321966
1377,143.134000000,fused_map_f2f,1,1,0,0.075703689,0.019466982,0.937839563,0.937839563,0.100000000,0.011708839,0.011708839,0.037991513,0.002953143,1.000000000,0.000000000,0.000000000,0.000000000,0.000000000,0.000000000,0.521126761,0.249787349,0.412590996,1.000000000,0.000000000,0.000000000,0.000000000,1.000000000,85.751304626,17.399488449,0.734922111,0.999999464,-0.000977897,0.000100334,-0.000366182
1378,143.228000000,fused_map_f2f,1,1,0,0.075306187,0.021653256,0.939413008,0.939413008,0.100000000,0.011689457,0.011689457,0.037930294,0.002948212,1.000000000,0.000000000,0.000000000,0.000000000,0.000000000,0.000000000,0.500000000,0.312696755,0.425078702,1.000000000,0.000000000,0.000000000,0.000000000,1.000000000,85.798171997,17.399061203,0.734609067,0.999999225,-0.001198057,0.000091039,-0.000334937
1379,143.318000000,fused_map_f2f,1,1,0,0.075440141,0.016093892,0.938882777,0.938882777,0.100000000,0.011695982,0.011695982,0.037950902,0.002949872,1.000000000,0.000000000,0.000000000,0.000000000,0.000000000,0.000000000,0.500000000,0.293519455,0.417407782,1.000000000,0.000000000,0.000000000,0.000000000,1.000000000,85.836471558,17.399473190,0.734793127,0.999999344,-0.001061643,0.000081853,-0.000321174
1380,143.422000000,fused_map_f2f,1,1,0,0.076853078,0.018320638,0.933289899,0.933289899,0.100000000,0.011765247,0.011765247,0.038169647,0.002967497,1.000000000,0.000000000,0.000000000,0.000000000,0.000000000,0.000000000,0.507246377,0.180391245,0.376504324,1.000000000,0.000000000,0.000000000,0.000000000,1.000000000,85.881484985,17.399810791,0.733820975,0.999999464,-0.000992176,0.000090478,-0.000309272
1381,143.533000000,fused_map_f2f,1,1,0,0.077184168,0.030595603,0.931979334,0.931979334,0.100000000,0.011781597,0.011781597,0.038221271,0.002971657,1.000000000,0.000000000,0.000000000,0.000000000,0.000000000,0.000000000,0.500000000,0.232157212,0.392862885,1.000000000,0.000000000,0.000000000,0.000000000,1.000000000,85.941726685,17.399232864,0.734291494,0.999999285,-0.001110833,0.000090771,-0.000308167
1382,143.624000000,fused_map_f2f,1,1,0,0.075883563,0.019396641,0.937127564,0.937127564,0.100000000,0.011717631,0.011717631,0.038019280,0.002955380,1.000000000,0.000000000,0.000000000,0.000000000,0.000000000,0.000000000,0.472972973,0.239726548,0.379674403,1.000000000,0.000000000,0.000000000,0.000000000,1.000000000,85.979621887,17.399129868,0.734379232,0.999999464,-0.001000647,0.000085192,-0.000232176
1383,143.713000000,fused_map_f2f,1,1,0,0.076432666,0.019632645,0.934954029,0.934954029,0.100000000,0.011744552,0.011744552,0.038104298,0.002962231,1.000000000,0.000000000,0.000000000,0.000000000,0.000000000,0.000000000,0.479452055,0.235213662,0.381756698,1.000000000,0.000000000,0.000000000,0.000000000,1.000000000,86.019302368,17.399814606,0.734209478,0.999999404,-0.001011112,0.000089628,-0.000298459
1384,143.826000000,fused_map_f2f,1,1,0,0.077995638,0.025079904,0.928767266,0.928767266,0.100000000,0.011821861,0.011821861,0.038348387,0.002981904,1.000000000,0.000000000,0.000000000,0.000000000,0.000000000,0.000000000,0.507042254,0.255180729,0.406297644,1.000000000,0.000000000,0.000000000,0.000000000,1.000000000,86.066123962,17.399818420,0.734103799,0.999999523,-0.000910768,0.000049691,-0.000254579
1385,143.921000000,fused_map_f2f,1,1,0,0.075534029,0.017603183,0.938511134,0.938511134,0.100000000,0.011700559,0.011700559,0.037965360,0.002951036,1.000000000,0.000000000,0.000000000,0.000000000,0.000000000,0.000000000,0.472972973,0.223821120,0.373312232,1.000000000,0.000000000,0.000000000,0.000000000,1.000000000,86.158966064,17.399450302,0.734349906,0.999999523,-0.000946088,0.000088474,-0.000270593
1386,144.014000000,fused_map_f2f,1,1,0,0.075726800,0.043542798,0.937748082,0.937748082,0.100000000,0.011709968,0.011709968,0.037995078,0.002953431,1.000000000,0.000000000,0.000000000,0.000000000,0.000000000,0.000000000,0.486486486,0.243266620,0.389198540,1.000000000,0.000000000,0.000000000,0.000000000,1.000000000,86.193305969,17.399366379,0.734064221,0.999999404,-0.001016257,0.000106164,-0.000275426
1387,144.114000000,fused_map_f2f,1,1,0,0.077471618,0.021499414,0.930841512,0.930841512,0.100000000,0.011795828,0.011795828,0.038266203,0.002975279,1.000000000,0.000000000,0.000000000,0.000000000,0.000000000,0.000000000,0.507246377,0.257695668,0.407426093,1.000000000,0.000000000,0.000000000,0.000000000,1.000000000,86.232238770,17.399377823,0.734130502,0.999999464,-0.000999597,0.000096025,-0.000293222
1388,144.239000000,fused_map_f2f,1,1,0,0.078751859,0.014561336,0.925773892,0.925773892,0.100000000,0.011859632,0.011859632,0.038467612,0.002991517,1.000000000,0.000000000,0.000000000,0.000000000,0.000000000,0.000000000,0.500000000,0.156678455,0.362671382,1.000000000,0.000000000,0.000000000,0.000000000,1.000000000,86.287811279,17.398857117,0.734229743,0.999999464,-0.001004421,0.000095041,-0.000276704
1389,144.328000000,fused_map_f2f,1,1,0,0.078324940,0.021008439,0.927463780,0.927463780,0.100000000,0.011838279,0.011838279,0.038400213,0.002986082,1.000000000,0.000000000,0.000000000,0.000000000,0.000000000,0.000000000,0.466666667,0.206620699,0.362648280,1.000000000,0.000000000,0.000000000,0.000000000,1.000000000,86.349136353,17.400074005,0.734216034,0.999999404,-0.001060806,0.000083343,-0.000250881
1390,144.423000000,fused_map_f2f,1,1,0,0.077512243,0.012920571,0.930680705,0.930680705,0.100000000,0.011797842,0.011797842,0.038272562,0.002975791,1.000000000,0.000000000,0.000000000,0.000000000,0.000000000,0.000000000,0.452054795,0.192794261,0.348350581,1.000000000,0.000000000,0.000000000,0.000000000,1.000000000,86.396179199,17.399551392,0.734181106,0.999999285,-0.001155328,0.000086699,-0.000227465
1391,144.520000000,fused_map_f2f,1,1,0,0.077339560,0.034600706,0.931364240,0.931364240,0.100000000,0.011789286,0.011789286,0.038245547,0.002973614,1.000000000,0.000000000,0.000000000,0.000000000,0.000000000,0.000000000,0.492537313,0.160974578,0.359912219,1.000000000,0.000000000,0.000000000,0.000000000,1.000000000,86.436927795,17.399099350,0.734476089,0.999999285,-0.001176878,0.000088544,-0.000230344
1392,144.618000000,fused_map_f2f,1,1,0,0.078749638,0.014622477,0.925782683,0.925782683,0.100000000,0.011859520,0.011859520,0.038467261,0.002991488,1.000000000,0.000000000,0.000000000,0.000000000,0.000000000,0.000000000,0.507462687,0.216697726,0.391156702,1.000000000,0.000000000,0.000000000,0.000000000,1.000000000,86.479370117,17.399906158,0.734268308,0.999999344,-0.001131133,0.000073914,-0.000240320
1393,144.716000000,fused_map_f2f,1,1,0,0.077055385,0.028798217,0.932489099,0.932489099,0.100000000,0.011775232,0.011775232,0.038201174,0.002970038,1.000000000,0.000000000,0.000000000,0.000000000,0.000000000,0.000000000,0.507042254,0.172738774,0.373320862,1.000000000,0.000000000,0.000000000,0.000000000,1.000000000,86.586936951,17.399015427,0.734507978,0.999999225,-0.001221391,0.000092953,-0.000230600
1394,144.832000000,fused_map_f2f,1,1,0,0.077251774,0.018020638,0.931711728,0.931711728,0.100000000,0.011784941,0.011784941,0.038231829,0.002972508,1.000000000,0.000000000,0.000000000,0.000000000,0.000000000,0.000000000,0.507246377,0.251647019,0.405006634,1.000000000,0.000000000,0.000000000,0.000000000,1.000000000,86.639755249,17.399410248,0.734609187,0.999999285,-0.001169062,0.000084039,-0.000205348
1395,144.932000000,fused_map_f2f,1,1,0,0.079956773,0.013069853,0.921004441,0.921004441,0.100000000,0.011920315,0.011920315,0.038659116,0.003006962,1.000000000,0.000000000,0.000000000,0.000000000,0.000000000,0.000000000,0.460526316,0.196310522,0.354839998,1.000000000,0.000000000,0.000000000,0.000000000,1.000000000,86.691917419,17.400049210,0.734148324,0.999999344,-0.001132073,0.000094293,-0.000201590
1396,145.033000000,fused_map_f2f,1,1,0,0.078057757,0.039997817,0.928521378,0.928521378,0.100000000,0.011824954,0.011824954,0.038358153,0.002982691,1.000000000,0.000000000,0.000000000,0.000000000,0.000000000,0.000000000,0.485714286,0.291922586,0.408197606,1.000000000,0.000000000,0.000000000,0.000000000,1.000000000,86.812431335,17.399351120,0.734079242,0.999999046,-0.001348511,0.000103013,-0.000187920
1397,145.113000000,fused_map_f2f,1,1,0,0.079703600,0.016413935,0.922006583,0.922006583,0.100000000,0.011907513,0.011907513,0.038618720,0.003003703,1.000000000,0.000000000,0.000000000,0.000000000,0.000000000,0.000000000,0.478260870,0.174950237,0.356936617,1.000000000,0.000000000,0.000000000,0.000000000,1.000000000,86.849449158,17.398654938,0.734247684,0.999999046,-0.001363077,0.000100945,-0.000190907
1398,145.223000000,fused_map_f2f,1,1,0,0.081200555,0.014276129,0.916081135,0.916081135,0.100000000,0.011983611,0.011983611,0.038858809,0.003023073,1.000000000,0.000000000,0.000000000,0.000000000,0.000000000,0.000000000,0.478260870,0.195346768,0.365095229,1.000000000,0.000000000,0.000000000,0.000000000,1.000000000,86.896224976,17.398300171,0.734273612,0.999999046,-0.001361957,0.000102677,-0.000198351
1399,145.321000000,fused_map_f2f,1,1,0,0.079453147,0.076734048,0.922997960,0.922997960,0.093376106,0.011115730,0.011115730,0.036115710,0.002802295,1.000000000,0.000000000,0.000000000,0.000000000,0.000000000,0.000000000,0.514285714,0.255858970,0.410915016,1.000000000,0.000000000,0.000000000,0.000000000,1.000000000,86.969047546,17.398988724,0.734181941,0.999999106,-0.001329199,0.000097051,-0.000203996
1400,145.426000000,fused_map_f2f,1,1,0,0.078457672,0.013591336,0.926938382,0.926938382,0.100000000,0.011844909,0.011844909,0.038421143,0.002987770,1.000000000,0.000000000,0.000000000,0.000000000,0.000000000,0.000000000,0.478873239,0.248296446,0.386642522,1.000000000,0.000000000,0.000000000,0.000000000,1.000000000,87.014923096,17.398792267,0.734282136,0.999999106,-0.001328646,0.000087355,-0.000189450
1401,145.518000000,fused_map_f2f,1,1,0,0.082027167,0.035712678,0.912809130,0.912809130,0.100000000,0.012026050,0.012026050,0.038992669,0.003033877,1.000000000,0.000000000,0.000000000,0.000000000,0.000000000,0.000000000,0.486111111,0.199664082,0.371532299,1.000000000,0.000000000,0.000000000,0.000000000,1.000000000,87.064659119,17.399074554,0.733768523,0.999998868,-0.001502426,0.000082903,-0.000184526
1402,145.615000000,fused_map_f2f,1,1,0,0.081951411,0.020797474,0.913108996,0.913108996,0.100000000,0.012022148,0.012022148,0.038980363,0.003032883,1.000000000,0.000000000,0.000000000,0.000000000,0.000000000,0.000000000,0.485714286,0.330497688,0.423627647,1.000000000,0.000000000,0.000000000,0.000000000,1.000000000,87.142028809,17.398481369,0.733798385,0.999999106,-0.001336314,0.000093730,-0.000204774
1403,145.741000000,fused_map_f2f,1,1,0,0.080654628,0.030602423,0.918242096,0.918242096,0.100000000,0.011955746,0.011955746,0.038770906,0.003015980,1.000000000,0.000000000,0.000000000,0.000000000,0.000000000,0.000000000,0.472972973,0.227279097,0.374695423,1.000000000,0.000000000,0.000000000,0.000000000,1.000000000,87.202445984,17.398447037,0.734301925,0.999998808,-0.001515046,0.000092255,-0.000183412
1404,145.830000000,fused_map_f2f,1,1,0,0.081467500,0.012989342,0.915024478,0.915024478,0.100000000,0.011997283,0.011997283,0.038901937,0.003026554,1.000000000,0.000000000,0.000000000,0.000000000,0.000000000,0.000000000,0.452054795,0.198815579,0.350759108,1.000000000,0.000000000,0.000000000,0.000000000,1.000000000,87.246536255,17.398096085,0.734352529,0.999998808,-0.001540879,0.000096991,-0.000182403
1405,145.930000000,fused_map_f2f,1,1,0,0.084496375,0.012372459,0.903035181,0.903035181,0.100000000,0.012154631,0.012154631,0.039398076,0.003066613,1.000000000,0.000000000,0.000000000,0.000000000,0.000000000,0.000000000,0.458333333,0.254629017,0.376851607,1.000000000,0.000000000,0.000000000,0.000000000,1.000000000,87.290992737,17.397607803,0.734838426,0.999998510,-0.001703304,0.000067023,-0.000212109
1406,146.039000000,fused_map_f2f,1,1,0,0.083161588,0.014417809,0.908318716,0.908318716,0.100000000,0.012084784,0.012084784,0.039177883,0.003048829,1.000000000,0.000000000,0.000000000,0.000000000,0.000000000,0.000000000,0.465753425,0.177356266,0.350394561,1.000000000,0.000000000,0.000000000,0.000000000,1.000000000,87.355209351,17.398588181,0.734311998,0.999998927,-0.001456893,0.000097207,-0.000133751
1407,146.114000000,fused_map_f2f,1,1,0,0.081256736,0.049303080,0.915858754,0.915858754,0.100000000,0.011986486,0.011986486,0.038867878,0.003023805,1.000000000,0.000000000,0.000000000,0.000000000,0.000000000,0.000000000,0.471428571,0.199902817,0.362818270,1.000000000,0.000000000,0.000000000,0.000000000,1.000000000,87.386497498,17.398151398,0.734069824,0.999998748,-0.001556659,0.000108345,-0.000149623
1408,146.230000000,fused_map_f2f,1,1,0,0.082849226,0.019003121,0.909555145,0.909555145,0.100000000,0.012068555,0.012068555,0.039126709,0.003044698,1.000000000,0.000000000,0.000000000,0.000000000,0.000000000,0.000000000,0.470588235,0.183022953,0.355562122,1.000000000,0.000000000,0.000000000,0.000000000,1.000000000,87.435760498,17.397401810,0.734344542,0.999998510,-0.001720311,0.000107788,-0.000185551
1409,146.331000000,fused_map_f2f,1,1,0,0.085642943,0.024764069,0.898496685,0.898496685,0.100000000,0.012215277,0.012215277,0.039589206,0.003082055,1.000000000,0.000000000,0.000000000,0.000000000,0.000000000,0.000000000,0.492753623,0.257091045,0.398488592,1.000000000,0.000000000,0.000000000,0.000000000,1.000000000,87.480125427,17.397548676,0.734039903,0.999998569,-0.001672853,0.000124658,-0.000166043
1410,146.419000000,fused_map_f2f,1,1,0,0.083260246,0.026393003,0.907928193,0.907928193,0.100000000,0.012089919,0.012089919,0.039194074,0.003050137,1.000000000,0.000000000,0.000000000,0.000000000,0.000000000,0.000000000,0.507246377,0.206486831,0.386942559,1.000000000,0.000000000,0.000000000,0.000000000,1.000000000,87.539894104,17.398843765,0.733864903,0.999998868,-0.001502511,0.000101221,-0.000137744
1411,146.532000000,fused_map_f2f,1,1,0,0.083659201,0.014913981,0.906348997,0.906348997,0.100000000,0.012110729,0.012110729,0.039259683,0.003055435,1.000000000,0.000000000,0.000000000,0.000000000,0.000000000,0.000000000,0.478260870,0.260043444,0.390973899,1.000000000,0.000000000,0.000000000,0.000000000,1.000000000,87.594467163,17.399042130,0.733378232,0.999998987,-0.001394565,0.000097998,-0.000130259
1412,146.625000000,fused_map_f2f,1,1,0,0.082637817,0.013932957,0.910391974,0.910391974,0.100000000,0.012057595,0.012057595,0.039092150,0.003041907,1.000000000,0.000000000,0.000000000,0.000000000,0.000000000,0.000000000,0.478873239,0.228418675,0.378691414,1.000000000,0.000000000,0.000000000,0.000000000,1.000000000,87.639221191,17.397844315,0.734027922,0.999998748,-0.001582638,0.000104875,-0.000136808
1413,146.722000000,fused_map_f2f,1,1,0,0.087693466,0.024217504,0.890380029,0.890380029,0.100000000,0.012325258,0.012325258,0.039935686,0.003110064,1.000000000,0.000000000,0.000000000,0.000000000,0.000000000,0.000000000,0.492753623,0.287148848,0.410511713,1.000000000,0.000000000,0.000000000,0.000000000,1.000000000,87.687698364,17.397785187,0.733454406,0.999998569,-0.001657882,0.000099269,-0.000150747
1414,146.815000000,fused_map_f2f,1,1,0,0.086662062,0.019344866,0.894462671,0.894462671,0.100000000,0.012269692,0.012269692,0.039760653,0.003095912,1.000000000,0.000000000,0.000000000,0.000000000,0.000000000,0.000000000,0.485294118,0.180733960,0.363470054,1.000000000,0.000000000,0.000000000,0.000000000,1.000000000,87.784393311,17.398130417,0.733768046,0.999998808,-0.001508297,0.000112193,-0.000153063
1415,146.913000000,fused_map_f2f,1,1,0,0.086894863,0.014107171,0.893541168,0.893541168,0.100000000,0.012282190,0.012282190,0.039800026,0.003099095,1.000000000,0.000000000,0.000000000,0.000000000,0.000000000,0.000000000,0.471428571,0.147366032,0.341803556,1.000000000,0.000000000,0.000000000,0.000000000,1.000000000,87.832916260,17.397783279,0.733826816,0.999998808,-0.001546181,0.000061570,-0.000132248
1416,147.029000000,fused_map_f2f,1,1,0,0.086345310,0.023545858,0.895716480,0.895716480,0.100000000,0.012252727,0.012252727,0.039707207,0.003091592,1.000000000,0.000000000,0.000000000,0.000000000,0.000000000,0.000000000,0.463768116,0.186677567,0.352931896,1.000000000,0.000000000,0.000000000,0.000000000,1.000000000,87.892372131,17.397291183,0.733716786,0.999998748,-0.001570828,0.000041852,-0.000114907
1417,147.121000000,fused_map_f2f,1,1,0,0.084170056,0.017553149,0.904326862,0.904326862,0.100000000,0.012137481,0.012137481,0.039344017,0.003062246,1.000000000,0.000000000,0.000000000,0.000000000,0.000000000,0.000000000,0.432432432,0.215373015,0.345608666,1.000000000,0.000000000,0.000000000,0.000000000,1.000000000,88.015319824,17.397619247,0.733958602,0.999998689,-0.001614644,0.000102537,-0.000154657
1418,147.219000000,fused_map_f2f,1,1,0,0.085087728,0.029176464,0.900694410,0.900694410,0.100000000,0.012185834,0.012185834,0.039496422,0.003074558,1.000000000,0.000000000,0.000000000,0.000000000,0.000000000,0.000000000,0.457142857,0.132684549,0.327359534,1.000000000,0.000000000,0.000000000,0.000000000,1.000000000,88.066963196,17.397417068,0.733237088,0.999998510,-0.001704494,0.000113811,-0.000136497
1419,147.325000000,fused_map_f2f,1,1,0,0.087542870,0.014202759,0.890976141,0.890976141,0.100000000,0.012317114,0.012317114,0.039910034,0.003107989,1.000000000,0.000000000,0.000000000,0.000000000,0.000000000,0.000000000,0.507462687,0.165328083,0.370608845,1.000000000,0.000000000,0.000000000,0.000000000,1.000000000,88.166137695,17.397500992,0.733795106,0.999998689,-0.001602976,0.000106106,-0.000125843
1420,147.418000000,fused_map_f2f,1,1,0,0.086496420,0.025081163,0.895118336,0.895118336,0.100000000,0.012260814,0.012260814,0.039732686,0.003093652,1.000000000,0.000000000,0.000000000,0.000000000,0.000000000,0.000000000,0.449275362,0.168161854,0.336829959,1.000000000,0.000000000,0.000000000,0.000000000,1.000000000,88.211662292,17.397529602,0.734388709,0.999998689,-0.001602215,0.000034016,-0.000177715
1421,147.534000000,fused_map_f2f,1,1,0,0.088280965,0.018437404,0.888054512,0.888054512,0.100000000,0.012357135,0.012357135,0.040036078,0.003118183,1.000000000,0.000000000,0.000000000,0.000000000,0.000000000,0.000000000,0.492753623,0.254231709,0.397344857,1.000000000,0.000000000,0.000000000,0.000000000,1.000000000,88.272018433,17.397617340,0.733550310,0.999998808,-0.001523219,0.000096590,-0.000118225
1422,147.630000000,fused_map_f2f,1,1,0,0.087426188,0.036119885,0.891438005,0.891438005,0.100000000,0.012310810,0.012310810,0.039890181,0.003106384,1.000000000,0.000000000,0.000000000,0.000000000,0.000000000,0.000000000,0.442857143,0.276839374,0.376450035,1.000000000,0.000000000,0.000000000,0.000000000,1.000000000,88.339500427,17.397792816,0.733622968,0.999998868,-0.001471476,0.000096507,-0.000113279
1423,147.720000000,fused_map_f2f,1,1,0,0.086013761,0.028052608,0.897028862,0.897028862,0.100000000,0.012235020,0.012235020,0.039651418,0.003087083,1.000000000,0.000000000,0.000000000,0.000000000,0.000000000,0.000000000,0.450704225,0.238261342,0.365727072,1.000000000,0.000000000,0.000000000,0.000000000,1.000000000,88.410240173,17.397544861,0.734136522,0.999998689,-0.001603923,0.000102774,-0.000117217
1424,147.816000000,fused_map_f2f,1,1,0,0.091492816,0.018145086,0.875340937,0.875340937,0.100000000,0.012534362,0.012534362,0.040593962,0.003163328,1.000000000,0.000000000,0.000000000,0.000000000,0.000000000,0.000000000,0.485714286,0.218797922,0.378947740,1.000000000,0.000000000,0.000000000,0.000000000,1.000000000,88.472656250,17.397459030,0.734033644,0.999998868,-0.001496022,0.000092959,-0.000129194
1425,147.935000000,fused_map_f2f,1,1,0,0.090840139,0.020748568,0.877924450,0.877924450,0.100000000,0.012497938,0.012497938,0.040479340,0.003154049,1.000000000,0.000000000,0.000000000,0.000000000,0.000000000,0.000000000,0.484848485,0.205398860,0.373068635,1.000000000,0.000000000,0.000000000,0.000000000,1.000000000,88.580619812,17.396848679,0.733460426,0.999998629,-0.001631632,0.000109167,-0.000120052
1426,148.023000000,fused_map_f2f,1,1,0,0.089891632,0.025975748,0.881678957,0.881678957,0.100000000,0.012445379,0.012445379,0.040313913,0.003140660,1.000000000,0.000000000,0.000000000,0.000000000,0.000000000,0.000000000,0.470588235,0.187955384,0.357535095,1.000000000,0.000000000,0.000000000,0.000000000,1.000000000,88.647666931,17.396707535,0.733020961,0.999998450,-0.001739960,0.000143256,-0.000110960
1427,148.122000000,fused_map_f2f,1,1,0,0.091867693,0.023742136,0.873857050,0.873857050,0.100000000,0.012555380,0.012555380,0.040660092,0.003168683,1.000000000,0.000000000,0.000000000,0.000000000,0.000000000,0.000000000,0.470588235,0.172239334,0.351248675,1.000000000,0.000000000,0.000000000,0.000000000,1.000000000,88.742492676,17.397714615,0.733009696,0.999998868,-0.001481179,0.000101527,-0.000091668
1428,148.219000000,fused_map_f2f,1,1,0,0.090104337,0.018311834,0.880837001,0.880837001,0.100000000,0.012457127,0.012457127,0.040350893,0.003143652,1.000000000,0.000000000,0.000000000,0.000000000,0.000000000,0.000000000,0.492753623,0.257056313,0.398474699,1.000000000,0.000000000,0.000000000,0.000000000,1.000000000,88.815719604,17.396572113,0.733377159,0.999998748,-0.001571333,0.000111434,-0.000119305
1429,148.321000000,fused_map_f2f,1,1,0,0.094452420,0.013457728,0.863625836,0.863625836,0.100000000,0.012702231,0.012702231,0.041121976,0.003206101,1.000000000,0.000000000,0.000000000,0.000000000,0.000000000,0.000000000,0.485294118,0.204793079,0.373093702,1.000000000,0.000000000,0.000000000,0.000000000,1.000000000,88.889068604,17.396362305,0.733348370,0.999998868,-0.001512718,0.000036162,-0.000105059
1430,148.418000000,fused_map_f2f,1,1,0,0.091246575,0.027255037,0.876315641,0.876315641,0.100000000,0.012520595,0.012520595,0.040550642,0.003159821,1.000000000,0.000000000,0.000000000,0.000000000,0.000000000,0.000000000,0.464788732,0.168955226,0.346455330,1.000000000,0.000000000,0.000000000,0.000000000,1.000000000,89.018417358,17.396745682,0.732531190,0.999998629,-0.001636138,0.000090231,-0.000106885
1431,148.536000000,fused_map_f2f,1,1,0,0.090325092,0.040453275,0.879963178,0.879963178,0.100000000,0.012469343,0.012469343,0.040389344,0.003146764,1.000000000,0.000000000,0.000000000,0.000000000,0.000000000,0.000000000,0.444444444,0.223983999,0.356260266,1.000000000,0.000000000,0.000000000,0.000000000,1.000000000,89.175743103,17.396961212,0.732982397,0.999998629,-0.001654340,0.000088215,-0.000116107
1432,148.630000000,fused_map_f2f,1,1,0,0.093757811,0.019829630,0.866375332,0.866375332,0.100000000,0.012662431,0.012662431,0.040996823,0.003195959,1.000000000,0.000000000,0.000000000,0.000000000,0.000000000,0.000000000,0.463768116,0.210873242,0.362610167,1.000000000,0.000000000,0.000000000,0.000000000,1.000000000,89.253616333,17.396001816,0.732581437,0.999998689,-0.001616686,0.000086442,-0.000140572
1433,148.721000000,fused_map_f2f,1,1,0,0.093482326,0.023052374,0.867465794,0.867465794,0.100000000,0.012646714,0.012646714,0.040947398,0.003191954,1.000000000,0.000000000,0.000000000,0.000000000,0.000000000,0.000000000,0.471428571,0.160304266,0.346978849,1.000000000,0.000000000,0.000000000,0.000000000,1.000000000,89.365722656,17.395709991,0.733080566,0.999998271,-0.001857261,0.000087658,-0.000098566
1434,148.820000000,fused_map_f2f,1,1,0,0.095891063,0.040275433,0.857931208,0.857931208,0.100000000,0.012785466,0.012785466,0.041383633,0.003227314,1.000000000,0.000000000,0.000000000,0.000000000,0.000000000,0.000000000,0.462686567,0.184261939,0.351316716,1.000000000,0.000000000,0.000000000,0.000000000,1.000000000,89.444526672,17.396549225,0.732573509,0.999998510,-0.001714529,0.000098510,-0.000096076
1435,148.935000000,fused_map_f2f,1,1,0,0.097537790,0.022662497,0.851412913,0.851412913,0.100000000,0.012882089,0.012882089,0.041687252,0.003251941,1.000000000,0.000000000,0.000000000,0.000000000,0.000000000,0.000000000,0.469696970,0.233235463,0.375112367,1.000000000,0.000000000,0.000000000,0.000000000,1.000000000,89.549041748,17.396261215,0.733119190,0.999998689,-0.001611736,0.000105032,-0.000086275
1436,149.022000000,fused_map_f2f,1,1,0,0.095309870,0.031147211,0.860231764,0.860231764,0.100000000,0.012751709,0.012751709,0.041277527,0.003218710,1.000000000,0.000000000,0.000000000,0.000000000,0.000000000,0.000000000,0.530303030,0.214877365,0.404132764,1.000000000,0.000000000,0.000000000,0.000000000,1.000000000,89.616355896,17.396379471,0.733140409,0.999998450,-0.001741393,0.000102010,-0.000099223
1437,149.123000000,fused_map_f2f,1,1,0,0.098428387,0.016443378,0.847887635,0.847887635,0.100000000,0.012934956,0.012934956,0.041853322,0.003265418,1.000000000,0.000000000,0.000000000,0.000000000,0.000000000,0.000000000,0.478260870,0.268781810,0.394469246,1.000000000,0.000000000,0.000000000,0.000000000,1.000000000,89.705223083,17.397094727,0.733680606,0.999999106,-0.001330747,0.000113262,-0.000065318
1438,149.219000000,fused_map_f2f,1,1,0,0.098483557,0.049879365,0.847669255,0.847669255,0.100000000,0.012938245,0.012938245,0.041863653,0.003266256,1.000000000,0.000000000,0.000000000,0.000000000,0.000000000,0.000000000,0.553846154,0.301349367,0.452847439,1.000000000,0.000000000,0.000000000,0.000000000,1.000000000,89.777183533,17.397031784,0.733994961,0.999999106,-0.001314827,0.000098647,-0.000093586
1439,149.335000000,fused_map_f2f,1,1,0,0.101233462,0.034180298,0.836784213,0.836784213,0.100000000,0.013104343,0.013104343,0.042385141,0.003308604,1.000000000,0.000000000,0.000000000,0.000000000,0.000000000,0.000000000,0.500000000,0.228130748,0.391252299,1.000000000,0.000000000,0.000000000,0.000000000,1.000000000,89.875534058,17.396837234,0.732362628,0.999998927,-0.001456861,0.000110618,-0.000073743
1440,149.434000000,fused_map_f2f,1,1,0,0.100073882,0.026452141,0.841374216,0.841374216,0.100000000,0.013033786,0.013033786,0.042163664,0.003290613,1.000000000,0.000000000,0.000000000,0.000000000,0.000000000,0.000000000,0.485294118,0.238790851,0.386692811,1.000000000,0.000000000,0.000000000,0.000000000,1.000000000,89.951171875,17.396736145,0.732417881,0.999999106,-0.001296640,0.000149813,-0.000068621
1441,149.523000000,fused_map_f2f,1,1,0,0.100821261,0.024080480,0.838415843,0.838415843,0.100000000,0.013079174,0.013079174,0.042306146,0.003302186,1.000000000,0.000000000,0.000000000,0.000000000,0.000000000,0.000000000,0.523076923,0.237508485,0.408849548,1.000000000,0.000000000,0.000000000,0.000000000,1.000000000,90.017601013,17.395931244,0.732744813,0.999999046,-0.001364644,0.000080376,-0.000095711
1442,149.613000000,fused_map_f2f,1,1,0,0.101330660,0.031570641,0.836399472,0.836399472,0.100000000,0.013110292,0.013110292,0.042403811,0.003310120,1.000000000,0.000000000,0.000000000,0.000000000,0.000000000,0.000000000,0.500000000,0.203973437,0.381589375,1.000000000,0.000000000,0.000000000,0.000000000,1.000000000,90.076896667,17.395565033,0.732352078,0.999998748,-0.001570619,0.000098526,-0.000048618
1443,149.734000000,fused_map_f2f,1,1,0,0.100746274,0.019565920,0.838712663,0.838712663,0.100000000,0.013074606,0.013074606,0.042291807,0.003301021,1.000000000,0.000000000,0.000000000,0.000000000,0.000000000,0.000000000,0.545454545,0.248776964,0.426783513,1.000000000,0.000000000,0.000000000,0.000000000,1.000000000,90.190635681,17.394296646,0.732131720,0.999998510,-0.001729782,0.000084976,-0.000072433
1444,149.816000000,fused_map_f2f,1,1,0,0.101936304,0.031383500,0.834002131,0.834002131,0.100000000,0.013147482,0.013147482,0.042520518,0.003319604,1.000000000,0.000000000,0.000000000,0.000000000,0.000000000,0.000000000,0.514285714,0.204645089,0.390429464,1.000000000,0.000000000,0.000000000,0.000000000,1.000000000,90.244552612,17.395168304,0.732435763,0.999998569,-0.001690091,0.000084507,-0.000069411
1445,149.933000000,fused_map_f2f,1,1,0,0.103154494,0.013432995,0.829180130,0.829180130,0.100000000,0.013222929,0.013222929,0.042757219,0.003338844,1.000000000,0.000000000,0.000000000,0.000000000,0.000000000,0.000000000,0.478873239,0.184414644,0.361089801,1.000000000,0.000000000,0.000000000,0.000000000,1.000000000,90.326660156,17.394983292,0.731969714,0.999998808,-0.001516999,0.000098373,-0.000050593
1446,150.029000000,fused_map_f2f,1,1,0,0.103654019,0.020887282,0.827202841,0.827202841,0.100000000,0.013254117,0.013254117,0.042855043,0.003346798,1.000000000,0.000000000,0.000000000,0.000000000,0.000000000,0.000000000,0.521739130,0.264252124,0.418744328,1.000000000,0.000000000,0.000000000,0.000000000,1.000000000,90.397132874,17.395065308,0.732231379,0.999998689,-0.001622645,0.000084701,-0.000042749
1447,150.116000000,fused_map_f2f,1,1,0,0.104726954,0.018208410,0.822955808,0.822955808,0.100000000,0.013321606,0.013321606,0.043066680,0.003364012,1.000000000,0.000000000,0.000000000,0.000000000,0.000000000,0.000000000,0.507042254,0.237047660,0.399044416,1.000000000,0.000000000,0.000000000,0.000000000,1.000000000,90.455093384,17.395446777,0.731958926,0.999998927,-0.001461742,0.000095986,-0.000054149
1448,150.213000000,fused_map_f2f,1,1,0,0.104680272,0.018451785,0.823140591,0.823140591,0.100000000,0.013318656,0.013318656,0.043057429,0.003363259,1.000000000,0.000000000,0.000000000,0.000000000,0.000000000,0.000000000,0.537313433,0.255099283,0.424427773,1.000000000,0.000000000,0.000000000,0.000000000,1.000000000,90.558570862,17.396423340,0.732340693,0.999999166,-0.001294404,0.000088368,-0.000043879
1449,150.322000000,fused_map_f2f,1,1,0,0.104220363,0.020222447,0.824961065,0.824961065,0.100000000,0.013289655,0.013289655,0.042966495,0.003355863,1.000000000,0.000000000,0.000000000,0.000000000,0.000000000,0.000000000,0.522388060,0.222325205,0.402362918,1.000000000,0.000000000,0.000000000,0.000000000,1.000000000,90.628494263,17.396577835,0.732349575,0.999999166,-0.001264025,0.000077229,-0.000034116
1450,150.420000000,fused_map_f2f,1,1,0,0.109821244,0.032908356,0.802790910,0.802790910,0.100000000,0.013651657,0.013651657,0.044100744,0.003448220,1.000000000,0.000000000,0.000000000,0.000000000,0.000000000,0.000000000,0.521739130,0.269267449,0.420750458,1.000000000,0.000000000,0.000000000,0.000000000,1.000000000,90.687294006,17.396566391,0.732394159,0.999999225,-0.001213895,0.000092620,-0.000028717
1451,150.517000000,fused_map_f2f,1,1,0,0.106563187,0.027600708,0.815687386,0.815687386,0.100000000,0.013438717,0.013438717,0.043433771,0.003393886,1.000000000,0.000000000,0.000000000,0.000000000,0.000000000,0.000000000,0.575757576,0.194254039,0.423156161,1.000000000,0.000000000,0.000000000,0.000000000,1.000000000,90.751960754,17.396139145,0.732561886,0.999999225,-0.001213830,0.000076069,-0.000051740
1452,150.637000000,fused_map_f2f,1,1,0,0.106205616,0.031283133,0.817102769,0.817102769,0.100000000,0.013415751,0.013415751,0.043361797,0.003388027,1.000000000,0.000000000,0.000000000,0.000000000,0.000000000,0.000000000,0.528571429,0.255045984,0.419161251,1.000000000,0.000000000,0.000000000,0.000000000,1.000000000,90.834457397,17.396667480,0.732948899,0.999999285,-0.001171449,0.000084609,-0.000045853
1453,150.732000000,fused_map_f2f,1,1,0,0.108126426,0.018660927,0.809499562,0.809499562,0.100000000,0.013540052,0.013540052,0.043751253,0.003419741,1.000000000,0.000000000,0.000000000,0.000000000,0.000000000,0.000000000,0.484848485,0.235406122,0.385071540,1.000000000,0.000000000,0.000000000,0.000000000,1.000000000,90.895034790,17.396715164,0.732998669,0.999999404,-0.001077426,0.000059114,-0.000043608
1454,150.829000000,fused_map_f2f,1,1,0,0.106562765,0.015951198,0.815689057,0.815689057,0.100000000,0.013438690,0.013438690,0.043433686,0.003393879,1.000000000,0.000000000,0.000000000,0.000000000,0.000000000,0.000000000,0.530303030,0.271878552,0.426933239,1.000000000,0.000000000,0.000000000,0.000000000,1.000000000,90.960311890,17.396896362,0.733053803,0.999999583,-0.000908090,0.000004433,-0.000031274
1455,150.933000000,fused_map_f2f,1,1,0,0.105897160,0.015862624,0.818323741,0.818323741,0.100000000,0.013396002,0.013396002,0.043299901,0.003382989,1.000000000,0.000000000,0.000000000,0.000000000,0.000000000,0.000000000,0.530303030,0.211418679,0.402749290,1.000000000,0.000000000,0.000000000,0.000000000,1.000000000,91.016021729,17.396511078,0.732596874,0.999999404,-0.001109288,0.000077220,-0.000058432
1456,151.015000000,fused_map_f2f,1,1,0,0.106117821,0.029727931,0.817450291,0.817450291,0.100000000,0.013410124,0.013410124,0.043344162,0.003386592,1.000000000,0.000000000,0.000000000,0.000000000,0.000000000,0.000000000,0.515151515,0.239834921,0.405024878,1.000000000,0.000000000,0.000000000,0.000000000,1.000000000,91.058403015,17.396986008,0.732091486,0.999999464,-0.001028426,0.000082339,-0.000040896
1457,151.115000000,fused_map_f2f,1,1,0,0.107195390,0.017488243,0.813184915,0.813184915,0.100000000,0.013479516,0.013479516,0.043561610,0.003404295,1.000000000,0.000000000,0.000000000,0.000000000,0.000000000,0.000000000,0.521739130,0.232028543,0.405854895,1.000000000,0.000000000,0.000000000,0.000000000,1.000000000,91.143058777,17.397417068,0.732099235,0.999999523,-0.000963415,0.000075214,-0.000025540
1458,151.214000000,fused_map_f2f,1,1,0,0.102239179,0.012686869,0.832803252,0.832803252,0.100000000,0.013166160,0.013166160,0.042579123,0.003324367,1.000000000,0.000000000,0.000000000,0.000000000,0.000000000,0.000000000,0.552238806,0.200903045,0.411704502,1.000000000,0.000000000,0.000000000,0.000000000,1.000000000,91.203620911,17.397062302,0.731870592,0.999999583,-0.000906812,0.000069043,-0.000029015
1459,151.333000000,fused_map_f2f,1,1,0,0.104662165,0.026712422,0.823212265,0.823212265,0.100000000,0.013317511,0.013317511,0.043053841,0.003362968,1.000000000,0.000000000,0.000000000,0.000000000,0.000000000,0.000000000,0.552238806,0.291752309,0.448044207,1.000000000,0.000000000,0.000000000,0.000000000,1.000000000,91.274162292,17.397043228,0.732448041,0.999999464,-0.001025213,0.000053057,-0.000061274
1460,151.424000000,fused_map_f2f,1,1,0,0.102959564,0.028376956,0.829951725,0.829951725,0.100000000,0.013210798,0.013210798,0.042719166,0.003335750,1.000000000,0.000000000,0.000000000,0.000000000,0.000000000,0.000000000,0.558823529,0.255846459,0.437632701,1.000000000,0.000000000,0.000000000,0.000000000,1.000000000,91.348571777,17.397891998,0.732123017,0.999999702,-0.000735654,0.000064353,-0.000035040
1461,151.518000000,fused_map_f2f,1,1,0,0.103272238,0.039327123,0.828714058,0.828714058,0.100000000,0.013230267,0.013230267,0.042780237,0.003340716,1.000000000,0.000000000,0.000000000,0.000000000,0.000000000,0.000000000,0.514705882,0.205912063,0.391188355,1.000000000,0.000000000,0.000000000,0.000000000,1.000000000,91.406616211,17.397703171,0.732056081,0.999999642,-0.000816896,0.000022473,-0.000035883
1462,151.613000000,fused_map_f2f,1,1,0,0.101794878,0.020676605,0.834561942,0.834561942,0.100000000,0.013138779,0.013138779,0.042493208,0.003317384,1.000000000,0.000000000,0.000000000,0.000000000,0.000000000,0.000000000,0.603174603,0.360721863,0.506193507,1.000000000,0.000000000,0.000000000,0.000000000,1.000000000,91.463394165,17.397678375,0.731655419,0.999999702,-0.000772674,0.000065442,-0.000036583
1463,151.730000000,fused_map_f2f,1,1,0,0.101732842,0.019214569,0.834807499,0.834807499,0.100000000,0.013134965,0.013134965,0.042481240,0.003316412,1.000000000,0.000000000,0.000000000,0.000000000,0.000000000,0.000000000,0.537313433,0.250748056,0.422687282,1.000000000,0.000000000,0.000000000,0.000000000,1.000000000,91.556488037,17.398595810,0.732080162,0.999999702,-0.000794550,0.000043631,0.000001571
1464,151.818000000,fused_map_f2f,1,1,0,0.100916525,0.014774787,0.838038756,0.838038756,0.100000000,0.013084982,0.013084982,0.042324376,0.003303667,1.000000000,0.000000000,0.000000000,0.000000000,0.000000000,0.000000000,0.507246377,0.256732027,0.407040637,1.000000000,0.000000000,0.000000000,0.000000000,1.000000000,91.605140686,17.399057388,0.731861651,0.999999821,-0.000548950,0.000069322,0.000034209
1465,151.920000000,fused_map_f2f,1,1,0,0.102844286,0.047911596,0.830408035,0.830408035,0.100000000,0.013203634,0.013203634,0.042696694,0.003333924,1.000000000,0.000000000,0.000000000,0.000000000,0.000000000,0.000000000,0.545454545,0.187879310,0.402424451,1.000000000,0.000000000,0.000000000,0.000000000,1.000000000,91.645927429,17.397335052,0.732123673,0.999999464,-0.001044410,0.000052360,-0.000017985
1466,152.015000000,fused_map_f2f,1,1,0,0.101793550,0.032012336,0.834567198,0.834567198,0.100000000,0.013138697,0.013138697,0.042492952,0.003317364,1.000000000,0.000000000,0.000000000,0.000000000,0.000000000,0.000000000,0.584615385,0.298187669,0.470044298,1.000000000,0.000000000,0.000000000,0.000000000,1.000000000,91.658210754,17.397333145,0.730901241,0.999999702,-0.000778804,0.000059908,-0.000020939
1467,152.129000000,fused_map_f2f,1,1,0,0.103568322,0.016840154,0.827542057,0.827542057,0.100000000,0.013248756,0.013248756,0.042838229,0.003345431,1.000000000,0.000000000,0.000000000,0.000000000,0.000000000,0.000000000,0.522388060,0.194622569,0.391281863,1.000000000,0.000000000,0.000000000,0.000000000,1.000000000,91.729164124,17.397096634,0.731149495,0.999999642,-0.000838049,-0.000000543,-0.000005735
1468,152.222000000,fused_map_f2f,1,1,0,0.101807246,0.027660319,0.834512983,0.834512983,0.100000000,0.013139539,0.013139539,0.042495595,0.003317578,1.000000000,0.000000000,0.000000000,0.000000000,0.000000000,0.000000000,0.530303030,0.263935873,0.423756167,1.000000000,0.000000000,0.000000000,0.000000000,1.000000000,91.772598267,17.397741318,0.731303096,0.999999583,-0.000885628,0.000047388,-0.000034141
1469,152.321000000,fused_map_f2f,1,1,0,0.101078230,0.022981028,0.837398671,0.837398671,0.100000000,0.013094853,0.013094853,0.042355358,0.003306184,1.000000000,0.000000000,0.000000000,0.000000000,0.000000000,0.000000000,0.544117647,0.302779807,0.447582511,1.000000000,0.000000000,0.000000000,0.000000000,1.000000000,91.805953979,17.398635864,0.731915951,0.999999642,-0.000825869,0.000055828,-0.000023646
1470,152.433000000,fused_map_f2f,1,1,0,0.102833036,0.021476278,0.830452564,0.830452564,0.100000000,0.013202936,0.013202936,0.042694503,0.003333745,1.000000000,0.000000000,0.000000000,0.000000000,0.000000000,0.000000000,0.537313433,0.229181466,0.414060646,1.000000000,0.000000000,0.000000000,0.000000000,1.000000000,91.807250977,17.398714066,0.731169939,0.999999702,-0.000757751,0.000065532,-0.000008445
1471,152.529000000,fused_map_f2f,1,1,0,0.100586869,0.018149290,0.839343645,0.839343645,0.100000000,0.013064906,0.013064906,0.042261357,0.003298548,1.000000000,0.000000000,0.000000000,0.000000000,0.000000000,0.000000000,0.603174603,0.225013497,0.451910161,1.000000000,0.000000000,0.000000000,0.000000000,1.000000000,91.856628418,17.399465561,0.731395066,0.999999762,-0.000635073,0.000063287,-0.000002571
1472,152.620000000,fused_map_f2f,1,1,0,0.101472187,0.036990317,0.835839258,0.835839258,0.100000000,0.013118964,0.013118964,0.042431026,0.003312332,1.000000000,0.000000000,0.000000000,0.000000000,0.000000000,0.000000000,0.530303030,0.302388535,0.439137232,1.000000000,0.000000000,0.000000000,0.000000000,1.000000000,91.913169861,17.399856567,0.731347084,0.999999881,-0.000473878,0.000019216,0.000066782
1473,152.731000000,fused_map_f2f,1,1,0,0.102797872,0.021055352,0.830591759,0.830591759,0.100000000,0.013200752,0.013200752,0.042687653,0.003333189,1.000000000,0.000000000,0.000000000,0.000000000,0.000000000,0.000000000,0.537313433,0.185970345,0.396776198,1.000000000,0.000000000,0.000000000,0.000000000,1.000000000,91.985229492,17.400466919,0.731276989,0.999999940,-0.000306172,0.000039934,0.000059257
1474,152.833000000,fused_map_f2f,1,1,0,0.103466988,0.034058765,0.827943172,0.827943172,0.100000000,0.013242422,0.013242422,0.042818364,0.003343816,1.000000000,0.000000000,0.000000000,0.000000000,0.000000000,0.000000000,0.558823529,0.281929182,0.448065790,1.000000000,0.000000000,0.000000000,0.000000000,1.000000000,92.030891418,17.398969650,0.731299996,0.999999821,-0.000619621,0.000067565,-0.000038377
1475,152.921000000,fused_map_f2f,1,1,0,0.104380935,0.017506850,0.824325466,0.824325466,0.100000000,0.013299766,0.013299766,0.042998200,0.003358441,1.000000000,0.000000000,0.000000000,0.000000000,0.000000000,0.000000000,0.558823529,0.309678828,0.459165649,1.000000000,0.000000000,0.000000000,0.000000000,1.000000000,92.083137512,17.400001526,0.731365860,0.999999881,-0.000511044,0.000068301,-0.000034556
1476,153.018000000,fused_map_f2f,1,1,0,0.102529432,0.023893469,0.831654331,0.831654331,0.100000000,0.013184109,0.013184109,0.042635438,0.003328944,1.000000000,0.000000000,0.000000000,0.000000000,0.000000000,0.000000000,0.478873239,0.366837743,0.434059041,1.000000000,0.000000000,0.000000000,0.000000000,1.000000000,92.157562256,17.399881363,0.731853902,0.999999821,-0.000622923,0.000056819,-0.000027890
1477,153.115000000,fused_map_f2f,1,1,0,0.103645767,0.025648762,0.827235506,0.827235506,0.100000000,0.013253600,0.013253600,0.042853423,0.003346667,1.000000000,0.000000000,0.000000000,0.000000000,0.000000000,0.000000000,0.560606061,0.332074817,0.469193563,1.000000000,0.000000000,0.000000000,0.000000000,1.000000000,92.221710205,17.400047302,0.732061148,0.999999881,-0.000519695,0.000036174,-0.000037919
1478,153.222000000,fused_map_f2f,1,1,0,0.104253651,0.039116641,0.824829300,0.824829300,0.100000000,0.013291750,0.013291750,0.042973064,0.003356397,1.000000000,0.000000000,0.000000000,0.000000000,0.000000000,0.000000000,0.558823529,0.309671816,0.459162844,1.000000000,0.000000000,0.000000000,0.000000000,1.000000000,92.286018372,17.399682999,0.731844187,0.999999762,-0.000649133,0.000070732,-0.000052226
1479,153.316000000,fused_map_f2f,1,1,0,0.103906294,0.029535446,0.826204255,0.826204255,0.100000000,0.013269924,0.013269924,0.042904617,0.003350830,1.000000000,0.000000000,0.000000000,0.000000000,0.000000000,0.000000000,0.537313433,0.245807345,0.420710998,1.000000000,0.000000000,0.000000000,0.000000000,1.000000000,92.344627380,17.400896072,0.732066035,0.999999940,-0.000347538,0.000108368,-0.000031223
1480,153.439000000,fused_map_f2f,1,1,0,0.103209092,0.025546085,0.828964011,0.828964011,0.100000000,0.013226330,0.013226330,0.042767889,0.003339712,1.000000000,0.000000000,0.000000000,0.000000000,0.000000000,0.000000000,0.530303030,0.286750536,0.432882033,1.000000000,0.000000000,0.000000000,0.000000000,1.000000000,92.425369263,17.401483536,0.732368469,1.000000000,-0.000146868,0.000095697,-0.000047173
1481,153.513000000,fused_map_f2f,1,1,0,0.104740830,0.034476889,0.822900880,0.822900880,0.100000000,0.013322484,0.013322484,0.043069431,0.003364236,1.000000000,0.000000000,0.000000000,0.000000000,0.000000000,0.000000000,0.523076923,0.284241714,0.427542840,1.000000000,0.000000000,0.000000000,0.000000000,1.000000000,92.472717285,17.400627136,0.732240379,0.999999940,-0.000223497,0.000090802,-0.000078714
1482,153.624000000,fused_map_f2f,1,1,0,0.105916379,0.014629534,0.818247665,0.818247665,0.100000000,0.013397231,0.013397231,0.043303752,0.003383303,1.000000000,0.000000000,0.000000000,0.000000000,0.000000000,0.000000000,0.553846154,0.315878648,0.458659151,1.000000000,0.000000000,0.000000000,0.000000000,1.000000000,92.593368530,17.401044846,0.732087493,0.999999881,-0.000503255,0.000066919,-0.000013404
1483,153.716000000,fused_map_f2f,1,1,0,0.105444858,0.068290364,0.820114103,0.820114103,0.096718398,0.012934166,0.012934166,0.041850839,0.003265216,1.000000000,0.000000000,0.000000000,0.000000000,0.000000000,0.000000000,0.575757576,0.322167291,0.474321462,1.000000000,0.000000000,0.000000000,0.000000000,1.000000000,92.661231995,17.401809692,0.732330799,1.000000000,-0.000195495,0.000070913,0.000028102
1484,153.817000000,fused_map_f2f,1,1,0,0.105947688,0.019632978,0.818123734,0.818123734,0.100000000,0.013399233,0.013399233,0.043310028,0.003383814,1.000000000,0.000000000,0.000000000,0.000000000,0.000000000,0.000000000,0.537313433,0.285432829,0.436561191,1.000000000,0.000000000,0.000000000,0.000000000,1.000000000,92.764862061,17.400880814,0.732532561,0.999999940,-0.000354308,0.000069625,-0.000057509
1485,153.914000000,fused_map_f2f,1,1,0,0.107087459,0.025061792,0.813612143,0.813612143,0.100000000,0.013472533,0.013472533,0.043539732,0.003402514,1.000000000,0.000000000,0.000000000,0.000000000,0.000000000,0.000000000,0.537313433,0.258186792,0.425662777,1.000000000,0.000000000,0.000000000,0.000000000,1.000000000,92.851699829,17.401145935,0.732093990,0.999999940,-0.000338668,0.000059155,-0.000069954
1486,154.032000000,fused_map_f2f,1,1,0,0.107661423,0.023774538,0.811340199,0.811340199,0.100000000,0.013509749,0.013509749,0.043656331,0.003412009,1.000000000,0.000000000,0.000000000,0.000000000,0.000000000,0.000000000,0.553846154,0.361515404,0.476913854,1.000000000,0.000000000,0.000000000,0.000000000,1.000000000,92.970512390,17.400915146,0.732855022,0.999999940,-0.000385373,0.000064231,-0.000066512
1487,154.132000000,fused_map_f2f,1,1,0,0.107697409,0.020819408,0.811197758,0.811197758,0.100000000,0.013512090,0.013512090,0.043663662,0.003412606,1.000000000,0.000000000,0.000000000,0.000000000,0.000000000,0.000000000,0.536231884,0.231278054,0.414250352,1.000000000,0.000000000,0.000000000,0.000000000,1.000000000,93.048591614,17.401481628,0.732539833,0.999999940,-0.000311966,0.000091657,-0.000031294
1488,154.221000000,fused_map_f2f,1,1,0,0.109881602,0.015285904,0.802551991,0.802551991,0.100000000,0.013655665,0.013655665,0.044113293,0.003449243,1.000000000,0.000000000,0.000000000,0.000000000,0.000000000,0.000000000,0.521739130,0.316310654,0.439567740,1.000000000,0.000000000,0.000000000,0.000000000,1.000000000,93.169868469,17.400867462,0.732795954,0.999999940,-0.000372483,0.000072665,-0.000061274
1489,154.313000000,fused_map_f2f,1,1,0,0.109913223,0.030765711,0.802426827,0.802426827,0.100000000,0.013657766,0.013657766,0.044119871,0.003449779,1.000000000,0.000000000,0.000000000,0.000000000,0.000000000,0.000000000,0.544117647,0.311116427,0.450917159,1.000000000,0.000000000,0.000000000,0.000000000,1.000000000,93.257560730,17.400461197,0.732277811,1.000000000,-0.000167705,0.000072220,-0.000076829
1490,154.415000000,fused_map_f2f,1,1,0,0.110287702,0.019929589,0.800944514,0.800944514,0.100000000,0.013682697,0.013682697,0.044197915,0.003456141,1.000000000,0.000000000,0.000000000,0.000000000,0.000000000,0.000000000,0.515151515,0.329687737,0.440966004,1.000000000,0.000000000,0.000000000,0.000000000,1.000000000,93.385337830,17.400451660,0.732262850,0.999999940,-0.000252168,0.000070890,-0.000065799
1491,154.525000000,fused_map_f2f,1,1,0,0.114094367,0.033019883,0.785876466,0.785876466,0.100000000,0.013941386,0.013941386,0.045007205,0.003522174,1.000000000,0.000000000,0.000000000,0.000000000,0.000000000,0.000000000,0.562500000,0.342018219,0.474307288,1.000000000,0.000000000,0.000000000,0.000000000,1.000000000,93.487190247,17.401092529,0.732878447,1.000000000,-0.000084402,0.000036892,-0.000067295
1492,154.617000000,fused_map_f2f,1,1,0,0.111286310,0.017877922,0.796991690,0.796991690,0.100000000,0.013749626,0.013749626,0.044407388,0.003473223,1.000000000,0.000000000,0.000000000,0.000000000,0.000000000,0.000000000,0.544117647,0.306488864,0.449066134,1.000000000,0.000000000,0.000000000,0.000000000,1.000000000,93.652160645,17.400629044,0.732601523,0.999999940,-0.000200260,0.000069270,-0.000080210
1493,154.732000000,fused_map_f2f,1,1,0,0.109511569,0.027637818,0.804016706,0.804016706,0.100000000,0.013631127,0.013631127,0.044036469,0.003442981,1.000000000,0.000000000,0.000000000,0.000000000,0.000000000,0.000000000,0.515151515,0.266354519,0.415632717,1.000000000,0.000000000,0.000000000,0.000000000,1.000000000,93.848312378,17.401622772,0.732274950,0.999999940,-0.000254948,0.000071565,-0.000073379
1494,154.832000000,fused_map_f2f,1,1,0,0.110779528,0.027525328,0.798997701,0.798997701,0.100000000,0.013715579,0.013715579,0.044300835,0.003464533,1.000000000,0.000000000,0.000000000,0.000000000,0.000000000,0.000000000,0.550724638,0.317692967,0.457511970,1.000000000,0.000000000,0.000000000,0.000000000,1.000000000,94.020606995,17.401538849,0.732013524,0.999999940,-0.000219642,0.000076864,-0.000045551
1495,154.930000000,fused_map_f2f,1,1,0,0.111529297,0.028020807,0.796029865,0.796029865,0.100000000,0.013766010,0.013766010,0.044458659,0.003477405,1.000000000,0.000000000,0.000000000,0.000000000,0.000000000,0.000000000,0.492753623,0.226492153,0.386249035,1.000000000,0.000000000,0.000000000,0.000000000,1.000000000,94.154785156,17.401525497,0.731953681,0.999999940,-0.000235903,0.000061936,-0.000049853
1496,155.026000000,fused_map_f2f,1,1,0,0.109666174,0.018573494,0.803404727,0.803404727,0.100000000,0.013641369,0.013641369,0.044068535,0.003445594,1.000000000,0.000000000,0.000000000,0.000000000,0.000000000,0.000000000,0.552238806,0.252771215,0.432451770,1.000000000,0.000000000,0.000000000,0.000000000,1.000000000,94.252174377,17.401933670,0.732095957,1.000000000,-0.000096824,0.000051801,-0.000034419
1497,155.129000000,fused_map_f2f,1,1,0,0.111404596,0.021284839,0.796523474,0.796523474,0.100000000,0.013757597,0.013757597,0.044432332,0.003475258,1.000000000,0.000000000,0.000000000,0.000000000,0.000000000,0.000000000,0.500000000,0.247254033,0.398901613,1.000000000,0.000000000,0.000000000,0.000000000,1.000000000,94.374038696,17.401803970,0.731909871,0.999999940,-0.000380585,0.000059669,-0.000077857
1498,155.222000000,fused_map_f2f,1,1,0,0.112466491,0.042539968,0.792320139,0.792320139,0.100000000,0.013829573,0.013829573,0.044657523,0.003493630,1.000000000,0.000000000,0.000000000,0.000000000,0.000000000,0.000000000,0.593750000,0.385442824,0.510427130,1.000000000,0.000000000,0.000000000,0.000000000,1.000000000,94.475105286,17.402124405,0.732149601,0.999999940,-0.000193193,0.000031022,-0.000102002
1499,155.318000000,fused_map_f2f,1,1,0,0.112999717,0.024715898,0.790209453,0.790209453,0.100000000,0.013866000,0.013866000,0.044771465,0.003502929,1.000000000,0.000000000,0.000000000,0.000000000,0.000000000,0.000000000,0.584615385,1.000000000,0.750769231,1.000000000,0.000000000,0.000000000,0.000000000,1.000000000,94.584045410,17.401617050,0.732023776,0.999999881,-0.000416346,-0.000006100,-0.000123224
1500,155.419000000,fused_map_f2f,1,1,0,0.115363137,0.025775102,0.780854250,0.780854250,0.100000000,0.014029794,0.014029794,0.045283570,0.003544748,1.000000000,0.000000000,0.000000000,0.000000000,0.000000000,0.000000000,0.539682540,0.360687958,0.468084707,1.000000000,0.000000000,0.000000000,0.000000000,1.000000000,94.736450195,17.402921677,0.731861889,0.999999940,-0.000330282,0.000072182,-0.000102629
1501,155.516000000,fused_map_f2f,1,1,0,0.114814861,0.024212541,0.783024507,0.783024507,0.100000000,0.013991453,0.013991453,0.045163729,0.003534958,1.000000000,0.000000000,0.000000000,0.000000000,0.000000000,0.000000000,0.578125000,0.353531741,0.488287696,1.000000000,0.000000000,0.000000000,0.000000000,1.000000000,94.847709656,17.401872635,0.731869996,0.999999940,-0.000334966,0.000062550,-0.000114845
1502,155.629000000,fused_map_f2f,1,1,0,0.116679744,0.030338661,0.775642679,0.775642679,0.100000000,0.014122730,0.014122730,0.045573965,0.003568480,1.000000000,0.000000000,0.000000000,0.000000000,0.000000000,0.000000000,0.530303030,0.262801055,0.423302240,1.000000000,0.000000000,0.000000000,0.000000000,1.000000000,95.036613464,17.402992249,0.731950343,0.999999881,-0.000484053,0.000064405,-0.000085584
1503,155.724000000,fused_map_f2f,1,1,0,0.119846359,0.053135406,0.763108161,0.763108161,0.100000000,0.014351375,0.014351375,0.046287895,0.003626882,1.000000000,0.000000000,0.000000000,0.000000000,0.000000000,0.000000000,0.625000000,0.288527303,0.490410921,1.000000000,0.000000000,0.000000000,0.000000000,1.000000000,95.173759460,17.402019501,0.732259095,0.999999940,-0.000322936,0.000061710,-0.000103342
1504,155.820000000,fused_map_f2f,1,1,0,0.121430162,0.019352939,0.756838943,0.756838943,0.100000000,0.014468534,0.014468534,0.046653429,0.003656815,1.000000000,0.000000000,0.000000000,0.000000000,0.000000000,0.000000000,0.578125000,0.450055139,0.526897055,1.000000000,0.000000000,0.000000000,0.000000000,1.000000000,95.271308899,17.401618958,0.732182145,0.999999940,-0.000208531,0.000036011,-0.000207741
1505,155.920000000,fused_map_f2f,1,1,0,0.119917285,0.021120758,0.762827412,0.762827412,0.100000000,0.014356581,0.014356581,0.046304142,0.003628212,1.000000000,0.000000000,0.000000000,0.000000000,0.000000000,0.000000000,0.600000000,1.000000000,0.760000000,1.000000000,0.000000000,0.000000000,0.000000000,1.000000000,95.375473022,17.401449203,0.732421100,1.000000000,-0.000034027,-0.000019858,-0.000170840
1506,156.014000000,fused_map_f2f,1,1,0,0.122711100,0.023324444,0.751768561,0.751768561,0.100000000,0.014564697,0.014564697,0.046953314,0.003681388,1.000000000,0.000000000,0.000000000,0.000000000,0.000000000,0.000000000,0.603174603,1.000000000,0.761904762,1.000000000,0.000000000,0.000000000,0.000000000,1.000000000,95.470550537,17.401334763,0.732477605,0.999999940,0.000164722,0.000031265,-0.000146151
1507,156.122000000,fused_map_f2f,1,1,0,0.125425711,0.028758734,0.741023229,0.741023229,0.100000000,0.014772775,0.014772775,0.047601759,0.003734571,1.000000000,0.000000000,0.000000000,0.000000000,0.000000000,0.000000000,0.562500000,0.366554669,0.484121868,1.000000000,0.000000000,0.000000000,0.000000000,1.000000000,95.591392517,17.401021957,0.732999504,0.999999881,0.000393110,-0.000003564,-0.000169647
1508,156.222000000,fused_map_f2f,1,1,0,0.125666302,0.020796786,0.740070888,0.740070888,0.100000000,0.014791503,0.014791503,0.047660094,0.003739359,1.000000000,0.000000000,0.000000000,0.000000000,0.000000000,0.000000000,0.538461538,0.293393130,0.440434175,1.000000000,0.000000000,0.000000000,0.000000000,1.000000000,95.783126831,17.400678635,0.731345594,0.999999821,-0.000617858,0.000061271,-0.000050062
1509,156.316000000,fused_map_f2f,1,1,0,0.127685034,0.020240625,0.732080074,0.732080074,0.100000000,0.014950542,0.014950542,0.048155263,0.003780021,1.000000000,0.000000000,0.000000000,0.000000000,0.000000000,0.000000000,0.546875000,0.323019186,0.457332674,1.000000000,0.000000000,0.000000000,0.000000000,1.000000000,95.885848999,17.400503159,0.730929077,0.999999821,-0.000585762,0.000077483,-0.000044710
1510,156.418000000,fused_map_f2f,1,1,0,0.125763936,0.024014602,0.739684421,0.739684421,0.100000000,0.014799117,0.014799117,0.047683808,0.003741305,1.000000000,0.000000000,0.000000000,0.000000000,0.000000000,0.000000000,0.538461538,0.425830897,0.493409282,1.000000000,0.000000000,0.000000000,0.000000000,1.000000000,96.010459900,17.400686264,0.731294215,0.999999762,-0.000695498,0.000059930,-0.000028554
1511,156.530000000,fused_map_f2f,1,1,0,0.124732153,0.025167808,0.743768560,0.743768560,0.100000000,0.014719049,0.014719049,0.047434390,0.003720838,1.000000000,0.000000000,0.000000000,0.000000000,0.000000000,0.000000000,0.587301587,0.492728886,0.549472507,1.000000000,0.000000000,0.000000000,0.000000000,1.000000000,96.170265198,17.401453018,0.731677830,0.999999881,-0.000500953,0.000058174,-0.000010906
1512,156.621000000,fused_map_f2f,1,1,0,0.126040156,0.040593006,0.738591050,0.738591050,0.100000000,0.014820700,0.014820700,0.047751026,0.003746823,1.000000000,0.000000000,0.000000000,0.000000000,0.000000000,0.000000000,0.537313433,0.216064322,0.408813789,1.000000000,0.000000000,0.000000000,0.000000000,1.000000000,96.270301819,17.401035309,0.732066453,0.999999940,-0.000390321,0.000015211,-0.000048317
1513,156.725000000,fused_map_f2f,1,1,0,0.123806327,0.023269808,0.747433289,0.747433289,0.100000000,0.014647938,0.014647938,0.047212795,0.003702662,1.000000000,0.000000000,0.000000000,0.000000000,0.000000000,0.000000000,0.606557377,0.401312386,0.524459381,1.000000000,0.000000000,0.000000000,0.000000000,1.000000000,96.386703491,17.400405884,0.731808543,0.999999821,-0.000573124,0.000060464,-0.000049800
1514,156.816000000,fused_map_f2f,1,1,0,0.125352235,0.025504347,0.741314070,0.741314070,0.100000000,0.014767064,0.014767064,0.047583972,0.003733111,1.000000000,0.000000000,0.000000000,0.000000000,0.000000000,0.000000000,0.578125000,1.000000000,0.746875000,1.000000000,0.000000000,0.000000000,0.000000000,1.000000000,96.472221375,17.400190353,0.732147038,0.999999821,-0.000524888,0.000096954,0.000022632
1515,156.929000000,fused_map_f2f,1,1,0,0.122969301,0.023339612,0.750746516,0.750746516,0.100000000,0.014584236,0.014584236,0.047014230,0.003686381,1.000000000,0.000000000,0.000000000,0.000000000,0.000000000,0.000000000,0.578125000,0.508831854,0.550407742,1.000000000,0.000000000,0.000000000,0.000000000,1.000000000,96.582054138,17.399501801,0.732511759,0.999999881,-0.000518030,0.000095261,-0.000050417
1516,157.023000000,fused_map_f2f,1,1,0,0.122257657,0.052326140,0.753563442,0.753563442,0.100000000,0.014530510,0.014530510,0.046846717,0.003672652,1.000000000,0.000000000,0.000000000,0.000000000,0.000000000,0.000000000,0.548387097,0.316231903,0.455525019,1.000000000,0.000000000,0.000000000,0.000000000,1.000000000,96.668586731,17.399126053,0.733036399,0.999999821,-0.000616847,0.000041844,-0.000105023
1517,157.121000000,fused_map_f2f,1,1,0,0.122161533,0.029699937,0.753943933,0.753943933,0.100000000,0.014523283,0.014523283,0.046824182,0.003670805,1.000000000,0.000000000,0.000000000,0.000000000,0.000000000,0.000000000,0.596774194,0.481655156,0.550726578,1.000000000,0.000000000,0.000000000,0.000000000,1.000000000,96.787094116,17.400074005,0.731879294,0.999999821,-0.000543681,0.000048067,-0.000100111
1518,157.222000000,fused_map_f2f,1,1,0,0.120060743,0.021554900,0.762259559,0.762259559,0.100000000,0.014367122,0.014367122,0.046337038,0.003630905,1.000000000,0.000000000,0.000000000,0.000000000,0.000000000,0.000000000,0.596774194,0.448523603,0.537473957,1.000000000,0.000000000,0.000000000,0.000000000,1.000000000,96.880638123,17.399204254,0.731819928,0.999999702,-0.000740633,-0.000045649,-0.000115092
1519,157.323000000,fused_map_f2f,1,1,0,0.121469642,0.025210147,0.756682666,0.756682666,0.100000000,0.014471478,0.014471478,0.046662615,0.003657567,1.000000000,0.000000000,0.000000000,0.000000000,0.000000000,0.000000000,0.580645161,0.311931544,0.473159714,1.000000000,0.000000000,0.000000000,0.000000000,1.000000000,96.983932495,17.400178909,0.731918454,0.999999762,-0.000630355,0.000047249,-0.000093735
1520,157.430000000,fused_map_f2f,1,1,0,0.117554666,0.018884635,0.772179449,0.772179449,0.100000000,0.014185172,0.014185172,0.045769010,0.003584427,1.000000000,0.000000000,0.000000000,0.000000000,0.000000000,0.000000000,0.530303030,0.230936513,0.410556423,1.000000000,0.000000000,0.000000000,0.000000000,1.000000000,97.075645447,17.400796890,0.732023537,0.999999881,-0.000399960,0.000027912,-0.000125872
1521,157.514000000,fused_map_f2f,1,1,0,0.119443721,0.021154446,0.764701938,0.764701938,0.100000000,0.014321893,0.014321893,0.046195879,0.003619350,1.000000000,0.000000000,0.000000000,0.000000000,0.000000000,0.000000000,0.567164179,1.000000000,0.740298507,1.000000000,0.000000000,0.000000000,0.000000000,1.000000000,97.146675110,17.401220322,0.731994927,0.999999940,-0.000253917,0.000009879,-0.000148448
1522,157.623000000,fused_map_f2f,1,1,0,0.117196689,0.032613797,0.773596438,0.773596438,0.100000000,0.014159557,0.014159557,0.045689005,0.003577885,1.000000000,0.000000000,0.000000000,0.000000000,0.000000000,0.000000000,0.584615385,0.465352882,0.536910384,1.000000000,0.000000000,0.000000000,0.000000000,1.000000000,97.255485535,17.400072098,0.731689394,0.999999881,-0.000402032,0.000040267,-0.000109126
1523,157.717000000,fused_map_f2f,1,1,0,0.116767860,0.014725680,0.775293887,0.775293887,0.100000000,0.014128994,0.014128994,0.045593533,0.003570080,1.000000000,0.000000000,0.000000000,0.000000000,0.000000000,0.000000000,0.564516129,0.362501293,0.483710195,1.000000000,0.000000000,0.000000000,0.000000000,1.000000000,97.384605408,17.400831223,0.731663108,0.999999940,-0.000400893,0.000023430,-0.000041702
1524,157.832000000,fused_map_f2f,1,1,0,0.118420228,0.031111792,0.768753263,0.768753263,0.100000000,0.014247492,0.014247492,0.045963617,0.003600345,1.000000000,0.000000000,0.000000000,0.000000000,0.000000000,0.000000000,0.562500000,1.000000000,0.737500000,1.000000000,0.000000000,0.000000000,0.000000000,1.000000000,97.480804443,17.400388718,0.731368542,0.999999881,-0.000518018,-0.000013865,-0.000032084
1525,157.938000000,fused_map_f2f,1,1,0,0.119057998,0.016813939,0.766228757,0.766228757,0.100000000,0.014293762,0.014293762,0.046108072,0.003612164,1.000000000,0.000000000,0.000000000,0.000000000,0.000000000,0.000000000,0.580645161,1.000000000,0.748387097,1.000000000,0.000000000,0.000000000,0.000000000,1.000000000,97.623992920,17.400470734,0.731316745,0.999999881,-0.000454877,0.000021894,-0.000049695
1526,158.033000000,fused_map_f2f,1,1,0,0.117731101,0.021680774,0.771481058,0.771481058,0.100000000,0.014197831,0.014197831,0.045808544,0.003587660,1.000000000,0.000000000,0.000000000,0.000000000,0.000000000,0.000000000,0.571428571,1.000000000,0.742857143,1.000000000,0.000000000,0.000000000,0.000000000,1.000000000,97.714118958,17.400520325,0.730911195,0.999999940,-0.000366177,0.000027229,-0.000049619
1527,158.129000000,fused_map_f2f,1,1,0,0.117336948,0.037332241,0.773041248,0.773041248,0.100000000,0.014169582,0.014169582,0.045720318,0.003580446,1.000000000,0.000000000,0.000000000,0.000000000,0.000000000,0.000000000,0.548387097,0.386413492,0.483597655,1.000000000,0.000000000,0.000000000,0.000000000,1.000000000,97.784706116,17.400554657,0.731006205,0.999999940,-0.000395341,-0.000007857,-0.000047744
1528,158.221000000,fused_map_f2f,1,1,0,0.115785254,0.025692531,0.779183371,0.779183371,0.100000000,0.014059457,0.014059457,0.045376269,0.003552322,1.000000000,0.000000000,0.000000000,0.000000000,0.000000000,0.000000000,0.557377049,1.000000000,0.734426230,1.000000000,0.000000000,0.000000000,0.000000000,1.000000000,97.854614258,17.400428772,0.731530011,0.999999881,-0.000457296,0.000015581,-0.000071369
1529,158.316000000,fused_map_f2f,1,1,0,0.114901717,0.024550918,0.782680705,0.782680705,0.100000000,0.013997513,0.013997513,0.045182671,0.003536505,1.000000000,0.000000000,0.000000000,0.000000000,0.000000000,0.000000000,0.564516129,0.506699562,0.541389502,1.000000000,0.000000000,0.000000000,0.000000000,1.000000000,97.949707031,17.400150299,0.731482148,0.999999881,-0.000502529,0.000011186,-0.000066131
1530,158.433000000,fused_map_f2f,1,1,0,0.117724806,0.024735041,0.771505974,0.771505974,0.100000000,0.014197379,0.014197379,0.045807133,0.003587545,1.000000000,0.000000000,0.000000000,0.000000000,0.000000000,0.000000000,0.596774194,1.000000000,0.758064516,1.000000000,0.000000000,0.000000000,0.000000000,1.000000000,98.034461975,17.400207520,0.731905997,0.999999821,-0.000542911,-0.000011107,-0.000062239
1531,158.523000000,fused_map_f2f,1,1,0,0.115862412,0.020959955,0.778877951,0.778877951,0.100000000,0.014064892,0.014064892,0.045393255,0.003553710,1.000000000,0.000000000,0.000000000,0.000000000,0.000000000,0.000000000,0.569230769,0.494055449,0.539160641,1.000000000,0.000000000,0.000000000,0.000000000,1.000000000,98.124465942,17.399930954,0.731547236,0.999999881,-0.000483100,0.000020195,-0.000076227
1532,158.627000000,fused_map_f2f,1,1,0,0.114183083,0.045880296,0.785525296,0.785525296,0.100000000,0.013947531,0.013947531,0.045026420,0.003523743,1.000000000,0.000000000,0.000000000,0.000000000,0.000000000,0.000000000,0.539682540,0.482409639,0.516773380,1.000000000,0.000000000,0.000000000,0.000000000,1.000000000,98.209419250,17.400098801,0.731899083,0.999999940,-0.000362208,-0.000026548,-0.000112694
1533,158.732000000,fused_map_f2f,1,1,0,0.118668764,0.016651131,0.767769477,0.767769477,0.100000000,0.014265487,0.014265487,0.046019803,0.003604942,1.000000000,0.000000000,0.000000000,0.000000000,0.000000000,0.000000000,0.557377049,0.473037513,0.523641235,1.000000000,0.000000000,0.000000000,0.000000000,1.000000000,98.314308167,17.399778366,0.731648147,0.999999881,-0.000408227,0.000011288,-0.000088770
1534,158.817000000,fused_map_f2f,1,1,0,0.116476748,0.035257589,0.776446207,0.776446207,0.100000000,0.014108321,0.014108321,0.045528949,0.003564800,1.000000000,0.000000000,0.000000000,0.000000000,0.000000000,0.000000000,0.566666667,1.000000000,0.740000000,1.000000000,0.000000000,0.000000000,0.000000000,1.000000000,98.381126404,17.399965286,0.731856585,0.999999940,-0.000322312,-0.000019720,-0.000137005
1535,158.935000000,fused_map_f2f,1,1,0,0.120751438,0.018654816,0.759525556,0.759525556,0.100000000,0.014418093,0.014418093,0.046496079,0.003643927,1.000000000,0.000000000,0.000000000,0.000000000,0.000000000,0.000000000,0.583333333,1.000000000,0.750000000,1.000000000,0.000000000,0.000000000,0.000000000,1.000000000,98.476089478,17.400157928,0.732215166,0.999999940,-0.000253483,-0.000081958,-0.000125877
1536,159.031000000,fused_map_f2f,1,1,0,0.116721391,0.024211471,0.775477829,0.775477829,0.100000000,0.014125689,0.014125689,0.045583212,0.003569236,1.000000000,0.000000000,0.000000000,0.000000000,0.000000000,0.000000000,0.578125000,1.000000000,0.746875000,1.000000000,0.000000000,0.000000000,0.000000000,1.000000000,98.579719543,17.399982452,0.732349813,0.999999940,-0.000235576,-0.000002298,-0.000046413
1537,159.123000000,fused_map_f2f,1,1,0,0.118583856,0.028992194,0.768105571,0.768105571,0.100000000,0.014259334,0.014259334,0.046000593,0.003603370,1.000000000,0.000000000,0.000000000,0.000000000,0.000000000,0.000000000,0.548387097,0.487509440,0.524036034,1.000000000,0.000000000,0.000000000,0.000000000,1.000000000,98.648010254,17.400009155,0.732244372,1.000000000,-0.000155649,-0.000009571,-0.000108620
1538,159.219000000,fused_map_f2f,1,1,0,0.115194553,0.016133367,0.781521559,0.781521559,0.100000000,0.014017983,0.014017983,0.045246653,0.003541732,1.000000000,0.000000000,0.000000000,0.000000000,0.000000000,0.000000000,0.550000000,1.000000000,0.730000000,1.000000000,0.000000000,0.000000000,0.000000000,1.000000000,98.764778137,17.400304794,0.732988179,1.000000000,-0.000160614,-0.000004070,-0.000037579
1539,159.320000000,fused_map_f2f,1,1,0,0.113605414,0.016072244,0.787811902,0.787811902,0.100000000,0.013907612,0.013907612,0.044901600,0.003513552,1.000000000,0.000000000,0.000000000,0.000000000,0.000000000,0.000000000,0.533333333,0.419351823,0.487740729,1.000000000,0.000000000,0.000000000,0.000000000,1.000000000,98.838897705,17.400663376,0.732958972,1.000000000,-0.000019292,-0.000018851,-0.000027993
1540,159.414000000,fused_map_f2f,1,1,0,0.116752682,0.018706376,0.775353966,0.775353966,0.100000000,0.014127914,0.014127914,0.045590162,0.003569804,1.000000000,0.000000000,0.000000000,0.000000000,0.000000000,0.000000000,0.555555556,1.000000000,0.733333333,1.000000000,0.000000000,0.000000000,0.000000000,1.000000000,98.935676575,17.399864197,0.732439339,0.999999940,-0.000353437,-0.000018971,-0.000067792
1541,159.539000000,fused_map_f2f,1,1,0,0.114565895,0.019631035,0.784009997,0.784009997,0.100000000,0.013974112,0.013974112,0.045109519,0.003530530,1.000000000,0.000000000,0.000000000,0.000000000,0.000000000,0.000000000,0.564516129,1.000000000,0.738709677,1.000000000,0.000000000,0.000000000,0.000000000,1.000000000,99.027320862,17.400533676,0.732695162,0.999999940,-0.000367776,-0.000025805,-0.000083025
1542,159.617000000,fused_map_f2f,1,1,0,0.116924621,0.015201268,0.774673373,0.774673373,0.100000000,0.014140151,0.014140151,0.045628387,0.003572929,1.000000000,0.000000000,0.000000000,0.000000000,0.000000000,0.000000000,0.564516129,1.000000000,0.738709677,1.000000000,0.000000000,0.000000000,0.000000000,1.000000000,99.087745667,17.400951385,0.732338369,0.999999940,-0.000227047,-0.000014329,-0.000074453
1543,159.713000000,fused_map_f2f,1,1,0,0.111738268,0.016787985,0.795202687,0.795202687,0.100000000,0.013780133,0.013780133,0.044502847,0.003481010,1.000000000,0.000000000,0.000000000,0.000000000,0.000000000,0.000000000,0.539682540,0.808368976,0.647157114,1.000000000,0.000000000,0.000000000,0.000000000,1.000000000,99.166168213,17.400911331,0.733020604,1.000000000,-0.000186635,-0.000012711,-0.000085159
1544,159.823000000,fused_map_f2f,1,1,0,0.112654855,0.020206576,0.791574532,0.791574532,0.100000000,0.013842419,0.013842419,0.044697707,0.003496909,1.000000000,0.000000000,0.000000000,0.000000000,0.000000000,0.000000000,0.523809524,1.000000000,0.714285714,1.000000000,0.000000000,0.000000000,0.000000000,1.000000000,99.245010376,17.400501251,0.733016551,0.999999881,-0.000470871,-0.000015551,-0.000179914
1545,159.918000000,fused_map_f2f,1,1,0,0.112767663,0.026980437,0.791128000,0.791128000,0.100000000,0.013850124,0.013850124,0.044721807,0.003498876,1.000000000,0.000000000,0.000000000,0.000000000,0.000000000,0.000000000,0.566666667,1.000000000,0.740000000,1.000000000,0.000000000,0.000000000,0.000000000,1.000000000,99.355926514,17.401330948,0.733092189,0.999999940,-0.000248464,-0.000022607,-0.000058659
1546,160.022000000,fused_map_f2f,1,1,0,0.113613358,0.018850245,0.787780457,0.787780457,0.100000000,0.013908159,0.013908159,0.044903312,0.003513692,1.000000000,0.000000000,0.000000000,0.000000000,0.000000000,0.000000000,0.566666667,1.000000000,0.740000000,1.000000000,0.000000000,0.000000000,0.000000000,1.000000000,99.436096191,17.401374817,0.732670724,0.999999940,-0.000272626,-0.000024508,-0.000085132
1547,160.117000000,fused_map_f2f,1,1,0,0.111026077,0.017626802,0.798021777,0.798021777,0.100000000,0.013732121,0.013732121,0.044352609,0.003468755,1.000000000,0.000000000,0.000000000,0.000000000,0.000000000,0.000000000,0.540983607,1.000000000,0.724590164,1.000000000,0.000000000,0.000000000,0.000000000,1.000000000,99.535987854,17.400772095,0.732419312,0.999999940,-0.000354119,-0.000018933,-0.000083205
1548,160.221000000,fused_map_f2f,1,1,0,0.109316128,0.023720811,0.804790328,0.804790328,0.100000000,0.013618203,0.013618203,0.043996000,0.003439682,1.000000000,0.000000000,0.000000000,0.000000000,0.000000000,0.000000000,0.593220339,1.000000000,0.755932203,1.000000000,0.000000000,0.000000000,0.000000000,1.000000000,99.616447449,17.401517868,0.732942462,1.000000000,-0.000151896,-0.000020134,-0.000085205
1549,160.316000000,fused_map_f2f,1,1,0,0.114219047,0.031807609,0.785382941,0.785382941,0.100000000,0.013950024,0.013950024,0.045034214,0.003524380,1.000000000,0.000000000,0.000000000,0.000000000,0.000000000,0.000000000,0.559322034,0.579652231,0.567454113,1.000000000,0.000000000,0.000000000,0.000000000,1.000000000,99.682998657,17.401502609,0.732878864,1.000000000,-0.000099543,-0.000029299,-0.000060447
1550,160.431000000,fused_map_f2f,1,1,0,0.111271764,0.020791128,0.797049267,0.797049267,0.100000000,0.013748646,0.013748646,0.044404322,0.003472973,1.000000000,0.000000000,0.000000000,0.000000000,0.000000000,0.000000000,0.553571429,0.462920631,0.517311110,1.000000000,0.000000000,0.000000000,0.000000000,1.000000000,99.787628174,17.401401520,0.732636869,1.000000000,-0.000104353,-0.000018933,-0.000104943
1551,160.523000000,fused_map_f2f,1,1,0,0.112422598,0.015383542,0.792493882,0.792493882,0.100000000,0.013826583,0.013826583,0.044648169,0.003492867,1.000000000,0.000000000,0.000000000,0.000000000,0.000000000,0.000000000,0.559322034,0.556014161,0.557998885,1.000000000,0.000000000,0.000000000,0.000000000,1.000000000,99.845207214,17.401433945,0.732735634,0.999999940,-0.000248181,-0.000052959,-0.000121887
1552,160.615000000,fused_map_f2f,1,1,0,0.112510547,0.019974458,0.792145752,0.792145752,0.100000000,0.013832575,0.013832575,0.044666915,0.003494396,1.000000000,0.000000000,0.000000000,0.000000000,0.000000000,0.000000000,0.550000000,0.835259806,0.664103923,1.000000000,0.000000000,0.000000000,0.000000000,1.000000000,99.949859619,17.401266098,0.732453883,0.999999940,-0.000290172,-0.000034671,-0.000098031
1553,160.724000000,fused_map_f2f,1,1,0,0.111053786,0.019108514,0.797912096,0.797912096,0.100000000,0.013733983,0.013733983,0.044358435,0.003469231,1.000000000,0.000000000,0.000000000,0.000000000,0.000000000,0.000000000,0.500000000,1.000000000,0.700000000,1.000000000,0.000000000,0.000000000,0.000000000,1.000000000,100.025917053,17.401283264,0.732927442,1.000000000,-0.000105735,-0.000047771,-0.000082180
1554,160.823000000,fused_map_f2f,1,1,0,0.114529548,0.017122701,0.784153871,0.784153871,0.100000000,0.013971584,0.013971584,0.045101616,0.003529884,1.000000000,0.000000000,0.000000000,0.000000000,0.000000000,0.000000000,0.573770492,1.000000000,0.744262295,1.000000000,0.000000000,0.000000000,0.000000000,1.000000000,100.089233398,17.401851654,0.732978106,1.000000000,-0.000033035,-0.000041451,-0.000104201
1555,160.917000000,fused_map_f2f,1,1,0,0.112682879,0.014589366,0.791463606,0.791463606,0.100000000,0.013844332,0.013844332,0.044703691,0.003497397,1.000000000,0.000000000,0.000000000,0.000000000,0.000000000,0.000000000,0.550000000,1.000000000,0.730000000,1.000000000,0.000000000,0.000000000,0.000000000,1.000000000,100.174911499,17.401988983,0.732514739,0.999999940,-0.000194940,-0.000030685,-0.000112914
1556,161.088000000,fused_map_f2f,1,1,0,0.114921212,0.021782781,0.782603535,0.782603535,0.100000000,0.013998874,0.013998874,0.045186925,0.003536852,1.000000000,0.000000000,0.000000000,0.000000000,0.000000000,0.000000000,0.620689655,1.000000000,0.772413793,1.000000000,0.000000000,0.000000000,0.000000000,1.000000000,100.299400330,17.401290894,0.732439756,0.999999940,-0.000328913,-0.000083572,-0.000155384
1557,161.116000000,fused_map_f2f,1,1,0,0.114739779,0.019101770,0.783321706,0.783321706,0.100000000,0.013986219,0.013986219,0.045147367,0.003533621,1.000000000,0.000000000,0.000000000,0.000000000,0.000000000,0.000000000,0.566666667,0.606704352,0.582681741,1.000000000,0.000000000,0.000000000,0.000000000,1.000000000,100.342498779,17.400432587,0.731868982,0.999999940,-0.000249435,-0.000026926,-0.000139146
1558,161.236000000,fused_map_f2f,1,1,0,0.113999193,0.018746630,0.786253195,0.786253195,0.100000000,0.013934799,0.013934799,0.044986611,0.003520493,1.000000000,0.000000000,0.000000000,0.000000000,0.000000000,0.000000000,0.600000000,1.000000000,0.760000000,1.000000000,0.000000000,0.000000000,0.000000000,1.000000000,100.429214478,17.401512146,0.732117534,0.999999940,-0.000118854,-0.000031626,-0.000122271
1559,161.321000000,fused_map_f2f,1,1,0,0.117942008,0.024548658,0.770646218,0.770646218,0.100000000,0.014212993,0.014212993,0.045855893,0.003591533,1.000000000,0.000000000,0.000000000,0.000000000,0.000000000,0.000000000,0.596491228,1.000000000,0.757894737,1.000000000,0.000000000,0.000000000,0.000000000,1.000000000,100.490234375,17.402177811,0.732093394,1.000000000,-0.000044177,-0.000042314,-0.000179095
1560,161.419000000,fused_map_f2f,1,1,0,0.117238848,0.014188774,0.773429562,0.773429562,0.100000000,0.014162569,0.014162569,0.045698413,0.003578654,1.000000000,0.000000000,0.000000000,0.000000000,0.000000000,0.000000000,0.543859649,0.691877740,0.603066886,1.000000000,0.000000000,0.000000000,0.000000000,1.000000000,100.580146790,17.400676727,0.732201636,0.999999940,-0.000188939,-0.000033125,-0.000124516
1561,161.520000000,fused_map_f2f,1,1,0,0.117673028,0.024578768,0.771710931,0.771710931,0.100000000,0.014193662,0.014193662,0.045795524,0.003586596,1.000000000,0.000000000,0.000000000,0.000000000,0.000000000,0.000000000,0.550000000,0.672556007,0.599022403,1.000000000,0.000000000,0.000000000,0.000000000,1.000000000,100.659820557,17.400018692,0.731840730,0.999999940,-0.000150392,-0.000040067,-0.000155772
1562,161.617000000,fused_map_f2f,1,1,0,0.118729865,0.017502600,0.767527616,0.767527616,0.100000000,0.014269918,0.014269918,0.046033637,0.003606073,1.000000000,0.000000000,0.000000000,0.000000000,0.000000000,0.000000000,0.593220339,1.000000000,0.755932203,1.000000000,0.000000000,0.000000000,0.000000000,1.000000000,100.740806580,17.399612427,0.731957972,0.999999881,-0.000367174,-0.000020789,-0.000156273
1563,161.725000000,fused_map_f2f,1,1,0,0.116579463,0.018289213,0.776039624,0.776039624,0.100000000,0.014115608,0.014115608,0.045551716,0.003566661,1.000000000,0.000000000,0.000000000,0.000000000,0.000000000,0.000000000,0.603448276,1.000000000,0.762068966,1.000000000,0.000000000,0.000000000,0.000000000,1.000000000,100.832382202,17.400362015,0.731893837,0.999999940,-0.000185561,-0.000024797,-0.000150522
1564,161.831000000,fused_map_f2f,1,1,0,0.117077229,0.020419940,0.774069301,0.774069301,0.100000000,0.014151029,0.014151029,0.045662369,0.003575707,1.000000000,0.000000000,0.000000000,0.000000000,0.000000000,0.000000000,0.596491228,1.000000000,0.757894737,1.000000000,0.000000000,0.000000000,0.000000000,1.000000000,100.945121765,17.399633408,0.731487989,0.999999881,-0.000386196,-0.000016588,-0.000126957
1565,161.931000000,fused_map_f2f,1,1,0,0.118660553,0.022333068,0.767801979,0.767801979,0.100000000,0.014264892,0.014264892,0.046017944,0.003604789,1.000000000,0.000000000,0.000000000,0.000000000,0.000000000,0.000000000,0.578947368,1.000000000,0.747368421,1.000000000,0.000000000,0.000000000,0.000000000,1.000000000,101.034027100,17.399057388,0.731806099,0.999999940,-0.000253467,-0.000011203,-0.000134118
1566,162.026000000,fused_map_f2f,1,1,0,0.120277815,0.015650489,0.761400314,0.761400314,0.100000000,0.014383103,0.014383103,0.046386904,0.003634987,1.000000000,0.000000000,0.000000000,0.000000000,0.000000000,0.000000000,0.568965517,0.766691293,0.648055827,1.000000000,0.000000000,0.000000000,0.000000000,1.000000000,101.125152588,17.398738861,0.731161416,0.999999940,-0.000251872,-0.000025711,-0.000139381
1567,162.118000000,fused_map_f2f,1,1,0,0.119942531,0.017844899,0.762727480,0.762727480,0.100000000,0.014358435,0.014358435,0.046309928,0.003628685,1.000000000,0.000000000,0.000000000,0.000000000,0.000000000,0.000000000,0.533333333,0.670148662,0.588059465,1.000000000,0.000000000,0.000000000,0.000000000,1.000000000,101.204627991,17.398729324,0.731330931,0.999999940,-0.000239769,-0.000033288,-0.000135433
1568,162.236000000,fused_map_f2f,1,1,0,0.123827854,0.019699468,0.747348078,0.747348078,0.100000000,0.014649583,0.014649583,0.047217924,0.003703082,1.000000000,0.000000000,0.000000000,0.000000000,0.000000000,0.000000000,0.533333333,1.000000000,0.720000000,1.000000000,0.000000000,0.000000000,0.000000000,1.000000000,101.325790405,17.398658752,0.730727375,0.999999940,-0.000203424,-0.000014966,-0.000140654
1569,162.392000000,fused_map_f2f,1,1,0,0.124927286,0.025578255,0.742996160,0.742996160,0.100000000,0.014734125,0.014734125,0.047481360,0.003724691,1.000000000,0.000000000,0.000000000,0.000000000,0.000000000,0.000000000,0.559322034,0.728767549,0.627100240,1.000000000,0.000000000,0.000000000,0.000000000,1.000000000,101.478599548,17.398674011,0.730606198,0.999999940,-0.000188491,-0.000062867,-0.000157557
1570,162.422000000,fused_map_f2f,1,1,0,0.123062806,0.013898921,0.750376393,0.750376393,0.100000000,0.014591324,0.014591324,0.047036329,0.003688193,1.000000000,0.000000000,0.000000000,0.000000000,0.000000000,0.000000000,0.586206897,0.881479649,0.704315998,1.000000000,0.000000000,0.000000000,0.000000000,1.000000000,101.522308350,17.398168564,0.730546355,0.999999940,-0.000359548,-0.000011998,-0.000126397
1571,162.513000000,fused_map_f2f,1,1,0,0.123618618,0.026891038,0.748176303,0.748176303,0.100000000,0.014633604,0.014633604,0.047168120,0.003698998,1.000000000,0.000000000,0.000000000,0.000000000,0.000000000,0.000000000,0.540983607,0.808193295,0.647867482,1.000000000,0.000000000,0.000000000,0.000000000,1.000000000,101.606895447,17.398170471,0.730592072,0.999999940,-0.000341663,-0.000033392,-0.000162380
1572,162.631000000,fused_map_f2f,1,1,0,0.124989297,0.070531077,0.742750701,0.742750701,0.095831449,0.014133207,0.014133207,0.045606695,0.003571156,1.000000000,0.000000000,0.000000000,0.000000000,0.000000000,0.000000000,0.465517241,0.514740516,0.485206551,1.000000000,0.000000000,0.000000000,0.000000000,1.000000000,101.675155640,17.368621826,0.744826794,0.999717593,0.007579654,-0.001111171,0.022494646
1573,162.729000000,fused_map_f2f,1,1,0,0.126816721,0.121332516,0.735517147,0.735517147,0.075722546,0.011309676,0.011309676,0.036729654,0.002851607,1.000000000,0.000000000,0.000000000,0.000000000,0.000000000,0.000000000,0.540000000,0.590618289,0.560247316,1.000000000,0.000000000,0.000000000,0.000000000,1.000000000,101.700332642,17.326776505,0.766184330,0.998642445,0.025911378,-0.016575681,0.042037342
1574,162.827000000,fused_map_f2f,1,1,0,0.122028933,0.095650971,0.754468807,0.754468807,0.085888157,0.012490811,0.012490811,0.040456910,0.003152233,1.000000000,0.000000000,0.000000000,0.000000000,0.000000000,0.000000000,0.595238095,0.830580915,0.689375223,1.000000000,0.000000000,0.000000000,0.000000000,1.000000000,101.739601135,17.302303314,0.781168342,0.997316122,0.044011258,-0.040081915,0.042626288
1575,162.913000000,fused_map_f2f,1,1,0,0.123649696,0.083540628,0.748053286,0.748053286,0.090681835,0.013290296,0.013290296,0.042968504,0.003356026,1.000000000,0.000000000,0.000000000,0.000000000,0.000000000,0.000000000,0.615384615,0.770597743,0.677469866,1.000000000,0.000000000,0.000000000,0.000000000,1.000000000,101.804641724,17.301919937,0.785204113,0.996848762,0.049127851,-0.049372409,0.037964776
1576,163.016000000,fused_map_f2f,1,1,0,0.122682203,0.035370511,0.751882946,0.751882946,0.100000000,0.014562513,0.014562513,0.046946506,0.003680830,1.000000000,0.000000000,0.000000000,0.000000000,0.000000000,0.000000000,0.621621622,0.915023707,0.738982456,1.000000000,0.000000000,0.000000000,0.000000000,1.000000000,101.899520874,17.308551788,0.784488499,0.996984065,0.048890237,-0.050275687,0.033239458
1577,163.116000000,fused_map_f2f,1,1,0,0.124266700,0.024247350,0.745610978,0.745610978,0.100000000,0.014683212,0.014683212,0.047322725,0.003711678,1.000000000,0.000000000,0.000000000,0.000000000,0.000000000,0.000000000,0.594594595,0.849040303,0.696372878,1.000000000,0.000000000,0.000000000,0.000000000,1.000000000,101.989631653,17.315961838,0.783767760,0.997091413,0.048798252,-0.050725285,0.029230172
1578,163.225000000,fused_map_f2f,1,1,0,0.122474308,0.019867198,0.752705864,0.752705864,0.100000000,0.014546824,0.014546824,0.046897588,0.003676821,1.000000000,0.000000000,0.000000000,0.000000000,0.000000000,0.000000000,0.594594595,0.867775306,0.703866879,1.000000000,0.000000000,0.000000000,0.000000000,1.000000000,102.087112427,17.322696686,0.782132804,0.997201324,0.048500158,-0.050979987,0.025263779
1579,163.314000000,fused_map_f2f,1,1,0,0.126239379,0.052484637,0.737802456,0.737802456,0.100000000,0.014836306,0.014836306,0.047799625,0.003750813,1.000000000,0.000000000,0.000000000,0.000000000,0.000000000,0.000000000,0.621621622,1.000000000,0.772972973,1.000000000,0.000000000,0.000000000,0.000000000,1.000000000,102.167716980,17.325643539,0.784334183,0.997269034,0.049737193,-0.049122833,0.023823751
1580,163.429000000,fused_map_f2f,1,1,0,0.128613727,0.034957348,0.728403997,0.728403997,0.100000000,0.015024860,0.015024860,0.048386532,0.003799025,1.000000000,0.000000000,0.000000000,0.000000000,0.000000000,0.000000000,0.702702703,1.000000000,0.821621622,1.000000000,0.000000000,0.000000000,0.000000000,1.000000000,102.242034912,17.330146790,0.826475263,0.997609138,0.050031975,-0.043000046,0.020586174
1581,163.514000000,fused_map_f2f,1,1,0,0.126247391,0.045842888,0.737770745,0.737770745,0.100000000,0.014836935,0.014836935,0.047801581,0.003750973,1.000000000,0.000000000,0.000000000,0.000000000,0.000000000,0.000000000,0.771428571,1.000000000,0.862857143,1.000000000,0.000000000,0.000000000,0.000000000,1.000000000,102.313903809,17.334426880,0.835562170,0.997687995,0.048005473,-0.044532008,0.018192803
1582,163.615000000,fused_map_f2f,1,1,0,0.125303887,0.021900879,0.741505447,0.741505447,0.100000000,0.014763309,0.014763309,0.047572275,0.003732152,1.000000000,0.000000000,0.000000000,0.000000000,0.000000000,0.000000000,0.757575758,1.000000000,0.854545455,1.000000000,0.000000000,0.000000000,0.000000000,1.000000000,102.403717041,17.337427139,0.835815310,0.997757792,0.047449127,-0.044292014,0.016314710
1583,163.730000000,fused_map_f2f,1,1,0,0.129619593,0.016743150,0.724422446,0.724422446,0.100000000,0.015106192,0.015106192,0.048639537,0.003819825,1.000000000,0.000000000,0.000000000,0.000000000,0.000000000,0.000000000,0.764705882,0.965603371,0.845064878,1.000000000,0.000000000,0.000000000,0.000000000,1.000000000,102.507865906,17.341136932,0.834958971,0.997795880,0.047246967,-0.044439986,0.014004810
1584,163.833000000,fused_map_f2f,1,1,0,0.132650270,0.019493354,0.712426017,0.712426017,0.100000000,0.015356656,0.015356656,0.049418096,0.003883897,1.000000000,0.000000000,0.000000000,0.000000000,0.000000000,0.000000000,0.742857143,1.000000000,0.845714286,1.000000000,0.000000000,0.000000000,0.000000000,1.000000000,102.601112366,17.344449997,0.833776057,0.997818112,0.047142327,-0.044563569,0.012275858
1585,163.929000000,fused_map_f2f,1,1,0,0.134600786,0.017192408,0.704705221,0.704705221,0.100000000,0.015522293,0.015522293,0.049932489,0.003926282,1.000000000,0.000000000,0.000000000,0.000000000,0.000000000,0.000000000,0.756756757,1.000000000,0.854054054,1.000000000,0.000000000,0.000000000,0.000000000,1.000000000,102.679687500,17.346708298,0.833142698,0.997832894,0.047090635,-0.044641230,0.010919018
1586,164.013000000,fused_map_f2f,1,1,0,0.132811041,0.040756992,0.711789631,0.711789631,0.100000000,0.015370175,0.015370175,0.049460094,0.003887356,1.000000000,0.000000000,0.000000000,0.000000000,0.000000000,0.000000000,0.600000000,0.785125256,0.674050102,1.000000000,0.000000000,0.000000000,0.000000000,1.000000000,102.743316650,17.361703873,0.854943573,0.999055505,0.034819622,-0.025985325,0.000682918
1587,164.113000000,fused_map_f2f,1,1,0,0.136206910,0.032803990,0.698347649,0.698347649,0.100000000,0.015661391,0.015661391,0.050364167,0.003961884,1.000000000,0.000000000,0.000000000,0.000000000,0.000000000,0.000000000,0.578947368,1.000000000,0.747368421,1.000000000,0.000000000,0.000000000,0.000000000,1.000000000,102.823944092,17.373706818,0.870295346,0.999547720,0.026763808,-0.012956079,-0.004493178
1588,164.216000000,fused_map_f2f,1,1,0,0.138019484,0.066301316,0.691172876,0.691172876,0.097505729,0.015432855,0.015432855,0.049654782,0.003903394,1.000000000,0.000000000,0.000000000,0.000000000,0.000000000,0.000000000,0.611111111,1.000000000,0.766666667,1.000000000,0.000000000,0.000000000,0.000000000,1.000000000,102.899459839,17.372997284,0.870234191,0.999577701,0.026201064,-0.011726130,-0.004523209
1589,164.319000000,fused_map_f2f,1,1,0,0.137511605,0.027104329,0.693183230,0.693183230,0.100000000,0.015776232,0.015776232,0.050720363,0.003991284,1.000000000,0.000000000,0.000000000,0.000000000,0.000000000,0.000000000,0.559322034,1.000000000,0.735593220,1.000000000,0.000000000,0.000000000,0.000000000,1.000000000,102.972328186,17.372304916,0.870156825,0.999598682,0.025733965,-0.011094592,-0.004145915
1590,164.426000000,fused_map_f2f,1,1,0,0.136325006,0.016055008,0.697880185,0.697880185,0.100000000,0.015671717,0.015671717,0.050396202,0.003964528,1.000000000,0.000000000,0.000000000,0.000000000,0.000000000,0.000000000,0.576271186,1.000000000,0.745762712,1.000000000,0.000000000,0.000000000,0.000000000,1.000000000,103.045486450,17.371461868,0.869317830,0.999600232,0.025797660,-0.011073077,-0.003362663
1591,164.525000000,fused_map_f2f,1,1,0,0.139569345,0.013124164,0.685038009,0.685038009,0.100000000,0.015960820,0.015960820,0.051292504,0.004038549,1.000000000,0.000000000,0.000000000,0.000000000,0.000000000,0.000000000,0.578947368,0.966614381,0.734014174,1.000000000,0.000000000,0.000000000,0.000000000,1.000000000,103.125099182,17.369335175,0.868609250,0.999608636,0.025560472,-0.011042261,-0.002700257
1592,164.633000000,fused_map_f2f,1,1,0,0.139015263,0.013599696,0.687231249,0.687231249,0.100000000,0.015910693,0.015910693,0.051137179,0.004025712,1.000000000,0.000000000,0.000000000,0.000000000,0.000000000,0.000000000,0.568965517,1.000000000,0.741379310,1.000000000,0.000000000,0.000000000,0.000000000,1.000000000,103.193023682,17.369531631,0.868353963,0.999605298,0.025749471,-0.011034599,-0.002106940
1593,164.718000000,fused_map_f2f,1,1,0,0.139075200,0.011591070,0.686994001,0.686994001,0.100000000,0.015916100,0.015916100,0.051153936,0.004027097,1.000000000,0.000000000,0.000000000,0.000000000,0.000000000,0.000000000,0.568965517,1.000000000,0.741379310,1.000000000,0.000000000,0.000000000,0.000000000,1.000000000,103.245292664,17.369171143,0.867115617,0.999600768,0.025954319,-0.011034218,-0.001722629
1594,164.819000000,fused_map_f2f,1,1,0,0.139780121,0.013408486,0.684203688,0.684203688,0.100000000,0.015979972,0.015979972,0.051351838,0.004043454,1.000000000,0.000000000,0.000000000,0.000000000,0.000000000,0.000000000,0.618181818,1.000000000,0.770909091,1.000000000,0.000000000,0.000000000,0.000000000,1.000000000,103.310997009,17.368341446,0.865703404,0.999602377,0.025922300,-0.011022812,-0.001294619
1595,164.925000000,fused_map_f2f,1,1,0,0.139371551,0.013575609,0.685820946,0.685820946,0.100000000,0.015942890,0.015942890,0.051236948,0.004033957,1.000000000,0.000000000,0.000000000,0.000000000,0.000000000,0.000000000,0.596491228,1.000000000,0.757894737,1.000000000,0.000000000,0.000000000,0.000000000,1.000000000,103.369316101,17.367996216,0.864876270,0.999601185,0.025992956,-0.010987001,-0.001042336
1596,165.023000000,fused_map_f2f,1,1,0,0.140868498,0.012386398,0.679895530,0.679895530,0.100000000,0.016079601,0.016079601,0.051660419,0.004068971,1.000000000,0.000000000,0.000000000,0.000000000,0.000000000,0.000000000,0.578947368,1.000000000,0.747368421,1.000000000,0.000000000,0.000000000,0.000000000,1.000000000,103.430831909,17.368242264,0.864452243,0.999598265,0.026123095,-0.010978787,-0.000634290
1597,165.124000000,fused_map_f2f,1,1,0,0.141016883,0.010079745,0.679308172,0.679308172,0.100000000,0.016093280,0.016093280,0.051702778,0.004072475,1.000000000,0.000000000,0.000000000,0.000000000,0.000000000,0.000000000,0.614035088,1.000000000,0.768421053,1.000000000,0.000000000,0.000000000,0.000000000,1.000000000,103.487815857,17.367773056,0.862796962,0.999596119,0.026210792,-0.010975832,-0.000396046
1598,165.230000000,fused_map_f2f,1,1,0,0.144109128,0.011142846,0.667068035,0.667068035,0.100000000,0.016383740,0.016383740,0.052601577,0.004146891,1.000000000,0.000000000,0.000000000,0.000000000,0.000000000,0.000000000,0.561403509,1.000000000,0.736842105,1.000000000,0.000000000,0.000000000,0.000000000,1.000000000,103.543022156,17.366863251,0.861721337,0.999598622,0.026117597,-0.010974626,-0.000206651
1599,165.318000000,fused_map_f2f,1,1,0,0.144962668,0.013644932,0.663689437,0.663689437,0.100000000,0.016465771,0.016465771,0.052855199,0.004167914,1.000000000,0.000000000,0.000000000,0.000000000,0.000000000,0.000000000,0.581818182,1.000000000,0.749090909,1.000000000,0.000000000,0.000000000,0.000000000,1.000000000,103.595222473,17.367208481,0.861272216,0.999599993,0.026068423,-0.010965945,0.000010446
1600,165.422000000,fused_map_f2f,1,1,0,0.147554341,0.017235725,0.653430735,0.653430735,0.100000000,0.016719957,0.016719957,0.053640501,0.004233072,1.000000000,0.000000000,0.000000000,0.000000000,0.000000000,0.000000000,0.551724138,1.000000000,0.731034483,1.000000000,0.000000000,0.000000000,0.000000000,1.000000000,103.647331238,17.366512299,0.860217929,0.999599516,0.026089439,-0.010962717,0.000162339
1601,165.526000000,fused_map_f2f,1,1,0,0.151991069,0.011184777,0.635868683,0.635868683,0.100000000,0.017173815,0.017173815,0.055040455,0.004349477,1.000000000,0.000000000,0.000000000,0.000000000,0.000000000,0.000000000,0.516666667,1.000000000,0.710000000,1.000000000,0.000000000,0.000000000,0.000000000,1.000000000,103.705802917,17.367162704,0.858850658,0.999595702,0.026233703,-0.010962757,0.000347034
1602,165.621000000,fused_map_f2f,1,1,0,0.154227582,0.011794819,0.627015821,0.627015821,0.100000000,0.017412070,0.017412070,0.055774230,0.004410616,1.000000000,0.000000000,0.000000000,0.000000000,0.000000000,0.000000000,0.578947368,1.000000000,0.747368421,1.000000000,0.000000000,0.000000000,0.000000000,1.000000000,103.762283325,17.366949081,0.858138382,0.999603748,0.025926935,-0.010950949,0.000491125
1603,165.727000000,fused_map_f2f,1,1,0,0.156389644,0.011600296,0.618457660,0.618457660,0.100000000,0.017648765,0.017648765,0.056502421,0.004471377,1.000000000,0.000000000,0.000000000,0.000000000,0.000000000,0.000000000,0.578947368,1.000000000,0.747368421,1.000000000,0.000000000,0.000000000,0.000000000,1.000000000,103.818710327,17.367485046,0.857361913,0.999598861,0.026115686,-0.010944232,0.000603304
1604,165.823000000,fused_map_f2f,1,1,0,0.159251046,0.011497007,0.607131276,0.607131276,0.100000000,0.017972095,0.017972095,0.057495900,0.004554413,1.000000000,0.000000000,0.000000000,0.000000000,0.000000000,0.000000000,0.576271186,1.000000000,0.745762712,1.000000000,0.000000000,0.000000000,0.000000000,1.000000000,103.873649597,17.367506027,0.856173515,0.999593198,0.026330648,-0.010943508,0.000653879
1605,165.925000000,fused_map_f2f,1,1,0,0.164068432,0.013029231,0.588062458,0.588062458,0.100000000,0.018544061,0.018544061,0.059249827,0.004701403,1.000000000,0.000000000,0.000000000,0.000000000,0.000000000,0.000000000,0.566666667,1.000000000,0.740000000,1.000000000,0.000000000,0.000000000,0.000000000,1.000000000,103.940078735,17.367467880,0.855445623,0.999594688,0.026273491,-0.010939171,0.000740933
1606,166.016000000,fused_map_f2f,1,1,0,0.161923469,0.012170261,0.596552935,0.596552935,0.100000000,0.018284957,0.018284957,0.058455845,0.004634800,1.000000000,0.000000000,0.000000000,0.000000000,0.000000000,0.000000000,0.660377358,1.000000000,0.796226415,1.000000000,0.000000000,0.000000000,0.000000000,1.000000000,103.994827271,17.368175507,0.854929805,0.999590635,0.026417134,-0.010954941,0.000828504
1607,166.125000000,fused_map_f2f,1,1,0,0.162396279,0.011640275,0.594681395,0.594681395,0.100000000,0.018341447,0.018341447,0.058629027,0.004649318,1.000000000,0.000000000,0.000000000,0.000000000,0.000000000,0.000000000,0.600000000,1.000000000,0.760000000,1.000000000,0.000000000,0.000000000,0.000000000,1.000000000,104.062004089,17.368223190,0.852875352,0.999587595,0.026539009,-0.010936986,0.000868339
1608,166.213000000,fused_map_f2f,1,1,0,0.168907944,0.012010669,0.568906055,0.568906055,0.100000000,0.019156521,0.019156521,0.061122963,0.004858941,1.000000000,0.000000000,0.000000000,0.000000000,0.000000000,0.000000000,0.636363636,1.000000000,0.781818182,1.000000000,0.000000000,0.000000000,0.000000000,1.000000000,104.119720459,17.367914200,0.852380991,0.999591112,0.026402978,-0.010941367,0.000899065
1609,166.320000000,fused_map_f2f,1,1,0,0.168867700,0.013365453,0.569065353,0.569065353,0.100000000,0.019151261,0.019151261,0.061106898,0.004857587,1.000000000,0.000000000,0.000000000,0.000000000,0.000000000,0.000000000,0.553571429,1.000000000,0.732142857,1.000000000,0.000000000,0.000000000,0.000000000,1.000000000,104.187469482,17.368429184,0.851935804,0.999593377,0.026314305,-0.010941254,0.000989364
1610,166.426000000,fused_map_f2f,1,1,0,0.173949489,0.013884366,0.548949938,0.548949938,0.100000000,0.019839107,0.019839107,0.063204540,0.005034690,1.000000000,0.000000000,0.000000000,0.000000000,0.000000000,0.000000000,0.525423729,1.000000000,0.715254237,1.000000000,0.000000000,0.000000000,0.000000000,1.000000000,104.249832153,17.368448257,0.850511312,0.999593437,0.026313590,-0.010935284,0.001002751
1611,166.521000000,fused_map_f2f,1,1,0,0.179958966,0.012990433,0.525162425,0.525162425,0.100000000,0.020719111,0.020719111,0.065878820,0.005261539,1.000000000,0.000000000,0.000000000,0.000000000,0.000000000,0.000000000,0.581818182,1.000000000,0.749090909,1.000000000,0.000000000,0.000000000,0.000000000,1.000000000,104.312942505,17.368171692,0.849649310,0.999594569,0.026265245,-0.010942182,0.001048860
1612,166.620000000,fused_map_f2f,1,1,0,0.177721277,0.012108140,0.534019943,0.534019943,0.100000000,0.020382459,0.020382459,0.064856990,0.005174720,1.000000000,0.000000000,0.000000000,0.000000000,0.000000000,0.000000000,0.589285714,1.000000000,0.753571429,1.000000000,0.000000000,0.000000000,0.000000000,1.000000000,104.374641418,17.367980957,0.848723769,0.999603927,0.025908448,-0.010938654,0.001060740
1613,166.722000000,fused_map_f2f,1,1,0,0.183516362,0.012325094,0.511081069,0.511081069,0.100000000,0.021277820,0.021277820,0.067571271,0.005405721,1.000000000,0.000000000,0.000000000,0.000000000,0.000000000,0.000000000,0.561403509,1.000000000,0.736842105,1.000000000,0.000000000,0.000000000,0.000000000,1.000000000,104.434684753,17.367588043,0.847864985,0.999605715,0.025846750,-0.010922397,0.001064032
1614,166.829000000,fused_map_f2f,1,1,0,0.187794346,0.012657038,0.494147379,0.494147379,0.100000000,0.021990944,0.021990944,0.069725383,0.005589932,1.000000000,0.000000000,0.000000000,0.000000000,0.000000000,0.000000000,0.592592593,1.000000000,0.755555556,1.000000000,0.000000000,0.000000000,0.000000000,1.000000000,104.501396179,17.368001938,0.846517682,0.999596298,0.026199711,-0.010942467,0.001051703
1615,166.919000000,fused_map_f2f,1,1,0,0.189320663,0.012245251,0.488105709,0.488105709,0.100000000,0.022257085,0.022257085,0.070527561,0.005658731,1.000000000,0.000000000,0.000000000,0.000000000,0.000000000,0.000000000,0.561403509,1.000000000,0.736842105,1.000000000,0.000000000,0.000000000,0.000000000,1.000000000,104.567932129,17.368846893,0.845979393,0.999593318,0.026311861,-0.010940651,0.001078807
1616,167.020000000,fused_map_f2f,1,1,0,0.197635039,0.010976236,0.455194638,0.455194638,0.100000000,0.023827952,0.023827952,0.075243100,0.006065382,1.000000000,0.000000000,0.000000000,0.000000000,0.000000000,0.000000000,0.627450980,1.000000000,0.776470588,1.000000000,0.000000000,0.000000000,0.000000000,1.000000000,104.629745483,17.368482590,0.844860613,0.999594629,0.026254350,-0.010956842,0.001098298
1617,167.114000000,fused_map_f2f,1,1,0,0.198886337,0.011432022,0.450241581,0.450241581,0.100000000,0.024083768,0.024083768,0.076007926,0.006131698,1.000000000,0.000000000,0.000000000,0.000000000,0.000000000,0.000000000,0.618181818,1.000000000,0.770909091,1.000000000,0.000000000,0.000000000,0.000000000,1.000000000,104.687934875,17.368211746,0.843734086,0.999594510,0.026263738,-0.010949530,0.001083183
1618,167.221000000,fused_map_f2f,1,1,0,0.199854096,0.012397707,0.446410871,0.446410871,0.100000000,0.024285415,0.024285415,0.076610192,0.006183989,1.000000000,0.000000000,0.000000000,0.000000000,0.000000000,0.000000000,0.578947368,1.000000000,0.747368421,1.000000000,0.000000000,0.000000000,0.000000000,1.000000000,104.762992859,17.368419647,0.843191624,0.999592960,0.026325643,-0.010945470,0.001043697
1619,167.323000000,fused_map_f2f,1,1,0,0.205707765,0.013037213,0.423240098,0.423240098,0.100000000,0.025580937,0.025580937,0.080466819,0.006520332,1.000000000,0.000000000,0.000000000,0.000000000,0.000000000,0.000000000,0.534482759,1.000000000,0.720689655,1.000000000,0.000000000,0.000000000,0.000000000,1.000000000,104.827011108,17.368520737,0.842264056,0.999589860,0.026441535,-0.010952921,0.000991632
1620,167.431000000,fused_map_f2f,1,1,0,0.210077038,0.014654866,0.405945057,0.405945057,0.100000000,0.026641762,0.026641762,0.083608429,0.006796238,1.000000000,0.000000000,0.000000000,0.000000000,0.000000000,0.000000000,0.553571429,1.000000000,0.732142857,1.000000000,0.000000000,0.000000000,0.000000000,1.000000000,104.899604797,17.368822098,0.840842247,0.999588490,0.026495514,-0.010949966,0.000998823
1621,167.515000000,fused_map_f2f,1,1,0,0.215676109,0.014043667,0.383782067,0.383782067,0.100000000,0.028137004,0.028137004,0.088011777,0.007185893,1.000000000,0.000000000,0.000000000,0.000000000,0.000000000,0.000000000,0.561403509,1.000000000,0.736842105,1.000000000,0.000000000,0.000000000,0.000000000,1.000000000,104.950721741,17.368770599,0.840431094,0.999589920,0.026441174,-0.010952850,0.000978524
1622,167.624000000,fused_map_f2f,1,1,0,0.216673365,0.013447968,0.379834598,0.379834598,0.100000000,0.028421110,0.028421110,0.088845184,0.007260031,1.000000000,0.000000000,0.000000000,0.000000000,0.000000000,0.000000000,0.553571429,1.000000000,0.732142857,1.000000000,0.000000000,0.000000000,0.000000000,1.000000000,105.010818481,17.368515015,0.839275002,0.999586344,0.026576214,-0.010949697,0.000969257
1623,167.728000000,fused_map_f2f,1,1,0,0.221933606,0.012942340,0.359012810,0.359012810,0.100000000,0.030019976,0.030019976,0.093516100,0.007677861,1.000000000,0.000000000,0.000000000,0.000000000,0.000000000,0.000000000,0.581818182,1.000000000,0.749090909,1.000000000,0.000000000,0.000000000,0.000000000,1.000000000,105.065536499,17.368434906,0.838424504,0.999584258,0.026653260,-0.010958614,0.000914193
1624,167.818000000,fused_map_f2f,1,1,0,0.223616282,0.013021571,0.352352217,0.352352217,0.100000000,0.030570102,0.030570102,0.095115714,0.007821862,1.000000000,0.000000000,0.000000000,0.000000000,0.000000000,0.000000000,0.563636364,1.000000000,0.738181818,1.000000000,0.000000000,0.000000000,0.000000000,1.000000000,105.124153137,17.369852066,0.837151885,0.999582350,0.026727701,-0.010947410,0.000939516
1625,167.918000000,fused_map_f2f,1,1,0,0.226835632,0.012911718,0.339608955,0.339608955,0.100000000,0.031680854,0.031680854,0.098333814,0.008112983,1.000000000,0.000000000,0.000000000,0.000000000,0.000000000,0.000000000,0.581818182,1.000000000,0.749090909,1.000000000,0.000000000,0.000000000,0.000000000,1.000000000,105.183700562,17.370071411,0.836327016,0.999583721,0.026677286,-0.010949296,0.000952047
1626,168.023000000,fused_map_f2f,1,1,0,0.231913980,0.014445668,0.319507163,0.319507163,0.100000000,0.033607069,0.033607069,0.103877828,0.008619012,1.000000000,0.000000000,0.000000000,0.000000000,0.000000000,0.000000000,0.596153846,1.000000000,0.757692308,1.000000000,0.000000000,0.000000000,0.000000000,1.000000000,105.243522644,17.369430542,0.835230231,0.999581635,0.026755231,-0.010950317,0.000913462
1627,168.114000000,fused_map_f2f,1,1,0,0.239981631,0.014521723,0.287572709,0.287572709,0.100000000,0.037200244,0.037200244,0.114097120,0.009566982,1.000000000,0.000000000,0.000000000,0.000000000,0.000000000,0.000000000,0.553571429,1.000000000,0.732142857,1.000000000,0.000000000,0.000000000,0.000000000,1.000000000,105.300598145,17.369762421,0.834039330,0.999577045,0.026921595,-0.010958270,0.000891195
1628,168.216000000,fused_map_f2f,1,1,0,0.243268020,0.011534444,0.274564087,0.274564087,0.100000000,0.038894210,0.038894210,0.118860409,0.010015718,1.000000000,0.000000000,0.000000000,0.000000000,0.000000000,0.000000000,0.566037736,1.000000000,0.739622642,1.000000000,0.000000000,0.000000000,0.000000000,1.000000000,105.365379333,17.369815826,0.833170414,0.999577641,0.026894622,-0.010972938,0.000899635
1629,168.321000000,fused_map_f2f,1,1,0,0.255842061,0.012307660,0.224791842,0.224791842,0.100000000,0.047100348,0.047100348,0.141455126,0.012206277,1.000000000,0.000000000,0.000000000,0.000000000,0.000000000,0.000000000,0.574074074,1.000000000,0.744444444,1.000000000,0.000000000,0.000000000,0.000000000,1.000000000,105.433189392,17.370002747,0.832353890,0.999577343,0.026912497,-0.010960347,0.000853448
1630,168.422000000,fused_map_f2f,1,1,0,0.259090160,0.013164602,0.211934785,0.211934785,0.100000000,0.049815358,0.049815358,0.148759955,0.012937193,1.000000000,0.000000000,0.000000000,0.000000000,0.000000000,0.000000000,0.543859649,1.000000000,0.726315789,1.000000000,0.000000000,0.000000000,0.000000000,1.000000000,105.498626709,17.370029449,0.831192434,0.999578416,0.026874404,-0.010960868,0.000800863
1631,168.527000000,fused_map_f2f,1,1,0,0.262368238,0.014525289,0.198959058,0.198959058,0.100000000,0.052892379,0.052892379,0.156939194,0.013769314,1.000000000,0.000000000,0.000000000,0.000000000,0.000000000,0.000000000,0.574074074,1.000000000,0.744444444,1.000000000,0.000000000,0.000000000,0.000000000,1.000000000,105.572937012,17.369998932,0.830322325,0.999583364,0.026691418,-0.010952876,0.000826084
1632,168.619000000,fused_map_f2f,1,1,0,0.273540427,0.013667063,0.154735809,0.154735809,0.100000000,0.066996186,0.066996186,0.193129725,0.017635163,1.000000000,0.000000000,0.000000000,0.000000000,0.000000000,0.000000000,0.584905660,1.000000000,0.750943396,1.000000000,0.000000000,0.000000000,0.000000000,1.000000000,105.638816833,17.371271133,0.829552650,0.999571145,0.027140457,-0.010966027,0.000811836
1633,168.728000000,fused_map_f2f,1,1,0,0.273841628,0.014288109,0.153543556,0.153543556,0.100000000,0.067481301,0.067481301,0.194337925,0.017769665,1.000000000,0.000000000,0.000000000,0.000000000,0.000000000,0.000000000,0.615384615,1.000000000,0.769230769,1.000000000,0.000000000,0.000000000,0.000000000,1.000000000,105.719070435,17.371362686,0.828613579,0.999568760,0.027224477,-0.010974959,0.000825232
1634,168.828000000,fused_map_f2f,1,1,0,0.283948886,0.017503199,0.113535660,0.113535660,0.100000000,0.089140786,0.089140786,0.245974455,0.023881830,1.000000000,0.000000000,0.000000000,0.000000000,0.000000000,0.000000000,0.517241379,1.000000000,0.710344828,1.000000000,0.000000000,0.000000000,0.000000000,1.000000000,105.788055420,17.371492386,0.827962756,0.999568462,0.027235204,-0.010976376,0.000785598
1635,168.930000000,fused_map_f2f,1,1,0,0.298298720,0.013772301,0.056734235,0.056734235,0.100000000,0.163771161,0.163771161,0.394972108,0.046675917,1.000000000,0.000000000,0.000000000,0.000000000,0.000000000,0.000000000,0.555555556,1.000000000,0.733333333,1.000000000,0.000000000,0.000000000,0.000000000,1.000000000,105.857742310,17.371343613,0.826809227,0.999568701,0.027222265,-0.010992065,0.000684001
1636,169.019000000,fused_map_f2f,1,1,1,0.310726816,0.010811537,0.050000000,0.050000000,0.100000000,0.181818182,0.181818182,0.425531915,0.052631579,1.000000000,0.000000000,0.000000000,0.000000000,0.000000000,0.000000000,0.527272727,1.000000000,0.716363636,1.000000000,0.000000000,0.000000000,0.000000000,1.000000000,105.927726746,17.372318268,0.826115489,0.999561906,0.027475733,-0.010974341,0.000782891
1637,169.122000000,fused_map_f2f,1,1,1,0.318188620,0.014357263,0.050000000,0.050000000,0.100000000,0.181818182,0.181818182,0.425531915,0.052631579,1.000000000,0.000000000,0.000000000,0.000000000,0.000000000,0.000000000,0.500000000,1.000000000,0.700000000,1.000000000,0.000000000,0.000000000,0.000000000,1.000000000,106.004562378,17.372512817,0.825279832,0.999558568,0.027595062,-0.010978277,0.000783315
1638,169.228000000,fused_map_f2f,1,1,1,0.336270591,0.014522716,0.050000000,0.050000000,0.100000000,0.181818182,0.181818182,0.425531915,0.052631579,1.000000000,0.000000000,0.000000000,0.000000000,0.000000000,0.000000000,0.607843137,1.000000000,0.764705882,1.000000000,0.000000000,0.000000000,0.000000000,1.000000000,106.081367493,17.372707367,0.824239910,0.999556124,0.027680900,-0.010990881,0.000721919
1639,169.323000000,fused_map_f2f,1,1,1,0.345628915,0.014571176,0.050000000,0.050000000,0.100000000,0.181818182,0.181818182,0.425531915,0.052631579,1.000000000,0.000000000,0.000000000,0.000000000,0.000000000,0.000000000,0.574074074,1.000000000,0.744444444,1.000000000,0.000000000,0.000000000,0.000000000,1.000000000,106.157112122,17.372777939,0.823310077,0.999556124,0.027685748,-0.010980668,0.000682054
1640,169.415000000,fused_map_f2f,1,1,1,0.365041734,0.014118450,0.050000000,0.050000000,0.100000000,0.181818182,0.181818182,0.425531915,0.052631579,1.000000000,0.000000000,0.000000000,0.000000000,0.000000000,0.000000000,0.547169811,1.000000000,0.728301887,1.000000000,0.000000000,0.000000000,0.000000000,1.000000000,106.236007690,17.372524261,0.822285473,0.999556839,0.027654557,-0.010997805,0.000639835
1641,169.513000000,fused_map_f2f,1,1,1,0.373582047,0.014193834,0.050000000,0.050000000,0.100000000,0.181818182,0.181818182,0.425531915,0.052631579,1.000000000,0.000000000,0.000000000,0.000000000,0.000000000,0.000000000,0.545454545,1.000000000,0.727272727,1.000000000,0.000000000,0.000000000,0.000000000,1.000000000,106.332237244,17.372554779,0.821495473,0.999559700,0.027546553,-0.011003342,0.000672272
1642,169.613000000,fused_map_f2f,1,1,1,0.405603782,0.019030335,0.050000000,0.050000000,0.100000000,0.181818182,0.181818182,0.425531915,0.052631579,1.000000000,0.000000000,0.000000000,0.000000000,0.000000000,0.000000000,0.535714286,1.000000000,0.721428571,1.000000000,0.000000000,0.000000000,0.000000000,1.000000000,106.421928406,17.372430801,0.820726395,0.999558210,0.027605373,-0.011000359,0.000588717
1643,169.720000000,fused_map_f2f,1,1,1,0.439363231,0.018109156,0.050000000,0.050000000,0.100000000,0.181818182,0.181818182,0.425531915,0.052631579,1.000000000,0.000000000,0.000000000,0.000000000,0.000000000,0.000000000,0.576923077,1.000000000,0.746153846,1.000000000,0.000000000,0.000000000,0.000000000,1.000000000,106.523414612,17.372787476,0.819820523,0.999559402,0.027565479,-0.010988450,0.000617614
1644,169.820000000,fused_map_f2f,1,1,1,0.467384253,0.017264177,0.050000000,0.050000000,0.100000000,0.181818182,0.181818182,0.425531915,0.052631579,1.000000000,0.000000000,0.000000000,0.000000000,0.000000000,0.000000000,0.538461538,1.000000000,0.723076923,1.000000000,0.000000000,0.000000000,0.000000000,1.000000000,106.610374451,17.372459412,0.818364918,0.999560654,0.027512580,-0.011008889,0.000556338
1645,169.922000000,fused_map_f2f,1,1,1,0.498584383,0.015699115,0.050000000,0.050000000,0.100000000,0.181818182,0.181818182,0.425531915,0.052631579,1.000000000,0.000000000,0.000000000,0.000000000,0.000000000,0.000000000,0.517857143,1.000000000,0.710714286,1.000000000,0.000000000,0.000000000,0.000000000,1.000000000,106.703575134,17.371984482,0.817492962,0.999557555,0.027628310,-0.011003057,0.000573230
1646,170.030000000,fused_map_f2f,1,1,1,0.537498739,0.014857953,0.050000000,0.050000000,0.100000000,0.181818182,0.181818182,0.425531915,0.052631579,1.000000000,0.000000000,0.000000000,0.000000000,0.000000000,0.000000000,0.490909091,1.000000000,0.694545455,1.000000000,0.000000000,0.000000000,0.000000000,1.000000000,106.795791626,17.371835709,0.816344857,0.999561965,0.027466793,-0.011009463,0.000529257
1647,170.114000000,fused_map_f2f,1,1,1,0.581954764,0.014139212,0.050000000,0.050000000,0.100000000,0.181818182,0.181818182,0.425531915,0.052631579,1.000000000,0.000000000,0.000000000,0.000000000,0.000000000,0.000000000,0.518518519,1.000000000,0.711111111,1.000000000,0.000000000,0.000000000,0.000000000,1.000000000,106.862976074,17.371210098,0.815629661,0.999561071,0.027491534,-0.011032847,0.000441911
1648,170.214000000,fused_map_f2f,1,1,1,0.615923306,0.013485596,0.050000000,0.050000000,0.100000000,0.181818182,0.181818182,0.425531915,0.052631579,1.000000000,0.000000000,0.000000000,0.000000000,0.000000000,0.000000000,0.481481481,1.000000000,0.688888889,1.000000000,0.000000000,0.000000000,0.000000000,1.000000000,106.949249268,17.371747971,0.814812481,0.999561489,0.027483370,-0.011012077,0.000493482
1649,170.319000000,fused_map_f2f,1,1,1,0.666226147,0.016784364,0.050000000,0.050000000,0.100000000,0.181818182,0.181818182,0.425531915,0.052631579,1.000000000,0.000000000,0.000000000,0.000000000,0.000000000,0.000000000,0.509433962,1.000000000,0.705660377,1.000000000,0.000000000,0.000000000,0.000000000,1.000000000,107.034912109,17.372344971,0.813716292,0.999565482,0.027349275,-0.010984427,0.000492320
1650,170.424000000,fused_map_f2f,1,1,1,0.723916363,0.014734027,0.050000000,0.050000000,0.100000000,0.181818182,0.181818182,0.425531915,0.052631579,1.000000000,0.000000000,0.000000000,0.000000000,0.000000000,0.000000000,0.500000000,1.000000000,0.700000000,1.000000000,0.000000000,0.000000000,0.000000000,1.000000000,107.121818542,17.372621536,0.812788129,0.999562442,0.027455831,-0.010994587,0.000518691
1651,170.525000000,fused_map_f2f,1,1,1,0.770640563,0.018350423,0.050000000,0.050000000,0.100000000,0.181818182,0.181818182,0.425531915,0.052631579,1.000000000,0.000000000,0.000000000,0.000000000,0.000000000,0.000000000,0.500000000,1.000000000,0.700000000,1.000000000,0.000000000,0.000000000,0.000000000,1.000000000,107.198654175,17.372665405,0.811888516,0.999563813,0.027403118,-0.011001400,0.000488328
1652,170.632000000,fused_map_f2f,1,1,1,0.830966146,0.015603326,0.050000000,0.050000000,0.100000000,0.181818182,0.181818182,0.425531915,0.052631579,1.000000000,0.000000000,0.000000000,0.000000000,0.000000000,0.000000000,0.472727273,1.000000000,0.683636364,1.000000000,0.000000000,0.000000000,0.000000000,1.000000000,107.274246216,17.372331619,0.810892701,0.999564588,0.027380561,-0.010987190,0.000429514
1653,170.714000000,fused_map_f2f,1,1,1,0.897282422,0.011808486,0.050000000,0.050000000,0.100000000,0.181818182,0.181818182,0.425531915,0.052631579,1.000000000,0.000000000,0.000000000,0.000000000,0.000000000,0.000000000,0.481481481,1.000000000,0.688888889,1.000000000,0.000000000,0.000000000,0.000000000,1.000000000,107.338714600,17.372421265,0.809802353,0.999563038,0.027430214,-0.011002234,0.000475626
1654,170.830000000,fused_map_f2f,1,1,1,0.982728189,0.013285790,0.050000000,0.050000000,0.100000000,0.181818182,0.181818182,0.425531915,0.052631579,1.000000000,0.000000000,0.000000000,0.000000000,0.000000000,0.000000000,0.528301887,1.000000000,0.716981132,1.000000000,0.000000000,0.000000000,0.000000000,1.000000000,107.423110962,17.373079300,0.809029460,0.999563932,0.027392862,-0.011014202,0.000488335
1655,170.925000000,fused_map_f2f,1,1,1,1.069637147,0.015638426,0.050000000,0.050000000,0.100000000,0.181818182,0.181818182,0.425531915,0.052631579,1.000000000,0.000000000,0.000000000,0.000000000,0.000000000,0.000000000,0.509803922,1.000000000,0.705882353,1.000000000,0.000000000,0.000000000,0.000000000,1.000000000,107.487701416,17.372701645,0.807544053,0.999563456,0.027409254,-0.011017223,0.000452144
1656,171.023000000,fused_map_f2f,1,1,1,1.136737838,0.013564781,0.050000000,0.050000000,0.100000000,0.181818182,0.181818182,0.425531915,0.052631579,1.000000000,0.000000000,0.000000000,0.000000000,0.000000000,0.000000000,0.490566038,1.000000000,0.694339623,1.000000000,0.000000000,0.000000000,0.000000000,1.000000000,107.554985046,17.372587204,0.806979358,0.999564528,0.027376447,-0.011004430,0.000458155
1657,171.123000000,fused_map_f2f,1,1,1,1.214535949,0.018384348,0.050000000,0.050000000,0.100000000,0.181818182,0.181818182,0.425531915,0.052631579,1.000000000,0.000000000,0.000000000,0.000000000,0.000000000,0.000000000,0.509433962,1.000000000,0.705660377,1.000000000,0.000000000,0.000000000,0.000000000,1.000000000,107.616683960,17.372940063,0.805983901,0.999565125,0.027354682,-0.010997930,0.000497817
1658,171.234000000,fused_map_f2f,1,1,1,1.297878755,0.012268535,0.050000000,0.050000000,0.100000000,0.181818182,0.181818182,0.425531915,0.052631579,1.000000000,0.000000000,0.000000000,0.000000000,0.000000000,0.000000000,0.490909091,1.000000000,0.694545455,1.000000000,0.000000000,0.000000000,0.000000000,1.000000000,107.672386169,17.373149872,0.804574370,0.999562085,0.027470924,-0.010991300,0.000436716
1659,171.323000000,fused_map_f2f,1,1,1,1.370709821,0.010568126,0.050000000,0.050000000,0.100000000,0.181818182,0.181818182,0.425531915,0.052631579,1.000000000,0.000000000,0.000000000,0.000000000,0.000000000,0.000000000,0.549019608,1.000000000,0.729411765,1.000000000,0.000000000,0.000000000,0.000000000,1.000000000,107.720375061,17.373052597,0.803905249,0.999562919,0.027441336,-0.010988096,0.000451914
1660,171.431000000,fused_map_f2f,1,1,1,1.431495867,0.013681937,0.050000000,0.050000000,0.100000000,0.181818182,0.181818182,0.425531915,0.052631579,1.000000000,0.000000000,0.000000000,0.000000000,0.000000000,0.000000000,0.551020408,1.000000000,0.730612245,1.000000000,0.000000000,0.000000000,0.000000000,1.000000000,107.774085999,17.372251511,0.802915394,0.999568105,0.027248958,-0.010996973,0.000433125
1661,171.526000000,fused_map_f2f,1,1,1,1.499405879,0.010227923,0.050000000,0.050000000,0.100000000,0.181818182,0.181818182,0.425531915,0.052631579,1.000000000,0.000000000,0.000000000,0.000000000,0.000000000,0.000000000,0.500000000,1.000000000,0.700000000,1.000000000,0.000000000,0.000000000,0.000000000,1.000000000,107.816497803,17.372226715,0.802343249,0.999566972,0.027286148,-0.011004292,0.000401811
1662,171.627000000,fused_map_f2f,1,1,1,1.572561158,0.011783844,0.050000000,0.050000000,0.100000000,0.181818182,0.181818182,0.425531915,0.052631579,1.000000000,0.000000000,0.000000000,0.000000000,0.000000000,0.000000000,0.456140351,1.000000000,0.673684211,1.000000000,0.000000000,0.000000000,0.000000000,1.000000000,107.862678528,17.372982025,0.801275253,0.999564588,0.027374541,-0.011000132,0.000407966
1663,171.728000000,fused_map_f2f,1,1,1,1.661336024,0.010945784,0.050000000,0.050000000,0.100000000,0.181818182,0.181818182,0.425531915,0.052631579,1.000000000,0.000000000,0.000000000,0.000000000,0.000000000,0.000000000,0.583333333,1.000000000,0.750000000,1.000000000,0.000000000,0.000000000,0.000000000,1.000000000,107.906799316,17.372938156,0.800235212,0.999563813,0.027402600,-0.011004755,0.000392964
1664,171.816000000,fused_map_f2f,1,1,1,1.732826051,0.010600071,0.050000000,0.050000000,0.100000000,0.181818182,0.181818182,0.425531915,0.052631579,1.000000000,0.000000000,0.000000000,0.000000000,0.000000000,0.000000000,0.490196078,1.000000000,0.694117647,1.000000000,0.000000000,0.000000000,0.000000000,1.000000000,107.948539734,17.372911453,0.799336374,0.999567688,0.027263530,-0.010994282,0.000429080
1665,171.915000000,fused_map_f2f,1,1,1,1.801744496,0.009013648,0.050000000,0.050000000,0.100000000,0.181818182,0.181818182,0.425531915,0.052631579,1.000000000,0.000000000,0.000000000,0.000000000,0.000000000,0.000000000,0.481481481,1.000000000,0.688888889,1.000000000,0.000000000,0.000000000,0.000000000,1.000000000,107.990936279,17.372920990,0.798907518,0.999572575,0.027083183,-0.011000018,0.000428983
1666,172.020000000,fused_map_f2f,1,1,1,1.888333271,0.011740814,0.050000000,0.050000000,0.100000000,0.181818182,0.181818182,0.425531915,0.052631579,1.000000000,0.000000000,0.000000000,0.000000000,0.000000000,0.000000000,0.529411765,1.000000000,0.717647059,1.000000000,0.000000000,0.000000000,0.000000000,1.000000000,108.032020569,17.373680115,0.797998011,0.999566197,0.027315676,-0.011001765,0.000420102
1667,172.140000000,fused_map_f2f,1,1,1,1.973113327,0.011468624,0.050000000,0.050000000,0.100000000,0.181818182,0.181818182,0.425531915,0.052631579,1.000000000,0.000000000,0.000000000,0.000000000,0.000000000,0.000000000,0.454545455,1.000000000,0.672727273,1.000000000,0.000000000,0.000000000,0.000000000,1.000000000,108.077842712,17.372955322,0.796778619,0.999567747,0.027261928,-0.010997727,0.000418500
1668,172.235000000,fused_map_f2f,1,1,1,2.016062791,0.012953553,0.050000000,0.050000000,0.100000000,0.181818182,0.181818182,0.425531915,0.052631579,1.000000000,0.000000000,0.000000000,0.000000000,0.000000000,0.000000000,0.509433962,1.000000000,0.705660377,1.000000000,0.000000000,0.000000000,0.000000000,1.000000000,108.110984802,17.372476578,0.795864284,0.999568284,0.027241439,-0.010997530,0.000398794
1669,172.325000000,fused_map_f2f,1,1,1,2.066742899,0.014234433,0.050000000,0.050000000,0.100000000,0.181818182,0.181818182,0.425531915,0.052631579,1.000000000,0.000000000,0.000000000,0.000000000,0.000000000,0.000000000,0.481481481,1.000000000,0.688888889,1.000000000,0.000000000,0.000000000,0.000000000,1.000000000,108.143783569,17.372722626,0.794845164,0.999567509,0.027273227,-0.010989343,0.000374309
1670,172.431000000,fused_map_f2f,1,1,1,2.147063488,0.017768431,0.050000000,0.050000000,0.100000000,0.181818182,0.181818182,0.425531915,0.052631579,1.000000000,0.000000000,0.000000000,0.000000000,0.000000000,0.000000000,0.551020408,1.000000000,0.730612245,1.000000000,0.000000000,0.000000000,0.000000000,1.000000000,108.181427002,17.372209549,0.794300377,0.999568403,0.027255224,-0.010952477,0.000456201
1671,172.520000000,fused_map_f2f,1,1,1,2.173154789,0.009986285,0.050000000,0.050000000,0.100000000,0.181818182,0.181818182,0.425531915,0.052631579,1.000000000,0.000000000,0.000000000,0.000000000,0.000000000,0.000000000,0.490566038,1.000000000,0.694339623,1.000000000,0.000000000,0.000000000,0.000000000,1.000000000,108.212524414,17.372533798,0.793364942,0.999569714,0.027196663,-0.010979020,0.000423903
1672,172.626000000,fused_map_f2f,1,1,1,2.204931065,0.010025068,0.050000000,0.050000000,0.100000000,0.181818182,0.181818182,0.425531915,0.052631579,1.000000000,0.000000000,0.000000000,0.000000000,0.000000000,0.000000000,0.529411765,1.000000000,0.717647059,1.000000000,0.000000000,0.000000000,0.000000000,1.000000000,108.246833801,17.371870041,0.792219281,0.999569595,0.027189570,-0.011005122,0.000437485
1673,172.730000000,fused_map_f2f,1,1,1,2.250835928,0.010025430,0.050000000,0.050000000,0.100000000,0.181818182,0.181818182,0.425531915,0.052631579,1.000000000,0.000000000,0.000000000,0.000000000,0.000000000,0.000000000,0.480769231,1.000000000,0.688461538,1.000000000,0.000000000,0.000000000,0.000000000,1.000000000,108.280105591,17.372032166,0.790783346,0.999567747,0.027263645,-0.010989493,0.000402180
1674,172.839000000,fused_map_f2f,1,1,1,2.312518557,0.012143805,0.050000000,0.050000000,0.100000000,0.181818182,0.181818182,0.425531915,0.052631579,1.000000000,0.000000000,0.000000000,0.000000000,0.000000000,0.000000000,0.510204082,1.000000000,0.706122449,1.000000000,0.000000000,0.000000000,0.000000000,1.000000000,108.318626404,17.371845245,0.789604366,0.999567389,0.027277377,-0.010990819,0.000414904
1675,172.932000000,fused_map_f2f,1,1,1,2.335092060,0.011110009,0.050000000,0.050000000,0.100000000,0.181818182,0.181818182,0.425531915,0.052631579,1.000000000,0.000000000,0.000000000,0.000000000,0.000000000,0.000000000,0.520000000,1.000000000,0.712000000,1.000000000,0.000000000,0.000000000,0.000000000,1.000000000,108.355163574,17.372003555,0.788723350,0.999570906,0.027146021,-0.010997161,0.000421211
1676,173.017000000,fused_map_f2f,1,1,1,2.333253877,0.011933738,0.050000000,0.050000000,0.100000000,0.181818182,0.181818182,0.425531915,0.052631579,1.000000000,0.000000000,0.000000000,0.000000000,0.000000000,0.000000000,0.520833333,1.000000000,0.712500000,1.000000000,0.000000000,0.000000000,0.000000000,1.000000000,108.387870789,17.371644974,0.788025022,0.999571681,0.027122097,-0.010984192,0.000416085
1677,173.123000000,fused_map_f2f,1,1,1,2.339637283,0.011814077,0.050000000,0.050000000,0.100000000,0.181818182,0.181818182,0.425531915,0.052631579,1.000000000,0.000000000,0.000000000,0.000000000,0.000000000,0.000000000,0.509803922,1.000000000,0.705882353,1.000000000,0.000000000,0.000000000,0.000000000,1.000000000,108.428176880,17.372051239,0.787086070,0.999567211,0.027280821,-0.010996678,0.000406284
1678,173.215000000,fused_map_f2f,1,1,1,2.391257386,0.012225124,0.050000000,0.050000000,0.100000000,0.181818182,0.181818182,0.425531915,0.052631579,1.000000000,0.000000000,0.000000000,0.000000000,0.000000000,0.000000000,0.520833333,1.000000000,0.712500000,1.000000000,0.000000000,0.000000000,0.000000000,1.000000000,108.461746216,17.371980667,0.786252916,0.999568224,0.027247855,-0.010984291,0.000406132
1679,173.329000000,fused_map_f2f,1,1,1,2.444728762,0.013899493,0.050000000,0.050000000,0.100000000,0.181818182,0.181818182,0.425531915,0.052631579,1.000000000,0.000000000,0.000000000,0.000000000,0.000000000,0.000000000,0.531914894,1.000000000,0.719148936,1.000000000,0.000000000,0.000000000,0.000000000,1.000000000,108.505577087,17.371793747,0.784801900,0.999566436,0.027307468,-0.011003537,0.000408034
1680,173.432000000,fused_map_f2f,1,1,1,2.443678732,0.012332643,0.050000000,0.050000000,0.100000000,0.181818182,0.181818182,0.425531915,0.052631579,1.000000000,0.000000000,0.000000000,0.000000000,0.000000000,0.000000000,0.480769231,1.000000000,0.688461538,1.000000000,0.000000000,0.000000000,0.000000000,1.000000000,108.544654846,17.371864319,0.783777118,0.999568224,0.027241062,-0.011004134,0.000399144
1681,173.522000000,fused_map_f2f,1,1,1,2.424685351,0.011693005,0.050000000,0.050000000,0.100000000,0.181818182,0.181818182,0.425531915,0.052631579,1.000000000,0.000000000,0.000000000,0.000000000,0.000000000,0.000000000,0.586956522,1.000000000,0.752173913,1.000000000,0.000000000,0.000000000,0.000000000,1.000000000,108.578857422,17.371238708,0.783124328,0.999571025,0.027136186,-0.011006856,0.000394362
1682,173.625000000,fused_map_f2f,1,1,1,2.453458936,0.011064334,0.050000000,0.050000000,0.100000000,0.181818182,0.181818182,0.425531915,0.052631579,1.000000000,0.000000000,0.000000000,0.000000000,0.000000000,0.000000000,0.530612245,1.000000000,0.718367347,1.000000000,0.000000000,0.000000000,0.000000000,1.000000000,108.616699219,17.371332169,0.782087207,0.999568701,0.027221309,-0.011009583,0.000392469
1683,173.737000000,fused_map_f2f,1,1,1,2.534814869,0.013929634,0.050000000,0.050000000,0.100000000,0.181818182,0.181818182,0.425531915,0.052631579,1.000000000,0.000000000,0.000000000,0.000000000,0.000000000,0.000000000,0.490196078,1.000000000,0.694117647,1.000000000,0.000000000,0.000000000,0.000000000,1.000000000,108.656394958,17.371017456,0.781303048,0.999569237,0.027199734,-0.011012179,0.000389988
1684,173.824000000,fused_map_f2f,1,1,1,2.547994866,0.011479993,0.050000000,0.050000000,0.100000000,0.181818182,0.181818182,0.425531915,0.052631579,1.000000000,0.000000000,0.000000000,0.000000000,0.000000000,0.000000000,0.510204082,1.000000000,0.706122449,1.000000000,0.000000000,0.000000000,0.000000000,1.000000000,108.689201355,17.371433258,0.780135393,0.999565661,0.027336190,-0.011005774,0.000364556
1685,173.926000000,fused_map_f2f,1,1,1,2.549387677,0.011681642,0.050000000,0.050000000,0.100000000,0.181818182,0.181818182,0.425531915,0.052631579,1.000000000,0.000000000,0.000000000,0.000000000,0.000000000,0.000000000,0.531914894,1.000000000,0.719148936,1.000000000,0.000000000,0.000000000,0.000000000,1.000000000,108.729949951,17.371171951,0.779406250,0.999568045,0.027252143,-0.010994336,0.000379896
1686,174.013000000,fused_map_f2f,1,1,1,2.537289762,0.012671202,0.050000000,0.050000000,0.100000000,0.181818182,0.181818182,0.425531915,0.052631579,1.000000000,0.000000000,0.000000000,0.000000000,0.000000000,0.000000000,0.490566038,1.000000000,0.694339623,1.000000000,0.000000000,0.000000000,0.000000000,1.000000000,108.764213562,17.371143341,0.778572023,0.999567330,0.027281273,-0.010988899,0.000400208
1687,174.117000000,fused_map_f2f,1,1,1,2.555929089,0.012677641,0.050000000,0.050000000,0.100000000,0.181818182,0.181818182,0.425531915,0.052631579,1.000000000,0.000000000,0.000000000,0.000000000,0.000000000,0.000000000,0.520000000,1.000000000,0.712000000,1.000000000,0.000000000,0.000000000,0.000000000,1.000000000,108.801643372,17.371215820,0.777606606,0.999568284,0.027240787,-0.010998144,0.000392653
1688,174.225000000,fused_map_f2f,1,1,1,2.580437395,0.012298003,0.050000000,0.050000000,0.100000000,0.181818182,0.181818182,0.425531915,0.052631579,1.000000000,0.000000000,0.000000000,0.000000000,0.000000000,0.000000000,0.500000000,1.000000000,0.700000000,1.000000000,0.000000000,0.000000000,0.000000000,1.000000000,108.838760376,17.370767593,0.776730955,0.999569535,0.027190750,-0.011011161,0.000352941
1689,174.326000000,fused_map_f2f,1,1,1,2.645627415,0.013109969,0.050000000,0.050000000,0.100000000,0.181818182,0.181818182,0.425531915,0.052631579,1.000000000,0.000000000,0.000000000,0.000000000,0.000000000,0.000000000,0.541666667,1.000000000,0.725000000,1.000000000,0.000000000,0.000000000,0.000000000,1.000000000,108.874282837,17.371248245,0.775153875,0.999565721,0.027342489,-0.010980874,0.000351543
1690,174.417000000,fused_map_f2f,1,1,1,2.678726143,0.011673689,0.050000000,0.050000000,0.100000000,0.181818182,0.181818182,0.425531915,0.052631579,1.000000000,0.000000000,0.000000000,0.000000000,0.000000000,0.000000000,0.520833333,1.000000000,0.712500000,1.000000000,0.000000000,0.000000000,0.000000000,1.000000000,108.909729004,17.371154785,0.774204016,0.999564469,0.027383311,-0.010993398,0.000389492
1691,174.518000000,fused_map_f2f,1,1,1,2.667260121,0.015019878,0.050000000,0.050000000,0.100000000,0.181818182,0.181818182,0.425531915,0.052631579,1.000000000,0.000000000,0.000000000,0.000000000,0.000000000,0.000000000,0.531914894,1.000000000,0.719148936,1.000000000,0.000000000,0.000000000,0.000000000,1.000000000,108.951339722,17.371255875,0.773109674,0.999567628,0.027269725,-0.010988341,0.000418401
1692,174.632000000,fused_map_f2f,1,1,1,2.706099110,0.015006860,0.050000000,0.050000000,0.100000000,0.181818182,0.181818182,0.425531915,0.052631579,1.000000000,0.000000000,0.000000000,0.000000000,0.000000000,0.000000000,0.500000000,1.000000000,0.700000000,1.000000000,0.000000000,0.000000000,0.000000000,1.000000000,108.995903015,17.371702194,0.772097588,0.999569833,0.027185131,-0.010995348,0.000456504
1693,174.717000000,fused_map_f2f,1,1,1,2.692692189,0.010878033,0.050000000,0.050000000,0.100000000,0.181818182,0.181818182,0.425531915,0.052631579,1.000000000,0.000000000,0.000000000,0.000000000,0.000000000,0.000000000,0.490196078,1.000000000,0.694117647,1.000000000,0.000000000,0.000000000,0.000000000,1.000000000,109.024040222,17.371601105,0.771388948,0.999568820,0.027222794,-0.010995677,0.000461496
1694,174.826000000,fused_map_f2f,1,1,1,2.735383206,0.011801562,0.050000000,0.050000000,0.100000000,0.181818182,0.181818182,0.425531915,0.052631579,1.000000000,0.000000000,0.000000000,0.000000000,0.000000000,0.000000000,0.520000000,1.000000000,0.712000000,1.000000000,0.000000000,0.000000000,0.000000000,1.000000000,109.056793213,17.371494293,0.770399392,0.999568224,0.027253576,-0.010969681,0.000460680
1695,174.933000000,fused_map_f2f,1,1,1,2.762767057,0.014272563,0.050000000,0.050000000,0.100000000,0.181818182,0.181818182,0.425531915,0.052631579,1.000000000,0.000000000,0.000000000,0.000000000,0.000000000,0.000000000,0.531914894,1.000000000,0.719148936,1.000000000,0.000000000,0.000000000,0.000000000,1.000000000,109.087921143,17.371315002,0.769569397,0.999569178,0.027220346,-0.010970472,0.000435073
1696,175.022000000,fused_map_f2f,1,1,1,2.773828793,0.011332941,0.050000000,0.050000000,0.100000000,0.181818182,0.181818182,0.425531915,0.052631579,1.000000000,0.000000000,0.000000000,0.000000000,0.000000000,0.000000000,0.500000000,1.000000000,0.700000000,1.000000000,0.000000000,0.000000000,0.000000000,1.000000000,109.117485046,17.371244431,0.768248975,0.999566913,0.027291443,-0.010998947,0.000422426
1697,175.122000000,fused_map_f2f,1,1,1,2.774017058,0.012658902,0.050000000,0.050000000,0.100000000,0.181818182,0.181818182,0.425531915,0.052631579,1.000000000,0.000000000,0.000000000,0.000000000,0.000000000,0.000000000,0.520833333,1.000000000,0.712500000,1.000000000,0.000000000,0.000000000,0.000000000,1.000000000,109.152816772,17.370790482,0.767019153,0.999570191,0.027172701,-0.010991692,0.000437984
1698,175.222000000,fused_map_f2f,1,1,1,2.813106407,0.011813173,0.050000000,0.050000000,0.100000000,0.181818182,0.181818182,0.425531915,0.052631579,1.000000000,0.000000000,0.000000000,0.000000000,0.000000000,0.000000000,0.520833333,1.000000000,0.712500000,1.000000000,0.000000000,0.000000000,0.000000000,1.000000000,109.184020996,17.370931625,0.766317308,0.999573231,0.027060512,-0.010995269,0.000419256
1699,175.316000000,fused_map_f2f,1,1,1,2.839243480,0.012623073,0.050000000,0.050000000,0.100000000,0.181818182,0.181818182,0.425531915,0.052631579,1.000000000,0.000000000,0.000000000,0.000000000,0.000000000,0.000000000,0.541666667,1.000000000,0.725000000,1.000000000,0.000000000,0.000000000,0.000000000,1.000000000,109.213562012,17.371034622,0.765315711,0.999572992,0.027074834,-0.010979873,0.000427050
1700,175.431000000,fused_map_f2f,1,1,1,2.869967874,0.011364701,0.050000000,0.050000000,0.100000000,0.181818182,0.181818182,0.425531915,0.052631579,1.000000000,0.000000000,0.000000000,0.000000000,0.000000000,0.000000000,0.543478261,1.000000000,0.726086957,1.000000000,0.000000000,0.000000000,0.000000000,1.000000000,109.252151489,17.371938705,0.764018953,0.999569356,0.027197745,-0.011008388,0.000427212
1701,175.515000000,fused_map_f2f,1,1,1,2.905785412,0.013457556,0.050000000,0.050000000,0.100000000,0.181818182,0.181818182,0.425531915,0.052631579,1.000000000,0.000000000,0.000000000,0.000000000,0.000000000,0.000000000,0.489795918,1.000000000,0.693877551,1.000000000,0.000000000,0.000000000,0.000000000,1.000000000,109.279342651,17.371936798,0.763116002,0.999566793,0.027291339,-0.011010820,0.000409653
1702,175.626000000,fused_map_f2f,1,1,1,2.936253193,0.011371924,0.050000000,0.050000000,0.100000000,0.181818182,0.181818182,0.425531915,0.052631579,1.000000000,0.000000000,0.000000000,0.000000000,0.000000000,0.000000000,0.480769231,1.000000000,0.688461538,1.000000000,0.000000000,0.000000000,0.000000000,1.000000000,109.318923950,17.372123718,0.762599170,0.999567747,0.027257988,-0.011004310,0.000430475
1703,175.728000000,fused_map_f2f,1,1,1,2.904572798,0.017946840,0.050000000,0.050000000,0.100000000,0.181818182,0.181818182,0.425531915,0.052631579,1.000000000,0.000000000,0.000000000,0.000000000,0.000000000,0.000000000,0.531914894,1.000000000,0.719148936,1.000000000,0.000000000,0.000000000,0.000000000,1.000000000,109.352317810,17.372308731,0.761500597,0.999569893,0.027182350,-0.010998156,0.000415483
1704,175.831000000,fused_map_f2f,1,1,1,2.938014510,0.011291251,0.050000000,0.050000000,0.100000000,0.181818182,0.181818182,0.425531915,0.052631579,1.000000000,0.000000000,0.000000000,0.000000000,0.000000000,0.000000000,0.454545455,1.000000000,0.672727273,1.000000000,0.000000000,0.000000000,0.000000000,1.000000000,109.385467529,17.372179031,0.760576665,0.999570608,0.027144706,-0.011025352,0.000423319
1705,175.914000000,fused_map_f2f,1,1,1,2.944263961,0.010292940,0.050000000,0.050000000,0.100000000,0.181818182,0.181818182,0.425531915,0.052631579,1.000000000,0.000000000,0.000000000,0.000000000,0.000000000,0.000000000,0.510204082,1.000000000,0.706122449,1.000000000,0.000000000,0.000000000,0.000000000,1.000000000,109.410682678,17.372232437,0.759879649,0.999571204,0.027132962,-0.011002524,0.000381671
1706,176.023000000,fused_map_f2f,1,1,1,2.989062232,0.010219309,0.050000000,0.050000000,0.100000000,0.181818182,0.181818182,0.425531915,0.052631579,1.000000000,0.000000000,0.000000000,0.000000000,0.000000000,0.000000000,0.509803922,1.000000000,0.705882353,1.000000000,0.000000000,0.000000000,0.000000000,1.000000000,109.447097778,17.372245789,0.758728683,0.999573827,0.027038872,-0.010994458,0.000384166
1707,176.120000000,fused_map_f2f,1,1,1,3.034078953,0.012145383,0.050000000,0.050000000,0.100000000,0.181818182,0.181818182,0.425531915,0.052631579,1.000000000,0.000000000,0.000000000,0.000000000,0.000000000,0.000000000,0.520833333,1.000000000,0.712500000,1.000000000,0.000000000,0.000000000,0.000000000,1.000000000,109.476715088,17.372310638,0.757949710,0.999574363,0.027032087,-0.010964812,0.000346432
1708,176.229000000,fused_map_f2f,1,1,1,3.041278449,0.017800508,0.050000000,0.050000000,0.100000000,0.181818182,0.181818182,0.425531915,0.052631579,1.000000000,0.000000000,0.000000000,0.000000000,0.000000000,0.000000000,0.520833333,1.000000000,0.712500000,1.000000000,0.000000000,0.000000000,0.000000000,1.000000000,109.512031555,17.371726990,0.756702423,0.999574125,0.027035076,-0.010974765,0.000371446
1709,176.329000000,fused_map_f2f,1,1,1,3.036843633,0.015478670,0.050000000,0.050000000,0.100000000,0.181818182,0.181818182,0.425531915,0.052631579,1.000000000,0.000000000,0.000000000,0.000000000,0.000000000,0.000000000,0.581395349,1.000000000,0.748837209,1.000000000,0.000000000,0.000000000,0.000000000,1.000000000,109.548332214,17.372570038,0.755916417,0.999575436,0.026978793,-0.010994360,0.000407754
1710,176.425000000,fused_map_f2f,1,1,1,3.056595230,0.012929554,0.050000000,0.050000000,0.100000000,0.181818182,0.181818182,0.425531915,0.052631579,1.000000000,0.000000000,0.000000000,0.000000000,0.000000000,0.000000000,0.520833333,1.000000000,0.712500000,1.000000000,0.000000000,0.000000000,0.000000000,1.000000000,109.583137512,17.372732162,0.755255938,0.999575436,0.026975911,-0.011001824,0.000434611
1711,176.517000000,fused_map_f2f,1,1,1,3.103669616,0.013199478,0.050000000,0.050000000,0.100000000,0.181818182,0.181818182,0.425531915,0.052631579,1.000000000,0.000000000,0.000000000,0.000000000,0.000000000,0.000000000,0.520833333,1.000000000,0.712500000,1.000000000,0.000000000,0.000000000,0.000000000,1.000000000,109.616729736,17.372541428,0.754315913,0.999574602,0.027005618,-0.011005685,0.000433580
1712,176.617000000,fused_map_f2f,1,1,1,3.149527101,0.017883461,0.050000000,0.050000000,0.100000000,0.181818182,0.181818182,0.425531915,0.052631579,1.000000000,0.000000000,0.000000000,0.000000000,0.000000000,0.000000000,0.530612245,1.000000000,0.718367347,1.000000000,0.000000000,0.000000000,0.000000000,1.000000000,109.653205872,17.373359680,0.753174245,0.999579370,0.026923245,-0.010779550,0.000205405
1713,176.723000000,fused_map_f2f,1,1,1,3.145766993,0.024812493,0.050000000,0.050000000,0.100000000,0.181818182,0.181818182,0.425531915,0.052631579,1.000000000,0.000000000,0.000000000,0.000000000,0.000000000,0.000000000,0.531914894,1.000000000,0.719148936,1.000000000,0.000000000,0.000000000,0.000000000,1.000000000,109.690284729,17.374326706,0.752738237,0.999596715,0.026486034,-0.010234600,-0.000372354
1714,176.827000000,fused_map_f2f,1,1,1,3.119019103,0.028727780,0.050000000,0.050000000,0.100000000,0.181818182,0.181818182,0.425531915,0.052631579,1.000000000,0.000000000,0.000000000,0.000000000,0.000000000,0.000000000,0.490196078,1.000000000,0.694117647,1.000000000,0.000000000,0.000000000,0.000000000,1.000000000,109.734008789,17.374229431,0.752836406,0.999613225,0.026089218,-0.009608675,-0.000684370
1715,176.918000000,fused_map_f2f,1,1,1,3.162094818,0.020088037,0.050000000,0.050000000,0.100000000,0.181818182,0.181818182,0.425531915,0.052631579,1.000000000,0.000000000,0.000000000,0.000000000,0.000000000,0.000000000,0.500000000,1.000000000,0.700000000,1.000000000,0.000000000,0.000000000,0.000000000,1.000000000,109.765899658,17.374101639,0.752485096,0.999628544,0.025669277,-0.009093408,-0.001070547
1716,177.032000000,fused_map_f2f,1,1,1,3.227538196,0.028487780,0.050000000,0.050000000,0.100000000,0.181818182,0.181818182,0.425531915,0.052631579,1.000000000,0.000000000,0.000000000,0.000000000,0.000000000,0.000000000,0.568181818,1.000000000,0.740909091,1.000000000,0.000000000,0.000000000,0.000000000,1.000000000,109.803886414,17.374725342,0.752027392,0.999644220,0.025255233,-0.008435431,-0.001539375
1717,177.115000000,fused_map_f2f,1,1,1,3.233913706,0.021327712,0.050000000,0.050000000,0.100000000,0.181818182,0.181818182,0.425531915,0.052631579,1.000000000,0.000000000,0.000000000,0.000000000,0.000000000,0.000000000,0.490196078,1.000000000,0.694117647,1.000000000,0.000000000,0.000000000,0.000000000,1.000000000,109.831817627,17.375247955,0.751720965,0.999658525,0.024827138,-0.007962366,-0.001757164
1718,177.216000000,fused_map_f2f,1,1,1,3.223908836,0.023801702,0.050000000,0.050000000,0.100000000,0.181818182,0.181818182,0.425531915,0.052631579,1.000000000,0.000000000,0.000000000,0.000000000,0.000000000,0.000000000,0.480769231,1.000000000,0.688461538,1.000000000,0.000000000,0.000000000,0.000000000,1.000000000,109.864234924,17.377136230,0.751368344,0.999669254,0.024538606,-0.007415162,-0.002046719
1719,177.326000000,fused_map_f2f,1,1,1,3.264407867,0.025904824,0.050000000,0.050000000,0.100000000,0.181818182,0.181818182,0.425531915,0.052631579,1.000000000,0.000000000,0.000000000,0.000000000,0.000000000,0.000000000,0.490196078,1.000000000,0.694117647,1.000000000,0.000000000,0.000000000,0.000000000,1.000000000,109.902359009,17.376995087,0.751086652,0.999686778,0.023978762,-0.006762531,-0.002367701
1720,177.413000000,fused_map_f2f,1,1,1,3.250602566,0.018602318,0.050000000,0.050000000,0.100000000,0.181818182,0.181818182,0.425531915,0.052631579,1.000000000,0.000000000,0.000000000,0.000000000,0.000000000,0.000000000,0.480769231,1.000000000,0.688461538,1.000000000,0.000000000,0.000000000,0.000000000,1.000000000,109.927902222,17.377170563,0.750478148,0.999697506,0.023624880,-0.006284152,-0.002704941
1721,177.529000000,fused_map_f2f,1,1,1,3.300474249,0.027986543,0.050000000,0.050000000,0.100000000,0.181818182,0.181818182,0.425531915,0.052631579,1.000000000,0.000000000,0.000000000,0.000000000,0.000000000,0.000000000,0.490196078,1.000000000,0.694117647,1.000000000,0.000000000,0.000000000,0.000000000,1.000000000,109.963706970,17.378377914,0.749761999,0.999711096,0.023189535,-0.005586496,-0.002959656
1722,177.633000000,fused_map_f2f,1,1,1,3.337337057,0.028953721,0.050000000,0.050000000,0.100000000,0.181818182,0.181818182,0.425531915,0.052631579,1.000000000,0.000000000,0.000000000,0.000000000,0.000000000,0.000000000,0.480769231,1.000000000,0.688461538,1.000000000,0.000000000,0.000000000,0.000000000,1.000000000,109.995323181,17.379035950,0.749723315,0.999725461,0.022677166,-0.004958970,-0.003179264
1723,177.731000000,fused_map_f2f,1,1,1,3.356537271,0.027059740,0.050000000,0.050000000,0.100000000,0.181818182,0.181818182,0.425531915,0.052631579,1.000000000,0.000000000,0.000000000,0.000000000,0.000000000,0.000000000,0.431034483,1.000000000,0.658620690,1.000000000,0.000000000,0.000000000,0.000000000,1.000000000,110.022933960,17.379915237,0.749344647,0.999734223,0.022387868,-0.004336359,-0.003389631
1724,177.815000000,fused_map_f2f,1,1,1,3.354761099,0.032340647,0.050000000,0.050000000,0.100000000,0.181818182,0.181818182,0.425531915,0.052631579,1.000000000,0.000000000,0.000000000,0.000000000,0.000000000,0.000000000,0.500000000,1.000000000,0.700000000,1.000000000,0.000000000,0.000000000,0.000000000,1.000000000,110.044235229,17.380142212,0.749017000,0.999741733,0.022102080,-0.003819068,-0.003649392
1725,177.924000000,fused_map_f2f,1,1,1,3.340029969,0.032321807,0.050000000,0.050000000,0.100000000,0.181818182,0.181818182,0.425531915,0.052631579,1.000000000,0.000000000,0.000000000,0.000000000,0.000000000,0.000000000,0.472727273,1.000000000,0.683636364,1.000000000,0.000000000,0.000000000,0.000000000,1.000000000,110.074676514,17.380432129,0.749175251,0.999758065,0.021444373,-0.003144526,-0.003746408
1726,178.027000000,fused_map_f2f,1,1,1,3.348311062,0.027660059,0.050000000,0.050000000,0.100000000,0.181818182,0.181818182,0.425531915,0.052631579,1.000000000,0.000000000,0.000000000,0.000000000,0.000000000,0.000000000,0.490196078,1.000000000,0.694117647,1.000000000,0.000000000,0.000000000,0.000000000,1.000000000,110.101921082,17.381462097,0.748927236,0.999764919,0.021176515,-0.002505127,-0.003928662
1727,178.119000000,fused_map_f2f,1,1,1,3.347453226,0.029758413,0.050000000,0.050000000,0.100000000,0.181818182,0.181818182,0.425531915,0.052631579,1.000000000,0.000000000,0.000000000,0.000000000,0.000000000,0.000000000,0.454545455,1.000000000,0.672727273,1.000000000,0.000000000,0.000000000,0.000000000,1.000000000,110.125679016,17.382040024,0.748589456,0.999773860,0.020778323,-0.001948892,-0.004090195
1728,178.226000000,fused_map_f2f,1,1,1,3.350673541,0.026851793,0.050000000,0.050000000,0.100000000,0.181818182,0.181818182,0.425531915,0.052631579,1.000000000,0.000000000,0.000000000,0.000000000,0.000000000,0.000000000,0.462962963,1.000000000,0.677777778,1.000000000,0.000000000,0.000000000,0.000000000,1.000000000,110.153137207,17.383203506,0.748279035,0.999782741,0.020368412,-0.001326201,-0.004220880
1729,178.329000000,fused_map_f2f,1,1,1,3.448736747,0.023665611,0.050000000,0.050000000,0.100000000,0.181818182,0.181818182,0.425531915,0.052631579,1.000000000,0.000000000,0.000000000,0.000000000,0.000000000,0.000000000,0.454545455,1.000000000,0.672727273,1.000000000,0.000000000,0.000000000,0.000000000,1.000000000,110.174797058,17.383766174,0.748205721,0.999786317,0.020195562,-0.000721668,-0.004350837
1730,178.413000000,fused_map_f2f,1,1,1,3.446983542,0.019893565,0.050000000,0.050000000,0.100000000,0.181818182,0.181818182,0.425531915,0.052631579,1.000000000,0.000000000,0.000000000,0.000000000,0.000000000,0.000000000,0.471698113,1.000000000,0.683018868,1.000000000,0.000000000,0.000000000,0.000000000,1.000000000,110.192138672,17.384094238,0.747859180,0.999793172,0.019839011,-0.000227735,-0.004469976
1731,178.529000000,fused_map_f2f,1,1,1,3.439046142,0.015330701,0.050000000,0.050000000,0.100000000,0.181818182,0.181818182,0.425531915,0.052631579,1.000000000,0.000000000,0.000000000,0.000000000,0.000000000,0.000000000,0.481481481,1.000000000,0.688888889,1.000000000,0.000000000,0.000000000,0.000000000,1.000000000,110.212318420,17.385688782,0.747186899,0.999806523,0.019170301,-0.000194946,-0.004409926
1732,178.613000000,fused_map_f2f,1,1,1,3.460693770,0.017846490,0.050000000,0.050000000,0.100000000,0.181818182,0.181818182,0.425531915,0.052631579,1.000000000,0.000000000,0.000000000,0.000000000,0.000000000,0.000000000,0.500000000,1.000000000,0.700000000,1.000000000,0.000000000,0.000000000,0.000000000,1.000000000,110.227577209,17.386095047,0.747105122,0.999815941,0.018686503,-0.000184078,-0.004339479
1733,178.730000000,fused_map_f2f,1,1,1,3.443609125,0.011191754,0.050000000,0.050000000,0.100000000,0.181818182,0.181818182,0.425531915,0.052631579,1.000000000,0.000000000,0.000000000,0.000000000,0.000000000,0.000000000,0.462962963,1.000000000,0.677777778,1.000000000,0.000000000,0.000000000,0.000000000,1.000000000,110.247535706,17.386863708,0.746547759,0.999829113,0.017982969,-0.000170205,-0.004286751
1734,178.816000000,fused_map_f2f,1,1,1,3.390216049,0.019157430,0.050000000,0.050000000,0.100000000,0.181818182,0.181818182,0.425531915,0.052631579,1.000000000,0.000000000,0.000000000,0.000000000,0.000000000,0.000000000,0.490196078,1.000000000,0.694117647,1.000000000,0.000000000,0.000000000,0.000000000,1.000000000,110.261970520,17.387279510,0.746376634,0.999837697,0.017508544,-0.000185977,-0.004246198
1735,178.920000000,fused_map_f2f,1,1,1,3.452485731,0.010849300,0.050000000,0.050000000,0.100000000,0.181818182,0.181818182,0.425531915,0.052631579,1.000000000,0.000000000,0.000000000,0.000000000,0.000000000,0.000000000,0.480769231,1.000000000,0.688461538,1.000000000,0.000000000,0.000000000,0.000000000,1.000000000,110.278480530,17.388072968,0.746134520,0.999848008,0.016902149,-0.000153162,-0.004276532
1736,179.018000000,fused_map_f2f,1,1,1,3.446922811,0.014310647,0.050000000,0.050000000,0.100000000,0.181818182,0.181818182,0.425531915,0.052631579,1.000000000,0.000000000,0.000000000,0.000000000,0.000000000,0.000000000,0.490196078,1.000000000,0.694117647,1.000000000,0.000000000,0.000000000,0.000000000,1.000000000,110.298027039,17.386981964,0.746060193,0.999857724,0.016350618,-0.000157566,-0.004139280
1737,179.127000000,fused_map_f2f,1,1,1,3.517203089,0.012571323,0.050000000,0.050000000,0.100000000,0.181818182,0.181818182,0.425531915,0.052631579,1.000000000,0.000000000,0.000000000,0.000000000,0.000000000,0.000000000,0.529411765,1.000000000,0.717647059,1.000000000,0.000000000,0.000000000,0.000000000,1.000000000,110.318344116,17.386470795,0.745097756,0.999869645,0.015613587,-0.000160667,-0.004103261
1738,179.231000000,fused_map_f2f,1,1,1,3.508858419,0.015231968,0.050000000,0.050000000,0.100000000,0.181818182,0.181818182,0.425531915,0.052631579,1.000000000,0.000000000,0.000000000,0.000000000,0.000000000,0.000000000,0.509803922,1.000000000,0.705882353,1.000000000,0.000000000,0.000000000,0.000000000,1.000000000,110.341545105,17.386833191,0.744608104,0.999881387,0.014855954,-0.000172623,-0.004063976
1739,179.315000000,fused_map_f2f,1,1,1,3.576007821,0.015786054,0.050000000,0.050000000,0.100000000,0.181818182,0.181818182,0.425531915,0.052631579,1.000000000,0.000000000,0.000000000,0.000000000,0.000000000,0.000000000,0.471698113,1.000000000,0.683018868,1.000000000,0.000000000,0.000000000,0.000000000,1.000000000,110.358604431,17.388257980,0.744393945,0.999887526,0.014438633,-0.000168849,-0.004049399
1740,179.417000000,fused_map_f2f,1,1,1,3.504871831,0.014574762,0.050000000,0.050000000,0.100000000,0.181818182,0.181818182,0.425531915,0.052631579,1.000000000,0.000000000,0.000000000,0.000000000,0.000000000,0.000000000,0.509803922,1.000000000,0.705882353,1.000000000,0.000000000,0.000000000,0.000000000,1.000000000,110.375717163,17.387912750,0.744194448,0.999894917,0.013911927,-0.000169371,-0.004067660
1741,179.524000000,fused_map_f2f,1,1,1,3.565254673,0.015926587,0.050000000,0.050000000,0.100000000,0.181818182,0.181818182,0.425531915,0.052631579,1.000000000,0.000000000,0.000000000,0.000000000,0.000000000,0.000000000,0.471698113,1.000000000,0.683018868,1.000000000,0.000000000,0.000000000,0.000000000,1.000000000,110.393272400,17.388750076,0.744047821,0.999903381,0.013286667,-0.000185148,-0.004084796
1742,179.626000000,fused_map_f2f,1,1,1,3.608078059,0.019245437,0.050000000,0.050000000,0.100000000,0.181818182,0.181818182,0.425531915,0.052631579,1.000000000,0.000000000,0.000000000,0.000000000,0.000000000,0.000000000,0.462962963,1.000000000,0.677777778,1.000000000,0.000000000,0.000000000,0.000000000,1.000000000,110.412208557,17.391471863,0.743723273,0.999910235,0.012754767,-0.000158531,-0.004104219
1743,179.714000000,fused_map_f2f,1,1,1,3.627358403,0.015352534,0.050000000,0.050000000,0.100000000,0.181818182,0.181818182,0.425531915,0.052631579,1.000000000,0.000000000,0.000000000,0.000000000,0.000000000,0.000000000,0.461538462,1.000000000,0.676923077,1.000000000,0.000000000,0.000000000,0.000000000,1.000000000,110.426918030,17.392038345,0.743278027,0.999915481,0.012310501,-0.000144261,-0.004170544
1744,179.814000000,fused_map_f2f,1,1,1,3.544433943,0.015759543,0.050000000,0.050000000,0.100000000,0.181818182,0.181818182,0.425531915,0.052631579,1.000000000,0.000000000,0.000000000,0.000000000,0.000000000,0.000000000,0.480769231,1.000000000,0.688461538,1.000000000,0.000000000,0.000000000,0.000000000,1.000000000,110.443809509,17.392923355,0.743022799,0.999922037,0.011756674,-0.000150026,-0.004196905
1745,179.925000000,fused_map_f2f,1,1,1,3.535748977,0.013104562,0.050000000,0.050000000,0.100000000,0.181818182,0.181818182,0.425531915,0.052631579,1.000000000,0.000000000,0.000000000,0.000000000,0.000000000,0.000000000,0.471698113,1.000000000,0.683018868,1.000000000,0.000000000,0.000000000,0.000000000,1.000000000,110.463043213,17.393608093,0.742706120,0.999929547,0.011084090,-0.000151668,-0.004241954
1746,180.021000000,fused_map_f2f,1,1,1,3.554086155,0.017963367,0.050000000,0.050000000,0.100000000,0.181818182,0.181818182,0.425531915,0.052631579,1.000000000,0.000000000,0.000000000,0.000000000,0.000000000,0.000000000,0.462962963,1.000000000,0.677777778,1.000000000,0.000000000,0.000000000,0.000000000,1.000000000,110.481346130,17.395092010,0.742197752,0.999934435,0.010635618,-0.000153834,-0.004246760
1747,180.133000000,fused_map_f2f,1,1,1,3.534860162,0.014461041,0.050000000,0.050000000,0.100000000,0.181818182,0.181818182,0.425531915,0.052631579,1.000000000,0.000000000,0.000000000,0.000000000,0.000000000,0.000000000,0.454545455,1.000000000,0.672727273,1.000000000,0.000000000,0.000000000,0.000000000,1.000000000,110.499732971,17.395866394,0.742115319,0.999939740,0.010090050,-0.000150572,-0.004324443
1748,180.216000000,fused_map_f2f,1,1,1,3.661004409,0.019121486,0.050000000,0.050000000,0.100000000,0.181818182,0.181818182,0.425531915,0.052631579,1.000000000,0.000000000,0.000000000,0.000000000,0.000000000,0.000000000,0.454545455,1.000000000,0.672727273,1.000000000,0.000000000,0.000000000,0.000000000,1.000000000,110.513435364,17.396343231,0.741680384,0.999943256,0.009704311,-0.000151010,-0.004390232
1749,180.317000000,fused_map_f2f,1,1,1,3.627217766,0.014019881,0.050000000,0.050000000,0.100000000,0.181818182,0.181818182,0.425531915,0.052631579,1.000000000,0.000000000,0.000000000,0.000000000,0.000000000,0.000000000,0.490196078,1.000000000,0.694117647,1.000000000,0.000000000,0.000000000,0.000000000,1.000000000,110.549339294,17.395990372,0.740115583,0.999949276,0.009104582,-0.000131578,-0.004303497
1750,180.425000000,fused_map_f2f,1,1,1,3.655253127,0.016069098,0.050000000,0.050000000,0.100000000,0.181818182,0.181818182,0.425531915,0.052631579,1.000000000,0.000000000,0.000000000,0.000000000,0.000000000,0.000000000,0.462962963,1.000000000,0.677777778,1.000000000,0.000000000,0.000000000,0.000000000,1.000000000,110.570640564,17.396274567,0.739624500,0.999956071,0.008287300,-0.000122586,-0.004370034
1751,180.530000000,fused_map_f2f,1,1,1,3.650946778,0.011312806,0.050000000,0.050000000,0.100000000,0.181818182,0.181818182,0.425531915,0.052631579,1.000000000,0.000000000,0.000000000,0.000000000,0.000000000,0.000000000,0.480769231,1.000000000,0.688461538,1.000000000,0.000000000,0.000000000,0.000000000,1.000000000,110.593284607,17.395877838,0.739417374,0.999961734,0.007548417,-0.000121721,-0.004425870
1752,180.639000000,fused_map_f2f,1,1,1,3.697949251,0.015841989,0.050000000,0.050000000,0.100000000,0.181818182,0.181818182,0.425531915,0.052631579,1.000000000,0.000000000,0.000000000,0.000000000,0.000000000,0.000000000,0.480769231,1.000000000,0.688461538,1.000000000,0.000000000,0.000000000,0.000000000,1.000000000,110.620635986,17.396718979,0.739566684,0.999966621,0.006825967,-0.000123539,-0.004493334
1753,180.725000000,fused_map_f2f,1,1,1,3.654204565,0.021471830,0.050000000,0.050000000,0.100000000,0.181818182,0.181818182,0.425531915,0.052631579,1.000000000,0.000000000,0.000000000,0.000000000,0.000000000,0.000000000,0.490196078,1.000000000,0.694117647,1.000000000,0.000000000,0.000000000,0.000000000,1.000000000,110.638038635,17.396823883,0.739186168,0.999970257,0.006223892,-0.000113449,-0.004555353
1754,180.828000000,fused_map_f2f,1,1,1,3.669337804,0.016408339,0.050000000,0.050000000,0.100000000,0.181818182,0.181818182,0.425531915,0.052631579,1.000000000,0.000000000,0.000000000,0.000000000,0.000000000,0.000000000,0.452830189,1.000000000,0.671698113,1.000000000,0.000000000,0.000000000,0.000000000,1.000000000,110.657379150,17.396844864,0.738636732,0.999973893,0.005524585,-0.000118144,-0.004651527
1755,180.927000000,fused_map_f2f,1,1,1,3.657272447,0.019132860,0.050000000,0.050000000,0.100000000,0.181818182,0.181818182,0.425531915,0.052631579,1.000000000,0.000000000,0.000000000,0.000000000,0.000000000,0.000000000,0.489795918,1.000000000,0.693877551,1.000000000,0.000000000,0.000000000,0.000000000,1.000000000,110.672325134,17.397743225,0.738239229,0.999976218,0.004989864,-0.000131421,-0.004764922
1756,181.024000000,fused_map_f2f,1,1,1,3.623549310,0.014040722,0.050000000,0.050000000,0.100000000,0.181818182,0.181818182,0.425531915,0.052631579,1.000000000,0.000000000,0.000000000,0.000000000,0.000000000,0.000000000,0.500000000,1.000000000,0.700000000,1.000000000,0.000000000,0.000000000,0.000000000,1.000000000,110.738510132,17.397407532,0.737436116,0.999979794,0.004186963,-0.000119264,-0.004776105
1757,181.131000000,fused_map_f2f,1,1,1,3.603968886,0.015630911,0.050000000,0.050000000,0.100000000,0.181818182,0.181818182,0.425531915,0.052631579,1.000000000,0.000000000,0.000000000,0.000000000,0.000000000,0.000000000,0.520000000,1.000000000,0.712000000,1.000000000,0.000000000,0.000000000,0.000000000,1.000000000,110.782760620,17.397562027,0.737136185,0.999982238,0.003434457,-0.000116308,-0.004866881
1758,181.221000000,fused_map_f2f,1,1,1,3.572405658,0.015731394,0.050000000,0.050000000,0.100000000,0.181818182,0.181818182,0.425531915,0.052631579,1.000000000,0.000000000,0.000000000,0.000000000,0.000000000,0.000000000,0.553191489,1.000000000,0.731914894,1.000000000,0.000000000,0.000000000,0.000000000,1.000000000,110.826438904,17.397310257,0.737004101,0.999983907,0.002716959,-0.000126721,-0.004977167
1759,181.333000000,fused_map_f2f,1,1,1,3.640205048,0.013077844,0.050000000,0.050000000,0.100000000,0.181818182,0.181818182,0.425531915,0.052631579,1.000000000,0.000000000,0.000000000,0.000000000,0.000000000,0.000000000,0.480769231,1.000000000,0.688461538,1.000000000,0.000000000,0.000000000,0.000000000,1.000000000,110.853858948,17.397064209,0.735988021,0.999985039,0.002010151,-0.000112215,-0.005080082
1760,181.439000000,fused_map_f2f,1,1,1,3.651837010,0.020944087,0.050000000,0.050000000,0.100000000,0.181818182,0.181818182,0.425531915,0.052631579,1.000000000,0.000000000,0.000000000,0.000000000,0.000000000,0.000000000,0.500000000,1.000000000,0.700000000,1.000000000,0.000000000,0.000000000,0.000000000,1.000000000,111.005447388,17.396766663,0.735308230,0.999985576,0.001398553,-0.000112678,-0.005184074
1761,181.527000000,fused_map_f2f,1,1,1,3.744820896,0.014881370,0.050000000,0.050000000,0.100000000,0.181818182,0.181818182,0.425531915,0.052631579,1.000000000,0.000000000,0.000000000,0.000000000,0.000000000,0.000000000,0.471698113,1.000000000,0.683018868,1.000000000,0.000000000,0.000000000,0.000000000,1.000000000,111.032569885,17.398279190,0.735284328,0.999985754,0.000920093,-0.000097118,-0.005249866
1762,181.632000000,fused_map_f2f,1,1,1,3.517029370,0.014619137,0.050000000,0.050000000,0.100000000,0.181818182,0.181818182,0.425531915,0.052631579,1.000000000,0.000000000,0.000000000,0.000000000,0.000000000,0.000000000,0.500000000,1.000000000,0.700000000,1.000000000,0.000000000,0.000000000,0.000000000,1.000000000,111.089797974,17.399124146,0.734776735,0.999985456,0.000350812,-0.000100569,-0.005378164
1763,181.726000000,fused_map_f2f,1,1,1,3.437864881,0.015905441,0.050000000,0.050000000,0.100000000,0.181818182,0.181818182,0.425531915,0.052631579,1.000000000,0.000000000,0.000000000,0.000000000,0.000000000,0.000000000,0.500000000,1.000000000,0.700000000,1.000000000,0.000000000,0.000000000,0.000000000,1.000000000,111.176216125,17.400926590,0.734947503,0.999984741,-0.000058351,-0.000108277,-0.005518077
1764,181.814000000,fused_map_f2f,1,1,1,3.463523255,0.012459077,0.050000000,0.050000000,0.100000000,0.181818182,0.181818182,0.425531915,0.052631579,1.000000000,0.000000000,0.000000000,0.000000000,0.000000000,0.000000000,0.480000000,1.000000000,0.688000000,1.000000000,0.000000000,0.000000000,0.000000000,1.000000000,111.215713501,17.402008057,0.735000968,0.999984622,-0.000305115,-0.000102726,-0.005540804
1765,181.920000000,fused_map_f2f,1,1,1,3.465174271,0.012415316,0.050000000,0.050000000,0.100000000,0.181818182,0.181818182,0.425531915,0.052631579,1.000000000,0.000000000,0.000000000,0.000000000,0.000000000,0.000000000,0.500000000,1.000000000,0.700000000,1.000000000,0.000000000,0.000000000,0.000000000,1.000000000,111.231048584,17.402137756,0.735155880,0.999985278,-0.000309845,-0.000093099,-0.005418402
1766,182.034000000,fused_map_f2f,1,1,1,3.404098891,0.017434378,0.050000000,0.050000000,0.100000000,0.181818182,0.181818182,0.425531915,0.052631579,1.000000000,0.000000000,0.000000000,0.000000000,0.000000000,0.000000000,0.520833333,1.000000000,0.712500000,1.000000000,0.000000000,0.000000000,0.000000000,1.000000000,111.274185181,17.402109146,0.734863400,0.999986291,-0.000301779,-0.000095112,-0.005220316
1767,182.124000000,fused_map_f2f,1,1,1,3.235865195,0.012783235,0.050000000,0.050000000,0.100000000,0.181818182,0.181818182,0.425531915,0.052631579,1.000000000,0.000000000,0.000000000,0.000000000,0.000000000,0.000000000,0.531914894,1.000000000,0.719148936,1.000000000,0.000000000,0.000000000,0.000000000,1.000000000,111.407539368,17.400621414,0.734587967,0.999986649,-0.000237818,-0.000115400,-0.005159171
1768,182.221000000,fused_map_f2f,1,1,1,2.572316570,0.011718198,0.050000000,0.050000000,0.100000000,0.181818182,0.181818182,0.425531915,0.052631579,1.000000000,0.000000000,0.000000000,0.000000000,0.000000000,0.000000000,0.469387755,1.000000000,0.681632653,1.000000000,0.000000000,0.000000000,0.000000000,1.000000000,111.900711060,17.398618698,0.735037982,0.999987245,-0.000492606,-0.000097911,-0.005027890
1769,182.320000000,fused_map_f2f,1,1,1,2.749067464,0.016400869,0.050000000,0.050000000,0.100000000,0.181818182,0.181818182,0.425531915,0.052631579,1.000000000,0.000000000,0.000000000,0.000000000,0.000000000,0.000000000,0.480000000,1.000000000,0.688000000,1.000000000,0.000000000,0.000000000,0.000000000,1.000000000,112.011917114,17.399034500,0.734999239,0.999987781,-0.000419466,-0.000099104,-0.004921000
1770,182.425000000,fused_map_f2f,1,1,1,2.798298660,0.014543163,0.050000000,0.050000000,0.100000000,0.181818182,0.181818182,0.425531915,0.052631579,1.000000000,0.000000000,0.000000000,0.000000000,0.000000000,0.000000000,0.489795918,1.000000000,0.693877551,1.000000000,0.000000000,0.000000000,0.000000000,1.000000000,112.047203064,17.399265289,0.735122085,0.999988198,-0.000398631,-0.000099862,-0.004838846
1771,182.526000000,fused_map_f2f,1,1,1,2.652925688,0.011288567,0.050000000,0.050000000,0.100000000,0.181818182,0.181818182,0.425531915,0.052631579,1.000000000,0.000000000,0.000000000,0.000000000,0.000000000,0.000000000,0.500000000,1.000000000,0.700000000,1.000000000,0.000000000,0.000000000,0.000000000,1.000000000,112.184829712,17.398965836,0.735048652,0.999988854,-0.000336141,-0.000115812,-0.004713166
1772,182.614000000,fused_map_f2f,1,1,1,2.531316708,0.009842704,0.050000000,0.050000000,0.100000000,0.181818182,0.181818182,0.425531915,0.052631579,1.000000000,0.000000000,0.000000000,0.000000000,0.000000000,0.000000000,0.511111111,1.000000000,0.706666667,1.000000000,0.000000000,0.000000000,0.000000000,1.000000000,112.336509705,17.398988724,0.735035896,0.999989450,-0.000258640,-0.000105320,-0.004578644
1773,182.731000000,fused_map_f2f,1,1,1,2.396464626,0.016321159,0.050000000,0.050000000,0.100000000,0.181818182,0.181818182,0.425531915,0.052631579,1.000000000,0.000000000,0.000000000,0.000000000,0.000000000,0.000000000,0.466666667,1.000000000,0.680000000,1.000000000,0.000000000,0.000000000,0.000000000,1.000000000,112.536399841,17.398139954,0.735259771,0.999990046,-0.000401686,-0.000095979,-0.004445228
1774,182.843000000,fused_map_f2f,1,1,1,0.725164282,0.017960027,0.050000000,0.050000000,0.100000000,0.181818182,0.181818182,0.425531915,0.052631579,1.000000000,0.000000000,0.000000000,0.000000000,0.000000000,0.000000000,0.456521739,1.000000000,0.673913043,1.000000000,0.000000000,0.000000000,0.000000000,1.000000000,114.033958435,17.392974854,0.734700501,0.999990463,-0.000383930,-0.000076344,-0.004342041
1775,182.929000000,fused_map_f2f,1,1,0,0.226800952,0.013161406,0.339746232,0.339746232,0.100000000,0.031668458,0.031668458,0.098297988,0.008109732,1.000000000,0.000000000,0.000000000,0.000000000,0.000000000,0.000000000,0.463414634,1.000000000,0.678048780,1.000000000,0.000000000,0.000000000,0.000000000,1.000000000,116.325744629,17.390783310,0.734791398,0.999991179,-0.000097424,-0.000093008,-0.004197275
1776,183.019000000,fused_map_f2f,1,1,0,0.071733239,0.014406030,0.953555929,0.953555929,0.100000000,0.011518079,0.011518079,0.037388754,0.002904611,1.000000000,0.000000000,0.000000000,0.000000000,0.000000000,0.000000000,0.475000000,1.000000000,0.685000000,1.000000000,0.000000000,0.000000000,0.000000000,1.000000000,117.884315491,17.392135620,0.737019718,0.999991655,0.000300013,-0.000110521,-0.004076262
1777,183.124000000,fused_map_f2f,1,1,0,0.071794462,0.016627345,0.953313587,0.953313587,0.100000000,0.011520973,0.011520973,0.037397903,0.002905348,1.000000000,0.000000000,0.000000000,0.000000000,0.000000000,0.000000000,0.439024390,1.000000000,0.663414634,1.000000000,0.000000000,0.000000000,0.000000000,1.000000000,117.947463989,17.392250061,0.736758471,0.999991596,0.000326407,-0.000120535,-0.004085456
1778,183.230000000,fused_map_f2f,1,1,0,0.071040329,0.010022686,0.956298700,0.956298700,0.100000000,0.011485423,0.011485423,0.037285518,0.002896305,1.000000000,0.000000000,0.000000000,0.000000000,0.000000000,0.000000000,0.418604651,1.000000000,0.651162791,1.000000000,0.000000000,0.000000000,0.000000000,1.000000000,117.971488953,17.392477036,0.736812472,0.999991894,0.000302624,-0.000118974,-0.004011862
1779,183.327000000,fused_map_f2f,1,1,0,0.070259179,0.014230994,0.959390749,0.959390749,0.100000000,0.011448830,0.011448830,0.037169816,0.002886997,1.000000000,0.000000000,0.000000000,0.000000000,0.000000000,0.000000000,0.418604651,1.000000000,0.651162791,1.000000000,0.000000000,0.000000000,0.000000000,1.000000000,117.993621826,17.392509460,0.736950278,0.999992132,0.000325853,-0.000115894,-0.003952126
1780,183.428000000,fused_map_f2f,1,1,0,0.070193414,0.010954611,0.959651069,0.959651069,0.100000000,0.011445760,0.011445760,0.037160107,0.002886216,1.000000000,0.000000000,0.000000000,0.000000000,0.000000000,0.000000000,0.428571429,1.000000000,0.657142857,1.000000000,0.000000000,0.000000000,0.000000000,1.000000000,118.006011963,17.392412186,0.736835182,0.999992073,0.000331366,-0.000137344,-0.003960603
1781,183.517000000,fused_map_f2f,1,1,0,0.069704703,0.010971710,0.961585551,0.961585551,0.100000000,0.011422997,0.011422997,0.037088123,0.002880427,1.000000000,0.000000000,0.000000000,0.000000000,0.000000000,0.000000000,0.409090909,1.000000000,0.645454545,1.000000000,0.000000000,0.000000000,0.000000000,1.000000000,118.024589539,17.392360687,0.737060547,0.999992251,0.000366834,-0.000120028,-0.003908745
1782,183.616000000,fused_map_f2f,1,1,0,0.069973501,0.010264716,0.960521559,0.960521559,0.100000000,0.011435506,0.011435506,0.037127681,0.002883608,1.000000000,0.000000000,0.000000000,0.000000000,0.000000000,0.000000000,0.450000000,1.000000000,0.670000000,1.000000000,0.000000000,0.000000000,0.000000000,1.000000000,118.040794373,17.392425537,0.737318456,0.999992251,0.000373924,-0.000134232,-0.003911091
1783,183.716000000,fused_map_f2f,1,1,0,0.069384394,0.011054692,0.962853439,0.962853439,0.100000000,0.011408127,0.011408127,0.037041094,0.002876645,1.000000000,0.000000000,0.000000000,0.000000000,0.000000000,0.000000000,0.418604651,1.000000000,0.651162791,1.000000000,0.000000000,0.000000000,0.000000000,1.000000000,118.058174133,17.392435074,0.737334609,0.999992192,0.000363899,-0.000123193,-0.003930660
1784,183.826000000,fused_map_f2f,1,1,0,0.069210824,0.012363647,0.963540488,0.963540488,0.100000000,0.011400085,0.011400085,0.037015660,0.002874599,1.000000000,0.000000000,0.000000000,0.000000000,0.000000000,0.000000000,0.475000000,1.000000000,0.685000000,1.000000000,0.000000000,0.000000000,0.000000000,1.000000000,118.059226990,17.392578125,0.737493336,0.999992251,0.000358568,-0.000114548,-0.003917915
1785,183.928000000,fused_map_f2f,1,1,0,0.068605953,0.013698606,0.965934769,0.965934769,0.100000000,0.011372149,0.011372149,0.036927296,0.002867494,1.000000000,0.000000000,0.000000000,0.000000000,0.000000000,0.000000000,0.391304348,1.000000000,0.634782609,1.000000000,0.000000000,0.000000000,0.000000000,1.000000000,118.060241699,17.392147064,0.737468064,0.999992371,0.000314241,-0.000118533,-0.003890606
1786,184.032000000,fused_map_f2f,1,1,0,0.068719670,0.010968735,0.965484641,0.965484641,0.100000000,0.011377390,0.011377390,0.036943876,0.002868827,1.000000000,0.000000000,0.000000000,0.000000000,0.000000000,0.000000000,0.418604651,1.000000000,0.651162791,1.000000000,0.000000000,0.000000000,0.000000000,1.000000000,118.060028076,17.392498016,0.737375736,0.999992311,0.000407992,-0.000119387,-0.003900807
1787,184.126000000,fused_map_f2f,1,1,0,0.069478493,0.010308989,0.962480964,0.962480964,0.100000000,0.011412491,0.011412491,0.037054897,0.002877755,1.000000000,0.000000000,0.000000000,0.000000000,0.000000000,0.000000000,0.428571429,1.000000000,0.657142857,1.000000000,0.000000000,0.000000000,0.000000000,1.000000000,118.059425354,17.392425537,0.737410247,0.999992311,0.000352650,-0.000116844,-0.003901367
1788,184.230000000,fused_map_f2f,1,1,0,0.069795481,0.012328923,0.961226221,0.961226221,0.100000000,0.011427218,0.011427218,0.037101473,0.002881500,1.000000000,0.000000000,0.000000000,0.000000000,0.000000000,0.000000000,0.400000000,1.000000000,0.640000000,1.000000000,0.000000000,0.000000000,0.000000000,1.000000000,118.059875488,17.392280579,0.737289369,0.999992371,0.000376258,-0.000123152,-0.003886317
1789,184.315000000,fused_map_f2f,1,1,0,0.069236337,0.021663392,0.963439499,0.963439499,0.100000000,0.011401266,0.011401266,0.037019396,0.002874900,1.000000000,0.000000000,0.000000000,0.000000000,0.000000000,0.000000000,0.391304348,1.000000000,0.634782609,1.000000000,0.000000000,0.000000000,0.000000000,1.000000000,118.060012817,17.392459869,0.737314761,0.999992430,0.000388715,-0.000110771,-0.003861469
1790,184.418000000,fused_map_f2f,1,1,0,0.069555474,0.007350590,0.962176248,0.962176248,0.100000000,0.011416064,0.011416064,0.037066198,0.002878663,1.000000000,0.000000000,0.000000000,0.000000000,0.000000000,0.000000000,0.413043478,1.000000000,0.647826087,1.000000000,0.000000000,0.000000000,0.000000000,1.000000000,118.060508728,17.392274857,0.737413883,0.999992430,0.000369062,-0.000121289,-0.003869527
1791,184.535000000,fused_map_f2f,1,1,0,0.069366621,0.010072372,0.962923793,0.962923793,0.100000000,0.011407303,0.011407303,0.037038488,0.002876435,1.000000000,0.000000000,0.000000000,0.000000000,0.000000000,0.000000000,0.400000000,1.000000000,0.640000000,1.000000000,0.000000000,0.000000000,0.000000000,1.000000000,118.060302734,17.392230988,0.737584710,0.999992490,0.000338489,-0.000127886,-0.003860370
1792,184.623000000,fused_map_f2f,1,1,0,0.068845994,0.014527837,0.964984607,0.964984607,0.100000000,0.011383219,0.011383219,0.036962312,0.002870310,1.000000000,0.000000000,0.000000000,0.000000000,0.000000000,0.000000000,0.418604651,1.000000000,0.651162791,1.000000000,0.000000000,0.000000000,0.000000000,1.000000000,118.060203552,17.392328262,0.737620354,0.999992549,0.000351080,-0.000125840,-0.003844939
1793,184.736000000,fused_map_f2f,1,1,0,0.072667901,0.013575254,0.949856224,0.949856224,0.100000000,0.011562423,0.011562423,0.037528919,0.002915892,1.000000000,0.000000000,0.000000000,0.000000000,0.000000000,0.000000000,0.428571429,1.000000000,0.657142857,1.000000000,0.000000000,0.000000000,0.000000000,1.000000000,118.060287476,17.392204285,0.737417519,0.999992490,0.000357636,-0.000115767,-0.003849074
1794,184.832000000,fused_map_f2f,1,1,0,0.072533101,0.014568522,0.950389810,0.950389810,0.100000000,0.011556007,0.011556007,0.037508639,0.002914260,1.000000000,0.000000000,0.000000000,0.000000000,0.000000000,0.000000000,0.422222222,1.000000000,0.653333333,1.000000000,0.000000000,0.000000000,0.000000000,1.000000000,118.059814453,17.392354965,0.737278223,0.999992549,0.000401687,-0.000130151,-0.003830471
1795,184.921000000,fused_map_f2f,1,1,0,0.072716325,0.010759288,0.949664547,0.949664547,0.100000000,0.011564730,0.011564730,0.037536209,0.002916479,1.000000000,0.000000000,0.000000000,0.000000000,0.000000000,0.000000000,0.391304348,1.000000000,0.634782609,1.000000000,0.000000000,0.000000000,0.000000000,1.000000000,118.060310364,17.392353058,0.737500072,0.999992609,0.000350628,-0.000130463,-0.003828453
1796,185.014000000,fused_map_f2f,1,1,0,0.072507043,0.014190991,0.950492953,0.950492953,0.100000000,0.011554767,0.011554767,0.037504721,0.002913944,1.000000000,0.000000000,0.000000000,0.000000000,0.000000000,0.000000000,0.428571429,1.000000000,0.657142857,1.000000000,0.000000000,0.000000000,0.000000000,1.000000000,118.060317993,17.392307281,0.737331092,0.999992609,0.000381915,-0.000124138,-0.003815547
1797,185.128000000,fused_map_f2f,1,1,0,0.072154213,0.013618413,0.951889572,0.951889572,0.100000000,0.011538010,0.011538010,0.037451755,0.002909681,1.000000000,0.000000000,0.000000000,0.000000000,0.000000000,0.000000000,0.439024390,1.000000000,0.663414634,1.000000000,0.000000000,0.000000000,0.000000000,1.000000000,118.059730530,17.392335892,0.737410963,0.999992609,0.000355745,-0.000125982,-0.003819969
1798,185.223000000,fused_map_f2f,1,1,0,0.071671855,0.020670326,0.953798905,0.953798905,0.100000000,0.011515179,0.011515179,0.037379586,0.002903874,1.000000000,0.000000000,0.000000000,0.000000000,0.000000000,0.000000000,0.418604651,1.000000000,0.651162791,1.000000000,0.000000000,0.000000000,0.000000000,1.000000000,118.059875488,17.392160416,0.737304866,0.999992669,0.000358182,-0.000132979,-0.003809286
1799,185.327000000,fused_map_f2f,1,1,0,0.072269090,0.014229790,0.951434853,0.951434853,0.100000000,0.011543460,0.011543460,0.037468984,0.002911068,1.000000000,0.000000000,0.000000000,0.000000000,0.000000000,0.000000000,0.382978723,1.000000000,0.629787234,1.000000000,0.000000000,0.000000000,0.000000000,1.000000000,118.060012817,17.392120361,0.737412691,0.999992669,0.000357942,-0.000130583,-0.003801936
1800,185.435000000,fused_map_f2f,1,1,0,0.072948414,0.019165157,0.948745862,0.948745862,0.100000000,0.011575799,0.011575799,0.037571190,0.002919295,1.000000000,0.000000000,0.000000000,0.000000000,0.000000000,0.000000000,0.422222222,1.000000000,0.653333333,1.000000000,0.000000000,0.000000000,0.000000000,1.000000000,118.059501648,17.392087936,0.737338603,0.999992728,0.000368436,-0.000120685,-0.003791972
1801,185.517000000,fused_map_f2f,1,1,0,0.072542959,0.027194033,0.950350787,0.950350787,0.100000000,0.011556476,0.011556476,0.037510121,0.002914379,1.000000000,0.000000000,0.000000000,0.000000000,0.000000000,0.000000000,0.409090909,1.000000000,0.645454545,1.000000000,0.000000000,0.000000000,0.000000000,1.000000000,118.059219360,17.392066956,0.737199128,0.999992669,0.000371812,-0.000114150,-0.003807085
1802,185.616000000,fused_map_f2f,1,1,0,0.072540381,0.018421385,0.950360990,0.950360990,0.100000000,0.011556353,0.011556353,0.037509734,0.002914348,1.000000000,0.000000000,0.000000000,0.000000000,0.000000000,0.000000000,0.409090909,1.000000000,0.645454545,1.000000000,0.000000000,0.000000000,0.000000000,1.000000000,118.059745789,17.391963959,0.737271309,0.999992788,0.000358955,-0.000116511,-0.003782291
1803,185.718000000,fused_map_f2f,1,1,0,0.072052133,0.013612093,0.952293640,0.952293640,0.100000000,0.011533170,0.011533170,0.037436459,0.002908450,1.000000000,0.000000000,0.000000000,0.000000000,0.000000000,0.000000000,0.487179487,1.000000000,0.692307692,1.000000000,0.000000000,0.000000000,0.000000000,1.000000000,118.059677124,17.392213821,0.737158597,0.999992728,0.000385806,-0.000129056,-0.003789008
1804,185.830000000,fused_map_f2f,1,1,0,0.072464102,0.009850981,0.950662931,0.950662931,0.100000000,0.011552725,0.011552725,0.037498267,0.002913425,1.000000000,0.000000000,0.000000000,0.000000000,0.000000000,0.000000000,0.418604651,1.000000000,0.651162791,1.000000000,0.000000000,0.000000000,0.000000000,1.000000000,118.060073853,17.392114639,0.737458885,0.999992788,0.000370258,-0.000126771,-0.003768411
1805,185.920000000,fused_map_f2f,1,1,0,0.072121323,0.017425044,0.952019763,0.952019763,0.100000000,0.011536450,0.011536450,0.037446825,0.002909285,1.000000000,0.000000000,0.000000000,0.000000000,0.000000000,0.000000000,0.386363636,1.000000000,0.631818182,1.000000000,0.000000000,0.000000000,0.000000000,1.000000000,118.060218811,17.392238617,0.737207413,0.999992847,0.000378862,-0.000127766,-0.003763012
1806,186.034000000,fused_map_f2f,1,1,0,0.072760780,0.021716890,0.949488580,0.949488580,0.100000000,0.011566849,0.011566849,0.037542905,0.002917018,1.000000000,0.000000000,0.000000000,0.000000000,0.000000000,0.000000000,0.452380952,1.000000000,0.671428571,1.000000000,0.000000000,0.000000000,0.000000000,1.000000000,118.060134888,17.392101288,0.737264216,0.999992847,0.000372555,-0.000127737,-0.003753680
1807,186.115000000,fused_map_f2f,1,1,0,0.072910073,0.014675401,0.948897629,0.948897629,0.100000000,0.011573969,0.011573969,0.037565407,0.002918829,1.000000000,0.000000000,0.000000000,0.000000000,0.000000000,0.000000000,0.418604651,1.000000000,0.651162791,1.000000000,0.000000000,0.000000000,0.000000000,1.000000000,118.059867859,17.392139435,0.737289071,0.999992847,0.000365763,-0.000133441,-0.003760806
1808,186.229000000,fused_map_f2f,1,1,0,0.072729502,0.007370449,0.949612387,0.949612387,0.100000000,0.011565358,0.011565358,0.037538194,0.002916638,1.000000000,0.000000000,0.000000000,0.000000000,0.000000000,0.000000000,0.409090909,1.000000000,0.645454545,1.000000000,0.000000000,0.000000000,0.000000000,1.000000000,118.060119629,17.391960144,0.737226427,0.999992907,0.000384179,-0.000136101,-0.003745199
1809,186.329000000,fused_map_f2f,1,1,0,0.073158354,0.005817963,0.947914848,0.947914848,0.100000000,0.011585829,0.011585829,0.037602890,0.002921846,1.000000000,0.000000000,0.000000000,0.000000000,0.000000000,0.000000000,0.400000000,1.000000000,0.640000000,1.000000000,0.000000000,0.000000000,0.000000000,1.000000000,118.060058594,17.392034531,0.737187862,0.999992907,0.000394687,-0.000135333,-0.003739785
1810,186.415000000,fused_map_f2f,1,1,0,0.072313093,0.025203490,0.951260673,0.951260673,0.100000000,0.011545550,0.011545550,0.037475587,0.002911599,1.000000000,0.000000000,0.000000000,0.000000000,0.000000000,0.000000000,0.418604651,1.000000000,0.651162791,1.000000000,0.000000000,0.000000000,0.000000000,1.000000000,118.060424805,17.391937256,0.737161040,0.999992907,0.000388428,-0.000163454,-0.003738752
1811,186.524000000,fused_map_f2f,1,1,0,0.072904434,0.011053620,0.948919948,0.948919948,0.100000000,0.011573700,0.011573700,0.037564557,0.002918761,1.000000000,0.000000000,0.000000000,0.000000000,0.000000000,0.000000000,0.428571429,1.000000000,0.657142857,1.000000000,0.000000000,0.000000000,0.000000000,1.000000000,118.060333252,17.391929626,0.737307727,0.999992967,0.000371864,-0.000139710,-0.003729697
1812,186.631000000,fused_map_f2f,1,1,0,0.071711361,0.010994454,0.953642528,0.953642528,0.100000000,0.011517045,0.011517045,0.037385486,0.002904348,1.000000000,0.000000000,0.000000000,0.000000000,0.000000000,0.000000000,0.418604651,1.000000000,0.651162791,1.000000000,0.000000000,0.000000000,0.000000000,1.000000000,118.060028076,17.392223358,0.737049341,0.999992907,0.000402648,-0.000145527,-0.003739749
1813,186.722000000,fused_map_f2f,1,1,0,0.073144253,0.022473571,0.947970664,0.947970664,0.100000000,0.011585155,0.011585155,0.037600759,0.002921675,1.000000000,0.000000000,0.000000000,0.000000000,0.000000000,0.000000000,0.418604651,1.000000000,0.651162791,1.000000000,0.000000000,0.000000000,0.000000000,1.000000000,118.059654236,17.392032623,0.737225413,0.999992967,0.000383153,-0.000126402,-0.003728134
1814,186.825000000,fused_map_f2f,1,1,0,0.071543499,0.013076343,0.954306982,0.954306982,0.100000000,0.011509118,0.011509118,0.037360428,0.002902332,1.000000000,0.000000000,0.000000000,0.000000000,0.000000000,0.000000000,0.428571429,1.000000000,0.657142857,1.000000000,0.000000000,0.000000000,0.000000000,1.000000000,118.059745789,17.392000198,0.737218380,0.999993086,0.000374006,-0.000136821,-0.003701038
1815,186.927000000,fused_map_f2f,1,1,0,0.071848470,0.019189991,0.953099807,0.953099807,0.100000000,0.011523528,0.011523528,0.037405978,0.002905997,1.000000000,0.000000000,0.000000000,0.000000000,0.000000000,0.000000000,0.431818182,1.000000000,0.659090909,1.000000000,0.000000000,0.000000000,0.000000000,1.000000000,118.060409546,17.391921997,0.737328708,0.999993086,0.000367681,-0.000139164,-0.003694265
1816,187.022000000,fused_map_f2f,1,1,0,0.071774413,0.011426620,0.953392949,0.953392949,0.100000000,0.011520025,0.011520025,0.037394907,0.002905106,1.000000000,0.000000000,0.000000000,0.000000000,0.000000000,0.000000000,0.428571429,1.000000000,0.657142857,1.000000000,0.000000000,0.000000000,0.000000000,1.000000000,118.060310364,17.392166138,0.737210691,0.999993026,0.000398689,-0.000140401,-0.003705070
1817,187.126000000,fused_map_f2f,1,1,0,0.073191243,0.017977787,0.947784662,0.947784662,0.100000000,0.011587402,0.011587402,0.037607860,0.002922247,1.000000000,0.000000000,0.000000000,0.000000000,0.000000000,0.000000000,0.382978723,1.000000000,0.629787234,1.000000000,0.000000000,0.000000000,0.000000000,1.000000000,118.059974670,17.391935349,0.737101316,0.999993086,0.000400776,-0.000131691,-0.003695362
1818,187.229000000,fused_map_f2f,1,1,0,0.072849999,0.020023923,0.949135419,0.949135419,0.100000000,0.011571103,0.011571103,0.037556349,0.002918100,1.000000000,0.000000000,0.000000000,0.000000000,0.000000000,0.000000000,0.428571429,1.000000000,0.657142857,1.000000000,0.000000000,0.000000000,0.000000000,1.000000000,118.059539795,17.392274857,0.737043023,0.999993026,0.000406595,-0.000165453,-0.003712375
1819,187.318000000,fused_map_f2f,1,1,0,0.071990678,0.022997751,0.952536901,0.952536901,0.100000000,0.011530259,0.011530259,0.037427256,0.002907710,1.000000000,0.000000000,0.000000000,0.000000000,0.000000000,0.000000000,0.418604651,1.000000000,0.651162791,1.000000000,0.000000000,0.000000000,0.000000000,1.000000000,118.060058594,17.391918182,0.737095475,0.999993205,0.000386976,-0.000128340,-0.003657172
1820,187.434000000,fused_map_f2f,1,1,0,0.072519265,0.015521789,0.950444575,0.950444575,0.100000000,0.011555349,0.011555349,0.037506559,0.002914092,1.000000000,0.000000000,0.000000000,0.000000000,0.000000000,0.000000000,0.475000000,1.000000000,0.685000000,1.000000000,0.000000000,0.000000000,0.000000000,1.000000000,118.059730530,17.391855240,0.737163126,0.999993205,0.000380075,-0.000135695,-0.003666854
1821,187.533000000,fused_map_f2f,1,1,0,0.072096886,0.016718330,0.952116494,0.952116494,0.100000000,0.011535291,0.011535291,0.037443163,0.002908990,1.000000000,0.000000000,0.000000000,0.000000000,0.000000000,0.000000000,0.409090909,1.000000000,0.645454545,1.000000000,0.000000000,0.000000000,0.000000000,1.000000000,118.060112000,17.391860962,0.737295628,0.999993205,0.000379224,-0.000138775,-0.003654677
1822,187.621000000,fused_map_f2f,1,1,0,0.072115659,0.019108770,0.952042182,0.952042182,0.100000000,0.011536181,0.011536181,0.037445976,0.002909216,1.000000000,0.000000000,0.000000000,0.000000000,0.000000000,0.000000000,0.450000000,1.000000000,0.670000000,1.000000000,0.000000000,0.000000000,0.000000000,1.000000000,118.059768677,17.392057419,0.737207413,0.999993205,0.000391658,-0.000104608,-0.003667080
1823,187.727000000,fused_map_f2f,1,1,0,0.072106908,0.012919971,0.952076824,0.952076824,0.100000000,0.011535766,0.011535766,0.037444665,0.002909111,1.000000000,0.000000000,0.000000000,0.000000000,0.000000000,0.000000000,0.439024390,1.000000000,0.663414634,1.000000000,0.000000000,0.000000000,0.000000000,1.000000000,118.059875488,17.391939163,0.737111628,0.999993384,0.000392493,-0.000141458,-0.003616398
1824,187.828000000,fused_map_f2f,1,1,0,0.072051372,0.016512843,0.952296654,0.952296654,0.100000000,0.011533134,0.011533134,0.037436345,0.002908441,1.000000000,0.000000000,0.000000000,0.000000000,0.000000000,0.000000000,0.391304348,1.000000000,0.634782609,1.000000000,0.000000000,0.000000000,0.000000000,1.000000000,118.060157776,17.391860962,0.737205207,0.999993265,0.000398267,-0.000132260,-0.003635008
1825,187.931000000,fused_map_f2f,1,1,0,0.072016962,0.020802132,0.952432857,0.952432857,0.100000000,0.011531504,0.011531504,0.037431191,0.002908026,1.000000000,0.000000000,0.000000000,0.000000000,0.000000000,0.000000000,0.400000000,1.000000000,0.640000000,1.000000000,0.000000000,0.000000000,0.000000000,1.000000000,118.060218811,17.391971588,0.737199545,0.999993265,0.000388982,-0.000140571,-0.003637398
